TAP version 13
# Subtest: adventure defaults round trip without equipment or story
ok 1 - adventure defaults round trip without equipment or story
  ---
  duration_ms: 3.7411
  type: 'test'
  ...
# Subtest: v4 migration preserves sandbox, composition, notes, appearance without source mutation
ok 2 - v4 migration preserves sandbox, composition, notes, appearance without source mutation
  ---
  duration_ms: 6.9297
  type: 'test'
  ...
# Subtest: realm05 browser key is copied without overwriting previous save
ok 3 - realm05 browser key is copied without overwriting previous save
  ---
  duration_ms: 3.4055
  type: 'test'
  ...
# Subtest: starter supplies require actual workshop proximity
ok 4 - starter supplies require actual workshop proximity
  ---
  duration_ms: 6.961
  type: 'test'
  ...
# Subtest: starter kit is one claim and equips owned items
ok 5 - starter kit is one claim and equips owned items
  ---
  duration_ms: 0.8727
  type: 'test'
  ...
# Subtest: retry is idempotent while changed terms under same ID are rejected
ok 6 - retry is idempotent while changed terms under same ID are rejected
  ---
  duration_ms: 2.5877
  type: 'test'
  ...
# Subtest: entry requires supplies, repaired crossing, pickaxe and proximity
ok 7 - entry requires supplies, repaired crossing, pickaxe and proximity
  ---
  duration_ms: 1.0968
  type: 'test'
  ...
# Subtest: interior saves retain safe exterior return position
ok 8 - interior saves retain safe exterior return position
  ---
  duration_ms: 1.7974
  type: 'test'
  ...
# Subtest: authored entry, fox and encounter positions are walkable
ok 9 - authored entry, fox and encounter positions are walkable
  ---
  duration_ms: 0.3639
  type: 'test'
  ...
# Subtest: outer walls and NaN cannot be walked through
ok 10 - outer walls and NaN cannot be walked through
  ---
  duration_ms: 0.2199
  type: 'test'
  ...
# Subtest: digging checks scene, tool and reach before mutation
ok 11 - digging checks scene, tool and reach before mutation
  ---
  duration_ms: 2.1571
  type: 'test'
  ...
# Subtest: two actual strikes excavate rock and open a path
ok 12 - two actual strikes excavate rock and open a path
  ---
  duration_ms: 10.781
  type: 'test'
  ...
# Subtest: pick cooldown prevents duplicate immediate strokes
ok 13 - pick cooldown prevents duplicate immediate strokes
  ---
  duration_ms: 7.6684
  type: 'test'
  ...
# Subtest: outer cells refuse excavation
ok 14 - outer cells refuse excavation
  ---
  duration_ms: 0.5663
  type: 'test'
  ...
# Subtest: removed stone cannot pay again
ok 15 - removed stone cannot pay again
  ---
  duration_ms: 4.3332
  type: 'test'
  ...
# Subtest: cold reopening reconstructs excavation but restarts outside
ok 16 - cold reopening reconstructs excavation but restarts outside
  ---
  duration_ms: 5.3702
  type: 'test'
  ...
# Subtest: attacks cannot damage distant targets
ok 17 - attacks cannot damage distant targets
  ---
  duration_ms: 1.1738
  type: 'test'
  ...
# Subtest: line of sight blocks attacks through rock
ok 18 - line of sight blocks attacks through rock
  ---
  duration_ms: 1.3747
  type: 'test'
  ...
# Subtest: melee decreases health, respects cooldown and creates one defeat/cache
ok 19 - melee decreases health, respects cooldown and creates one defeat/cache
  ---
  duration_ms: 5.5405
  type: 'test'
  ...
# Subtest: sweep consumes stamina only once per cooldown
ok 20 - sweep consumes stamina only once per cooldown
  ---
  duration_ms: 0.6975
  type: 'test'
  ...
# Subtest: insufficient stamina refuses without mutation
ok 21 - insufficient stamina refuses without mutation
  ---
  duration_ms: 1.0331
  type: 'test'
  ...
# Subtest: dodge respects cave collision instead of tunneling
ok 22 - dodge respects cave collision instead of tunneling
  ---
  duration_ms: 0.41
  type: 'test'
  ...
# Subtest: dodge avoidance protects against imminent impact
ok 23 - dodge avoidance protects against imminent impact
  ---
  duration_ms: 3.3705
  type: 'test'
  ...
# Subtest: telegraph hits its declared destination, not a tracking player
ok 24 - telegraph hits its declared destination, not a tracking player
  ---
  duration_ms: 1.203
  type: 'test'
  ...
# Subtest: failed evasion incurs damage reduced by armor
ok 25 - failed evasion incurs damage reduced by armor
  ---
  duration_ms: 0.8167
  type: 'test'
  ...
# Subtest: pause stops actual timers and combat
ok 26 - pause stops actual timers and combat
  ---
  duration_ms: 1.8935
  type: 'test'
  ...
# Subtest: daylight slider is not a cooldown cheat
ok 27 - daylight slider is not a cooldown cheat
  ---
  duration_ms: 0.5059
  type: 'test'
  ...
# Subtest: healing consumes tonic, caps at maximum and has cooldown
ok 28 - healing consumes tonic, caps at maximum and has cooldown
  ---
  duration_ms: 0.3824
  type: 'test'
  ...
# Subtest: rest requires spring and is not available in combat
ok 29 - rest requires spring and is not available in combat
  ---
  duration_ms: 0.4871
  type: 'test'
  ...
# Subtest: death stops movement and resurrection preserves loot
ok 30 - death stops movement and resurrection preserves loot
  ---
  duration_ms: 0.5253
  type: 'test'
  ...
# Subtest: paused resurrection is possible without resuming time implicitly
ok 31 - paused resurrection is possible without resuming time implicitly
  ---
  duration_ms: 0.3864
  type: 'test'
  ...
# Subtest: living players cannot resurrect for a free teleport
ok 32 - living players cannot resurrect for a free teleport
  ---
  duration_ms: 0.3306
  type: 'test'
  ...
# Subtest: loot is proximity checked and cannot be claimed twice
ok 33 - loot is proximity checked and cannot be claimed twice
  ---
  duration_ms: 0.4817
  type: 'test'
  ...
# Subtest: full pouch rejects atomically and preserves cache
ok 34 - full pouch rejects atomically and preserves cache
  ---
  duration_ms: 1.0869
  type: 'test'
  ...
# Subtest: equipment must be owned and goes into the declared slot
ok 35 - equipment must be owned and goes into the declared slot
  ---
  duration_ms: 0.364
  type: 'test'
  ...
# Subtest: increased health capacity does not heal on equip
ok 36 - increased health capacity does not heal on equip
  ---
  duration_ms: 0.3204
  type: 'test'
  ...
# Subtest: forge consumes exact inputs once
ok 37 - forge consumes exact inputs once
  ---
  duration_ms: 0.4047
  type: 'test'
  ...
# Subtest: forge outside workbench fails without cost
ok 38 - forge outside workbench fails without cost
  ---
  duration_ms: 0.8264
  type: 'test'
  ...
# Subtest: rescue requires proximity and threat clearance
ok 39 - rescue requires proximity and threat clearance
  ---
  duration_ms: 0.3955
  type: 'test'
  ...
# Subtest: companion naming is bounded data and mode is enumerated
ok 40 - companion naming is bounded data and mode is enumerated
  ---
  duration_ms: 0.4397
  type: 'test'
  ...
# Subtest: Stay retains fox in its scene during active session
ok 41 - Stay retains fox in its scene during active session
  ---
  duration_ms: 0.4037
  type: 'test'
  ...
# Subtest: Follow explicitly recalls across a scene boundary
ok 42 - Follow explicitly recalls across a scene boundary
  ---
  duration_ms: 0.4009
  type: 'test'
  ...
# Subtest: defeated enemies stay defeated on re-entry
ok 43 - defeated enemies stay defeated on re-entry
  ---
  duration_ms: 0.421
  type: 'test'
  ...
# Subtest: unfinished enemies reset on re-entry; partial health is not a win
ok 44 - unfinished enemies reset on re-entry; partial health is not a win
  ---
  duration_ms: 0.3311
  type: 'test'
  ...
# Subtest: relic requires guardian defeat and proximity, with single claim
ok 45 - relic requires guardian defeat and proximity, with single claim
  ---
  duration_ms: 0.3717
  type: 'test'
  ...
# Subtest: envoy requires relic at the spring
ok 46 - envoy requires relic at the spring
  ---
  duration_ms: 0.9298
  type: 'test'
  ...
# Subtest: final choice stays single across command IDs and cold reload
ok 47 - final choice stays single across command IDs and cold reload
  ---
  duration_ms: 1.1933
  type: 'test'
  ...
# Subtest: import rejects negative ore
ok 48 - import rejects negative ore
  ---
  duration_ms: 1.7535
  type: 'test'
  ...
# Subtest: import rejects NaN stamina
ok 49 - import rejects NaN stamina
  ---
  duration_ms: 0.444
  type: 'test'
  ...
# Subtest: import rejects foreign gear
ok 50 - import rejects foreign gear
  ---
  duration_ms: 0.1588
  type: 'test'
  ...
# Subtest: import rejects non-owned equip
ok 51 - import rejects non-owned equip
  ---
  duration_ms: 0.1783
  type: 'test'
  ...
# Subtest: import rejects duplicate cells
ok 52 - import rejects duplicate cells
  ---
  duration_ms: 0.1349
  type: 'test'
  ...
# Subtest: import rejects outer excavation
ok 53 - import rejects outer excavation
  ---
  duration_ms: 0.2709
  type: 'test'
  ...
# Subtest: import rejects noncanonical cell
ok 54 - import rejects noncanonical cell
  ---
  duration_ms: 0.1584
  type: 'test'
  ...
# Subtest: import rejects relic without defeat
ok 55 - import rejects relic without defeat
  ---
  duration_ms: 0.3646
  type: 'test'
  ...
# Subtest: import rejects gift without envoy
ok 56 - import rejects gift without envoy
  ---
  duration_ms: 0.3281
  type: 'test'
  ...
# Subtest: import rejects oversized name
ok 57 - import rejects oversized name
  ---
  duration_ms: 0.4814
  type: 'test'
  ...
# Subtest: import rejects duplicate drop
ok 58 - import rejects duplicate drop
  ---
  duration_ms: 0.2089
  type: 'test'
  ...
# Subtest: import rejects impossible chips
ok 59 - import rejects impossible chips
  ---
  duration_ms: 0.3058
  type: 'test'
  ...
# Subtest: import rejects excess health
ok 60 - import rejects excess health
  ---
  duration_ms: 0.2679
  type: 'test'
  ...
# Subtest: import rejects foreign enemy
ok 61 - import rejects foreign enemy
  ---
  duration_ms: 0.1198
  type: 'test'
  ...
# Subtest: import rejects unstarted rescue
ok 62 - import rejects unstarted rescue
  ---
  duration_ms: 0.1001
  type: 'test'
  ...
# Subtest: invalid command envelope cannot mutate persistent state
ok 63 - invalid command envelope cannot mutate persistent state
  ---
  duration_ms: 4.8803
  type: 'test'
  ...
# Subtest: prototype-looking item key safely refuses
ok 64 - prototype-looking item key safely refuses
  ---
  duration_ms: 1.6053
  type: 'test'
  ...
# Subtest: circular command data is safely refused
ok 65 - circular command data is safely refused
  ---
  duration_ms: 1.3354
  type: 'test'
  ...
# Subtest: no private memory or credentials enter save
ok 66 - no private memory or credentials enter save
  ---
  duration_ms: 1.2332
  type: 'test'
  ...
# Subtest: version07 raw save migrates without losing road or creative state
ok 67 - version07 raw save migrates without losing road or creative state
  ---
  duration_ms: 332.2448
  type: 'test'
  ...
# Subtest: legacy storage key is copied not overwritten
ok 68 - legacy storage key is copied not overwritten
  ---
  duration_ms: 5.7149
  type: 'test'
  ...
# Subtest: fresh arsenal has no free bows gems or medals
ok 69 - fresh arsenal has no free bows gems or medals
  ---
  duration_ms: 0.4406
  type: 'test'
  ...
# Subtest: gem records reject invalid quantities and unknown fields
ok 70 - gem records reject invalid quantities and unknown fields
  ---
  duration_ms: 14.1492
  type: 'test'
  ...
# Subtest: socket validation needs owned weapon and known gem
ok 71 - socket validation needs owned weapon and known gem
  ---
  duration_ms: 6.2091
  type: 'test'
  ...
# Subtest: medal requires bounded completion time and vice versa
ok 72 - medal requires bounded completion time and vice versa
  ---
  duration_ms: 4.3114
  type: 'test'
  ...
# Subtest: unstarted record cannot mint loose gems or a medal
ok 73 - unstarted record cannot mint loose gems or a medal
  ---
  duration_ms: 0.4659
  type: 'test'
  ...
# Subtest: craft refuses before supplies, remote bench, paused or unknown recipe
ok 74 - craft refuses before supplies, remote bench, paused or unknown recipe
  ---
  duration_ms: 8.907
  type: 'test'
  ...
# Subtest: bow recipe consumes exact wood fiber stone and creates a unique item
ok 75 - bow recipe consumes exact wood fiber stone and creates a unique item
  ---
  duration_ms: 1.6181
  type: 'test'
  ...
# Subtest: insufficient material on any ingredient causes no partial charge
ok 76 - insufficient material on any ingredient causes no partial charge
  ---
  duration_ms: 6.4537
  type: 'test'
  ...
# Subtest: longbow requires original bow then keeps it and charges exact components
ok 77 - longbow requires original bow then keeps it and charges exact components
  ---
  duration_ms: 1.9304
  type: 'test'
  ...
# Subtest: craft duplicate id never charges twice and changed content is refused
ok 78 - craft duplicate id never charges twice and changed content is refused
  ---
  duration_ms: 2.7293
  type: 'test'
  ...
# Subtest: gem crafting charges correct actual material and currency balances
ok 79 - gem crafting charges correct actual material and currency balances
  ---
  duration_ms: 0.5521
  type: 'test'
  ...
# Subtest: gem capacity, ore and coin refusals are atomic
ok 80 - gem capacity, ore and coin refusals are atomic
  ---
  duration_ms: 2.615
  type: 'test'
  ...
# Subtest: socket requires actual outdoor workbench and loose gem
ok 81 - socket requires actual outdoor workbench and loose gem
  ---
  duration_ms: 3.6136
  type: 'test'
  ...
# Subtest: fitting replacing reclaiming preserves total gem quantities
ok 82 - fitting replacing reclaiming preserves total gem quantities
  ---
  duration_ms: 0.6684
  type: 'test'
  ...
# Subtest: socket changes stats only for currently equipped weapon
ok 83 - socket changes stats only for currently equipped weapon
  ---
  duration_ms: 0.5087
  type: 'test'
  ...
# Subtest: moonstone raises capacity without healing and removal clamps current HP
ok 84 - moonstone raises capacity without healing and removal clamps current HP
  ---
  duration_ms: 0.5081
  type: 'test'
  ...
# Subtest: socket rejects same setting, wrong slot, foreign weapon, unknown gem
ok 85 - socket rejects same setting, wrong slot, foreign weapon, unknown gem
  ---
  duration_ms: 2.7557
  type: 'test'
  ...
# Subtest: full reclaim pouch prevents swap without consuming new gem
ok 86 - full reclaim pouch prevents swap without consuming new gem
  ---
  duration_ms: 2.1815
  type: 'test'
  ...
# Subtest: socket duplicate cannot charge, reclaim or alter stats twice
ok 87 - socket duplicate cannot charge, reclaim or alter stats twice
  ---
  duration_ms: 0.9394
  type: 'test'
  ...
# Subtest: range entry checks workshop proximity and prepared character
ok 88 - range entry checks workshop proximity and prepared character
  ---
  duration_ms: 2.7807
  type: 'test'
  ...
# Subtest: range collision bounds and pillars affect real walking
ok 89 - range collision bounds and pillars affect real walking
  ---
  duration_ms: 0.922
  type: 'test'
  ...
# Subtest: range path routes around a pillar, not through it
ok 90 - range path routes around a pillar, not through it
  ---
  duration_ms: 4.6218
  type: 'test'
  ...
# Subtest: range south exit requires proximity and restores workshop position
ok 91 - range south exit requires proximity and restores workshop position
  ---
  duration_ms: 1.2991
  type: 'test'
  ...
# Subtest: save inside court restores outside without unfinished arrows or round
ok 92 - save inside court restores outside without unfinished arrows or round
  ---
  duration_ms: 1.5019
  type: 'test'
  ...
# Subtest: bow provides ranged profile while all previous blades keep their reach
ok 93 - bow provides ranged profile while all previous blades keep their reach
  ---
  duration_ms: 0.4014
  type: 'test'
  ...
# Subtest: bows refuse village shots and blades refuse practice target attacks
ok 94 - bows refuse village shots and blades refuse practice target attacks
  ---
  duration_ms: 2.6011
  type: 'test'
  ...
# Subtest: launch spends exact stamina and damage is delayed until actual travel
ok 95 - launch spends exact stamina and damage is delayed until actual travel
  ---
  duration_ms: 4.9494
  type: 'test'
  ...
# Subtest: cooldown and low stamina refusals do not consume resources
ok 96 - cooldown and low stamina refusals do not consume resources
  ---
  duration_ms: 4.1593
  type: 'test'
  ...
# Subtest: unknown out of range and obstructed targets do not launch
ok 97 - unknown out of range and obstructed targets do not launch
  ---
  duration_ms: 4.6881
  type: 'test'
  ...
# Subtest: arrow direction is fixed and can miss a moving enemy
ok 98 - arrow direction is fixed and can miss a moving enemy
  ---
  duration_ms: 2.69
  type: 'test'
  ...
# Subtest: damage snapshots the launch gear, not later equipped weapon
ok 99 - damage snapshots the launch gear, not later equipped weapon
  ---
  duration_ms: 1.4947
  type: 'test'
  ...
# Subtest: incoming arrow grants timed enemy awareness at current world time
ok 100 - incoming arrow grants timed enemy awareness at current world time
  ---
  duration_ms: 0.8224
  type: 'test'
  ...
# Subtest: line trace chooses first target regardless of requested target order
ok 101 - line trace chooses first target regardless of requested target order
  ---
  duration_ms: 0.2757
  type: 'test'
  ...
# Subtest: wall precedes targets behind it and already-hit ids are ignored
ok 102 - wall precedes targets behind it and already-hit ids are ignored
  ---
  duration_ms: 0.1206
  type: 'test'
  ...
# Subtest: swept segments catch a target between endpoints
ok 103 - swept segments catch a target between endpoints
  ---
  duration_ms: 0.0848
  type: 'test'
  ...
# Subtest: degenerate and invalid geometry is bounded
ok 104 - degenerate and invalid geometry is bounded
  ---
  duration_ms: 0.5493
  type: 'test'
  ...
# Subtest: projectiles cross road water but not real obstacles
ok 105 - projectiles cross road water but not real obstacles
  ---
  duration_ms: 0.6765
  type: 'test'
  ...
# Subtest: mine stone and court pillars stop arrows
ok 106 - mine stone and court pillars stop arrows
  ---
  duration_ms: 0.6641
  type: 'test'
  ...
# Subtest: piercing light can hit at most two bodies and each at most once
ok 107 - piercing light can hit at most two bodies and each at most once
  ---
  duration_ms: 1.1089
  type: 'test'
  ...
# Subtest: ordinary arrow only hits first intervening target
ok 108 - ordinary arrow only hits first intervening target
  ---
  duration_ms: 1.1988
  type: 'test'
  ...
# Subtest: leaving and dying discard transient arrows
ok 109 - leaving and dying discard transient arrows
  ---
  duration_ms: 1.0055
  type: 'test'
  ...
# Subtest: no arrow follows an enemy forever
ok 110 - no arrow follows an enemy forever
  ---
  duration_ms: 1.6004
  type: 'test'
  ...
# Subtest: a fired arrow reaching zero HP creates one ordinary cache and XP result
ok 111 - a fired arrow reaching zero HP creates one ordinary cache and XP result
  ---
  duration_ms: 1.5559
  type: 'test'
  ...
# Subtest: target motion is reproducible and only the sun moves
ok 112 - target motion is reproducible and only the sun moves
  ---
  duration_ms: 0.1768
  type: 'test'
  ...
# Subtest: round requires range and bow and cannot restart a running clock
ok 113 - round requires range and bow and cannot restart a running clock
  ---
  duration_ms: 2.4065
  type: 'test'
  ...
# Subtest: practice arrows hit real targets without XP harm defeat or loot
ok 114 - practice arrows hit real targets without XP harm defeat or loot
  ---
  duration_ms: 1.1323
  type: 'test'
  ...
# Subtest: untimed target hits cannot mint a practice reward
ok 115 - untimed target hits cannot mint a practice reward
  ---
  duration_ms: 0.4759
  type: 'test'
  ...
# Subtest: known-answer six hits award one medal five coins one amber
ok 116 - known-answer six hits award one medal five coins one amber
  ---
  duration_ms: 0.8877
  type: 'test'
  ...
# Subtest: repeated completed rounds improve best but never pay again
ok 117 - repeated completed rounds improve best but never pay again
  ---
  duration_ms: 0.4517
  type: 'test'
  ...
# Subtest: longer round preserves faster recorded time
ok 118 - longer round preserves faster recorded time
  ---
  duration_ms: 0.543
  type: 'test'
  ...
# Subtest: partial hits and timeout have no reward; new round starts empty
ok 119 - partial hits and timeout have no reward; new round starts empty
  ---
  duration_ms: 9.4555
  type: 'test'
  ...
# Subtest: pause freezes timer projectile and moving target
ok 120 - pause freezes timer projectile and moving target
  ---
  duration_ms: 5.9192
  type: 'test'
  ...
# Subtest: daylight adjustment does not advance practice clock
ok 121 - daylight adjustment does not advance practice clock
  ---
  duration_ms: 0.536
  type: 'test'
  ...
# Subtest: round stop preserves prior medal and clears arrows
ok 122 - round stop preserves prior medal and clears arrows
  ---
  duration_ms: 1.2905
  type: 'test'
  ...
# Subtest: reward overflow does not mark medal or partly pay
ok 123 - reward overflow does not mark medal or partly pay
  ---
  duration_ms: 0.7118
  type: 'test'
  ...
# Subtest: saved medal sockets and health validate in a cold restart
ok 124 - saved medal sockets and health validate in a cold restart
  ---
  duration_ms: 1.4145
  type: 'test'
  ...
# Subtest: equipped amber modifies actual fox damage, unequipped amber does not
ok 125 - equipped amber modifies actual fox damage, unequipped amber does not
  ---
  duration_ms: 1.361
  type: 'test'
  ...
# Subtest: old Core saves add only the empty optional owner; exact schema refuses future and impossible history
ok 126 - old Core saves add only the empty optional owner; exact schema refuses future and impossible history
  ---
  duration_ms: 9.2068
  type: 'test'
  ...
# Subtest: every required descendant depends on the retained observation, not merely the other optional reading
ok 127 - every required descendant depends on the retained observation, not merely the other optional reading
  ---
  duration_ms: 15.1474
  type: 'test'
  ...
# Subtest: acceptance checks real character, chart, owner and revision; refused candidate is never adopted
ok 128 - acceptance checks real character, chart, owner and revision; refused candidate is never adopted
  ---
  duration_ms: 9.1547
  type: 'test'
  ...
# Subtest: saving cannot adopt into a replaced character, changed owner or reentrant state
ok 129 - saving cannot adopt into a replaced character, changed owner or reentrant state
  ---
  duration_ms: 5.2288
  type: 'test'
  ...
# Subtest: depth and medium are physical; an obstructed nearby control cannot be worked through a wall
ok 130 - depth and medium are physical; an obstructed nearby control cannot be worked through a wall
  ---
  duration_ms: 2.0809
  type: 'test'
  ...
# Subtest: first approach is deliberate and retained; wrong or premature pressure has no loss or progress
ok 131 - first approach is deliberate and retained; wrong or premature pressure has no loss or progress
  ---
  duration_ms: 10.1848
  type: 'test'
  ...
# Subtest: all 24 authored branches use actual commands, actual damage, sequential releases and a separate one-time fee
ok 132 - all 24 authored branches use actual commands, actual damage, sequential releases and a separate one-time fee
  ---
  duration_ms: 332.9953
  type: 'test'
  ...
# Subtest: whole fee capacity includes crystal; stored XP cap never blocks full fixed materials or refills a character
ok 133 - whole fee capacity includes crystal; stored XP cap never blocks full fixed materials or refills a character
  ---
  duration_ms: 12.7797
  type: 'test'
  ...
# Subtest: revision and event limits refuse without consuming fees or trimming prior history
ok 134 - revision and event limits refuse without consuming fees or trimming prior history
  ---
  duration_ms: 9.4725
  type: 'test'
  ...
# Subtest: stored early XP one through five earns only the fixed fee and never resets equipment or health at a level boundary
ok 135 - stored early XP one through five earns only the fixed fee and never resets equipment or health at a level boundary
  ---
  duration_ms: 13.8842
  type: 'test'
  ...
# Subtest: read-only accepted witnesses have stable ownership and saved outlet controls Damar’s actual presence
ok 136 - read-only accepted witnesses have stable ownership and saved outlet controls Damar’s actual presence
  ---
  duration_ms: 2.7624
  type: 'test'
  ...
# Subtest: real owned moving Custodian can take ordinary damage in all live phases; copies and false origins cannot
ok 137 - real owned moving Custodian can take ordinary damage in all live phases; copies and false origins cannot
  ---
  duration_ms: 1.4696
  type: 'test'
  ...
# Subtest: real lethal damage saves bearing once, refuses to HP one, and never invokes legacy loot
ok 138 - real lethal damage saves bearing once, refuses to HP one, and never invokes legacy loot
  ---
  duration_ms: 1.9436
  type: 'test'
  ...
# Subtest: an invalid character envelope refuses real exhaustion without leaving an unstored zero-HP owner
ok 139 - an invalid character envelope refuses real exhaustion without leaving an unstored zero-HP owner
  ---
  duration_ms: 0.8558
  type: 'test'
  ...
# Subtest: actual bow projectile can hit an ordinary windup and resolve only the campaign bearing
ok 140 - actual bow projectile can hit an ordinary windup and resolve only the campaign bearing
  ---
  duration_ms: 3.8537
  type: 'test'
  ...
# Subtest: real bow-distance AI selects its declared intake while the Custodian remains anchored and retreat stays out of reach
ok 141 - real bow-distance AI selects its declared intake while the Custodian remains anchored and retreat stays out of reach
  ---
  duration_ms: 19.1018
  type: 'test'
  ...
# Subtest: two immutable locked patterns cycle with fixed timing and cannot follow a moved traveler or use a copied frame
ok 142 - two immutable locked patterns cycle with fixed timing and cannot follow a moved traveler or use a copied frame
  ---
  duration_ms: 1.672
  type: 'test'
  ...
# Subtest: independent closest-shape oracle checks sector edge and rounded intake corners across directions
ok 143 - independent closest-shape oracle checks sector edge and rounded intake corners across directions
  ---
  duration_ms: 23.1329
  type: 'test'
  ...
# Subtest: anchored intake meets canonical visible service cover without moving the machine
ok 144 - anchored intake meets canonical visible service cover without moving the machine
  ---
  duration_ms: 7.0898
  type: 'test'
  ...
# Subtest: locked intake clips the whole supported lane at real quay edges and opaque cover, not merely its centerline
ok 145 - locked intake clips the whole supported lane at real quay edges and opaque cover, not merely its centerline
  ---
  duration_ms: 9.2631
  type: 'test'
  ...
# Subtest: pull requires exact real intake ownership/time/contact and preserves depth, yaw, HP and durable ledgers
ok 146 - pull requires exact real intake ownership/time/contact and preserves depth, yaw, HP and durable ledgers
  ---
  duration_ms: 4.7463
  type: 'test'
  ...
# Subtest: ordinary simulation time applies the final intake fraction once, then recovery; locked escape avoids contact
ok 147 - ordinary simulation time applies the final intake fraction once, then recovery; locked escape avoids contact
  ---
  duration_ms: 2.3376
  type: 'test'
  ...
# Subtest: real shallow current retains y and uses supported small motion; quiet depths, court, pause and refusal do not drift
ok 148 - real shallow current retains y and uses supported small motion; quiet depths, court, pause and refusal do not drift
  ---
  duration_ms: 3.3018
  type: 'test'
  ...
# Subtest: saved manual bypass survives reload without erasing required pressure stages or charging another fee
ok 149 - saved manual bypass survives reload without erasing required pressure stages or charging another fee
  ---
  duration_ms: 1.9579
  type: 'test'
  ...
# Subtest: pure art projects only accepted physical-room facts and creates no rule actor or reward
ok 150 - pure art projects only accepted physical-room facts and creates no rule actor or reward
  ---
  duration_ms: 15.2581
  type: 'test'
  ...
# Subtest: all static transformed vertices use the real dry support or gallery medium, avoid opaque solids and stay finite
ok 151 - all static transformed vertices use the real dry support or gallery medium, avoid opaque solids and stay finite
  ---
  duration_ms: 118.6667
  type: 'test'
  ...
# publish: 100 static instances, 1516 triangles
# limited: 96 static instances, 1468 triangles
# license: 96 static instances, 1460 triangles
# Subtest: real full swimmer bodies remain clear beside wet and court fittings at each physical anchor
ok 152 - real full swimmer bodies remain clear beside wet and court fittings at each physical anchor
  ---
  duration_ms: 39.5769
  type: 'test'
  ...
# Subtest: depth markings retain both observations, chosen required reading and only each recorded pressure setting
ok 153 - depth markings retain both observations, chosen required reading and only each recorded pressure setting
  ---
  duration_ms: 1.4163
  type: 'test'
  ...
# Subtest: current bands stay within their actual complete bounds and direction marks read only the owner status
ok 154 - current bands stay within their actual complete bounds and direction marks read only the owner status
  ---
  duration_ms: 4.4185
  type: 'test'
  ...
# Subtest: saved dispositions have distinct municipal fittings while keeping both complete receipts visible
ok 155 - saved dispositions have distinct municipal fittings while keeping both complete receipts visible
  ---
  duration_ms: 4.0663
  type: 'test'
  ...
# Subtest: the squat whole Custodian is grounded inside its real radius at every actor yaw and all live phases
ok 156 - the squat whole Custodian is grounded inside its real radius at every actor yaw and all live phases
  ---
  duration_ms: 273.3595
  type: 'test'
  ...
# Subtest: Custodian projection rejects copied, foreign, unstored exhausted, underwater and resolved actors
ok 157 - Custodian projection rejects copied, foreign, unstored exhausted, underwater and resolved actors
  ---
  duration_ms: 4.5915
  type: 'test'
  ...
# Subtest: paired sweep strokes project the immutable actual sector, including tiny supplied radius frames
ok 158 - paired sweep strokes project the immutable actual sector, including tiny supplied radius frames
  ---
  duration_ms: 363.0752
  type: 'test'
  ...
# Subtest: paired intake strokes never exceed actual clipped length or width, even at very short cover clips
ok 159 - paired intake strokes never exceed actual clipped length or width, even at very short cover clips
  ---
  duration_ms: 223.161
  type: 'test'
  ...
# Subtest: warning pose follows the fixed strike rather than actor/player movement; zero or inactive lanes emit nothing
ok 160 - warning pose follows the fixed strike rather than actor/player movement; zero or inactive lanes emit nothing
  ---
  duration_ms: 10.9587
  type: 'test'
  ...
# Subtest: support-clipped south intake and real opaque-bollard clip use only their supplied frame
ok 161 - support-clipped south intake and real opaque-bollard clip use only their supplied frame
  ---
  duration_ms: 14.3994
  type: 'test'
  ...
# Subtest: exact owned Ilyra and Damar actors appear at their accepted facts, are grounded and never clone existing locals
ok 162 - exact owned Ilyra and Damar actors appear at their accepted facts, are grounded and never clone existing locals
  ---
  duration_ms: 121.7942
  type: 'test'
  ...
# Subtest: pause, reduced motion and arbitrary wall time preserve quiet deterministic fittings and locked frames
ok 163 - pause, reduced motion and arbitrary wall time preserve quiet deterministic fittings and locked frames
  ---
  duration_ms: 5.7205
  type: 'test'
  ...
# Subtest: combined fixtures, owned witnesses and worst warning stay within the bounded presentation budget
ok 164 - combined fixtures, owned witnesses and worst warning stay within the bounded presentation budget
  ---
  duration_ms: 5.457
  type: 'test'
  ...
# 180 combined instances, 3408 triangles
# Subtest: journal, map, route labels and terms are read-pure and explicit acceptance needs the old claimed chart
ok 165 - journal, map, route labels and terms are read-pure and explicit acceptance needs the old claimed chart
  ---
  duration_ms: 2.8767
  type: 'test'
  ...
# Subtest: wet map labels are depth-reading controls; dry walk uses the existing supported approach without work
ok 166 - wet map labels are depth-reading controls; dry walk uses the existing supported approach without work
  ---
  duration_ms: 1.984
  type: 'test'
  ...
# Subtest: gallery controls expose the existing physical dive handler and honest E-at-landing exit, with no new exit action
ok 167 - gallery controls expose the existing physical dive handler and honest E-at-landing exit, with no new exit action
  ---
  duration_ms: 1.217
  type: 'test'
  ...
# Subtest: production medium and feet depth reject overhead or wrong-depth actions; real wet and court anchors expose controls
ok 168 - production medium and feet depth reject overhead or wrong-depth actions; real wet and court anchors expose controls
  ---
  duration_ms: 1.8677
  type: 'test'
  ...
# Subtest: pressure controls use exact catalogue tokens and sequential availability; no remote or combat-completion dispatch
ok 169 - pressure controls use exact catalogue tokens and sequential availability; no remote or combat-completion dispatch
  ---
  duration_ms: 7.3302
  type: 'test'
  ...
# Subtest: retained approaches use explicit preview, cancel and owner-bound confirmation without read or preview credit
ok 170 - retained approaches use explicit preview, cancel and owner-bound confirmation without read or preview credit
  ---
  duration_ms: 3.1068
  type: 'test'
  ...
# Subtest: each disposition confirms once through the current physical owner, quotes recognition only after verification and pays separately
ok 171 - each disposition confirms once through the current physical owner, quotes recognition only after verification and pays separately
  ---
  duration_ms: 3.6999
  type: 'test'
  ...
# Subtest: every stale traveller, revision, medium, depth, position or page fence refuses mutation and stale confirmation
ok 172 - every stale traveller, revision, medium, depth, position or page fence refuses mutation and stale confirmation
  ---
  duration_ms: 5.2568
  type: 'test'
  ...
# Subtest: context, tracker and route reads never record work or courier arrival and retain all old save fields
ok 173 - context, tracker and route reads never record work or courier arrival and retain all old save fields
  ---
  duration_ms: 1.3606
  type: 'test'
  ...
# Subtest: tracker prioritizes the retained required reading and mandatory repair over available optional work
ok 174 - tracker prioritizes the retained required reading and mandatory repair over available optional work
  ---
  duration_ms: 1.167
  type: 'test'
  ...
# Subtest: Atlantis catalogue: immutable exact imports grant no progress, actor, support or old-owner change
ok 175 - Atlantis catalogue: immutable exact imports grant no progress, actor, support or old-owner change
  ---
  duration_ms: 3.0608
  type: 'test'
  ...
# Subtest: Atlantis entry and witnesses: existing chart and giver stay distinct; new accepted witnesses do not duplicate residents
ok 176 - Atlantis entry and witnesses: existing chart and giver stay distinct; new accepted witnesses do not duplicate residents
  ---
  duration_ms: 54.7684
  type: 'test'
  ...
# Subtest: Atlantis graph: named pressure order, retained approach and real exhaustion guard all mandatory edges
ok 177 - Atlantis graph: named pressure order, retained approach and real exhaustion guard all mandatory edges
  ---
  duration_ms: 1.1931
  type: 'test'
  ...
# Subtest: Atlantis branches: exhaustive authored fact sets cover both approaches, optional evidence/bypass and every disposition
ok 178 - Atlantis branches: exhaustive authored fact sets cover both approaches, optional evidence/bypass and every disposition
  ---
  duration_ms: 2.2607
  type: 'test'
  ...
# Subtest: Atlantis dry geography: every dry action and declared waiting witness has a full supported home path
ok 179 - Atlantis dry geography: every dry action and declared waiting witness has a full supported home path
  ---
  duration_ms: 517.9957
  type: 'test'
  ...
# Subtest: Atlantis wet geography: exact depth/medium actions connect through the existing whole-body gallery route
ok 180 - Atlantis wet geography: exact depth/medium actions connect through the existing whole-body gallery route
  ---
  duration_ms: 8.8769
  type: 'test'
  ...
# Subtest: Atlantis current: marked shallow region is entirely water; lower reading, manual bypass and air court remain outside
ok 181 - Atlantis current: marked shallow region is entirely water; lower reading, manual bypass and air court remain outside
  ---
  duration_ms: 0.6816
  type: 'test'
  ...
# Subtest: Atlantis encounter: grounded sweep fits; intake exposes the real south-edge clipping requirement
ok 182 - Atlantis encounter: grounded sweep fits; intake exposes the real south-edge clipping requirement
  ---
  duration_ms: 4.9651
  type: 'test'
  ...
# Subtest: Atlantis fee and dispositions: fixed complete payload contributes to actual recipes and keeps recognition local
ok 183 - Atlantis fee and dispositions: fixed complete payload contributes to actual recipes and keeps recognition local
  ---
  duration_ms: 0.5331
  type: 'test'
  ...
# Subtest: Realm08 world migrates to current schema without changing supported content
ok 184 - Realm08 world migrates to current schema without changing supported content
  ---
  duration_ms: 300.0282
  type: 'test'
  ...
# Subtest: fresh beacon contains no earned alignment or free story completion
ok 185 - fresh beacon contains no earned alignment or free story completion
  ---
  duration_ms: 0.3654
  type: 'test'
  ...
# Subtest: beacon import rejects version
ok 186 - beacon import rejects version
  ---
  duration_ms: 0.622
  type: 'test'
  ...
# Subtest: beacon import rejects missingSoul
ok 187 - beacon import rejects missingSoul
  ---
  duration_ms: 0.3913
  type: 'test'
  ...
# Subtest: beacon import rejects badStatus
ok 188 - beacon import rejects badStatus
  ---
  duration_ms: 0.4223
  type: 'test'
  ...
# Subtest: beacon import rejects badCounts
ok 189 - beacon import rejects badCounts
  ---
  duration_ms: 0.344
  type: 'test'
  ...
# Subtest: beacon import rejects unknownRoute
ok 190 - beacon import rejects unknownRoute
  ---
  duration_ms: 0.5596
  type: 'test'
  ...
# Subtest: beacon import rejects unearnedCompletion
ok 191 - beacon import rejects unearnedCompletion
  ---
  duration_ms: 0.2844
  type: 'test'
  ...
# Subtest: beacon import rejects rewardEarly
ok 192 - beacon import rejects rewardEarly
  ---
  duration_ms: 0.2888
  type: 'test'
  ...
# Subtest: beacon import rejects graceEarly
ok 193 - beacon import rejects graceEarly
  ---
  duration_ms: 0.3259
  type: 'test'
  ...
# Subtest: beacon import rejects negativeRadiance
ok 194 - beacon import rejects negativeRadiance
  ---
  duration_ms: 0.2289
  type: 'test'
  ...
# Subtest: beacon import rejects corruptionNoHistory
ok 195 - beacon import rejects corruptionNoHistory
  ---
  duration_ms: 0.1561
  type: 'test'
  ...
# Subtest: beacon import rejects falsePower
ok 196 - beacon import rejects falsePower
  ---
  duration_ms: 0.1212
  type: 'test'
  ...
# Subtest: beacon import rejects fakeScar
ok 197 - beacon import rejects fakeScar
  ---
  duration_ms: 0.1204
  type: 'test'
  ...
# Subtest: beacon import rejects duplicatedScars
ok 198 - beacon import rejects duplicatedScars
  ---
  duration_ms: 0.1592
  type: 'test'
  ...
# Subtest: beacon import rejects unearnedRelic
ok 199 - beacon import rejects unearnedRelic
  ---
  duration_ms: 0.1397
  type: 'test'
  ...
# Subtest: beacon import rejects nonintegerAttempts
ok 200 - beacon import rejects nonintegerAttempts
  ---
  duration_ms: 0.1528
  type: 'test'
  ...
# Subtest: beacon opening requires story and physical scene
ok 201 - beacon opening requires story and physical scene
  ---
  duration_ms: 25.2724
  type: 'test'
  ...
# Subtest: answer at beacon settles an unreported chapter II exactly once
ok 202 - answer at beacon settles an unreported chapter II exactly once
  ---
  duration_ms: 6.9734
  type: 'test'
  ...
# Subtest: arrival has three actual valid paths and does not start combat automatically
ok 203 - arrival has three actual valid paths and does not start combat automatically
  ---
  duration_ms: 12.3151
  type: 'test'
  ...
# Subtest: cannot accept Grace or start battle during the descent
ok 204 - cannot accept Grace or start battle during the descent
  ---
  duration_ms: 6.7229
  type: 'test'
  ...
# Subtest: Grace is optional and a deliberate single claim
ok 205 - Grace is optional and a deliberate single claim
  ---
  duration_ms: 9.128
  type: 'test'
  ...
# Subtest: first defense can start without accepting a Grace
ok 206 - first defense can start without accepting a Grace
  ---
  duration_ms: 9.8123
  type: 'test'
  ...
# Subtest: new events never insert their IDs into ordinary defeat or cache persistence
ok 207 - new events never insert their IDs into ordinary defeat or cache persistence
  ---
  duration_ms: 6.8976
  type: 'test'
  ...
# Subtest: complete waves opens exactly one reward, replaying request cannot double pay
ok 208 - complete waves opens exactly one reward, replaying request cannot double pay
  ---
  duration_ms: 97.6979
  type: 'test'
  ...
# Subtest: full pouch refuses defense reward atomically
ok 209 - full pouch refuses defense reward atomically
  ---
  duration_ms: 126.8859
  type: 'test'
  ...
# Subtest: ordinary failure is recoverable and protects completed content
ok 210 - ordinary failure is recoverable and protects completed content
  ---
  duration_ms: 55.446
  type: 'test'
  ...
# Subtest: withdrawal loses the encounter but a reload does not invent a win
ok 211 - withdrawal loses the encounter but a reload does not invent a win
  ---
  duration_ms: 16.7301
  type: 'test'
  ...
# Subtest: pause stops arrival movement, enemy windups, ward and timers
ok 212 - pause stops arrival movement, enemy windups, ward and timers
  ---
  duration_ms: 26.5487
  type: 'test'
  ...
# Subtest: repair spends actual stamina, obeys position cooldown and maximum
ok 213 - repair spends actual stamina, obeys position cooldown and maximum
  ---
  duration_ms: 35.4403
  type: 'test'
  ...
# Subtest: Oren repairs, Mara reveals and Ilan replenishes stamina on active schedules
ok 214 - Oren repairs, Mara reveals and Ilan replenishes stamina on active schedules
  ---
  duration_ms: 7.017
  type: 'test'
  ...
# Subtest: passive presence is not a guaranteed defense win
ok 215 - passive presence is not a guaranteed defense win
  ---
  duration_ms: 72.4722
  type: 'test'
  ...
# Subtest: attempt cap refuses before healing or spending resources
ok 216 - attempt cap refuses before healing or spending resources
  ---
  duration_ms: 9.2737
  type: 'test'
  ...
# Subtest: cinder is an explicit exclusive choice and acceptance does not corrupt
ok 217 - cinder is an explicit exclusive choice and acceptance does not corrupt
  ---
  duration_ms: 63.8324
  type: 'test'
  ...
# Subtest: sealing a cinder imposes neither power nor corruption
ok 218 - sealing a cinder imposes neither power nor corruption
  ---
  duration_ms: 103.8831
  type: 'test'
  ...
# Subtest: replay rewards and failures cannot damage a completed chapter
ok 219 - replay rewards and failures cannot damage a completed chapter
  ---
  duration_ms: 72.0966
  type: 'test'
  ...
# Subtest: future route records do not teleport or unlock nonexistent geography
ok 220 - future route records do not teleport or unlock nonexistent geography
  ---
  duration_ms: 75.6602
  type: 'test'
  ...
# Subtest: target cycling is nearest-first, reversible and never starts attacking
ok 221 - target cycling is nearest-first, reversible and never starts attacking
  ---
  duration_ms: 3.8479
  type: 'test'
  ...
# Subtest: hidden dead and very distant targets are not selectable
ok 222 - hidden dead and very distant targets are not selectable
  ---
  duration_ms: 5.9855
  type: 'test'
  ...
# Subtest: autoattack repeatedly uses real cooldowns without moving the player
ok 223 - autoattack repeatedly uses real cooldowns without moving the player
  ---
  duration_ms: 3.3248
  type: 'test'
  ...
# Subtest: out of range autoattack waits rather than walking or spending stamina
ok 224 - out of range autoattack waits rather than walking or spending stamina
  ---
  duration_ms: 4.5769
  type: 'test'
  ...
# Subtest: selected target death stops autoattack instead of pulling a new foe
ok 225 - selected target death stops autoattack instead of pulling a new foe
  ---
  duration_ms: 2.3464
  type: 'test'
  ...
# Subtest: clear target, scene changes and restart never retain autoattack
ok 226 - clear target, scene changes and restart never retain autoattack
  ---
  duration_ms: 5.2033
  type: 'test'
  ...
# Subtest: Brace halves guarded damage for its actual timed window
ok 227 - Brace halves guarded damage for its actual timed window
  ---
  duration_ms: 4.5843
  type: 'test'
  ...
# Subtest: Brace refuses insufficient stamina without charging a cooldown
ok 228 - Brace refuses insufficient stamina without charging a cooldown
  ---
  duration_ms: 16.7296
  type: 'test'
  ...
# Subtest: Briar reveals a cloaked foe, exposes and interrupts a locked windup
ok 229 - Briar reveals a cloaked foe, exposes and interrupts a locked windup
  ---
  duration_ms: 47.8047
  type: 'test'
  ...
# Subtest: Briar Stay prevents the companion skill
ok 230 - Briar Stay prevents the companion skill
  ---
  duration_ms: 7.434
  type: 'test'
  ...
# Subtest: Aegis is a finite barrier, not immortality, and needs accepted Grace
ok 231 - Aegis is a finite barrier, not immortality, and needs accepted Grace
  ---
  duration_ms: 35.6955
  type: 'test'
  ...
# Subtest: Cinder health cost is nonlethal and its scar is persistent but not repeated
ok 232 - Cinder health cost is nonlethal and its scar is persistent but not repeated
  ---
  duration_ms: 127.7472
  type: 'test'
  ...
# Subtest: renouncing the cinder removes power and present corruption, not its history
ok 233 - renouncing the cinder removes power and present corruption, not its history
  ---
  duration_ms: 63.7555
  type: 'test'
  ...
# Subtest: choice switching never grants damage by itself or silently starts PvP
ok 234 - choice switching never grants damage by itself or silently starts PvP
  ---
  duration_ms: 5.4257
  type: 'test'
  ...
# Subtest: mutation receipts protect identical retries and reject changed choices
ok 235 - mutation receipts protect identical retries and reject changed choices
  ---
  duration_ms: 7.9855
  type: 'test'
  ...
# Subtest: first target selected after a scene change survives the next tick
ok 236 - first target selected after a scene change survives the next tick
  ---
  duration_ms: 3.3708
  type: 'test'
  ...
# Subtest: rail eligibility preserves every reviewed bridge transform, color and mesh
ok 237 - rail eligibility preserves every reviewed bridge transform, color and mesh
  ---
  duration_ms: 5.7629
  type: 'test'
  ...
# Subtest: rail visibility uniform resets per batch and remains off in reflection, other realms and off-span
ok 238 - rail visibility uniform resets per batch and remains off in reflection, other realms and off-span
  ---
  duration_ms: 1.2864
  type: 'test'
  ...
# Subtest: bridge floor is a continuous narrow supported corridor; flanking water rejects movement and picking
ok 239 - bridge floor is a continuous narrow supported corridor; flanking water rejects movement and picking
  ---
  duration_ms: 314.0982
  type: 'test'
  ...
# Subtest: fresh and returning movement crosses both banks and retains canonical ownership
ok 240 - fresh and returning movement crosses both banks and retains canonical ownership
  ---
  duration_ms: 51.8893
  type: 'test'
  ...
# Subtest: bridge pieces respect finite budgets, floor, open rails and per-pier water contact
ok 241 - bridge pieces respect finite budgets, floor, open rails and per-pier water contact
  ---
  duration_ms: 1.0725
  type: 'test'
  ...
# Subtest: vault is actual finite open elliptic geometry, not a filled box or floating ring
ok 242 - vault is actual finite open elliptic geometry, not a filled box or floating ring
  ---
  duration_ms: 1.8188
  type: 'test'
  ...
# Subtest: Earth submits the bridge instead of terrain columns inside its water span
ok 243 - Earth submits the bridge instead of terrain columns inside its water span
  ---
  duration_ms: 24.504
  type: 'test'
  ...
# Subtest: asymmetric mountain mesh is bounded finite original ground rather than cone peaks
ok 244 - asymmetric mountain mesh is bounded finite original ground rather than cone peaks
  ---
  duration_ms: 2.5536
  type: 'test'
  ...
# Subtest: world cloud basis preserves the exact reflected VP horizontal handedness in both cameras
ok 245 - world cloud basis preserves the exact reflected VP horizontal handedness in both cameras
  ---
  duration_ms: 0.5637
  type: 'test'
  ...
# Subtest: rock skirt has outward finite faces, a straight upper seam and submerged irregular lower edge
ok 246 - rock skirt has outward finite faces, a straight upper seam and submerged irregular lower edge
  ---
  duration_ms: 1.0379
  type: 'test'
  ...
# Subtest: actual shoreline world triangles leave vaults and supported walking floor clear without fake flat ground
ok 247 - actual shoreline world triangles leave vaults and supported walking floor clear without fake flat ground
  ---
  duration_ms: 28.0226
  type: 'test'
  ...
# Subtest: mountain spacing leaves three receding layers and fits the existing scenery budget
ok 248 - mountain spacing leaves three receding layers and fits the existing scenery budget
  ---
  duration_ms: 0.5911
  type: 'test'
  ...
# Subtest: old world migrates empty bridge work without changing old fields
ok 249 - old world migrates empty bridge work without changing old fields
  ---
  duration_ms: 9.7046
  type: 'test'
  ...
# Subtest: future/null/impossible bridge records refuse instead of discarding history
ok 250 - future/null/impossible bridge records refuse instead of discarding history
  ---
  duration_ms: 0.3489
  type: 'test'
  ...
# Subtest: acceptance checks kit/proximity and synchronous durability without mutations
ok 251 - acceptance checks kit/proximity and synchronous durability without mutations
  ---
  duration_ms: 21.6503
  type: 'test'
  ...
# Subtest: shelter completed unpaid work is atomic, retryable and paid exactly once
ok 252 - shelter completed unpaid work is atomic, retryable and paid exactly once
  ---
  duration_ms: 17.5805
  type: 'test'
  ...
# Subtest: river-lookout completed unpaid work is atomic, retryable and paid exactly once
ok 253 - river-lookout completed unpaid work is atomic, retryable and paid exactly once
  ---
  duration_ms: 17.9288
  type: 'test'
  ...
# Subtest: work anchors and the living worker remain on full-body supported ground
ok 254 - work anchors and the living worker remain on full-body supported ground
  ---
  duration_ms: 19.1552
  type: 'test'
  ...
# Subtest: claimed community work teaches a single deliberate home board
ok 255 - claimed community work teaches a single deliberate home board
  ---
  duration_ms: 9.1894
  type: 'test'
  ...
# Subtest: blocked-side work, stale requests and unavailable characters preserve every byte and write
ok 256 - blocked-side work, stale requests and unavailable characters preserve every byte and write
  ---
  duration_ms: 8.8112
  type: 'test'
  ...
# Subtest: fitted fixtures, worker and record are read-only, seated and grounded
ok 257 - fitted fixtures, worker and record are read-only, seated and grounded
  ---
  duration_ms: 24.4607
  type: 'test'
  ...
# Subtest: working stop differs from resting stop and the supported actor loop freezes while paused
ok 258 - working stop differs from resting stop and the supported actor loop freezes while paused
  ---
  duration_ms: 96.0543
  type: 'test'
  ...
# Subtest: global/CommonJS expose only a frozen pure planner
ok 259 - global/CommonJS expose only a frozen pure planner
  ---
  duration_ms: 2.2402
  type: 'test'
  ...
# Subtest: actual Hearthwater and Coastward midpoint plans retain the existing adventure framing
ok 260 - actual Hearthwater and Coastward midpoint plans retain the existing adventure framing
  ---
  duration_ms: 1.4477
  type: 'test'
  ...
# Subtest: all actual diorama styles retain half nine and relative zoom without switching preset or FOV
ok 261 - all actual diorama styles retain half nine and relative zoom without switching preset or FOV
  ---
  duration_ms: 1.3983
  type: 'test'
  ...
# Subtest: canonical bank joins remain frameable at each actual deck end
ok 262 - canonical bank joins remain frameable at each actual deck end
  ---
  duration_ms: 0.7157
  type: 'test'
  ...
# Subtest: supported ground just beyond each deck refuses framing rather than extending bridge identity
ok 263 - supported ground just beyond each deck refuses framing rather than extending bridge identity
  ---
  duration_ms: 0.3587
  type: 'test'
  ...
# Subtest: Hearthwater physical foot support rejects the visible-deck fringe and retains valid inner edge
ok 264 - Hearthwater physical foot support rejects the visible-deck fringe and retains valid inner edge
  ---
  duration_ms: 0.2653
  type: 'test'
  ...
# Subtest: Coastward framing obeys actual full-actor rail exclusion even inside the supported patch
ok 265 - Coastward framing obeys actual full-actor rail exclusion even inside the supported patch
  ---
  duration_ms: 0.7463
  type: 'test'
  ...
# Subtest: actual supported off-bridge work and roads refuse without any planned camera fields
ok 266 - actual supported off-bridge work and roads refuse without any planned camera fields
  ---
  duration_ms: 0.3238
  type: 'test'
  ...
# Subtest: synthetic malformed input/presets/diving/base widths refuse with fresh readable results
ok 267 - synthetic malformed input/presets/diving/base widths refuse with fresh readable results
  ---
  duration_ms: 0.604
  type: 'test'
  ...
# Subtest: plans ignore health and extra authority objects, preserve frozen inputs and return fresh views
ok 268 - plans ignore health and extra authority objects, preserve frozen inputs and return fresh views
  ---
  duration_ms: 0.8055
  type: 'test'
  ...
# Subtest: synthetic missing/malformed canonical data refuse safely before exposing a view
ok 269 - synthetic missing/malformed canonical data refuse safely before exposing a view
  ---
  duration_ms: 4.3139
  type: 'test'
  ...
# Subtest: per-view preferences roundtrip without changing progression or creative content
ok 270 - per-view preferences roundtrip without changing progression or creative content
  ---
  duration_ms: 12.9412
  type: 'test'
  ...
# Subtest: old camera preferences acquire empty view memory and keep their selected mode
ok 271 - old camera preferences acquire empty view memory and keep their selected mode
  ---
  duration_ms: 2.5623
  type: 'test'
  ...
# Subtest: invalid optional view profiles cannot inject nonfinite camera state or discard valid peers
ok 272 - invalid optional view profiles cannot inject nonfinite camera state or discard valid peers
  ---
  duration_ms: 3.3499
  type: 'test'
  ...
# Subtest: unknown view-memory versions fall back while keeping ordinary settings and saves
ok 273 - unknown view-memory versions fall back while keeping ordinary settings and saves
  ---
  duration_ms: 4.4766
  type: 'test'
  ...
# Subtest: perspective has depth and the requested vertical field of view
ok 274 - perspective has depth and the requested vertical field of view
  ---
  duration_ms: 0.9739
  type: 'test'
  ...
# Subtest: production picking inverts ground projection across orbit, FOV and aspect
ok 275 - production picking inverts ground projection across orbit, FOV and aspect
  ---
  duration_ms: 3.0898
  type: 'test'
  ...
# Subtest: perspective sky and behind-camera points never become movement destinations
ok 276 - perspective sky and behind-camera points never become movement destinations
  ---
  duration_ms: 0.2293
  type: 'test'
  ...
# Subtest: obstruction sweep pulls in before a wall, ignores a clear ray and handles a grazing near plane
ok 277 - obstruction sweep pulls in before a wall, ignores a clear ray and handles a grazing near plane
  ---
  duration_ms: 0.328
  type: 'test'
  ...
# Subtest: perspective water reflection retains contact UV and actual world mirror
ok 278 - perspective water reflection retains contact UV and actual world mirror
  ---
  duration_ms: 0.2558
  type: 'test'
  ...
# Subtest: presentation preferences roundtrip without modifying old progression or creative state
ok 279 - presentation preferences roundtrip without modifying old progression or creative state
  ---
  duration_ms: 11.4398
  type: 'test'
  ...
# Subtest: clearance bounds preserve rotated wall extents and explicitly exclude foliage and low ground
ok 280 - clearance bounds preserve rotated wall extents and explicitly exclude foliage and low ground
  ---
  duration_ms: 0.4496
  type: 'test'
  ...
# Subtest: clearance sees opted-in dynamic construction and keeps actor batches out
ok 281 - clearance sees opted-in dynamic construction and keeps actor batches out
  ---
  duration_ms: 0.2814
  type: 'test'
  ...
# Subtest: explicit realm walls keep camera clearance below the legacy floor cutoff
ok 282 - explicit realm walls keep camera clearance below the legacy floor cutoff
  ---
  duration_ms: 0.8385
  type: 'test'
  ...
# Subtest: recorder flight snapshots cannot acquire a later live arrow contact
ok 283 - recorder flight snapshots cannot acquire a later live arrow contact
  ---
  duration_ms: 2.1007
  type: 'test'
  ...
# Subtest: legacy load leaves every stored byte untouched until explicit character creation
ok 284 - legacy load leaves every stored byte untouched until explicit character creation
  ---
  duration_ms: 14.7859
  type: 'test'
  ...
# Subtest: switching saves outgoing state and restores complete independent characters
ok 285 - switching saves outgoing state and restores complete independent characters
  ---
  duration_ms: 6.0531
  type: 'test'
  ...
# Subtest: quota failures never switch identity, spend state, or create partial slots
ok 286 - quota failures never switch identity, spend state, or create partial slots
  ---
  duration_ms: 3.66
  type: 'test'
  ...
# Subtest: imports copy a validated character into a new slot and full capacity is atomic
ok 287 - imports copy a validated character into a new slot and full capacity is atomic
  ---
  duration_ms: 4.7683
  type: 'test'
  ...
# Subtest: deletion requires the exact inactive target name and never reuses its identity
ok 288 - deletion requires the exact inactive target name and never reuses its identity
  ---
  duration_ms: 4.5572
  type: 'test'
  ...
# Subtest: stale UI revisions and external storage changes refuse mutations
ok 289 - stale UI revisions and external storage changes refuse mutations
  ---
  duration_ms: 1.5912
  type: 'test'
  ...
# Subtest: a present corrupt library cannot silently restore or overwrite an old world
ok 290 - a present corrupt library cannot silently restore or overwrite an old world
  ---
  duration_ms: 0.4273
  type: 'test'
  ...
# Subtest: managed writes require ownership of the browser editing lock
ok 291 - managed writes require ownership of the browser editing lock
  ---
  duration_ms: 1.246
  type: 'test'
  ...
# Subtest: a legacy tab detects another writer before save, migration, or explicit replacement
ok 292 - a legacy tab detects another writer before save, migration, or explicit replacement
  ---
  duration_ms: 0.8061
  type: 'test'
  ...
# Subtest: invalid imported state and invalid library identities reject before any write
ok 293 - invalid imported state and invalid library identities reject before any write
  ---
  duration_ms: 4.3312
  type: 'test'
  ...
# Subtest: failed legacy replacement retains the loaded runtime and original bytes
ok 294 - failed legacy replacement retains the loaded runtime and original bytes
  ---
  duration_ms: 2.7761
  type: 'test'
  ...
# Subtest: editing lock is held until release and a competing owner must retry explicitly
ok 295 - editing lock is held until release and a competing owner must retry explicitly
  ---
  duration_ms: 5.8858
  type: 'test'
  ...
# Subtest: version6 migrates to current schema with no inferred class and all banked XP intact
ok 296 - version6 migrates to current schema with no inferred class and all banked XP intact
  ---
  duration_ms: 23.0801
  type: 'test'
  ...
# Subtest: class choice requires kit, proximity, known ID and explicit confirmation atomically
ok 297 - class choice requires kit, proximity, known ID and explicit confirmation atomically
  ---
  duration_ms: 12.9475
  type: 'test'
  ...
# Subtest: hunter is deliberate, one-time, reloadable and grants no gear/history/XP
ok 298 - hunter is deliberate, one-time, reloadable and grants no gear/history/XP
  ---
  duration_ms: 2.6012
  type: 'test'
  ...
# Subtest: magician is deliberate, one-time, reloadable and grants no gear/history/XP
ok 299 - magician is deliberate, one-time, reloadable and grants no gear/history/XP
  ---
  duration_ms: 1.949
  type: 'test'
  ...
# Subtest: invalid class state and impossible unstarted class are refused
ok 300 - invalid class state and impossible unstarted class are refused
  ---
  duration_ms: 1.2296
  type: 'test'
  ...
# Subtest: technique refuses unassigned, wrong scene, pause, death and absent target
ok 301 - technique refuses unassigned, wrong scene, pause, death and absent target
  ---
  duration_ms: 9.485
  type: 'test'
  ...
# Subtest: hunter validates range, LOS, stamina and durable cooldown before paying
ok 302 - hunter validates range, LOS, stamina and durable cooldown before paying
  ---
  duration_ms: 7.1098
  type: 'test'
  ...
# Subtest: magician validates range, LOS, stamina and durable cooldown before paying
ok 303 - magician validates range, LOS, stamina and durable cooldown before paying
  ---
  duration_ms: 6.665
  type: 'test'
  ...
# Subtest: hunter marks without a hit and only the next actual blade impact gains bounded damage
ok 304 - hunter marks without a hit and only the next actual blade impact gains bounded damage
  ---
  duration_ms: 1.3046
  type: 'test'
  ...
# Subtest: hunter mark is not consumed by another target, companion or soul damage
ok 305 - hunter mark is not consumed by another target, companion or soul damage
  ---
  duration_ms: 1.0206
  type: 'test'
  ...
# Subtest: bow mark follows swept collision, with no payout on a missed arrow
ok 306 - bow mark follows swept collision, with no payout on a missed arrow
  ---
  duration_ms: 2.1148
  type: 'test'
  ...
# Subtest: an obstructed arrow cannot consume mark or make confirmed-hit feedback
ok 307 - an obstructed arrow cannot consume mark or make confirmed-hit feedback
  ---
  duration_ms: 0.7681
  type: 'test'
  ...
# Subtest: marks expire and cannot cross scene, run identity or reload
ok 308 - marks expire and cannot cross scene, run identity or reload
  ---
  duration_ms: 1.6001
  type: 'test'
  ...
# Subtest: magician creates one actual damage event, faces target and never spawns an arrow
ok 309 - magician creates one actual damage event, faces target and never spawns an arrow
  ---
  duration_ms: 0.6112
  type: 'test'
  ...
# Subtest: class techniques do not earn the archery medal and leave weapon family free
ok 310 - class techniques do not earn the archery medal and leave weapon family free
  ---
  duration_ms: 2.32
  type: 'test'
  ...
# Subtest: Coastward skirts are bounded deterministic static instances in one shared mesh kind
ok 311 - Coastward skirts are bounded deterministic static instances in one shared mesh kind
  ---
  duration_ms: 59.5014
  type: 'test'
  ...
# Subtest: every actual upper seam meets rendered grass underside on a real exposed union boundary
ok 312 - every actual upper seam meets rendered grass underside on a real exposed union boundary
  ---
  duration_ms: 16.5031
  type: 'test'
  ...
# Subtest: actual skirt triangles remain below every supported foot plane and sink all lower edge vertices
ok 313 - actual skirt triangles remain below every supported foot plane and sink all lower edge vertices
  ---
  duration_ms: 16.8467
  type: 'test'
  ...
# Subtest: all exposed surface normals retain their positive outward and upward orientation after transformation
ok 314 - all exposed surface normals retain their positive outward and upward orientation after transformation
  ---
  duration_ms: 7.122
  type: 'test'
  ...
# Subtest: bridge sides remain open and all actual full-body routes stay above decorative geometry
ok 315 - bridge sides remain open and all actual full-body routes stay above decorative geometry
  ---
  duration_ms: 888.2022
  type: 'test'
  ...
# Subtest: normal submission adds skirts only to Coastward and never changes canonical definitions or saves
ok 316 - normal submission adds skirts only to Coastward and never changes canonical definitions or saves
  ---
  duration_ms: 73.2003
  type: 'test'
  ...
# Subtest: joining and subdividing equal-height source cells introduces no interior skirt or duplicate seam
ok 317 - joining and subdividing equal-height source cells introduces no interior skirt or duplicate seam
  ---
  duration_ms: 0.4003
  type: 'test'
  ...
# Subtest: the new woodland floor is actual traversable ground linking both original lanes
ok 318 - the new woodland floor is actual traversable ground linking both original lanes
  ---
  duration_ms: 2.0657
  type: 'test'
  ...
# Subtest: smooth bank surface vertices share normals across triangle joins without changing the old rock mesh
ok 319 - smooth bank surface vertices share normals across triangle joins without changing the old rock mesh
  ---
  duration_ms: 5.1676
  type: 'test'
  ...
# Subtest: only existing channel posts and four approach lamps join the main-view cutaway aperture
ok 320 - only existing channel posts and four approach lamps join the main-view cutaway aperture
  ---
  duration_ms: 75.2422
  type: 'test'
  ...
# Subtest: browser and CommonJS expose the same pure interface without foreign global mutation
ok 321 - browser and CommonJS expose the same pure interface without foreign global mutation
  ---
  duration_ms: 3.0415
  type: 'test'
  ...
# Subtest: all three canonical buildings have bounded deterministic original exterior parts
ok 322 - all three canonical buildings have bounded deterministic original exterior parts
  ---
  duration_ms: 19.239
  type: 'test'
  ...
# Subtest: roof shells and framing follow actual parent extents and meet the roof profile
ok 323 - roof shells and framing follow actual parent extents and meet the roof profile
  ---
  duration_ms: 1.6257
  type: 'test'
  ...
# Subtest: timber matrices are positive orthonormal and local grain meets declared endpoints
ok 324 - timber matrices are positive orthonormal and local grain meets declared endpoints
  ---
  duration_ms: 2.7462
  type: 'test'
  ...
# Subtest: body-height facade stays within existing collision clearance, eaves remain overhead
ok 325 - body-height facade stays within existing collision clearance, eaves remain overhead
  ---
  duration_ms: 14.544
  type: 'test'
  ...
# Subtest: actual emitted geometry leaves all authored public routes and task actors clear
ok 326 - actual emitted geometry leaves all authored public routes and task actors clear
  ---
  duration_ms: 258.5563
  type: 'test'
  ...
# Subtest: all opaque dressing inherits house cutaway tags without camera or body authority
ok 327 - all opaque dressing inherits house cutaway tags without camera or body authority
  ---
  duration_ms: 1.7464
  type: 'test'
  ...
# Subtest: changed parent positions and supplied floor heights move dressing rather than hard-code geography
ok 328 - changed parent positions and supplied floor heights move dressing rather than hard-code geography
  ---
  duration_ms: 2.6774
  type: 'test'
  ...
# Subtest: decoration writes only computed geometry and leaves definitions and simulation untouched
ok 329 - decoration writes only computed geometry and leaves definitions and simulation untouched
  ---
  duration_ms: 3.8195
  type: 'test'
  ...
# Subtest: malformed parents or height refuse before any writer mutation
ok 330 - malformed parents or height refuse before any writer mutation
  ---
  duration_ms: 2.4286
  type: 'test'
  ...
# Subtest: isolated global/CommonJS expose only the frozen pure woodland API
ok 331 - isolated global/CommonJS expose only the frozen pure woodland API
  ---
  duration_ms: 3.2324
  type: 'test'
  ...
# Subtest: ten actual parents receive deterministic mixed canopy within the total budget
ok 332 - ten actual parents receive deterministic mixed canopy within the total budget
  ---
  duration_ms: 6.3995
  type: 'test'
  ...
# Subtest: every actual mesh/basis is finite, positive and parent-tagged without new camera/body authority
ok 333 - every actual mesh/basis is finite, positive and parent-tagged without new camera/body authority
  ---
  duration_ms: 45.6167
  type: 'test'
  ...
# Subtest: actual bark faces intersect the unchanged trunk while low roots stay supported and close
ok 334 - actual bark faces intersect the unchanged trunk while low roots stay supported and close
  ---
  duration_ms: 5.1814
  type: 'test'
  ...
# Subtest: rising branches meet the trunk, timber grain endpoints and opaque crown volumes
ok 335 - rising branches meet the trunk, timber grain endpoints and opaque crown volumes
  ---
  duration_ms: 4.4908
  type: 'test'
  ...
# Subtest: upper and lower crown meshes overlap into coherent crowns at the CPU rest pose
ok 336 - upper and lower crown meshes overlap into coherent crowns at the CPU rest pose
  ---
  duration_ms: 1.1241
  type: 'test'
  ...
# Subtest: all route full-body envelopes stay clear including conservative crown wind bounds
ok 337 - all route full-body envelopes stay clear including conservative crown wind bounds
  ---
  duration_ms: 39.2889
  type: 'test'
  ...
# Subtest: high opaque art clears a full actor and canopy spread stays bounded by actual parents
ok 338 - high opaque art clears a full actor and canopy spread stays bounded by actual parents
  ---
  duration_ms: 29.3047
  type: 'test'
  ...
# Subtest: reserved wind envelope matches current source path and only foliage opts in
ok 339 - reserved wind envelope matches current source path and only foliage opts in
  ---
  duration_ms: 0.8046
  type: 'test'
  ...
# Subtest: parent and supplied-height changes move every part without hard-coded coordinates
ok 340 - parent and supplied-height changes move every part without hard-coded coordinates
  ---
  duration_ms: 1.294
  type: 'test'
  ...
# Subtest: decorate appends only fresh geometry and never reads simulation/progression
ok 341 - decorate appends only fresh geometry and never reads simulation/progression
  ---
  duration_ms: 2.4975
  type: 'test'
  ...
# Subtest: missing/duplicate/malformed parents or unsupported heights refuse before writer mutation
ok 342 - missing/duplicate/malformed parents or unsupported heights refuse before writer mutation
  ---
  duration_ms: 1.122
  type: 'test'
  ...
# Subtest: selected real-time strike and recovery status retain their actual timer without writes
ok 343 - selected real-time strike and recovery status retain their actual timer without writes
  ---
  duration_ms: 23.6197
  type: 'test'
  ...
# Subtest: owner-aware warning charge
ok 344 - owner-aware warning charge
  ---
  duration_ms: 2.4855
  type: 'test'
  ...
# Subtest: owner-aware warning bell-outer
ok 345 - owner-aware warning bell-outer
  ---
  duration_ms: 0.7958
  type: 'test'
  ...
# Subtest: owner-aware warning bell-inner
ok 346 - owner-aware warning bell-inner
  ---
  duration_ms: 0.8089
  type: 'test'
  ...
# Subtest: owner-aware warning ward
ok 347 - owner-aware warning ward
  ---
  duration_ms: 0.7455
  type: 'test'
  ...
# Subtest: owner-aware warning strike
ok 348 - owner-aware warning strike
  ---
  duration_ms: 0.5618
  type: 'test'
  ...
# Subtest: active charge is untimed and distinct from its preceding warning and later opening
ok 349 - active charge is untimed and distinct from its preceding warning and later opening
  ---
  duration_ms: 0.6327
  type: 'test'
  ...
# Subtest: clears cue at idle
ok 350 - clears cue at idle
  ---
  duration_ms: 0.667
  type: 'test'
  ...
# Subtest: clears cue at pursue
ok 351 - clears cue at pursue
  ---
  duration_ms: 0.5494
  type: 'test'
  ...
# Subtest: clears cue at return
ok 352 - clears cue at return
  ---
  duration_ms: 0.6063
  type: 'test'
  ...
# Subtest: clears cue at practice
ok 353 - clears cue at practice
  ---
  duration_ms: 0.4878
  type: 'test'
  ...
# Subtest: clears cue at hidden
ok 354 - clears cue at hidden
  ---
  duration_ms: 0.4665
  type: 'test'
  ...
# Subtest: clears cue at defeated
ok 355 - clears cue at defeated
  ---
  duration_ms: 0.4276
  type: 'test'
  ...
# Subtest: clears cue at unselected
ok 356 - clears cue at unselected
  ---
  duration_ms: 0.4531
  type: 'test'
  ...
# Subtest: clears cue at far
ok 357 - clears cue at far
  ---
  duration_ms: 0.4825
  type: 'test'
  ...
# Subtest: clears cue at paused
ok 358 - clears cue at paused
  ---
  duration_ms: 0.4461
  type: 'test'
  ...
# Subtest: clears cue at dead-player
ok 359 - clears cue at dead-player
  ---
  duration_ms: 0.4061
  type: 'test'
  ...
# Subtest: clears cue at noncombat
ok 360 - clears cue at noncombat
  ---
  duration_ms: 0.4333
  type: 'test'
  ...
# Subtest: clears cue at invalid-timer
ok 361 - clears cue at invalid-timer
  ---
  duration_ms: 0.428
  type: 'test'
  ...
# Subtest: clears cue at expired-timer
ok 362 - clears cue at expired-timer
  ---
  duration_ms: 0.5153
  type: 'test'
  ...
# Subtest: clears cue at unknown-ring
ok 363 - clears cue at unknown-ring
  ---
  duration_ms: 0.3479
  type: 'test'
  ...
# Subtest: clears cue at missing-aim
ok 364 - clears cue at missing-aim
  ---
  duration_ms: 0.3452
  type: 'test'
  ...
# Subtest: clears cue at unknown-charge
ok 365 - clears cue at unknown-charge
  ---
  duration_ms: 0.3176
  type: 'test'
  ...
# Subtest: clears cue at unknown-owner
ok 366 - clears cue at unknown-owner
  ---
  duration_ms: 1.0849
  type: 'test'
  ...
# Subtest: clears cue at invalid-event-kind
ok 367 - clears cue at invalid-event-kind
  ---
  duration_ms: 0.5536
  type: 'test'
  ...
# Subtest: clears cue at invalid-bell-kind
ok 368 - clears cue at invalid-bell-kind
  ---
  duration_ms: 0.3892
  type: 'test'
  ...
# Subtest: opening cue never promises weapon readiness across reach, stamina or obstruction
ok 369 - opening cue never promises weapon readiness across reach, stamina or obstruction
  ---
  duration_ms: 1.1099
  type: 'test'
  ...
# Subtest: blade anticipates then repeatedly hits at its actual cadence, without walking
ok 370 - blade anticipates then repeatedly hits at its actual cadence, without walking
  ---
  duration_ms: 38.038
  type: 'test'
  ...
# Subtest: bow anticipates then repeatedly hits at its actual cadence, without walking
ok 371 - bow anticipates then repeatedly hits at its actual cadence, without walking
  ---
  duration_ms: 11.3152
  type: 'test'
  ...
# Subtest: pending attack cancels on stop
ok 372 - pending attack cancels on stop
  ---
  duration_ms: 2.1242
  type: 'test'
  ...
# Subtest: pending attack cancels on range
ok 373 - pending attack cancels on range
  ---
  duration_ms: 1.5876
  type: 'test'
  ...
# Subtest: pending attack cancels on target
ok 374 - pending attack cancels on target
  ---
  duration_ms: 1.7335
  type: 'test'
  ...
# Subtest: pending attack cancels on pause
ok 375 - pending attack cancels on pause
  ---
  duration_ms: 0.8791
  type: 'test'
  ...
# Subtest: pending attack cancels on death
ok 376 - pending attack cancels on death
  ---
  duration_ms: 1.2267
  type: 'test'
  ...
# Subtest: blocked arrow has no confirmed hit number or hit reaction
ok 377 - blocked arrow has no confirmed hit number or hit reaction
  ---
  duration_ms: 1.6724
  type: 'test'
  ...
# Subtest: projectile that misses moving target cannot create confirmed feedback
ok 378 - projectile that misses moving target cannot create confirmed feedback
  ---
  duration_ms: 3.2173
  type: 'test'
  ...
# Subtest: confirmed hit stamps the damaged target once and scene change clears transient feedback
ok 379 - confirmed hit stamps the damaged target once and scene change clears transient feedback
  ---
  duration_ms: 2.2499
  type: 'test'
  ...
# Subtest: explicit close-target framing faces the living foe without mutating input
ok 380 - explicit close-target framing faces the living foe without mutating input
  ---
  duration_ms: 0.9959
  type: 'test'
  ...
# Subtest: framing retains valid farther zoom and bounds eligibility to declared12m
ok 381 - framing retains valid farther zoom and bounds eligibility to declared12m
  ---
  duration_ms: 0.2198
  type: 'test'
  ...
# Subtest: no wrong-view, invalid, dead, hidden, coincident or stale actor framing
ok 382 - no wrong-view, invalid, dead, hidden, coincident or stale actor framing
  ---
  duration_ms: 0.3247
  type: 'test'
  ...
# Subtest: very close foe deliberately widens framing for a lane behind the player
ok 383 - very close foe deliberately widens framing for a lane behind the player
  ---
  duration_ms: 0.139
  type: 'test'
  ...
# Subtest: unobstructed flat close lane and body project above a desktop action bar at45to80FOV
ok 384 - unobstructed flat close lane and body project above a desktop action bar at45to80FOV
  ---
  duration_ms: 8.3375
  type: 'test'
  ...
# Subtest: isolated browser global and CommonJS expose the same bounded pure API
ok 385 - isolated browser global and CommonJS expose the same bounded pure API
  ---
  duration_ms: 7.5056
  type: 'test'
  ...
# Subtest: gait phase follows actual displacement and is independent of sampling subdivision/speed
ok 386 - gait phase follows actual displacement and is independent of sampling subdivision/speed
  ---
  duration_ms: 1.0166
  type: 'test'
  ...
# Subtest: stationary blocked intent cannot trot and stopping settles without advancing stride
ok 387 - stationary blocked intent cannot trot and stopping settles without advancing stride
  ---
  duration_ms: 1.173
  type: 'test'
  ...
# Subtest: repeated samples and long pauses preserve the full pose; paused travel is consumed
ok 388 - repeated samples and long pauses preserve the full pose; paused travel is consumed
  ---
  duration_ms: 3.7689
  type: 'test'
  ...
# Subtest: scene, teleport and clock discontinuities reset gait without mutating previous samples
ok 389 - scene, teleport and clock discontinuities reset gait without mutating previous samples
  ---
  duration_ms: 0.3149
  type: 'test'
  ...
# Subtest: injured unbonded Briar is completely still and has no bond collar
ok 390 - injured unbonded Briar is completely still and has no bond collar
  ---
  duration_ms: 0.8387
  type: 'test'
  ...
# Subtest: reduced motion retains all four essential legs while suppressing time-driven secondary drift
ok 391 - reduced motion retains all four essential legs while suppressing time-driven secondary drift
  ---
  duration_ms: 0.4307
  type: 'test'
  ...
# Subtest: diagonal trot has visible clearance, fixed leg lengths and no paw below supplied ground
ok 392 - diagonal trot has visible clearance, fixed leg lengths and no paw below supplied ground
  ---
  duration_ms: 3420.2819
  type: 'test'
  ...
# Subtest: actual bone transforms meet shared joints through every authored pose and placement
ok 393 - actual bone transforms meet shared joints through every authored pose and placement
  ---
  duration_ms: 23.2121
  type: 'test'
  ...
# Subtest: tail segments overlap at shared anchors and cream tip remains attached
ok 394 - tail segments overlap at shared anchors and cream tip remains attached
  ---
  duration_ms: 5.9398
  type: 'test'
  ...
# Subtest: familiar teal collar touches the neck and head details stay in a shared articulated frame
ok 395 - familiar teal collar touches the neck and head details stay in a shared articulated frame
  ---
  duration_ms: 2.1989
  type: 'test'
  ...
# Subtest: inner ear patches stay on and within the actual outer-ear front facets
ok 396 - inner ear patches stay on and within the actual outer-ear front facets
  ---
  duration_ms: 17.3169
  type: 'test'
  ...
# Subtest: all actual mesh transforms are finite, positive and bounded for all part kinds
ok 397 - all actual mesh transforms are finite, positive and bounded for all part kinds
  ---
  duration_ms: 456.1268
  type: 'test'
  ...
# Subtest: pure pose/draw never changes placement, motion, supplied state or existing output entries
ok 398 - pure pose/draw never changes placement, motion, supplied state or existing output entries
  ---
  duration_ms: 1.2999
  type: 'test'
  ...
# Subtest: invalid or mismatched actual placement refuses before any partial draw
ok 399 - invalid or mismatched actual placement refuses before any partial draw
  ---
  duration_ms: 0.6682
  type: 'test'
  ...
# Subtest: fresh world is valid and round trips
ok 400 - fresh world is valid and round trips
  ---
  duration_ms: 11.6329
  type: 'test'
  ...
# Subtest: seeded world decoration is repeatable
ok 401 - seeded world decoration is repeatable
  ---
  duration_ms: 0.3556
  type: 'test'
  ...
# Subtest: water and nonfinite ground are not walkable
ok 402 - water and nonfinite ground are not walkable
  ---
  duration_ms: 0.133
  type: 'test'
  ...
# Subtest: buildings and the spring are obstacles
ok 403 - buildings and the spring are obstacles
  ---
  duration_ms: 0.1261
  type: 'test'
  ...
# Subtest: every landmark has walkable admission
ok 404 - every landmark has walkable admission
  ---
  duration_ms: 0.3216
  type: 'test'
  ...
# Subtest: all 121 landmark routes exist and sampled segments avoid obstacles
ok 405 - all 121 landmark routes exist and sampled segments avoid obstacles
  ---
  duration_ms: 2169.627
  type: 'test'
  ...
# Subtest: click movement arrives without overshooting
ok 406 - click movement arrives without overshooting
  ---
  duration_ms: 16.1307
  type: 'test'
  ...
# Subtest: manual motion is bounded at terrain edge
ok 407 - manual motion is bounded at terrain edge
  ---
  duration_ms: 9.0374
  type: 'test'
  ...
# Subtest: invalid move does not replace current route
ok 408 - invalid move does not replace current route
  ---
  duration_ms: 1.039
  type: 'test'
  ...
# Subtest: invalid tick cannot corrupt time
ok 409 - invalid tick cannot corrupt time
  ---
  duration_ms: 1.0742
  type: 'test'
  ...
# Subtest: pause stops simulation
ok 410 - pause stops simulation
  ---
  duration_ms: 2.2638
  type: 'test'
  ...
# Subtest: time flow setting stops only the clock
ok 411 - time flow setting stops only the clock
  ---
  duration_ms: 9.1242
  type: 'test'
  ...
# Subtest: day rolls over with a new event
ok 412 - day rolls over with a new event
  ---
  duration_ms: 49.1181
  type: 'test'
  ...
# Subtest: all three share home during supper
ok 413 - all three share home during supper
  ---
  duration_ms: 0.303
  type: 'test'
  ...
# Subtest: daytime projects have different destinations
ok 414 - daytime projects have different destinations
  ---
  duration_ms: 0.1626
  type: 'test'
  ...
# Subtest: routines travel to the shared house
ok 415 - routines travel to the shared house
  ---
  duration_ms: 82.6816
  type: 'test'
  ...
# Subtest: enter requires proximity
ok 416 - enter requires proximity
  ---
  duration_ms: 0.7456
  type: 'test'
  ...
# Subtest: enter, save and leave preserve outside position
ok 417 - enter, save and leave preserve outside position
  ---
  duration_ms: 6.5228
  type: 'test'
  ...
# Subtest: interior table and walls collide
ok 418 - interior table and walls collide
  ---
  duration_ms: 0.2378
  type: 'test'
  ...
# Subtest: non-interior locations cannot be entered
ok 419 - non-interior locations cannot be entered
  ---
  duration_ms: 0.5747
  type: 'test'
  ...
# Subtest: planting requires being in the garden
ok 420 - planting requires being in the garden
  ---
  duration_ms: 0.7712
  type: 'test'
  ...
# Subtest: twelve flowers are bounded and recoverable
ok 421 - twelve flowers are bounded and recoverable
  ---
  duration_ms: 6.7913
  type: 'test'
  ...
# Subtest: duplicate accepted command does not duplicate a note
ok 422 - duplicate accepted command does not duplicate a note
  ---
  duration_ms: 0.4841
  type: 'test'
  ...
# Subtest: same id with changed payload conflicts
ok 423 - same id with changed payload conflicts
  ---
  duration_ms: 0.4312
  type: 'test'
  ...
# Subtest: duplicate refusal remains refusal
ok 424 - duplicate refusal remains refusal
  ---
  duration_ms: 5.4202
  type: 'test'
  ...
# Subtest: notes are data, not markup
ok 425 - notes are data, not markup
  ---
  duration_ms: 0.5749
  type: 'test'
  ...
# Subtest: notebook enforces length and capacity
ok 426 - notebook enforces length and capacity
  ---
  duration_ms: 0.4867
  type: 'test'
  ...
# Subtest: authored conversation records encounter without a network request
ok 427 - authored conversation records encounter without a network request
  ---
  duration_ms: 0.3849
  type: 'test'
  ...
# Subtest: unknown resident is rejected
ok 428 - unknown resident is rejected
  ---
  duration_ms: 0.3004
  type: 'test'
  ...
# Subtest: journal retains 200 ordered entries
ok 429 - journal retains 200 ordered entries
  ---
  duration_ms: 1.3238
  type: 'test'
  ...
# Subtest: save and load accept acknowledged storage
ok 430 - save and load accept acknowledged storage
  ---
  duration_ms: 1.6358
  type: 'test'
  ...
# Subtest: quota refusal is not a saved success
ok 431 - quota refusal is not a saved success
  ---
  duration_ms: 5.3288
  type: 'test'
  ...
# Subtest: corrupt storage is preserved rather than overwritten on load
ok 432 - corrupt storage is preserved rather than overwritten on load
  ---
  duration_ms: 0.2488
  type: 'test'
  ...
# Subtest: import rejects invalid locations and malformed versions
ok 433 - import rejects invalid locations and malformed versions
  ---
  duration_ms: 1.0438
  type: 'test'
  ...
# Subtest: import roster is exact and extra prototype properties are discarded
ok 434 - import roster is exact and extra prototype properties are discarded
  ---
  duration_ms: 1.2918
  type: 'test'
  ...
# Subtest: import cannot enable audio and rejects invalid event sequence
ok 435 - import cannot enable audio and rejects invalid event sequence
  ---
  duration_ms: 2.3164
  type: 'test'
  ...
# Subtest: actual preimage returns unsafe direct links despite clear large-body endpoints
ok 436 - actual preimage returns unsafe direct links despite clear large-body endpoints
  ---
  duration_ms: 35.3618
  type: 'test'
  ...
# Subtest: new direct tests reject the cover shortcut and every complete .65/.95 detour is clear
ok 437 - new direct tests reject the cover shortcut and every complete .65/.95 detour is clear
  ---
  duration_ms: 20.6448
  type: 'test'
  ...
# Subtest: actual segment observers prove radius reaches direct, nearby, grid and smoothing links
ok 438 - actual segment observers prove radius reaches direct, nearby, grid and smoothing links
  ---
  duration_ms: 11.7691
  type: 'test'
  ...
# Subtest: smaller permitted body can cross the actual observatory gap without being forced to .31
ok 439 - smaller permitted body can cross the actual observatory gap without being forced to .31
  ---
  duration_ms: 2.5189
  type: 'test'
  ...
# Subtest: actual bridge support accepts player/body radii and refuses a body wider than its deck
ok 440 - actual bridge support accepts player/body radii and refuses a body wider than its deck
  ---
  duration_ms: 1.3683
  type: 'test'
  ...
# Subtest: generic sampled room links also use requested radius instead of its player default
ok 441 - generic sampled room links also use requested radius instead of its player default
  ---
  duration_ms: 3.0463
  type: 'test'
  ...
# Subtest: WorldFoundation branch remains radius-qualified through the unified line helper
ok 442 - WorldFoundation branch remains radius-qualified through the unified line helper
  ---
  duration_ms: 11.624
  type: 'test'
  ...
# Subtest: default .31 complete paths and explicit .31 paths remain exactly compatible with preimage
ok 443 - default .31 complete paths and explicit .31 paths remain exactly compatible with preimage
  ---
  duration_ms: 772.4298
  type: 'test'
  ...
# Subtest: both APIs reject invalid radii, permit bounded zero/two, and do not query geometry on invalid input
ok 444 - both APIs reject invalid radii, permit bounded zero/two, and do not query geometry on invalid input
  ---
  duration_ms: 1.9733
  type: 'test'
  ...
# Subtest: installed Cosmos extension uses the actual body-qualified Core and permanent geometry
ok 445 - installed Cosmos extension uses the actual body-qualified Core and permanent geometry
  ---
  duration_ms: 226.6641
  type: 'test'
  ...
# Subtest: both ground approaches connect arrival to occupied observatory with radius clearance
ok 446 - both ground approaches connect arrival to occupied observatory with radius clearance
  ---
  duration_ms: 52.8217
  type: 'test'
  ...
# Subtest: entry saves the exact source before changing scenes, and reload returns to that source
ok 447 - entry saves the exact source before changing scenes, and reload returns to that source
  ---
  duration_ms: 20.0456
  type: 'test'
  ...
# Subtest: a failed save or unavailable scene refuses travel atomically
ok 448 - a failed save or unavailable scene refuses travel atomically
  ---
  duration_ms: 3.9018
  type: 'test'
  ...
# Subtest: stale character, revision, simulation, position and cancelled tickets cannot enter
ok 449 - stale character, revision, simulation, position and cancelled tickets cannot enter
  ---
  duration_ms: 1.69
  type: 'test'
  ...
# Subtest: scene build failure restores the source and a consumed ticket cannot retry
ok 450 - scene build failure restores the source and a consumed ticket cannot retry
  ---
  duration_ms: 1.4749
  type: 'test'
  ...
# Subtest: fall recovery recalls to safe ground and normal return works from the far end
ok 451 - fall recovery recalls to safe ground and normal return works from the far end
  ---
  duration_ms: 1.7594
  type: 'test'
  ...
# Subtest: height-aware ray picks real support and refuses sky, the ridge and cover
ok 452 - height-aware ray picks real support and refuses sky, the ridge and cover
  ---
  duration_ms: 14.0768
  type: 'test'
  ...
# Subtest: manual walking slides along boundaries without crossing unsupported corner segments
ok 453 - manual walking slides along boundaries without crossing unsupported corner segments
  ---
  duration_ms: 11.7219
  type: 'test'
  ...
# Subtest: unaccepted or wrong-scene artwork creates no scene items or saved work
ok 454 - unaccepted or wrong-scene artwork creates no scene items or saved work
  ---
  duration_ms: 3.6425
  type: 'test'
  ...
# Subtest: original apparatus transforms are finite, collision-free and leave all state unchanged
ok 455 - original apparatus transforms are finite, collision-free and leave all state unchanged
  ---
  duration_ms: 4.3715
  type: 'test'
  ...
# Subtest: ring rims remain centred on the frozen contact frame at rotated world positions
ok 456 - ring rims remain centred on the frozen contact frame at rotated world positions
  ---
  duration_ms: 57.1057
  type: 'test'
  ...
# Subtest: released outer feed visibly changes only supplied future-frame radius
ok 457 - released outer feed visibly changes only supplied future-frame radius
  ---
  duration_ms: 9.7411
  type: 'test'
  ...
# Subtest: asymmetrically clipped cross arms render within each actual locked extent after rotation
ok 458 - asymmetrically clipped cross arms render within each actual locked extent after rotation
  ---
  duration_ms: 11.3072
  type: 'test'
  ...
# Subtest: released transverse feed produces one actual warned arm without inventing a second
ok 459 - released transverse feed produces one actual warned arm without inventing a second
  ---
  duration_ms: 1.7123
  type: 'test'
  ...
# Subtest: locked Optical line warning honors its clipped length with no protruding decoration
ok 460 - locked Optical line warning honors its clipped length with no protruding decoration
  ---
  duration_ms: 6.2671
  type: 'test'
  ...
# Subtest: unowned, settled or non-live bodies cannot impersonate an active warning
ok 461 - unowned, settled or non-live bodies cannot impersonate an active warning
  ---
  duration_ms: 1.166
  type: 'test'
  ...
# Subtest: retained support settings/account change appearance without creating completed facts
ok 462 - retained support settings/account change appearance without creating completed facts
  ---
  duration_ms: 1.2386
  type: 'test'
  ...
# Subtest: opening a paused workspace preserves the owned body and its already locked warning
ok 463 - opening a paused workspace preserves the owned body and its already locked warning
  ---
  duration_ms: 2.3473
  type: 'test'
  ...
# Subtest: very short clipped warnings keep every cap inside the supplied frame
ok 464 - very short clipped warnings keep every cap inside the supplied frame
  ---
  duration_ms: 19.4273
  type: 'test'
  ...
# READ_ONLY_SOURCE_EPOCH_FILES 6
# Subtest: catalogue and all nested structures are frozen; import is data only
ok 465 - catalogue and all nested structures are frozen; import is data only
  ---
  duration_ms: 2.1053
  type: 'test'
  ...
# Subtest: exact existing room/prerequisite/giver remain owned by the current source
ok 466 - exact existing room/prerequisite/giver remain owned by the current source
  ---
  duration_ms: 1.2466
  type: 'test'
  ...
# Subtest: all identifiers are finite and every dependency precedes its consumer
ok 467 - all identifiers are finite and every dependency precedes its consumer
  ---
  duration_ms: 0.5172
  type: 'test'
  ...
# Subtest: any two DISTINCT supports suffice; two variants of one never qualify
ok 468 - any two DISTINCT supports suffice; two variants of one never qualify
  ---
  duration_ms: 0.3141
  type: 'test'
  ...
# Subtest: all three pairs and all four assistance combinations complete the abstract graph
ok 469 - all three pairs and all four assistance combinations complete the abstract graph
  ---
  duration_ms: 3.5299
  type: 'test'
  ...
# Subtest: all-three variants enrich the same graph without a larger fee or third-support gate
ok 470 - all-three variants enrich the same graph without a larger fee or third-support gate
  ---
  duration_ms: 1.8701
  type: 'test'
  ...
# Subtest: supplied alternatives are explicit and require neither rare work nor payment
ok 471 - supplied alternatives are explicit and require neither rare work nor payment
  ---
  duration_ms: 0.2573
  type: 'test'
  ...
# Subtest: actual exhaustion, both physical feeds and central disable remain independent facts
ok 472 - actual exhaustion, both physical feeds and central disable remain independent facts
  ---
  duration_ms: 0.1776
  type: 'test'
  ...
# Subtest: physical reconfiguration of two PREPARED supports is required after accountability
ok 473 - physical reconfiguration of two PREPARED supports is required after accountability
  ---
  duration_ms: 0.1896
  type: 'test'
  ...
# Subtest: finite version-one migration and open/account/claim facts have explicit boundaries
ok 474 - finite version-one migration and open/account/claim facts have explicit boundaries
  ---
  duration_ms: 0.215
  type: 'test'
  ...
# Subtest: honest whole-payload fee is fixed, with no equipment grant or existing-curve change
ok 475 - honest whole-payload fee is fixed, with no equipment grant or existing-curve change
  ---
  duration_ms: 0.185
  type: 'test'
  ...
# Subtest: two prospective threat identities are distinct ordinary fixed bodies with safe retreat
ok 476 - two prospective threat identities are distinct ordinary fixed bodies with safe retreat
  ---
  duration_ms: 0.5585
  type: 'test'
  ...
# Subtest: both guardian attacks have distinct measurable safe regions
ok 477 - both guardian attacks have distinct measurable safe regions
  ---
  duration_ms: 0.6255
  type: 'test'
  ...
# Subtest: saved physical releases change future geometry rather than health/damage/timing
ok 478 - saved physical releases change future geometry rather than health/damage/timing
  ---
  duration_ms: 0.2902
  type: 'test'
  ...
# Subtest: prospective geometry stays within seven patches/eight STATIC solids and fixed height
ok 479 - prospective geometry stays within seven patches/eight STATIC solids and fixed height
  ---
  duration_ms: 0.2372
  type: 'test'
  ...
# Subtest: extension meets the actual east service edge without a height seam
ok 480 - extension meets the actual east service edge without a height seam
  ---
  duration_ms: 6.6434
  type: 'test'
  ...
# Subtest: every declared whole route passes actual production W.segment and independent continuous support
ok 481 - every declared whole route passes actual production W.segment and independent continuous support
  ---
  duration_ms: 4.9539
  type: 'test'
  ...
# Subtest: all action/witness anchors fit whole bodies and every new action is connected to its service route
ok 482 - all action/witness anchors fit whole bodies and every new action is connected to its service route
  ---
  duration_ms: 1.1786
  type: 'test'
  ...
# Subtest: full anchored ring/cross envelopes remain on the prospective arena floor at every yaw
ok 483 - full anchored ring/cross envelopes remain on the prospective arena floor at every yaw
  ---
  duration_ms: 3.2525
  type: 'test'
  ...
# Subtest: whole-body check rejects a genuine narrow gap despite supported endpoints
ok 484 - whole-body check rejects a genuine narrow gap despite supported endpoints
  ---
  duration_ms: 0.4224
  type: 'test'
  ...
# Subtest: byte-pinned original geometry lacks the extension; actual installed support supplies it
ok 485 - byte-pinned original geometry lacks the extension; actual installed support supplies it
  ---
  duration_ms: 0.3388
  type: 'test'
  ...
# Subtest: byte-frozen attribution retains exact recovered-proposal anchors and bounded public/private scope
ok 486 - byte-frozen attribution retains exact recovered-proposal anchors and bounded public/private scope
  ---
  duration_ms: 0.284
  type: 'test'
  ...
# Subtest: all installed/preimage input bytes stay untouched after catalogue/support checks
ok 487 - all installed/preimage input bytes stay untouched after catalogue/support checks
  ---
  duration_ms: 1.4966
  type: 'test'
  ...
# Subtest: installed contracts and globals are the actual Core/Adventure/World/Cosmos owners
ok 488 - installed contracts and globals are the actual Core/Adventure/World/Cosmos owners
  ---
  duration_ms: 4.9317
  type: 'test'
  ...
# Subtest: optional version-one Core migration adds only empty Cosmos state and preserves prior owners
ok 489 - optional version-one Core migration adds only empty Cosmos state and preserves prior owners
  ---
  duration_ms: 36.4471
  type: 'test'
  ...
# Subtest: actual Core rejects malformed/future owner, impossible prerequisites and reordered history
ok 490 - actual Core rejects malformed/future owner, impossible prerequisites and reordered history
  ---
  duration_ms: 61.4831
  type: 'test'
  ...
# Subtest: physical acceptance/work are fenced by actual character, revision, room, kit and comparator
ok 491 - physical acceptance/work are fenced by actual character, revision, room, kit and comparator
  ---
  duration_ms: 5.3244
  type: 'test'
  ...
# Subtest: save refusal and exceptions never adopt acceptance or trim protected snapshot owners
ok 492 - save refusal and exceptions never adopt acceptance or trim protected snapshot owners
  ---
  duration_ms: 21.2755
  type: 'test'
  ...
# Subtest: real save candidate refuses character, room, revision or reentrant field mutation before adoption
ok 493 - real save candidate refuses character, room, revision or reentrant field mutation before adoption
  ---
  duration_ms: 11.2778
  type: 'test'
  ...
# Subtest: any two distinct supplied/ordinary supports qualify; exclusive alternatives cannot count twice
ok 494 - any two distinct supplied/ordinary supports qualify; exclusive alternatives cannot count twice
  ---
  duration_ms: 30.0172
  type: 'test'
  ...
# Subtest: wrong settings and manual exhaustion/choice requests cannot create gate or encounter facts
ok 495 - wrong settings and manual exhaustion/choice requests cannot create gate or encounter facts
  ---
  duration_ms: 9.0229
  type: 'test'
  ...
# Subtest: all forty declared lead/mode/choice combinations preserve old owners and pay a separate fee once
ok 496 - all forty declared lead/mode/choice combinations preserve old owners and pay a separate fee once
  ---
  duration_ms: 1489.2152
  type: 'test'
  ...
# Subtest: prepared configuration, accountability, opened, verified and claimed remain separate saved gates
ok 497 - prepared configuration, accountability, opened, verified and claimed remain separate saved gates
  ---
  duration_ms: 29.9881
  type: 'test'
  ...
# Subtest: whole-fee capacity and refused claim save are atomic and retry without double payout
ok 498 - whole-fee capacity and refused claim save are atomic and retry without double payout
  ---
  duration_ms: 175.2764
  type: 'test'
  ...
# Subtest: claim refusal for a changed character leaves the local apparatus unpaid and retryable
ok 499 - claim refusal for a changed character leaves the local apparatus unpaid and retryable
  ---
  duration_ms: 32.2344
  type: 'test'
  ...
# Subtest: stored XP one through five and cap retain health, sockets, equipment, cameras and prior claims
ok 500 - stored XP one through five and cap retain health, sockets, equipment, cameras and prior claims
  ---
  duration_ms: 153.3638
  type: 'test'
  ...
# Subtest: accepted witness reads are pure; exact roster identity, anchor, body and character own damage
ok 501 - accepted witness reads are pure; exact roster identity, anchor, body and character own damage
  ---
  duration_ms: 13.1398
  type: 'test'
  ...
# Subtest: actual Adventure lethal damage dispatch saves only campaign exhaustion; refusal restores HP one
ok 502 - actual Adventure lethal damage dispatch saves only campaign exhaustion; refusal restores HP one
  ---
  duration_ms: 14.9157
  type: 'test'
  ...
# Subtest: actual targeted blade and swept bow callers can hit live owners with no generic reward replay
ok 503 - actual targeted blade and swept bow callers can hit live owners with no generic reward replay
  ---
  duration_ms: 22.9699
  type: 'test'
  ...
# Subtest: actual Cosmos arrow geometry rejects opaque cover, unsupported floor, invalid aim and diving
ok 504 - actual Cosmos arrow geometry rejects opaque cover, unsupported floor, invalid aim and diving
  ---
  duration_ms: 20.5739
  type: 'test'
  ...
# Subtest: actual AI initiates immutable ring, makes one scheduled contact and stays anchored through recovery
ok 505 - actual AI initiates immutable ring, makes one scheduled contact and stays anchored through recovery
  ---
  duration_ms: 26.3348
  type: 'test'
  ...
# Subtest: actual locked ring permits physical quiet-circle escape without retargeting or contact
ok 506 - actual locked ring permits physical quiet-circle escape without retargeting or contact
  ---
  duration_ms: 18.7246
  type: 'test'
  ...
# Subtest: pause preserves the exact actual lock and schedule while damage caller remains inactive
ok 507 - pause preserves the exact actual lock and schedule while damage caller remains inactive
  ---
  duration_ms: 13.9766
  type: 'test'
  ...
# Subtest: actual bow-distance AI selects a cross without forced cycle; beyond actual reach stays quiet
ok 508 - actual bow-distance AI selects a cross without forced cycle; beyond actual reach stays quiet
  ---
  duration_ms: 39.0094
  type: 'test'
  ...
# Subtest: live cross clips unequal arms at installed opaque cover and misses a clear quadrant or covered traveler
ok 509 - live cross clips unequal arms at installed opaque cover and misses a clear quadrant or covered traveler
  ---
  duration_ms: 32.3181
  type: 'test'
  ...
# Subtest: live physical releases preserve the current frame and alter only subsequent AI locks
ok 510 - live physical releases preserve the current frame and alter only subsequent AI locks
  ---
  duration_ms: 25.9095
  type: 'test'
  ...
# Subtest: actual clipped warnings stay finite on real support and cover across representative clear AI aims
ok 511 - actual clipped warnings stay finite on real support and cover across representative clear AI aims
  ---
  duration_ms: 95.5699
  type: 'test'
  ...
# Subtest: leave/reload retain saved work but reconstruct only unfinished actual owners and clear transient locks
ok 512 - leave/reload retain saved work but reconstruct only unfinished actual owners and clear transient locks
  ---
  duration_ms: 16.9409
  type: 'test'
  ...
# Subtest: bounded revision/journal refusal preserves unpaid history and whole-fee balances
ok 513 - bounded revision/journal refusal preserves unpaid history and whole-fee balances
  ---
  duration_ms: 53.9812
  type: 'test'
  ...
# Subtest: all actual installed test inputs remain byte-frozen during this bounded run
ok 514 - all actual installed test inputs remain byte-frozen during this bounded run
  ---
  duration_ms: 1.9031
  type: 'test'
  ...
# Subtest: import defines helpers without loading game owners or writing/generating a fixture
ok 515 - import defines helpers without loading game owners or writing/generating a fixture
  ---
  duration_ms: 110.958
  type: 'test'
  ...
# Subtest: defaults cover three real kit families, all three lead pairs and both account choices
ok 516 - defaults cover three real kit families, all three lead pairs and both account choices
  ---
  duration_ms: 1.3075
  type: 'test'
  ...
# Subtest: every two/three-support ordinary/supplied selection remains explicit and distinct
ok 517 - every two/three-support ordinary/supplied selection remains explicit and distinct
  ---
  duration_ms: 1.5504
  type: 'test'
  ...
# Subtest: invalid, duplicated, hidden or incomplete support choices refuse before execution
ok 518 - invalid, duplicated, hidden or incomplete support choices refuse before execution
  ---
  duration_ms: 1.4533
  type: 'test'
  ...
# Subtest: CLI has exact public options and refuses missing values, seed-only success or unsupported switches
ok 519 - CLI has exact public options and refuses missing values, seed-only success or unsupported switches
  ---
  duration_ms: 0.4153
  type: 'test'
  ...
# Subtest: portable installed default uses exact canonical JSON scratch; staged default stays local
ok 520 - portable installed default uses exact canonical JSON scratch; staged default stays local
  ---
  duration_ms: 0.3062
  type: 'test'
  ...
# Subtest: new output is bounded, refuses traversal/overwrite and arbitrary checkout writes
ok 521 - new output is bounded, refuses traversal/overwrite and arbitrary checkout writes
  ---
  duration_ms: 10.1889
  type: 'test'
  ...
# Subtest: bow stand fits the actual installed road body instead of its unsupported centerline edge
ok 522 - bow stand fits the actual installed road body instead of its unsupported centerline edge
  ---
  duration_ms: 5.1584
  type: 'test'
  ...
# Subtest: history checks detect equipment/socket/class/old-campaign/construction changes without freezing legitimate crop time
ok 523 - history checks detect equipment/socket/class/old-campaign/construction changes without freezing legitimate crop time
  ---
  duration_ms: 2.7048
  type: 'test'
  ...
# Subtest: runner source contains no actor/health/progress/cycle injection or direct resolution/attack-frame call
ok 524 - runner source contains no actor/health/progress/cycle injection or direct resolution/attack-frame call
  ---
  duration_ms: 0.8895
  type: 'test'
  ...
# Subtest: terms disclose exact fee, danger, alternatives and account before consent; panel grants nothing
ok 525 - terms disclose exact fee, danger, alternatives and account before consent; panel grants nothing
  ---
  duration_ms: 7.836
  type: 'test'
  ...
# Subtest: accept intent uses current active and revision; reading and walking never grant acceptance
ok 526 - accept intent uses current active and revision; reading and walking never grant acceptance
  ---
  duration_ms: 7.213
  type: 'test'
  ...
# Subtest: old panel binding cannot command after movement, revision, character or context replacement
ok 527 - old panel binding cannot command after movement, revision, character or context replacement
  ---
  duration_ms: 8.0795
  type: 'test'
  ...
# Subtest: routes contain available physical objectives and no fake completion marker
ok 528 - routes contain available physical objectives and no fake completion marker
  ---
  duration_ms: 1.4058
  type: 'test'
  ...
# Subtest: configure sends exact declared setting only at an available real fixture
ok 529 - configure sends exact declared setting only at an available real fixture
  ---
  duration_ms: 2.9006
  type: 'test'
  ...
# Subtest: missing work or a forged defeat action cannot command its completion from the UI
ok 530 - missing work or a forged defeat action cannot command its completion from the UI
  ---
  duration_ms: 1.1576
  type: 'test'
  ...
# Subtest: choice preview leaves ledger unchanged; explicit confirm binds exact choice and checkpoint
ok 531 - choice preview leaves ledger unchanged; explicit confirm binds exact choice and checkpoint
  ---
  duration_ms: 1.4353
  type: 'test'
  ...
# Subtest: changed preview or alternate confirmation cannot record consent
ok 532 - changed preview or alternate confirmation cannot record consent
  ---
  duration_ms: 6.0537
  type: 'test'
  ...
# Subtest: cancel and stale tick preserve undecided consent; completed tracking returns to story
ok 533 - cancel and stale tick preserve undecided consent; completed tracking returns to story
  ---
  duration_ms: 1.49
  type: 'test'
  ...
# Subtest: prepared-support tracker makes two-support gate legible without advancing history
ok 534 - prepared-support tracker makes two-support gate legible without advancing history
  ---
  duration_ms: 1.2218
  type: 'test'
  ...
# Subtest: missing-prerequisite guidance names the actual separately owned comparator
ok 535 - missing-prerequisite guidance names the actual separately owned comparator
  ---
  duration_ms: 4.43
  type: 'test'
  ...
# Subtest: the RPG page adapter filters unrelated tabs without rebinding a confirmation
ok 536 - the RPG page adapter filters unrelated tabs without rebinding a confirmation
  ---
  duration_ms: 1.0428
  type: 'test'
  ...
# INSTALLED_GEOMETRY_INPUT_FILES 48
# Subtest: exact original source fixtures and installed catalogue match the declared freeze
ok 537 - exact original source fixtures and installed catalogue match the declared freeze
  ---
  duration_ms: 1.9252
  type: 'test'
  ...
# Subtest: original geometry rejects the new reach; installed owner adds only seven patches/eight solids
ok 538 - original geometry rejects the new reach; installed owner adds only seven patches/eight solids
  ---
  duration_ms: 34.4064
  type: 'test'
  ...
# Subtest: existing entry, slopes, actors, instrument and all legacy geometry remain exact
ok 539 - existing entry, slopes, actors, instrument and all legacy geometry remain exact
  ---
  duration_ms: 10.0106
  type: 'test'
  ...
# Subtest: every declared route is accepted by both real physical owners with full body/capsule clearance
ok 540 - every declared route is accepted by both real physical owners with full body/capsule clearance
  ---
  duration_ms: 18.437
  type: 'test'
  ...
# Subtest: all action/witness anchors and full ring/cross court footprints fit actual fixed-height support
ok 541 - all action/witness anchors and full ring/cross court footprints fit actual fixed-height support
  ---
  duration_ms: 10.1882
  type: 'test'
  ...
# Subtest: public loop remains physical regardless of any proposed saved campaign choice/open state
ok 542 - public loop remains physical regardless of any proposed saved campaign choice/open state
  ---
  duration_ms: 26.7086
  type: 'test'
  ...
# Subtest: exact body support rejects compass-sample holes and unsupported patch shortcuts
ok 543 - exact body support rejects compass-sample holes and unsupported patch shortcuts
  ---
  duration_ms: 48.868
  type: 'test'
  ...
# Subtest: each real blocker refuses body, sight and first-hit pick while the declared detour stays clear
ok 544 - each real blocker refuses body, sight and first-hit pick while the declared detour stays clear
  ---
  duration_ms: 15.301
  type: 'test'
  ...
# Subtest: real height-aware picks see garden/road/court, and camera blocker bounds match all eight solids
ok 545 - real height-aware picks see garden/road/court, and camera blocker bounds match all eight solids
  ---
  duration_ms: 11.1083
  type: 'test'
  ...
# Subtest: actual production Core routes from Anik to every new anchor and back around the permanent public loop
ok 546 - actual production Core routes from Anik to every new anchor and back around the permanent public loop
  ---
  duration_ms: 5820.0245
  type: 'test'
  ...
# Subtest: real movement and ordinary return preserve the empty installed campaign and fee balances
ok 547 - real movement and ordinary return preserve the empty installed campaign and fee balances
  ---
  duration_ms: 446.3724
  type: 'test'
  ...
# Subtest: new geometry art uses actual WorldArt and real mesh transforms; exact opaque envelope metadata survives submission
ok 548 - new geometry art uses actual WorldArt and real mesh transforms; exact opaque envelope metadata survives submission
  ---
  duration_ms: 12.2554
  type: 'test'
  ...
# Subtest: new floor partition is an exact nonoverlapping rectangle union excluding the original ground
ok 549 - new floor partition is an exact nonoverlapping rectangle union excluding the original ground
  ---
  duration_ms: 2.205
  type: 'test'
  ...
# Subtest: old sloping floor/vegetation, observatory and sky submissions stay byte-equivalent; new slabs never flatten them
ok 550 - old sloping floor/vegetation, observatory and sky submissions stay byte-equivalent; new slabs never flatten them
  ---
  duration_ms: 22.6761
  type: 'test'
  ...
# Subtest: paint/work/plant details stay on genuine supported surfaces and create no extra opaque blocker
ok 551 - paint/work/plant details stay on genuine supported surfaces and create no extra opaque blocker
  ---
  duration_ms: 68.6178
  type: 'test'
  ...
# Subtest: new static geometry stays bounded and art import/make/draw grant no campaign or economic facts
ok 552 - new static geometry stays bounded and art import/make/draw grant no campaign or economic facts
  ---
  duration_ms: 10.466
  type: 'test'
  ...
# 308 added static instances / 3576 actual procedural triangles / 9 shared static batches
# Subtest: actual repaired Core keeps the large-body cover detour and map frames the full supported reach
ok 553 - actual repaired Core keeps the large-body cover detour and map frames the full supported reach
  ---
  duration_ms: 5.6508
  type: 'test'
  ...
# Subtest: both ground approaches connect arrival to occupied observatory with radius clearance
ok 554 - both ground approaches connect arrival to occupied observatory with radius clearance
  ---
  duration_ms: 207.5167
  type: 'test'
  ...
# Subtest: entry saves the exact source before changing scenes, and reload returns to that source
ok 555 - entry saves the exact source before changing scenes, and reload returns to that source
  ---
  duration_ms: 3.1213
  type: 'test'
  ...
# Subtest: a failed save or unavailable scene refuses travel atomically
ok 556 - a failed save or unavailable scene refuses travel atomically
  ---
  duration_ms: 1.8163
  type: 'test'
  ...
# Subtest: stale character, revision, simulation, position and cancelled tickets cannot enter
ok 557 - stale character, revision, simulation, position and cancelled tickets cannot enter
  ---
  duration_ms: 1.6358
  type: 'test'
  ...
# Subtest: scene build failure restores the source and a consumed ticket cannot retry
ok 558 - scene build failure restores the source and a consumed ticket cannot retry
  ---
  duration_ms: 1.1503
  type: 'test'
  ...
# Subtest: fall recovery recalls to safe ground and normal return works from the far end
ok 559 - fall recovery recalls to safe ground and normal return works from the far end
  ---
  duration_ms: 1.9575
  type: 'test'
  ...
# Subtest: height-aware ray picks real support and refuses sky, the ridge and cover
ok 560 - height-aware ray picks real support and refuses sky, the ridge and cover
  ---
  duration_ms: 36.1734
  type: 'test'
  ...
# Subtest: manual walking slides along boundaries without crossing unsupported corner segments
ok 561 - manual walking slides along boundaries without crossing unsupported corner segments
  ---
  duration_ms: 29.7028
  type: 'test'
  ...
# Subtest: all source dependencies remained byte-frozen throughout the focused run
ok 562 - all source dependencies remained byte-frozen throughout the focused run
  ---
  duration_ms: 2.6186
  type: 'test'
  ...
# Subtest: accepted Cosmos uses the visible unified return and hides the obsolete control
ok 563 - accepted Cosmos uses the visible unified return and hides the obsolete control
  ---
  duration_ms: 23.1954
  type: 'test'
  ...
# Subtest: legacy unaccepted Cosmos keeps its own return when no local owner adopts it
ok 564 - legacy unaccepted Cosmos keeps its own return when no local owner adopts it
  ---
  duration_ms: 1.5039
  type: 'test'
  ...
# Subtest: both actual witness models have wholly supported footprints and grounded feet
ok 565 - both actual witness models have wholly supported footprints and grounded feet
  ---
  duration_ms: 36.3512
  type: 'test'
  ...
# Subtest: each witness has a full-body viewing approach reached through the actual planner
ok 566 - each witness has a full-body viewing approach reached through the actual planner
  ---
  duration_ms: 213.3654
  type: 'test'
  ...
# Subtest: Avar left-side gap stays impassable while the right-side approach is supported
ok 567 - Avar left-side gap stays impassable while the right-side approach is supported
  ---
  duration_ms: 0.2578
  type: 'test'
  ...
# Subtest: all original scores have bounded notes and serialize exactly
ok 568 - all original scores have bounded notes and serialize exactly
  ---
  duration_ms: 8.2407
  type: 'test'
  ...
# Subtest: tempo, voice, dimensions and boolean impostors rejected
ok 569 - tempo, voice, dimensions and boolean impostors rejected
  ---
  duration_ms: 0.9023
  type: 'test'
  ...
# Subtest: scores discard imported authority and execution fields
ok 570 - scores discard imported authority and execution fields
  ---
  duration_ms: 0.1958
  type: 'test'
  ...
# Subtest: unknown composition does not silently substitute another
ok 571 - unknown composition does not silently substitute another
  ---
  duration_ms: 0.2735
  type: 'test'
  ...
# Subtest: score revision compare-and-swap refuses stale changes atomically
ok 572 - score revision compare-and-swap refuses stale changes atomically
  ---
  duration_ms: 16.9757
  type: 'test'
  ...
# Subtest: accepted score edit increments revision and survives cold reconstruction
ok 573 - accepted score edit increments revision and survives cold reconstruction
  ---
  duration_ms: 5.1186
  type: 'test'
  ...
# Subtest: invalid score command does not partially change title or revision
ok 574 - invalid score command does not partially change title or revision
  ---
  duration_ms: 2.1918
  type: 'test'
  ...
# Subtest: duplicate score edit is not applied twice
ok 575 - duplicate score edit is not applied twice
  ---
  duration_ms: 0.706
  type: 'test'
  ...
# Subtest: version-two import preserves old notes, flowers and user coordinates
ok 576 - version-two import preserves old notes, flowers and user coordinates
  ---
  duration_ms: 1.5922
  type: 'test'
  ...
# Subtest: legacy localStorage is read but never overwritten by a v3 save
ok 577 - legacy localStorage is read but never overwritten by a v3 save
  ---
  duration_ms: 2.7341
  type: 'test'
  ...
# Subtest: corrupt v3 does not fall back to and overwrite an older save
ok 578 - corrupt v3 does not fall back to and overwrite an older save
  ---
  duration_ms: 1.6948
  type: 'test'
  ...
# Subtest: default retreat is schema-valid and entry is clear
ok 579 - default retreat is schema-valid and entry is clear
  ---
  duration_ms: 0.5912
  type: 'test'
  ...
# Subtest: new island is connected while the water alongside bridge is not walkable
ok 580 - new island is connected while the water alongside bridge is not walkable
  ---
  duration_ms: 31.3531
  type: 'test'
  ...
# Subtest: all new destinations are reachable without jumping over obstacles
ok 581 - all new destinations are reachable without jumping over obstacles
  ---
  duration_ms: 38.8968
  type: 'test'
  ...
# Subtest: retreat opens, closes and saves the outside return position
ok 582 - retreat opens, closes and saves the outside return position
  ---
  duration_ms: 48.6912
  type: 'test'
  ...
# Subtest: placement is a real collision obstacle
ok 583 - placement is a real collision obstacle
  ---
  duration_ms: 0.2459
  type: 'test'
  ...
# Subtest: rotated furniture footprint rotates with the mesh contract
ok 584 - rotated furniture footprint rotates with the mesh contract
  ---
  duration_ms: 0.1663
  type: 'test'
  ...
# Subtest: rug is visible furniture but not a blocking volume
ok 585 - rug is visible furniture but not a blocking volume
  ---
  duration_ms: 0.0963
  type: 'test'
  ...
# Subtest: duplicate slots, unknown types, invalid rotations and palettes rejected
ok 586 - duplicate slots, unknown types, invalid rotations and palettes rejected
  ---
  duration_ms: 0.2551
  type: 'test'
  ...
# Subtest: edit, undo and redo retain monotonic layout revisions
ok 587 - edit, undo and redo retain monotonic layout revisions
  ---
  duration_ms: 1.0319
  type: 'test'
  ...
# Subtest: stale layout mutation leaves full state unchanged
ok 588 - stale layout mutation leaves full state unchanged
  ---
  duration_ms: 1.1866
  type: 'test'
  ...
# Subtest: furniture cannot be placed on the visitor
ok 589 - furniture cannot be placed on the visitor
  ---
  duration_ms: 1.378
  type: 'test'
  ...
# Subtest: every furniture kind in every slot preserves an entry escape route
ok 590 - every furniture kind in every slot preserves an entry escape route
  ---
  duration_ms: 13.7324
  type: 'test'
  ...
# Subtest: visitor appearance and exact name are exportable data
ok 591 - visitor appearance and exact name are exportable data
  ---
  duration_ms: 2.7938
  type: 'test'
  ...
# Subtest: invalid appearance refuses unknown indexes and does not mutate
ok 592 - invalid appearance refuses unknown indexes and does not mutate
  ---
  duration_ms: 1.2037
  type: 'test'
  ...
# Subtest: family gathering requires proximity to real stage
ok 593 - family gathering requires proximity to real stage
  ---
  duration_ms: 0.3578
  type: 'test'
  ...
# Subtest: gathering routes three inhabitants rather than teleporting
ok 594 - gathering routes three inhabitants rather than teleporting
  ---
  duration_ms: 39.3711
  type: 'test'
  ...
# Subtest: gathering expires and does not resume as a false persisted performance
ok 595 - gathering expires and does not resume as a false persisted performance
  ---
  duration_ms: 106.8845
  type: 'test'
  ...
# Subtest: event timing matches 16 eighth-notes and MIDI two-bar length
ok 596 - event timing matches 16 eighth-notes and MIDI two-bar length
  ---
  duration_ms: 0.7082
  type: 'test'
  ...
# Subtest: all voices synthesize finite stereo data and bounded peaks
ok 597 - all voices synthesize finite stereo data and bounded peaks
  ---
  duration_ms: 216.4855
  type: 'test'
  ...
# Subtest: an empty score produces actual silence, not a hidden soundtrack
ok 598 - an empty score produces actual silence, not a hidden soundtrack
  ---
  duration_ms: 4.9836
  type: 'test'
  ...
# Subtest: synthesized output is reproducible for identical scores
ok 599 - synthesized output is reproducible for identical scores
  ---
  duration_ms: 78.6035
  type: 'test'
  ...
# Subtest: different edited notes change actual rendered audio
ok 600 - different edited notes change actual rendered audio
  ---
  duration_ms: 89.6392
  type: 'test'
  ...
# Subtest: WAV header, byte length and final samples are correct
ok 601 - WAV header, byte length and final samples are correct
  ---
  duration_ms: 45.4787
  type: 'test'
  ...
# Subtest: WAV encoder refuses malformed or nonfinite channels
ok 602 - WAV encoder refuses malformed or nonfinite channels
  ---
  duration_ms: 0.304
  type: 'test'
  ...
# Subtest: MIDI has one type-zero track, valid length, tempo and end marker
ok 603 - MIDI has one type-zero track, valid length, tempo and end marker
  ---
  duration_ms: 0.7774
  type: 'test'
  ...
# Subtest: 09 save migrates without mutating original or losing chapters
ok 604 - 09 save migrates without mutating original or losing chapters
  ---
  duration_ms: 15.5413
  type: 'test'
  ...
# Subtest: new world has no free entry, equipment, attunement or chapter rewards
ok 605 - new world has no free entry, equipment, attunement or chapter rewards
  ---
  duration_ms: 0.4667
  type: 'test'
  ...
# Subtest: strict crossing save rejects wrongVersion
ok 606 - strict crossing save rejects wrongVersion
  ---
  duration_ms: 0.6954
  type: 'test'
  ...
# Subtest: strict crossing save rejects missingField
ok 607 - strict crossing save rejects missingField
  ---
  duration_ms: 0.8084
  type: 'test'
  ...
# Subtest: strict crossing save rejects nonbool
ok 608 - strict crossing save rejects nonbool
  ---
  duration_ms: 0.4436
  type: 'test'
  ...
# Subtest: strict crossing save rejects unvisitedAttune
ok 609 - strict crossing save rejects unvisitedAttune
  ---
  duration_ms: 0.3701
  type: 'test'
  ...
# Subtest: strict crossing save rejects unvisitedProject
ok 610 - strict crossing save rejects unvisitedProject
  ---
  duration_ms: 0.2739
  type: 'test'
  ...
# Subtest: strict crossing save rejects unknownProject
ok 611 - strict crossing save rejects unknownProject
  ---
  duration_ms: 0.2473
  type: 'test'
  ...
# Subtest: strict crossing save rejects duplicateProject
ok 612 - strict crossing save rejects duplicateProject
  ---
  duration_ms: 0.2708
  type: 'test'
  ...
# Subtest: strict crossing save rejects earlyRepair
ok 613 - strict crossing save rejects earlyRepair
  ---
  duration_ms: 0.3184
  type: 'test'
  ...
# Subtest: strict crossing save rejects earlyComplete
ok 614 - strict crossing save rejects earlyComplete
  ---
  duration_ms: 0.2698
  type: 'test'
  ...
# Subtest: strict crossing save rejects earlyReward
ok 615 - strict crossing save rejects earlyReward
  ---
  duration_ms: 0.1984
  type: 'test'
  ...
# Subtest: entry requires the defended beacon and actual gate location
ok 616 - entry requires the defended beacon and actual gate location
  ---
  duration_ms: 29.6023
  type: 'test'
  ...
# Subtest: entry resets target/auto and gives no items or health
ok 617 - entry resets target/auto and gives no items or health
  ---
  duration_ms: 9.571
  type: 'test'
  ...
# Subtest: all named places, bells, encounter homes, clapper and entry are reachable
ok 618 - all named places, bells, encounter homes, clapper and entry are reachable
  ---
  duration_ms: 105.9031
  type: 'test'
  ...
# Subtest: buildings and outer bounds stop walking and arrows
ok 619 - buildings and outer bounds stop walking and arrows
  ---
  duration_ms: 0.5653
  type: 'test'
  ...
# Subtest: stream blocks walking except bridge but not travelling arrows
ok 620 - stream blocks walking except bridge but not travelling arrows
  ---
  duration_ms: 4.6338
  type: 'test'
  ...
# Subtest: outdoor construction and gathering cannot mutate village geography
ok 621 - outdoor construction and gathering cannot mutate village geography
  ---
  duration_ms: 7.1932
  type: 'test'
  ...
# Subtest: public forge is a true workbench; components cost actual material
ok 622 - public forge is a true workbench; components cost actual material
  ---
  duration_ms: 7.5385
  type: 'test'
  ...
# Subtest: meeting and clue require local proximity and are single claim
ok 623 - meeting and clue require local proximity and are single claim
  ---
  duration_ms: 10.7327
  type: 'test'
  ...
# Subtest: Briar search has real location, bond, follow and route prerequisites
ok 624 - Briar search has real location, bond, follow and route prerequisites
  ---
  duration_ms: 45.7573
  type: 'test'
  ...
# Subtest: manual close inspection works when Briar stays behind
ok 625 - manual close inspection works when Briar stays behind
  ---
  duration_ms: 7.0159
  type: 'test'
  ...
# Subtest: search pause keeps discovery and companion motion frozen
ok 626 - search pause keeps discovery and companion motion frozen
  ---
  duration_ms: 17.3226
  type: 'test'
  ...
# Subtest: new guardian uses distinct ring and circle impact rules
ok 627 - new guardian uses distinct ring and circle impact rules
  ---
  duration_ms: 0.2644
  type: 'test'
  ...
# Subtest: wide ring rewards entering center; next tell alternates to inner strike
ok 628 - wide ring rewards entering center; next tell alternates to inner strike
  ---
  duration_ms: 111.3547
  type: 'test'
  ...
# Subtest: new encounters are targetable and respond to real autoattack
ok 629 - new encounters are targetable and respond to real autoattack
  ---
  duration_ms: 25.5077
  type: 'test'
  ...
# Subtest: clear event caches pay the new roster once and persist separately
ok 630 - clear event caches pay the new roster once and persist separately
  ---
  duration_ms: 5.9581
  type: 'test'
  ...
# Subtest: bell repair requires clapper and all three clearances
ok 631 - bell repair requires clapper and all three clearances
  ---
  duration_ms: 10.2445
  type: 'test'
  ...
# Subtest: wrong bell order restarts sequence without taking inventory
ok 632 - wrong bell order restarts sequence without taking inventory
  ---
  duration_ms: 28.299
  type: 'test'
  ...
# Subtest: bell cannot be played remotely or faster than its cooldown
ok 633 - bell cannot be played remotely or faster than its cooldown
  ---
  duration_ms: 19.7893
  type: 'test'
  ...
# Subtest: three local ordered tones complete the bell but not the reward
ok 634 - three local ordered tones complete the bell but not the reward
  ---
  duration_ms: 5.3154
  type: 'test'
  ...
# Subtest: Rowan reward is atomic, local and cannot be duplicated
ok 635 - Rowan reward is atomic, local and cannot be duplicated
  ---
  duration_ms: 11.8603
  type: 'test'
  ...
# Subtest: free bell playing after completion cannot reset quest or pay loot
ok 636 - free bell playing after completion cannot reset quest or pay loot
  ---
  duration_ms: 7.8236
  type: 'test'
  ...
# Subtest: tone entry is transient; repair, kills and clues survive reload
ok 637 - tone entry is transient; repair, kills and clues survive reload
  ---
  duration_ms: 9.4032
  type: 'test'
  ...
# Subtest: merchant exchanges fail cleanly when funds, quantities or scope fail
ok 638 - merchant exchanges fail cleanly when funds, quantities or scope fail
  ---
  duration_ms: 12.5805
  type: 'test'
  ...
# Subtest: merchant armor retains proper slot and does not heal on purchase/equip
ok 639 - merchant armor retains proper slot and does not heal on purchase/equip
  ---
  duration_ms: 5.1713
  type: 'test'
  ...
# Subtest: ore and berries exchange deduct exactly, overflow is refused
ok 640 - ore and berries exchange deduct exactly, overflow is refused
  ---
  duration_ms: 9.1848
  type: 'test'
  ...
# Subtest: inn restores actual vitals and denies service outside its porch
ok 641 - inn restores actual vitals and denies service outside its porch
  ---
  duration_ms: 5.1927
  type: 'test'
  ...
# Subtest: common works deduct actual materials once and preserve home layout
ok 642 - common works deduct actual materials once and preserve home layout
  ---
  duration_ms: 7.1624
  type: 'test'
  ...
# Subtest: commission failure leaves supplies and flags untouched
ok 643 - commission failure leaves supplies and flags untouched
  ---
  duration_ms: 16.8626
  type: 'test'
  ...
# Subtest: waystone needs discovery and physical origin, does not heal or charge
ok 644 - waystone needs discovery and physical origin, does not heal or charge
  ---
  duration_ms: 29.6234
  type: 'test'
  ...
# Subtest: unattuned village cannot be fast-travelled to
ok 645 - unattuned village cannot be fast-travelled to
  ---
  duration_ms: 5.2675
  type: 'test'
  ...
# Subtest: travel refuses active attack modes and beacon assault
ok 646 - travel refuses active attack modes and beacon assault
  ---
  duration_ms: 11.2421
  type: 'test'
  ...
# Subtest: ordinary departure is local and preserves progress
ok 647 - ordinary departure is local and preserves progress
  ---
  duration_ms: 4.2407
  type: 'test'
  ...
# Subtest: same command receipt cannot be repurposed or pay twice
ok 648 - same command receipt cannot be repurposed or pay twice
  ---
  duration_ms: 4.477
  type: 'test'
  ...
# Subtest: defeat recovery preserves crossing facts and revives outside
ok 649 - defeat recovery preserves crossing facts and revives outside
  ---
  duration_ms: 9.0501
  type: 'test'
  ...
# Subtest: cutaway preference is persisted and old migration defaults on
ok 650 - cutaway preference is persisted and old migration defaults on
  ---
  duration_ms: 3.1498
  type: 'test'
  ...
# Subtest: Fenna retains exact supported rule-adjacent anchors and does not invent consent
ok 651 - Fenna retains exact supported rule-adjacent anchors and does not invent consent
  ---
  duration_ms: 16.3766
  type: 'test'
  ...
# Subtest: confirmed arrival alone opens the load, and payment cannot redraw or repay it
ok 652 - confirmed arrival alone opens the load, and payment cannot redraw or repay it
  ---
  duration_ms: 4.245
  type: 'test'
  ...
# Subtest: bounded complete drover and cart transforms remain positive and finite
ok 653 - bounded complete drover and cart transforms remain positive and finite
  ---
  duration_ms: 255.2969
  type: 'test'
  ...
# Subtest: rope grasp shares the actual coil frame, with connected upper and lower arms
ok 654 - rope grasp shares the actual coil frame, with connected upper and lower arms
  ---
  duration_ms: 9.5043
  type: 'test'
  ...
# Subtest: feet and four cart wheel rims meet actual terrain at both existing sites
ok 655 - feet and four cart wheel rims meet actual terrain at both existing sites
  ---
  duration_ms: 1.9192
  type: 'test'
  ...
# Subtest: short cart shafts stay clear of the established gathering cloth approach
ok 656 - short cart shafts stay clear of the established gathering cloth approach
  ---
  duration_ms: 0.5808
  type: 'test'
  ...
# Subtest: cart shafts cannot pass through Fenna at either existing waiting or delivered stance
ok 657 - cart shafts cannot pass through Fenna at either existing waiting or delivered stance
  ---
  duration_ms: 56.622
  type: 'test'
  ...
# Subtest: sampling has no hidden clock, and reduced motion holds a connected complete pose
ok 658 - sampling has no hidden clock, and reduced motion holds a connected complete pose
  ---
  duration_ms: 14.1266
  type: 'test'
  ...
# Subtest: entry requires resolved delivery and physical field table; unpaid arrival is eligible
ok 659 - entry requires resolved delivery and physical field table; unpaid arrival is eligible
  ---
  duration_ms: 27.5852
  type: 'test'
  ...
# Subtest: table and all marks have real connected, walkable approaches
ok 660 - table and all marks have real connected, walkable approaches
  ---
  duration_ms: 366.3705
  type: 'test'
  ...
# Subtest: no pre-accept backfill; each accepted physical observation occurs once
ok 661 - no pre-accept backfill; each accepted physical observation occurs once
  ---
  duration_ms: 31.7588
  type: 'test'
  ...
# Subtest: table comparison rejects missing clues, obstructed or distant approach and malformed bearings atomically
ok 662 - table comparison rejects missing clues, obstructed or distant approach and malformed bearings atomically
  ---
  duration_ms: 35.534
  type: 'test'
  ...
# Subtest: axis 0 and honest old-road preserve every reward and earlier system
ok 663 - axis 0 and honest old-road preserve every reward and earlier system
  ---
  duration_ms: 25.3667
  type: 'test'
  ...
# Subtest: axis 0 and honest waterworks preserve every reward and earlier system
ok 664 - axis 0 and honest waterworks preserve every reward and earlier system
  ---
  duration_ms: 15.2428
  type: 'test'
  ...
# Subtest: axis 180 and honest old-road preserve every reward and earlier system
ok 665 - axis 180 and honest old-road preserve every reward and earlier system
  ---
  duration_ms: 5.8288
  type: 'test'
  ...
# Subtest: axis 180 and honest waterworks preserve every reward and earlier system
ok 666 - axis 180 and honest waterworks preserve every reward and earlier system
  ---
  duration_ms: 5.1116
  type: 'test'
  ...
# Subtest: each accepted, partly observed, compared and recorded stage survives reload
ok 667 - each accepted, partly observed, compared and recorded stage survives reload
  ---
  duration_ms: 7.8809
  type: 'test'
  ...
# Subtest: schema8 migration preserves unpaid delivery and all prior fields at XP boundaries without changing input
ok 668 - schema8 migration preserves unpaid delivery and all prior fields at XP boundaries without changing input
  ---
  duration_ms: 14.038
  type: 'test'
  ...
# Subtest: missing, future, unknown and inconsistent notes refuse without erasing state
ok 669 - missing, future, unknown and inconsistent notes refuse without erasing state
  ---
  duration_ms: 9.0845
  type: 'test'
  ...
# Subtest: array-coerced interpretation cannot masquerade as a stable ID in a completed save
ok 670 - array-coerced interpretation cannot masquerade as a stable ID in a completed save
  ---
  duration_ms: 1.0007
  type: 'test'
  ...
# Subtest: inspection and declined job create no progress; acceptance needs kit and proximity
ok 671 - inspection and declined job create no progress; acceptance needs kit and proximity
  ---
  duration_ms: 24.3881
  type: 'test'
  ...
# Subtest: every task uses supported reachable Earth ground
ok 672 - every task uses supported reachable Earth ground
  ---
  duration_ms: 988.5206
  type: 'test'
  ...
# Subtest: mill prerequisites and timber cost are atomic and charged once
ok 673 - mill prerequisites and timber cost are atomic and charged once
  ---
  duration_ms: 4.7171
  type: 'test'
  ...
# Subtest: mill completes with one finite payout and no gear, XP or chapter changes
ok 674 - mill completes with one finite payout and no gear, XP or chapter changes
  ---
  duration_ms: 2.5717
  type: 'test'
  ...
# Subtest: quarry completes with one finite payout and no gear, XP or chapter changes
ok 675 - quarry completes with one finite payout and no gear, XP or chapter changes
  ---
  duration_ms: 1.8748
  type: 'test'
  ...
# Subtest: detour completes with one finite payout and no gear, XP or chapter changes
ok 676 - detour completes with one finite payout and no gear, XP or chapter changes
  ---
  duration_ms: 2.5576
  type: 'test'
  ...
# Subtest: quarry and detour never consume personal materials; both observations precede lane marking
ok 677 - quarry and detour never consume personal materials; both observations precede lane marking
  ---
  duration_ms: 0.9593
  type: 'test'
  ...
# Subtest: full ore refuses entire payout and preserves completed entitlement
ok 678 - full ore refuses entire payout and preserves completed entitlement
  ---
  duration_ms: 1.6015
  type: 'test'
  ...
# Subtest: full coins refuses entire payout and preserves completed entitlement
ok 679 - full coins refuses entire payout and preserves completed entitlement
  ---
  duration_ms: 1.5597
  type: 'test'
  ...
# Subtest: full fiber refuses entire payout and preserves completed entitlement
ok 680 - full fiber refuses entire payout and preserves completed entitlement
  ---
  duration_ms: 1.7032
  type: 'test'
  ...
# Subtest: all durable stages survive canonical reload with no implicit rewards or reacceptance
ok 681 - all durable stages survive canonical reload with no implicit rewards or reacceptance
  ---
  duration_ms: 12.8985
  type: 'test'
  ...
# Subtest: schema7 migration preserves banked XP and every older canonical field without mutating input
ok 682 - schema7 migration preserves banked XP and every older canonical field without mutating input
  ---
  duration_ms: 26.5374
  type: 'test'
  ...
# Subtest: current-schema missing, future and inconsistent story state refuses instead of erasing
ok 683 - current-schema missing, future and inconsistent story state refuses instead of erasing
  ---
  duration_ms: 6.8399
  type: 'test'
  ...
# Subtest: other improvements remain available after claim without replaying delivery or payment
ok 684 - other improvements remain available after claim without replaying delivery or payment
  ---
  duration_ms: 1.5798
  type: 'test'
  ...
# Subtest: new trail marker does not steal the existing Lantern Pier interaction radius
ok 685 - new trail marker does not steal the existing Lantern Pier interaction radius
  ---
  duration_ms: 10.3125
  type: 'test'
  ...
# Subtest: orchard and ridge approaches connect the lake to Bellweather west road
ok 686 - orchard and ridge approaches connect the lake to Bellweather west road
  ---
  duration_ms: 113.8712
  type: 'test'
  ...
# Subtest: entry saves exact lake checkpoint and transient Earth room never becomes persisted position
ok 687 - entry saves exact lake checkpoint and transient Earth room never becomes persisted position
  ---
  duration_ms: 15.3632
  type: 'test'
  ...
# Subtest: travel refusal and scene failure are atomic
ok 688 - travel refusal and scene failure are atomic
  ---
  duration_ms: 6.5846
  type: 'test'
  ...
# Subtest: stale character, revision, position and cancellation cannot enter
ok 689 - stale character, revision, position and cancellation cannot enter
  ---
  duration_ms: 1.5391
  type: 'test'
  ...
# Subtest: fall recovery uses supported entry and return works from the far road
ok 690 - fall recovery uses supported entry and return works from the far road
  ---
  duration_ms: 2.662
  type: 'test'
  ...
# Subtest: height-aware surface pick accepts ground and refuses watercourse, solids and sky
ok 691 - height-aware surface pick accepts ground and refuses watercourse, solids and sky
  ---
  duration_ms: 26.5847
  type: 'test'
  ...
# Subtest: manual movement slides without crossing unsupported segments
ok 692 - manual movement slides without crossing unsupported segments
  ---
  duration_ms: 17.459
  type: 'test'
  ...
# Subtest: the grounded brute pursues outside its short physical sweep instead of striking remotely
ok 693 - the grounded brute pursues outside its short physical sweep instead of striking remotely
  ---
  duration_ms: 24.1543
  type: 'test'
  ...
# Subtest: warning locks the physical lane; turning and moving later cannot chase the target
ok 694 - warning locks the physical lane; turning and moving later cannot chase the target
  ---
  duration_ms: 13.3325
  type: 'test'
  ...
# Subtest: contact hits inside the locked lane exactly once, Brace halves actual damage
ok 695 - contact hits inside the locked lane exactly once, Brace halves actual damage
  ---
  duration_ms: 30.0156
  type: 'test'
  ...
# Subtest: the full warning has no early contact and the full recovery remains an attack-free opening
ok 696 - the full warning has no early contact and the full recovery remains an attack-free opening
  ---
  duration_ms: 13.815
  type: 'test'
  ...
# Subtest: footprint rotates in world space, includes body edge and excludes sides/rear/far
ok 697 - footprint rotates in world space, includes body edge and excludes sides/rear/far
  ---
  duration_ms: 1.2901
  type: 'test'
  ...
# Subtest: only exact accepted encounter identities use a bank sweep, generic sentinels keep their owner
ok 698 - only exact accepted encounter identities use a bank sweep, generic sentinels keep their owner
  ---
  duration_ms: 0.8227
  type: 'test'
  ...
# Subtest: pause freezes warning and damage; returning/free-home removes transient strike
ok 699 - pause freezes warning and damage; returning/free-home removes transient strike
  ---
  duration_ms: 1.1605
  type: 'test'
  ...
# Subtest: selected threat names the actual sweep and recovery without writing progression
ok 700 - selected threat names the actual sweep and recovery without writing progression
  ---
  duration_ms: 6.2336
  type: 'test'
  ...
# Subtest: a real wall blocks contact even when the player body lies within the sweep
ok 701 - a real wall blocks contact even when the player body lies within the sweep
  ---
  duration_ms: 1.6331
  type: 'test'
  ...
# Subtest: visible warning follows locked frame; reduced motion keeps the complete rectangle and no moving deadline
ok 702 - visible warning follows locked frame; reduced motion keeps the complete rectangle and no moving deadline
  ---
  duration_ms: 0.761
  type: 'test'
  ...
# Subtest: saved clearance stages only the first brace; a new patrol does not inherit a cleared inspection tag
ok 703 - saved clearance stages only the first brace; a new patrol does not inherit a cleared inspection tag
  ---
  duration_ms: 2.1562
  type: 'test'
  ...
# Subtest: refused actual defeat saves leave no clearance or supplied kit and can be retried
ok 704 - refused actual defeat saves leave no clearance or supplied kit and can be retried
  ---
  duration_ms: 3.3553
  type: 'test'
  ...
# Subtest: installed public API and static fixtures retain actual consent/scene/history projection without writes
ok 705 - installed public API and static fixtures retain actual consent/scene/history projection without writes
  ---
  duration_ms: 137.7589
  type: 'test'
  ...
# Subtest: actual roster gives one owned fixed-stat anchored apparatus and art grants nothing
ok 706 - actual roster gives one owned fixed-stat anchored apparatus and art grants nothing
  ---
  duration_ms: 31.203
  type: 'test'
  ...
# Subtest: every real procedural vertex stays grounded inside the old .65 radius and 2.17 height for all postures/headings
ok 707 - every real procedural vertex stays grounded inside the old .65 radius and 2.17 height for all postures/headings
  ---
  duration_ms: 3598.5659
  type: 'test'
  ...
# {"maximumRadius":0.5440588142143088,"maximumHeight":2.1699999201297757,"bodyInstances":28}
# Subtest: an open gantry/raised captive seal replaces the humanoid stack while stable legacy control tags remain
ok 708 - an open gantry/raised captive seal replaces the humanoid stack while stable legacy control tags remain
  ---
  duration_ms: 14.7999
  type: 'test'
  ...
# Subtest: gantry, trim, signals, feed and registry remain physically attached to the actual convex meshes
ok 709 - gantry, trim, signals, feed and registry remain physically attached to the actual convex meshes
  ---
  duration_ms: 105.6679
  type: 'test'
  ...
# Subtest: anticipation, actual contact and recovery are finite distinct read-only phases without ambient or power scaling
ok 710 - anticipation, actual contact and recovery are finite distinct read-only phases without ambient or power scaling
  ---
  duration_ms: 11.0249
  type: 'test'
  ...
# Subtest: actual production Simulation/AI contact drives the candidate anticipation/impact/recovery without phase writes
ok 711 - actual production Simulation/AI contact drives the candidate anticipation/impact/recovery without phase writes
  ---
  duration_ms: 18.8789
  type: 'test'
  ...
# Subtest: reduced motion keeps quiet phase poses and warnings; pause and both view settings do not change geometry
ok 712 - reduced motion keeps quiet phase poses and warnings; pause and both view settings do not change geometry
  ---
  duration_ms: 13.8117
  type: 'test'
  ...
# Subtest: real broad/narrow locks and explicit clipped frames keep every transformed warning vertex within contact bounds
ok 713 - real broad/narrow locks and explicit clipped frames keep every transformed warning vertex within contact bounds
  ---
  duration_ms: 92.2359
  type: 'test'
  ...
# Subtest: actual annulus retains both paired rims, no filled quiet center and exact immutable strike
ok 714 - actual annulus retains both paired rims, no filled quiet center and exact immutable strike
  ---
  duration_ms: 15.9228
  type: 'test'
  ...
# Subtest: normal warning inset has measurable width/contrast and preserves the actual causal suffix pairs
ok 715 - normal warning inset has measurable width/contrast and preserves the actual causal suffix pairs
  ---
  duration_ms: 9.8663
  type: 'test'
  ...
# {"inlayWidth":0.0442,"colorContrast":8.486893166867459,"claim":"Installed CPU geometry/color only; actual pixels remain separate"}
# Subtest: all material/transform values are finite with positive scales and stable appearance-only controls
ok 716 - all material/transform values are finite with positive scales and stable appearance-only controls
  ---
  duration_ms: 26.1597
  type: 'test'
  ...
# Subtest: stale/copied actors, recorded repulse, dead and wrong scene never draw active art
ok 717 - stale/copied actors, recorded repulse, dead and wrong scene never draw active art
  ---
  duration_ms: 11.7787
  type: 'test'
  ...
# Subtest: statics plus worst-case ring stay within unchanged instance/triangle/batch budgets
ok 718 - statics plus worst-case ring stay within unchanged instance/triangle/batch budgets
  ---
  duration_ms: 11.5811
  type: 'test'
  ...
# {"instances":238,"triangles":2836,"batches":2}
# Subtest: actual installed source membership and bytes stay unchanged during all CPU art checks
ok 719 - actual installed source membership and bytes stay unchanged during all CPU art checks
  ---
  duration_ms: 7.4518
  type: 'test'
  ...
# PASS deep-frozen finite catalogue and branch allocations
# PASS stable finite IDs, physical anchors, and required ordered DAG
# PASS only optional missing world ledger migrates to fresh
# PASS all story subsets enforce real prerequisites, allocation, acceptance and claim
# PASS patrol accepted identity is exactly lastClaim plus one and follows its own DAG
# PASS progress exposes only reachable next actions and both physical choices without mutation
# PASS required binding validates canonical owned weapons, exact shape and paired nulls
# PASS bonus follows selected equipped weapon and never mutates HP, sockets or old fittings
# PASS enemy catalogue is accepted-phase/run-qualified and never a legacy payout
# PASS Core contract either fails closed before integration or saves before live adoption
# PASS real Core migrates Adventure11 only and rejects missing/current/future/crossfield records
# PASS real integrated anchor support and objective-to-giver production paths
# PASS accepted physical actions enforce kit, realm, proximity, branch and DAG
# PASS complete payment capacity rejects every overflowing currency/material before saver
# PASS successful physical work confirms the completed action and keeps payment unclaimed
# PASS ready payment survives refused and throwing durable savers, then cap-bound XP pays zero once
# PASS defeat requires actual accepted actor identity and zero HP; refused death recovers one HP
# PASS same-room accepted roster changes preserve actual live HP, projectiles and combat state
# PASS patrol stale accept/step/claim cannot start or pay a different run
# PASS binding costs/once-only/owned station/health and equipment state are atomic
# {"status":"passed","checks":20,"method":"pure schema/topology/bonus and explicitly labelled adversarial fixtures; physical production journey separate"}
# Subtest: D:\\07-GAMES\\Firstlight\\verification\\current-qualified-game\\tests\\earth_expedition.test.cjs
ok 42 - D:\\07-GAMES\\Firstlight\\verification\\current-qualified-game\\tests\\earth_expedition.test.cjs
  ---
  duration_ms: 2983.4141
  type: 'test'
  ...
# Subtest: installed brace actually contacts the east wall outer face and clears the open passage
ok 721 - installed brace actually contacts the east wall outer face and clears the open passage
  ---
  duration_ms: 4.3127
  type: 'test'
  ...
# Subtest: delivered boards rest on the real glade rack and stack without unsupported gaps
ok 722 - delivered boards rest on the real glade rack and stack without unsupported gaps
  ---
  duration_ms: 107.9665
  type: 'test'
  ...
# Subtest: managed allocation material rests on ground and connects its prepared bands
ok 723 - managed allocation material rests on ground and connects its prepared bands
  ---
  duration_ms: 1.8254
  type: 'test'
  ...
# Subtest: both shape-valid allocation histories project only their recorded steps and explicit claim
ok 724 - both shape-valid allocation histories project only their recorded steps and explicit claim
  ---
  duration_ms: 27.7913
  type: 'test'
  ...
# Subtest: worksite actual mesh stays supported and full-body routes/choice/work/foe anchors remain clear
ok 725 - worksite actual mesh stays supported and full-body routes/choice/work/foe anchors remain clear
  ---
  duration_ms: 441.3255
  type: 'test'
  ...
# Subtest: grounded board/posts and shallow readable record layers keep connected construction
ok 726 - grounded board/posts and shallow readable record layers keep connected construction
  ---
  duration_ms: 1.4008
  type: 'test'
  ...
# Subtest: actual static caller emits coalesced floor, unchanged seventy banks and one box per physical solid
ok 727 - actual static caller emits coalesced floor, unchanged seventy banks and one box per physical solid
  ---
  duration_ms: 249.0368
  type: 'test'
  ...
# Subtest: worn path quads use actual support and undergrowth intersects soil without blocking bodies
ok 728 - worn path quads use actual support and undergrowth intersects soil without blocking bodies
  ---
  duration_ms: 521.9919
  type: 'test'
  ...
# Subtest: binding attaches to actual production rig across every weapon/carry/combat/reduced-motion phase and preserves older parts
ok 729 - binding attaches to actual production rig across every weapon/carry/combat/reduced-motion phase and preserves older parts
  ---
  duration_ms: 2231.0229
  type: 'test'
  ...
# Subtest: binding presentation belongs only to an actual selected owned item, never another character or equipped item
ok 730 - binding presentation belongs only to an actual selected owned item, never another character or equipped item
  ---
  duration_ms: 1.6239
  type: 'test'
  ...
# Subtest: actual WorldArt dynamic timber caller submits recorded work and resets scene/fog ownership
ok 731 - actual WorldArt dynamic timber caller submits recorded work and resets scene/fog ownership
  ---
  duration_ms: 46.3552
  type: 'test'
  ...
# Subtest: production fog frame has finite translation-relative focus, no non-Earth ownership and strict guards
ok 732 - production fog frame has finite translation-relative focus, no non-Earth ownership and strict guards
  ---
  duration_ms: 11.5416
  type: 'test'
  ...
# Subtest: borrowed kit belongs to exact active inspection, restores its checked form and never backfills paid runs
ok 733 - borrowed kit belongs to exact active inspection, restores its checked form and never backfills paid runs
  ---
  duration_ms: 6.6933
  type: 'test'
  ...
# Subtest: isolated global-script/CommonJS export a dependency-free frozen appearance API only
ok 734 - isolated global-script/CommonJS export a dependency-free frozen appearance API only
  ---
  duration_ms: 6.4647
  type: 'test'
  ...
# Subtest: only actual windup and recovery timers produce the grounded combat posture
ok 735 - only actual windup and recovery timers produce the grounded combat posture
  ---
  duration_ms: 4.9489
  type: 'test'
  ...
# Subtest: stationary chase intent, pause and elapsed time never fabricate trot, attack results or recoil
ok 736 - stationary chase intent, pause and elapsed time never fabricate trot, attack results or recoil
  ---
  duration_ms: 14.6997
  type: 'test'
  ...
# Subtest: actual triangle bounds stay grounded, finite, compact and inside the existing tell radius
ok 737 - actual triangle bounds stay grounded, finite, compact and inside the existing tell radius
  ---
  duration_ms: 1050.9905
  type: 'test'
  ...
# Subtest: four articulated legs connect actual body, knee meshes and grounded hooves
ok 738 - four articulated legs connect actual body, knee meshes and grounded hooves
  ---
  duration_ms: 41.2022
  type: 'test'
  ...
# Subtest: head, muzzle, tusks, ridge and tail have actual attached mesh anchors
ok 739 - head, muzzle, tusks, ridge and tail have actual attached mesh anchors
  ---
  duration_ms: 66.3395
  type: 'test'
  ...
# Subtest: world root applies translation, supplied support and actual yaw exactly once
ok 740 - world root applies translation, supplied support and actual yaw exactly once
  ---
  duration_ms: 12.494
  type: 'test'
  ...
# Subtest: confirmed flash changes colors only, and all records are fresh read-only projections
ok 741 - confirmed flash changes colors only, and all records are fresh read-only projections
  ---
  duration_ms: 1.6715
  type: 'test'
  ...
# Subtest: invalid placements/durations/modes and unwritable outputs refuse before partial emission
ok 742 - invalid placements/durations/modes and unwritable outputs refuse before partial emission
  ---
  duration_ms: 14.3991
  type: 'test'
  ...
# Subtest: actual expedition root encounters retain exact rules and physical anchors after pure art projection
ok 743 - actual expedition root encounters retain exact rules and physical anchors after pure art projection
  ---
  duration_ms: 267.2476
  type: 'test'
  ...
# Subtest: production first-story and patrol roster actors from synthetic histories dispatch exactly once
ok 744 - production first-story and patrol roster actors from synthetic histories dispatch exactly once
  ---
  duration_ms: 70.5951
  type: 'test'
  ...
# Subtest: unrelated actual mine and world sentinels retain the five-part original golden control
ok 745 - unrelated actual mine and world sentinels retain the five-part original golden control
  ---
  duration_ms: 9.9521
  type: 'test'
  ...
# Subtest: wrong step, missing/unknown/prefixed/suffixed quest, wrong kind and absent terms do not dispatch
ok 746 - wrong step, missing/unknown/prefixed/suffixed quest, wrong kind and absent terms do not dispatch
  ---
  duration_ms: 33.3713
  type: 'test'
  ...
# Subtest: dead root actor keeps existing dead suppression without warning or target emissions
ok 747 - dead root actor keeps existing dead suppression without warning or target emissions
  ---
  duration_ms: 3.8875
  type: 'test'
  ...
# Subtest: nonzero yaw, support height and actual confirmed-hit recoil are submitted exactly once
ok 748 - nonzero yaw, support height and actual confirmed-hit recoil are submitted exactly once
  ---
  duration_ms: 39.3717
  type: 'test'
  ...
# Subtest: future, missing, expired and reduced-motion hit samples add no recoil
ok 749 - future, missing, expired and reduced-motion hit samples add no recoil
  ---
  duration_ms: 54.6186
  type: 'test'
  ...
# Subtest: actual flash lifetime recolors only the selected beast geometry
ok 750 - actual flash lifetime recolors only the selected beast geometry
  ---
  duration_ms: 20.4201
  type: 'test'
  ...
# Subtest: locked sweep and actor target ring stay outside confirmed body recoil; old distant ring is absent
ok 751 - locked sweep and actor target ring stay outside confirmed body recoil; old distant ring is absent
  ---
  duration_ms: 6.5764
  type: 'test'
  ...
# Subtest: root-only diorama health bar follows actual ground while generic bar retains its original height
ok 752 - root-only diorama health bar follows actual ground while generic bar retains its original height
  ---
  duration_ms: 8.8422
  type: 'test'
  ...
# Subtest: actual paused caller ignores unrelated render time and preserves source state and timer-driven posture
ok 753 - actual paused caller ignores unrelated render time and preserves source state and timer-driven posture
  ---
  duration_ms: 37.0968
  type: 'test'
  ...
# Subtest: the actual caller retains distance gait for one enemy and stops it through pause and recovery
ok 754 - the actual caller retains distance gait for one enemy and stops it through pause and recovery
  ---
  duration_ms: 3.6741
  type: 'test'
  ...
# PASS only existing exact person identities and frozen API are exported
# PASS unknown people refuse without aliasing protected/old residents or deriving a speaker from input
# PASS fresh optional presentation neither accepts work nor assumes a prior visit or repair
# PASS every accepted story stage and both retained choices have short deterministic quiet readings
# PASS all story subsets reject false prerequisite, allocation and claim histories before composing speech
# PASS unpaid deliveries recognize the actual allocation and require a separate explicit camp claim
# PASS only claimed stories recognize exact paid currency/materials and existing support, without guessing XP or current balance
# PASS active and ready patrol readings preserve first repair, allocation and exact run without claiming new payment
# PASS paid patrol and finite record boundary do not promise another repair or an unavailable next circuit
# PASS binding recognition follows canonical committed record, never equipment, inventory or a granted new option
# PASS specific route and encounter advice matches current anchors and distinct real weapon constraints
# PASS presentation leaves an entire production world and its accepted/paid/bound records byte-identical
# PASS browser IIFE and CommonJS return identical pure readings with no DOM or runtime globals
# PASS CommonJS canonical lookup remains pure when the already-loaded Adventure global is absent
# Earth expedition dialogue: 14 focused cases passed; 318 frozen output checks. Synthetic presentation fixtures, not native dialogue or earned progression.
# Subtest: D:\\07-GAMES\\Firstlight\\verification\\current-qualified-game\\tests\\earth_expedition_dialogue.test.cjs
ok 46 - D:\\07-GAMES\\Firstlight\\verification\\current-qualified-game\\tests\\earth_expedition_dialogue.test.cjs
  ---
  duration_ms: 241.8686
  type: 'test'
  ...
# PASS completed unpaid patrol gives one current return instruction
# PASS patrol terms and accepted final action remember either actual allocation
# PASS old ready run claim refusal retains its checked kit and successful claim settles it once
# PASS fresh invitation exposes both exact allocations, fixed danger, binding cost and deliberate consent
# PASS actual RPG dispatch gives near expedition priority and closing clears an unspent preview
# PASS missing optional ledger migrates to read-only fresh UI while malformed/current/future records never reach it
# PASS real UI delegates acceptance and physical branch work; remote, premature and forged defeat clicks grant nothing
# PASS all valid story stages expose only current DAG routes; legend never performs remote work
# PASS walk dispatch is current-route filtered, physically supported and never grants objective credit
# PASS ready UI requires explicit local claim and preserves complete reward on save refusal
# PASS rendered patrol metadata fences stale accept/work/claim including missing and malformed run fields
# PASS production comparison retains bow behavior, socket, current XP and earlier fits without auto-equipping
# PASS binding preview refuses changed character, simulation, adventure revision and weapon; cancellation spends nothing
# PASS real CharacterStore saver refuses an external write between binding preview and confirmation atomically
# PASS explicit binding confirmation spends once at actual station, leaves equipment/HP/XP and socket intact
# PASS capped and near-cap acceptance cards disclose actual credit and real claim agrees
# PASS actual RPG tick leaves expedition ready/paid/patrol tracker last over concurrent survey and trail
# PASS hydrated expedition restores over an older pinned project once, then respects manual tracking
# PASS actual app applyWorld restore selects accepted or ready expedition and active patrol without losing history
# PASS actual app worldContext installs synchronous savers on fresh restored Sim before active expedition combat
# Earth expedition CPU UI: 20/20 cases passed; 0 failed.
# Subtest: D:\\07-GAMES\\Firstlight\\verification\\current-qualified-game\\tests\\earth_expedition_ui.test.cjs
ok 47 - D:\\07-GAMES\\Firstlight\\verification\\current-qualified-game\\tests\\earth_expedition_ui.test.cjs
  ---
  duration_ms: 906.9714
  type: 'test'
  ...
# Subtest: explicit current Earth command-earned cohort is required
ok 757 - explicit current Earth command-earned cohort is required # SKIP Run tools/earth_homecoming_journey.cjs; this generic rules invocation has no cohort path.
  ---
  duration_ms: 0.6403
  type: 'test'
  ...
# Subtest: actual RPG constructor owns one EH component and retains old menu/tracker/weapon fields
ok 758 - actual RPG constructor owns one EH component and retains old menu/tracker/weapon fields
  ---
  duration_ms: 32.1474
  type: 'test'
  ...
# Subtest: actual RPG read/close hands fresh ineligible interaction to original initial-kit and starter owners
ok 759 - actual RPG read/close hands fresh ineligible interaction to original initial-kit and starter owners
  ---
  duration_ms: 27.7311
  type: 'test'
  ...
# Subtest: actual UI acceptance crosses captured app writer into real Character Store before live adoption
ok 760 - actual UI acceptance crosses captured app writer into real Character Store before live adoption
  ---
  duration_ms: 23.1405
  type: 'test'
  ...
# Subtest: ordinary UI host command refuses storage failure without UI fallback grants
ok 761 - ordinary UI host command refuses storage failure without UI fallback grants
  ---
  duration_ms: 19.3961
  type: 'test'
  ...
# Subtest: bound EH exhaustion writer rejects changed sim/state/store/active before save
ok 762 - bound EH exhaustion writer rejects changed sim/state/store/active before save
  ---
  duration_ms: 38.0726
  type: 'test'
  ...
# Subtest: bound UI writer rejects active/store switches during the actual synchronous save
ok 763 - bound UI writer rejects active/store switches during the actual synchronous save
  ---
  duration_ms: 26.1708
  type: 'test'
  ...
# Subtest: ordinary real Store revisions can advance without making the bound combat writer permanently stale
ok 764 - ordinary real Store revisions can advance without making the bound combat writer permanently stale
  ---
  duration_ms: 28.2337
  type: 'test'
  ...
# Subtest: changing workspace/closing/reset clears actual pending bindings without changing stored history or unrelated controls
ok 765 - changing workspace/closing/reset clears actual pending bindings without changing stored history or unrelated controls
  ---
  duration_ms: 12.0654
  type: 'test'
  ...
# Subtest: cancelled or stale UI submenu confirmation cannot adopt the junction aftermath
ok 766 - cancelled or stale UI submenu confirmation cannot adopt the junction aftermath
  ---
  duration_ms: 24.342
  type: 'test'
  ...
# Subtest: actual UI claim saves the complete fixed fee once and cold Store reload preserves both characters and chosen history
ok 767 - actual UI claim saves the complete fixed fee once and cold Store reload preserves both characters and chosen history
  ---
  duration_ms: 88.8465
  type: 'test'
  ...
# Subtest: actual UI whole-fee capacity refusal includes crystal and retains a ready unpaid account
ok 768 - actual UI whole-fee capacity refusal includes crystal and retains a ready unpaid account
  ---
  duration_ms: 41.7453
  type: 'test'
  ...
# Subtest: actual UI refused fee save never adopts partial materials, claimed flag or replay payout
ok 769 - actual UI refused fee save never adopts partial materials, claimed flag or replay payout
  ---
  duration_ms: 21.0226
  type: 'test'
  ...
# Subtest: actual world context, map markers and home route legend preserve explicit fresh journal accessibility
ok 770 - actual world context, map markers and home route legend preserve explicit fresh journal accessibility
  ---
  duration_ms: 21.4678
  type: 'test'
  ...
# Subtest: actual tracker-open and EH last tracker projection expose unpaid work without stealing another active tracker
ok 771 - actual tracker-open and EH last tracker projection expose unpaid work without stealing another active tracker
  ---
  duration_ms: 16.0625
  type: 'test'
  ...
# Subtest: actual Regent dispatch precedes sentinel fallback and draws the exact owned immutable warning
ok 772 - actual Regent dispatch precedes sentinel fallback and draws the exact owned immutable warning
  ---
  duration_ms: 111.0445
  type: 'test'
  ...
# Subtest: actual physical AI cue renders broad/narrow/ring labels and recovery without undefined copy
ok 773 - actual physical AI cue renders broad/narrow/ring labels and recovery without undefined copy
  ---
  duration_ms: 222.3848
  type: 'test'
  ...
# Subtest: click and perspective health projection use actual Regent foundation and crown height
ok 774 - click and perspective health projection use actual Regent foundation and crown height
  ---
  duration_ms: 67.7181
  type: 'test'
  ...
# Subtest: actual WorldArt update emits home trace only after saved physical home-return for both aftermaths
ok 775 - actual WorldArt update emits home trace only after saved physical home-return for both aftermaths
  ---
  duration_ms: 18.8138
  type: 'test'
  ...
# Subtest: actual road fixture draw and reset retain foreign scene/nonaccepted boundaries
ok 776 - actual road fixture draw and reset retain foreign scene/nonaccepted boundaries
  ---
  duration_ms: 16.5188
  type: 'test'
  ...
# Subtest: app Realm diagnostics copy actual EH facts/runtime rather than expose mutable owner references
ok 777 - app Realm diagnostics copy actual EH facts/runtime rather than expose mutable owner references
  ---
  duration_ms: 23.841
  type: 'test'
  ...
# Subtest: build/shell ordered tokens load data+rules before Core/Adventure and repaired UI/art/CSS exactly once
ok 778 - build/shell ordered tokens load data+rules before Core/Adventure and repaired UI/art/CSS exactly once
  ---
  duration_ms: 1.391
  type: 'test'
  ...
# Subtest: optional Core owner is canonical and missing-field migration preserves XP1-5/9999
ok 779 - optional Core owner is canonical and missing-field migration preserves XP1-5/9999
  ---
  duration_ms: 57.588
  type: 'test'
  ...
# Subtest: historical full-world input is unchanged except the real optional default; no flags transplanted
ok 780 - historical full-world input is unchanged except the real optional default; no flags transplanted
  ---
  duration_ms: 9.101
  type: 'test'
  ...
# Subtest: Core validates every prerequisite before accepted homecoming and rejects absent Open Confluence
ok 781 - Core validates every prerequisite before accepted homecoming and rejects absent Open Confluence
  ---
  duration_ms: 49.8347
  type: 'test'
  ...
# Subtest: strict optional record rejects future fields and reordered consent/work/aftermath history
ok 782 - strict optional record rejects future fields and reordered consent/work/aftermath history
  ---
  duration_ms: 74.6384
  type: 'test'
  ...
# Subtest: real snapshots/legacy storage/managed Character Store keep accepted and partial new history
ok 783 - real snapshots/legacy storage/managed Character Store keep accepted and partial new history
  ---
  duration_ms: 24.2344
  type: 'test'
  ...
# Subtest: reading/default data helpers are pure and do not grant consent, reward or new actor
ok 784 - reading/default data helpers are pure and do not grant consent, reward or new actor
  ---
  duration_ms: 4.3739
  type: 'test'
  ...
# Subtest: acceptance requires current traveller/revision and physical supported home, not menu realm selection
ok 785 - acceptance requires current traveller/revision and physical supported home, not menu realm selection
  ---
  duration_ms: 11.472
  type: 'test'
  ...
# Subtest: save-before-adopt refuses throws/Promise/candidate mutation and changed traveller/position ownership
ok 786 - save-before-adopt refuses throws/Promise/candidate mutation and changed traveller/position ownership
  ---
  duration_ms: 46.9995
  type: 'test'
  ...
# Subtest: actual scene roster/signature creates one canonical anchored model only after deliberate challenge
ok 787 - actual scene roster/signature creates one canonical anchored model only after deliberate challenge
  ---
  duration_ms: 29.0511
  type: 'test'
  ...
# Subtest: actual AI locks the 10.5m bow lane before generic 8.5 awareness and never chases
ok 788 - actual AI locks the 10.5m bow lane before generic 8.5 awareness and never chases
  ---
  duration_ms: 42.1387
  type: 'test'
  ...
# Subtest: clear beyond maximum reach stays idle; no awareness, invisible reach or pursuit
ok 789 - clear beyond maximum reach stays idle; no awareness, invisible reach or pursuit
  ---
  duration_ms: 27.242
  type: 'test'
  ...
# Subtest: actual long-warning scheduling remains finite and fully supported in all32 clear headings
ok 790 - actual long-warning scheduling remains finite and fully supported in all32 clear headings
  ---
  duration_ms: 901.3537
  type: 'test'
  ...
# Subtest: broad warning is locked before mode changes; supplied screen changes only future broad tells
ok 791 - broad warning is locked before mode changes; supplied screen changes only future broad tells
  ---
  duration_ms: 48.2307
  type: 'test'
  ...
# Subtest: target movement leaves frame fixed and a real manual step outside the narrow lane misses
ok 792 - target movement leaves frame fixed and a real manual step outside the narrow lane misses
  ---
  duration_ms: 38.6565
  type: 'test'
  ...
# Subtest: low-HP ring keeps exact rims and quiet center; the same live schedule accepts inside/outside misses
ok 793 - low-HP ring keeps exact rims and quiet center; the same live schedule accepts inside/outside misses
  ---
  duration_ms: 129.7314
  type: 'test'
  ...
# Subtest: the fixed long lane is selected when an actual low-HP ring cannot reach the bow user
ok 794 - the fixed long lane is selected when an actual low-HP ring cannot reach the bow user
  ---
  duration_ms: 50.7536
  type: 'test'
  ...
# Subtest: actual Brace halves the scheduled fixed contact through existing defense/mitigation
ok 795 - actual Brace halves the scheduled fixed contact through existing defense/mitigation
  ---
  duration_ms: 71.6351
  type: 'test'
  ...
# Subtest: pause preserves owned frame/timers and rejects damage; unpause resumes the same schedule
ok 796 - pause preserves owned frame/timers and rejects damage; unpause resumes the same schedule
  ---
  duration_ms: 30.539
  type: 'test'
  ...
# Subtest: actual blade attack and bow projectile accept live windup/recovery using canonical owner
ok 797 - actual blade attack and bow projectile accept live windup/recovery using canonical owner
  ---
  duration_ms: 78.4635
  type: 'test'
  ...
# Subtest: actual autoattack uses its existing anticipated command and a real projectile, without direct HP edits
ok 798 - actual autoattack uses its existing anticipated command and a real projectile, without direct HP edits
  ---
  duration_ms: 34.6266
  type: 'test'
  ...
# Subtest: Earth arrows use actual supported/covered geometry with no new projectile dispatch
ok 799 - Earth arrows use actual supported/covered geometry with no new projectile dispatch
  ---
  duration_ms: 25.5574
  type: 'test'
  ...
# Subtest: real damage rejects cloned, duplicate, replaced-runtime, departed and changed-state identities
ok 800 - real damage rejects cloned, duplicate, replaced-runtime, departed and changed-state identities
  ---
  duration_ms: 43.7533
  type: 'test'
  ...
# Subtest: exhaustion saves the local repulse before generic rewards and never records generic loot
ok 801 - exhaustion saves the local repulse before generic rewards and never records generic loot
  ---
  duration_ms: 28.7376
  type: 'test'
  ...
# Subtest: refused exhaustion restores actual HP1 with no generic replay; a later actual hit saves once
ok 802 - refused exhaustion restores actual HP1 with no generic replay; a later actual hit saves once
  ---
  duration_ms: 63.2769
  type: 'test'
  ...
# Subtest: stale/changed owner at exhaustion cannot adopt or pay; the profile adapter remains Root-owned
ok 803 - stale/changed owner at exhaustion cannot adopt or pay; the profile adapter remains Root-owned
  ---
  duration_ms: 96.6777
  type: 'test'
  ...
# Subtest: leaving discards campaign actors/arrows but preserves companion/cooldowns and old Cosmos behavior
ok 804 - leaving discards campaign actors/arrows but preserves companion/cooldowns and old Cosmos behavior
  ---
  duration_ms: 28.7501
  type: 'test'
  ...
# Subtest: re-entry after unfinished battle creates a fresh actual actor without second acceptance fee or reward
ok 805 - re-entry after unfinished battle creates a fresh actual actor without second acceptance fee or reward
  ---
  duration_ms: 24.7843
  type: 'test'
  ...
# Subtest: passage safety, explicit lasting aftermath, return verification/home interaction and payout are distinct
ok 806 - passage safety, explicit lasting aftermath, return verification/home interaction and payout are distinct
  ---
  duration_ms: 48.3614
  type: 'test'
  ...
# Subtest: both chosen homecomings preserve all prior owners, explicit choices, equipment/sockets and same fixed fee
ok 807 - both chosen homecomings preserve all prior owners, explicit choices, equipment/sockets and same fixed fee
  ---
  duration_ms: 124.2508
  type: 'test'
  ...
# Subtest: whole fee capacity or writer refusal leaves unpaid completion and permits exactly one later retry
ok 808 - whole fee capacity or writer refusal leaves unpaid completion and permits exactly one later retry
  ---
  duration_ms: 273.8178
  type: 'test'
  ...
# Subtest: stored XP cap clips XP only, without gear/HP/heal or altering the original paid owners
ok 809 - stored XP cap clips XP only, without gear/HP/heal or altering the original paid owners
  ---
  duration_ms: 41.4826
  type: 'test'
  ...
# Subtest: every Root input and legitimate earlier world remains byte-frozen after source-overlay tests
ok 810 - every Root input and legitimate earlier world remains byte-frozen after source-overlay tests
  ---
  duration_ms: 16.7112
  type: 'test'
  ...
# Subtest: unaccepted terms give the objective, exact fixed fee, signals and ordinary return before consent
ok 811 - unaccepted terms give the objective, exact fixed fee, signals and ordinary return before consent
  ---
  duration_ms: 35.426
  type: 'test'
  ...
# Subtest: every signal discloses the actual fixed geometry and warning/recovery terms
ok 812 - every signal discloses the actual fixed geometry and warning/recovery terms
  ---
  duration_ms: 5.5995
  type: 'test'
  ...
# Subtest: junction defense advice respects the actual lack of opaque cover within every possible contact envelope
ok 813 - junction defense advice respects the actual lack of opaque cover within every possible contact envelope
  ---
  duration_ms: 4.7623
  type: 'test'
  ...
# Subtest: missing prerequisites use actual titles and places, including separately claimed Open Confluence
ok 814 - missing prerequisites use actual titles and places, including separately claimed Open Confluence
  ---
  duration_ms: 4.0797
  type: 'test'
  ...
# Subtest: reading and actual workspace close leave ineligible fresh interactions to older owners in every tab/quest combination
ok 815 - reading and actual workspace close leave ineligible fresh interactions to older owners in every tab/quest combination
  ---
  duration_ms: 21.2777
  type: 'test'
  ...
# Subtest: fresh real Core after reading and closing homecoming reaches the actual initial-kit command
ok 816 - fresh real Core after reading and closing homecoming reaches the actual initial-kit command
  ---
  duration_ms: 15.2291
  type: 'test'
  ...
# Subtest: after the real initial kit, unreadable-for-acceptance homecoming does not intercept the actual starter/workbench owner
ok 817 - after the real initial kit, unreadable-for-acceptance homecoming does not intercept the actual starter/workbench owner
  ---
  duration_ms: 4.9171
  type: 'test'
  ...
# Subtest: eligible unaccepted and accepted physical actions remain reachable from either current tab or quest
ok 818 - eligible unaccepted and accepted physical actions remain reachable from either current tab or quest
  ---
  duration_ms: 27.1542
  type: 'test'
  ...
# Subtest: accepted unpaid and claimed recognition retains both aftermaths and actual home/bridge gates across tabs and trackers
ok 819 - accepted unpaid and claimed recognition retains both aftermaths and actual home/bridge gates across tabs and trackers
  ---
  duration_ms: 72.9691
  type: 'test'
  ...
# Subtest: a claimed comparator alone still lists the actual missing Confluence account
ok 820 - a claimed comparator alone still lists the actual missing Confluence account
  ---
  duration_ms: 6.4981
  type: 'test'
  ...
# Subtest: retained past choices show only actual saved choice names without changing old owners
ok 821 - retained past choices show only actual saved choice names without changing old owners
  ---
  duration_ms: 5.2187
  type: 'test'
  ...
# Subtest: journal, map, tracker and ordinary walk create no campaign or payment facts
ok 822 - journal, map, tracker and ordinary walk create no campaign or payment facts
  ---
  duration_ms: 4.5029
  type: 'test'
  ...
# Subtest: acceptance carries captured identity/revision and requires the actual physical giver
ok 823 - acceptance carries captured identity/revision and requires the actual physical giver
  ---
  duration_ms: 19.5362
  type: 'test'
  ...
# Subtest: stale pages refuse changed active/state/context/revision/room/position owners
ok 824 - stale pages refuse changed active/state/context/revision/room/position owners
  ---
  duration_ms: 58.2178
  type: 'test'
  ...
# Subtest: away routes identify the actual current marker and accepted Earth crossing, never a cross-room Walk
ok 825 - away routes identify the actual current marker and accepted Earth crossing, never a cross-room Walk
  ---
  duration_ms: 4.3782
  type: 'test'
  ...
# Subtest: available physical steps have local Walk links while optional prep never displaces main tracking
ok 826 - available physical steps have local Walk links while optional prep never displaces main tracking
  ---
  duration_ms: 3.9025
  type: 'test'
  ...
# Subtest: manual defeat, unavailable work and remote home-arrival cannot dispatch facts
ok 827 - manual defeat, unavailable work and remote home-arrival cannot dispatch facts
  ---
  duration_ms: 7.5017
  type: 'test'
  ...
# Subtest: deliberate physical work dispatches its exact step and refusal leaves the workspace
ok 828 - deliberate physical work dispatches its exact step and refusal leaves the workspace
  ---
  duration_ms: 5.0337
  type: 'test'
  ...
# Subtest: a reported successful physical challenge closes the workspace without the UI granting fight facts
ok 829 - a reported successful physical challenge closes the workspace without the UI granting fight facts
  ---
  duration_ms: 5.9267
  type: 'test'
  ...
# Subtest: aftermath preview and cancel are pure; confirm binds the exact choice and checkpoint
ok 830 - aftermath preview and cancel are pure; confirm binds the exact choice and checkpoint
  ---
  duration_ms: 12.3379
  type: 'test'
  ...
# Subtest: a moved/stale preview or confirmation of the other aftermath cannot imply consent
ok 831 - a moved/stale preview or confirmation of the other aftermath cannot imply consent
  ---
  duration_ms: 26.5803
  type: 'test'
  ...
# Subtest: bridge verification, immediate free return, real home-return and payment have separate route and command gates
ok 832 - bridge verification, immediate free return, real home-return and payment have separate route and command gates
  ---
  duration_ms: 10.1788
  type: 'test'
  ...
# Subtest: current-person lines are physically gated and paid/unpaid language matches saved facts
ok 833 - current-person lines are physically gated and paid/unpaid language matches saved facts
  ---
  duration_ms: 8.1626
  type: 'test'
  ...
# Subtest: unrelated pages never rebind consent; completed tracker returns to the ordinary story
ok 834 - unrelated pages never rebind consent; completed tracker returns to the ordinary story
  ---
  duration_ms: 4.1896
  type: 'test'
  ...
# Subtest: unaccepted and wrong-scene art is empty and cannot produce support or progress
ok 835 - unaccepted and wrong-scene art is empty and cannot produce support or progress
  ---
  duration_ms: 5.9464
  type: 'test'
  ...
# Subtest: accepted apparatus is finite, modest, appearance-only and responds only to recorded work
ok 836 - accepted apparatus is finite, modest, appearance-only and responds only to recorded work
  ---
  duration_ms: 5.4968
  type: 'test'
  ...
# Subtest: every transformed Regent vertex is grounded and stays within the real .65 body radius
ok 837 - every transformed Regent vertex is grounded and stays within the real .65 body radius
  ---
  duration_ms: 32.1752
  type: 'test'
  ...
# Subtest: real installed lock produces exact broad and narrow lines in the actor-owned frame
ok 838 - real installed lock produces exact broad and narrow lines in the actor-owned frame
  ---
  duration_ms: 24.8324
  type: 'test'
  ...
# Subtest: synthetic clipped-frame boundary includes zero and very short lengths without protruding caps
ok 839 - synthetic clipped-frame boundary includes zero and very short lengths without protruding caps
  ---
  duration_ms: 112.5946
  type: 'test'
  ...
# Subtest: actual fixed annulus shows both boundaries inside its locked radii and preserves the quiet center
ok 840 - actual fixed annulus shows both boundaries inside its locked radii and preserves the quiet center
  ---
  duration_ms: 30.0234
  type: 'test'
  ...
# Subtest: wrong/stale actor identity or recorded repulse cannot draw an active body or warning
ok 841 - wrong/stale actor identity or recorded repulse cannot draw an active body or warning
  ---
  duration_ms: 5.2779
  type: 'test'
  ...
# Subtest: paused/reduced-motion and both camera settings keep identical owned warning and geometry
ok 842 - paused/reduced-motion and both camera settings keep identical owned warning and geometry
  ---
  duration_ms: 6.1019
  type: 'test'
  ...
# Subtest: after each saved aftermath one road trace and a later modest home trace persist without fake bodies
ok 843 - after each saved aftermath one road trace and a later modest home trace persist without fake bodies
  ---
  duration_ms: 17.8632
  type: 'test'
  ...
# Subtest: both transformed home accounts rest exactly on the real workshop table and clear every existing nearby box
ok 844 - both transformed home accounts rest exactly on the real workshop table and clear every existing nearby box
  ---
  duration_ms: 94.2364
  type: 'test'
  ...
# {"choice":"public-watch","anchor":{"x":12.5,"z":8.55},"tableTop":2.129999950528145,"minimumY":2.130000200122595,"maximumY":2.39040020853281,"minX":12.304700002074242,"maxX":12.695299997925758,"minZ":8.398100197315216,"maxZ":8.70190018415451,"existingBoxClearanceChecks":113}
# {"choice":"reviewed-custody","anchor":{"x":12.5,"z":8.55},"tableTop":2.129999950528145,"minimumY":2.130000200122595,"maximumY":2.324200229719281,"minX":12.304700002074242,"maxX":12.695299997925758,"minZ":8.398100197315216,"maxZ":8.70190018415451,"existingBoxClearanceChecks":113}
# Subtest: combined static/body/ring budget is bounded with actual procedural triangle counts
ok 845 - combined static/body/ring budget is bounded with actual procedural triangle counts
  ---
  duration_ms: 17.2505
  type: 'test'
  ...
# {"projectionItems":238,"triangles":2836,"batches":2}
# Subtest: styling provides narrow layouts, keyboard focus and reduced-motion without source changes
ok 846 - styling provides narrow layouts, keyboard focus and reduced-motion without source changes
  ---
  duration_ms: 3.5157
  type: 'test'
  ...
# Subtest: orchard worksite crossing preserves outer save checkpoint and returns to the orchard
ok 847 - orchard worksite crossing preserves outer save checkpoint and returns to the orchard
  ---
  duration_ms: 43.9957
  type: 'test'
  ...
# Subtest: initial kit and physical orchard arrival are required; the scene cannot bypass old chapter gates
ok 848 - initial kit and physical orchard arrival are required; the scene cannot bypass old chapter gates
  ---
  duration_ms: 2.6837
  type: 'test'
  ...
# Subtest: worksite travel write and construction failures preserve the exact active source
ok 849 - worksite travel write and construction failures preserve the exact active source
  ---
  duration_ms: 11.8814
  type: 'test'
  ...
# Subtest: worksite preview rejects stale identity, source revision, source position and simulation
ok 850 - worksite preview rejects stale identity, source revision, source position and simulation
  ---
  duration_ms: 6.6549
  type: 'test'
  ...
# Subtest: river exit only returns to Earth for an active Earth trip; the old workshop route is unchanged
ok 851 - river exit only returns to Earth for an active Earth trip; the old workshop route is unchanged
  ---
  duration_ms: 1.0653
  type: 'test'
  ...
# Subtest: a completed unclaimed survey, class cooldown and companion survive both route boundaries
ok 852 - a completed unclaimed survey, class cooldown and companion survive both route boundaries
  ---
  duration_ms: 3.8416
  type: 'test'
  ...
# Subtest: death recovery from the connected worksite clears all transient route state
ok 853 - death recovery from the connected worksite clears all transient route state
  ---
  duration_ms: 1.1994
  type: 'test'
  ...
# Subtest: browser return protocol rolls back failed construction with live encounter state intact
ok 854 - browser return protocol rolls back failed construction with live encounter state intact
  ---
  duration_ms: 3.1866
  type: 'test'
  ...
# Subtest: Oren supplies earned through the orchard persist without consuming ordinary materials
ok 855 - Oren supplies earned through the orchard persist without consuming ordinary materials
  ---
  duration_ms: 3.0957
  type: 'test'
  ...
# Subtest: Earth scenery cannot overlap walking ground or the close third-person camera corridor
ok 856 - Earth scenery cannot overlap walking ground or the close third-person camera corridor
  ---
  duration_ms: 23.1042
  type: 'test'
  ...
# Subtest: Cosmos invitation labels belong only to the valley, never Earth or the riverbank
ok 857 - Cosmos invitation labels belong only to the valley, never Earth or the riverbank
  ---
  duration_ms: 1.42
  type: 'test'
  ...
# Subtest: captured terrain, field random sequence, static scenery, camera solids and bridge remain byte-identical to PR33
ok 858 - captured terrain, field random sequence, static scenery, camera solids and bridge remain byte-identical to PR33
  ---
  duration_ms: 37.8603
  type: 'test'
  ...
# Subtest: nine bounded tapering rock sections dress thirty-six actual grass strips in the existing batch
ok 859 - nine bounded tapering rock sections dress thirty-six actual grass strips in the existing batch
  ---
  duration_ms: 15.4963
  type: 'test'
  ...
# Subtest: upper rock seam matches every transformed grass underside rather than canonical edge height
ok 860 - upper rock seam matches every transformed grass underside rather than canonical edge height
  ---
  duration_ms: 12.7659
  type: 'test'
  ...
# Subtest: orthogonal positive bases preserve renderer normals without a shear shortcut
ok 861 - orthogonal positive bases preserve renderer normals without a shear shortcut
  ---
  duration_ms: 10.2969
  type: 'test'
  ...
# Subtest: every actual slope vertex stays outside ground below the lip and within measured endpoint margin
ok 862 - every actual slope vertex stays outside ground below the lip and within measured endpoint margin
  ---
  duration_ms: 23.1339
  type: 'test'
  ...
# Subtest: actual non-cap faces have outward normals and never create a horizontal walking shelf
ok 863 - actual non-cap faces have outward normals and never create a horizontal walking shelf
  ---
  duration_ms: 10.8982
  type: 'test'
  ...
# Subtest: actual adjacent cap planes retain overlap at every exposed height, not only the top endpoints
ok 864 - actual adjacent cap planes retain overlap at every exposed height, not only the top endpoints
  ---
  duration_ms: 8.67
  type: 'test'
  ...
# Subtest: near-edge road movement and old task approaches survive while outside ground and picking stay refused
ok 865 - near-edge road movement and old task approaches survive while outside ground and picking stay refused
  ---
  duration_ms: 89.4941
  type: 'test'
  ...
# Subtest: projection never mutates its source strips and is independent of simulation time or task state
ok 866 - projection never mutates its source strips and is independent of simulation time or task state
  ---
  duration_ms: 21.2361
  type: 'test'
  ...
# Subtest: Rill native diorama approach clears the former foreground canopy with a detecting old-placement control
ok 867 - Rill native diorama approach clears the former foreground canopy with a detecting old-placement control
  ---
  duration_ms: 24.7722
  type: 'test'
  ...
# Subtest: camp low diorama ray clears the moved stands and detects the intermediate blocking placement
ok 868 - camp low diorama ray clears the moved stands and detects the intermediate blocking placement
  ---
  duration_ms: 4.1215
  type: 'test'
  ...
# Subtest: isolated global/CommonJS expose only the pure API and recursively frozen authority data
ok 869 - isolated global/CommonJS expose only the pure API and recursively frozen authority data
  ---
  duration_ms: 3.9861
  type: 'test'
  ...
# Subtest: extension IDs appear exactly once and installed production retains the physical contract
ok 870 - extension IDs appear exactly once and installed production retains the physical contract
  ---
  duration_ms: 7.7366
  type: 'test'
  ...
# Subtest: broad connected floor footprint and all solids are finite, bounded and supported
ok 871 - broad connected floor footprint and all solids are finite, bounded and supported
  ---
  duration_ms: 6.6857
  type: 'test'
  ...
# Subtest: all intended legs and old routes use the actual production full-radius support/solid rules
ok 872 - all intended legs and old routes use the actual production full-radius support/solid rules
  ---
  duration_ms: 27.3918
  type: 'test'
  ...
# Subtest: bridge crosses a real four-metre river gap with open centered approaches
ok 873 - bridge crosses a real four-metre river gap with open centered approaches
  ---
  duration_ms: 4.1108
  type: 'test'
  ...
# Subtest: root passage and enemy side pockets preserve free return routes and supported reading/support anchors
ok 874 - root passage and enemy side pockets preserve free return routes and supported reading/support anchors
  ---
  duration_ms: 2.0996
  type: 'test'
  ...
# Subtest: deterministic bounded tier geometry never changes frozen physical data or accesses state
ok 875 - deterministic bounded tier geometry never changes frozen physical data or accesses state
  ---
  duration_ms: 21.2959
  type: 'test'
  ...
# Subtest: actual submitted mesh transforms are finite, positive, orthogonal and supported-kind compatible
ok 876 - actual submitted mesh transforms are finite, positive, orthogonal and supported-kind compatible
  ---
  duration_ms: 224.0074
  type: 'test'
  ...
# Subtest: every ground-detail vertex rests on actual land and low roots remain within parent clearance
ok 877 - every ground-detail vertex rests on actual land and low roots remain within parent clearance
  ---
  duration_ms: 518.1647
  type: 'test'
  ...
# Subtest: actual opaque mesh envelopes clear every full-body route and task/NPC/encounter anchor
ok 878 - actual opaque mesh envelopes clear every full-body route and task/NPC/encounter anchor
  ---
  duration_ms: 3270.5634
  type: 'test'
  ...
# Subtest: branches intersect their parent and actual crown volume, with a bounded existing shader envelope
ok 879 - branches intersect their parent and actual crown volume, with a bounded existing shader envelope
  ---
  duration_ms: 7.3364
  type: 'test'
  ...
# Subtest: overlapping opaque crowns form connected rest silhouettes instead of detached floating clusters
ok 880 - overlapping opaque crowns form connected rest silhouettes instead of detached floating clusters
  ---
  duration_ms: 4.5631
  type: 'test'
  ...
# Subtest: overhead crown and shelter parts follow cutaway while collision/camera authority is unchanged
ok 881 - overhead crown and shelter parts follow cutaway while collision/camera authority is unchanged
  ---
  duration_ms: 30.7889
  type: 'test'
  ...
# Subtest: schema 9 migrates non-destructively with an unaccepted invitation
ok 882 - schema 9 migrates non-destructively with an unaccepted invitation
  ---
  duration_ms: 26.1503
  type: 'test'
  ...
# Subtest: missing current record and forward schema are refused
ok 883 - missing current record and forward schema are refused
  ---
  duration_ms: 3.0878
  type: 'test'
  ...
# Subtest: arrival not payment opens the invitation
ok 884 - arrival not payment opens the invitation
  ---
  duration_ms: 25.55
  type: 'test'
  ...
# Subtest: supported places are reachable by actual pathfinder
ok 885 - supported places are reachable by actual pathfinder
  ---
  duration_ms: 3.3288
  type: 'test'
  ...
# Subtest: all arrangements complete silently without economy, score or campaign changes
ok 886 - all arrangements complete silently without economy, score or campaign changes
  ---
  duration_ms: 19.4039
  type: 'test'
  ...
# Subtest: early or unknown actions change nothing
ok 887 - early or unknown actions change nothing
  ---
  duration_ms: 3.3592
  type: 'test'
  ...
# Subtest: prototype and non-string choices are refused atomically
ok 888 - prototype and non-string choices are refused atomically
  ---
  duration_ms: 9.344
  type: 'test'
  ...
# Subtest: completion cannot be repeated after receipt eviction
ok 889 - completion cannot be repeated after receipt eviction
  ---
  duration_ms: 2.9615
  type: 'test'
  ...
# Subtest: changed terms cannot reuse an accepted command identity
ok 890 - changed terms cannot reuse an accepted command identity
  ---
  duration_ms: 1.5782
  type: 'test'
  ...
# Subtest: paused, fallen and revision-saturated characters cannot progress
ok 891 - paused, fallen and revision-saturated characters cannot progress
  ---
  duration_ms: 3.6235
  type: 'test'
  ...
# Subtest: malformed durable combinations do not load
ok 892 - malformed durable combinations do not load
  ---
  duration_ms: 0.5374
  type: 'test'
  ...
# Subtest: original arrangements are deterministic, finite, stereo and bounded
ok 893 - original arrangements are deterministic, finite, stereo and bounded
  ---
  duration_ms: 590.0644
  type: 'test'
  ...
# Subtest: full schema9 world migration preserves unpaid delivery, personal creations and every XP boundary
ok 894 - full schema9 world migration preserves unpaid delivery, personal creations and every XP boundary
  ---
  duration_ms: 12.9634
  type: 'test'
  ...
# Subtest: native character library migrates each world without sharing the table memory
ok 895 - native character library migrates each world without sharing the table memory
  ---
  duration_ms: 4.8068
  type: 'test'
  ...
# Subtest: forward adventure saves stay refused by native storage and leave exact bytes intact
ok 896 - forward adventure saves stay refused by native storage and leave exact bytes intact
  ---
  duration_ms: 6.0677
  type: 'test'
  ...
# Subtest: the actual drawn tabletop is reachable and supports the gathering interaction
ok 897 - the actual drawn tabletop is reachable and supports the gathering interaction
  ---
  duration_ms: 2.2569
  type: 'test'
  ...
# Subtest: prepared cloth and the actual Earth tabletop share one reachable location
ok 898 - prepared cloth and the actual Earth tabletop share one reachable location
  ---
  duration_ms: 11.3068
  type: 'test'
  ...
# Subtest: silent completion: mill; cloth→lantern→stand
ok 899 - silent completion: mill; cloth→lantern→stand
  ---
  duration_ms: 6.6196
  type: 'test'
  ...
# Subtest: silent completion: mill; cloth→stand→lantern
ok 900 - silent completion: mill; cloth→stand→lantern
  ---
  duration_ms: 1.1205
  type: 'test'
  ...
# Subtest: silent completion: mill; lantern→cloth→stand
ok 901 - silent completion: mill; lantern→cloth→stand
  ---
  duration_ms: 1.292
  type: 'test'
  ...
# Subtest: silent completion: mill; lantern→stand→cloth
ok 902 - silent completion: mill; lantern→stand→cloth
  ---
  duration_ms: 0.8717
  type: 'test'
  ...
# Subtest: silent completion: mill; stand→cloth→lantern
ok 903 - silent completion: mill; stand→cloth→lantern
  ---
  duration_ms: 0.9192
  type: 'test'
  ...
# Subtest: silent completion: mill; stand→lantern→cloth
ok 904 - silent completion: mill; stand→lantern→cloth
  ---
  duration_ms: 1.1997
  type: 'test'
  ...
# Subtest: silent completion: quarry; cloth→lantern→stand
ok 905 - silent completion: quarry; cloth→lantern→stand
  ---
  duration_ms: 0.5776
  type: 'test'
  ...
# Subtest: silent completion: quarry; cloth→stand→lantern
ok 906 - silent completion: quarry; cloth→stand→lantern
  ---
  duration_ms: 0.7167
  type: 'test'
  ...
# Subtest: silent completion: quarry; lantern→cloth→stand
ok 907 - silent completion: quarry; lantern→cloth→stand
  ---
  duration_ms: 0.9652
  type: 'test'
  ...
# Subtest: silent completion: quarry; lantern→stand→cloth
ok 908 - silent completion: quarry; lantern→stand→cloth
  ---
  duration_ms: 0.8121
  type: 'test'
  ...
# Subtest: silent completion: quarry; stand→cloth→lantern
ok 909 - silent completion: quarry; stand→cloth→lantern
  ---
  duration_ms: 0.8223
  type: 'test'
  ...
# Subtest: silent completion: quarry; stand→lantern→cloth
ok 910 - silent completion: quarry; stand→lantern→cloth
  ---
  duration_ms: 0.8091
  type: 'test'
  ...
# Subtest: silent completion: detour; cloth→lantern→stand
ok 911 - silent completion: detour; cloth→lantern→stand
  ---
  duration_ms: 0.5857
  type: 'test'
  ...
# Subtest: silent completion: detour; cloth→stand→lantern
ok 912 - silent completion: detour; cloth→stand→lantern
  ---
  duration_ms: 0.7684
  type: 'test'
  ...
# Subtest: silent completion: detour; lantern→cloth→stand
ok 913 - silent completion: detour; lantern→cloth→stand
  ---
  duration_ms: 0.5174
  type: 'test'
  ...
# Subtest: silent completion: detour; lantern→stand→cloth
ok 914 - silent completion: detour; lantern→stand→cloth
  ---
  duration_ms: 0.4814
  type: 'test'
  ...
# Subtest: silent completion: detour; stand→cloth→lantern
ok 915 - silent completion: detour; stand→cloth→lantern
  ---
  duration_ms: 0.8195
  type: 'test'
  ...
# Subtest: silent completion: detour; stand→lantern→cloth
ok 916 - silent completion: detour; stand→lantern→cloth
  ---
  duration_ms: 0.5102
  type: 'test'
  ...
# Subtest: new table never captures unpaid-delivery interaction on the overlap edge
ok 917 - new table never captures unpaid-delivery interaction on the overlap edge
  ---
  duration_ms: 0.8075
  type: 'test'
  ...
# Subtest: finished preparation relinquishes its contextual interaction
ok 918 - finished preparation relinquishes its contextual interaction
  ---
  duration_ms: 0.5004
  type: 'test'
  ...
# Subtest: arrival is a boolean fact, not arbitrary truthy data
ok 919 - arrival is a boolean fact, not arbitrary truthy data
  ---
  duration_ms: 0.0827
  type: 'test'
  ...
# Subtest: missing arrival cannot grant invitation
ok 920 - missing arrival cannot grant invitation
  ---
  duration_ms: 0.0666
  type: 'test'
  ...
# Subtest: invalid choice refuses without mutation: null
ok 921 - invalid choice refuses without mutation: null
  ---
  duration_ms: 0.8302
  type: 'test'
  ...
# Subtest: invalid choice refuses without mutation: 1
ok 922 - invalid choice refuses without mutation: 1
  ---
  duration_ms: 0.5231
  type: 'test'
  ...
# Subtest: invalid choice refuses without mutation: ["mill"]
ok 923 - invalid choice refuses without mutation: ["mill"]
  ---
  duration_ms: 0.3996
  type: 'test'
  ...
# Subtest: invalid choice refuses without mutation: {}
ok 924 - invalid choice refuses without mutation: {}
  ---
  duration_ms: 0.367
  type: 'test'
  ...
# Subtest: invalid choice refuses without mutation: "constructor"
ok 925 - invalid choice refuses without mutation: "constructor"
  ---
  duration_ms: 0.5785
  type: 'test'
  ...
# Subtest: invalid choice refuses without mutation: "__proto__"
ok 926 - invalid choice refuses without mutation: "__proto__"
  ---
  duration_ms: 0.3884
  type: 'test'
  ...
# Subtest: invalid choice refuses without mutation: "unknown"
ok 927 - invalid choice refuses without mutation: "unknown"
  ---
  duration_ms: 0.329
  type: 'test'
  ...
# Subtest: distant or wrong-scene acceptance cannot mutate state
ok 928 - distant or wrong-scene acceptance cannot mutate state
  ---
  duration_ms: 0.183
  type: 'test'
  ...
# Subtest: distant or wrong-scene acceptance cannot mutate state
ok 929 - distant or wrong-scene acceptance cannot mutate state
  ---
  duration_ms: 0.143
  type: 'test'
  ...
# Subtest: distant or wrong-scene acceptance cannot mutate state
ok 930 - distant or wrong-scene acceptance cannot mutate state
  ---
  duration_ms: 0.1645
  type: 'test'
  ...
# Subtest: impossible saved gathering is refused
ok 931 - impossible saved gathering is refused
  ---
  duration_ms: 0.2843
  type: 'test'
  ...
# Subtest: impossible saved gathering is refused
ok 932 - impossible saved gathering is refused
  ---
  duration_ms: 0.0854
  type: 'test'
  ...
# Subtest: impossible saved gathering is refused
ok 933 - impossible saved gathering is refused
  ---
  duration_ms: 0.0827
  type: 'test'
  ...
# Subtest: impossible saved gathering is refused
ok 934 - impossible saved gathering is refused
  ---
  duration_ms: 0.0675
  type: 'test'
  ...
# Subtest: impossible saved gathering is refused
ok 935 - impossible saved gathering is refused
  ---
  duration_ms: 0.0733
  type: 'test'
  ...
# Subtest: stop is safe even when an audio node already disconnected
ok 936 - stop is safe even when an audio node already disconnected
  ---
  duration_ms: 256.979
  type: 'test'
  ...
# Subtest: suspended context starts no source until resume succeeds
ok 937 - suspended context starts no source until resume succeeds
  ---
  duration_ms: 250.9341
  type: 'test'
  ...
# Subtest: stopping while resume is pending prevents late music
ok 938 - stopping while resume is pending prevents late music
  ---
  duration_ms: 0.3737
  type: 'test'
  ...
# Subtest: a newer preview cannot be replaced by an older resume completion
ok 939 - a newer preview cannot be replaced by an older resume completion
  ---
  duration_ms: 241.4464
  type: 'test'
  ...
# Subtest: denied resume resolves false with no source or unhandled rejection
ok 940 - denied resume resolves false with no source or unhandled rejection
  ---
  duration_ms: 1.0834
  type: 'test'
  ...
# Subtest: failed source startup cleans every newly created node
ok 941 - failed source startup cleans every newly created node
  ---
  duration_ms: 257.8378
  type: 'test'
  ...
# Subtest: owner eligibility is rechecked after a delayed resume
ok 942 - owner eligibility is rechecked after a delayed resume
  ---
  duration_ms: 0.5045
  type: 'test'
  ...
# Subtest: an ended callback from an old source cannot stop new audio
ok 943 - an ended callback from an old source cannot stop new audio
  ---
  duration_ms: 558.5603
  type: 'test'
  ...
# Subtest: deterministic, finite, stereo music: mill
ok 944 - deterministic, finite, stereo music: mill
  ---
  duration_ms: 202.9703
  type: 'test'
  ...
# Subtest: deterministic, finite, stereo music: quarry
ok 945 - deterministic, finite, stereo music: quarry
  ---
  duration_ms: 199.9249
  type: 'test'
  ...
# Subtest: deterministic, finite, stereo music: detour
ok 946 - deterministic, finite, stereo music: detour
  ---
  duration_ms: 162.6598
  type: 'test'
  ...
# Subtest: absence adds only empty optional Heaven history and malformed/future histories refuse
ok 947 - absence adds only empty optional Heaven history and malformed/future histories refuse
  ---
  duration_ms: 20.5473
  type: 'test'
  ...
# Subtest: acceptance needs claimed Broken Choir and exact owner/revision; refusal changes nothing
ok 948 - acceptance needs claimed Broken Choir and exact owner/revision; refusal changes nothing
  ---
  duration_ms: 13.195
  type: 'test'
  ...
# Subtest: manual defeat/arrival and unprepared invitation cannot manufacture history
ok 949 - manual defeat/arrival and unprepared invitation cannot manufacture history
  ---
  duration_ms: 3.9676
  type: 'test'
  ...
# Subtest: two locked attacks differ and grounded mirror lengthens only beam warning
ok 950 - two locked attacks differ and grounded mirror lengthens only beam warning
  ---
  duration_ms: 3.0874
  type: 'test'
  ...
# Subtest: real damage in windup is accepted, actual defeat saves once and no legacy loot is produced
ok 951 - real damage in windup is accepted, actual defeat saves once and no legacy loot is produced
  ---
  duration_ms: 5.3409
  type: 'test'
  ...
# Subtest: courier is one owned real actor, waits out of range and unfinished reload resets only its walk
ok 952 - courier is one owned real actor, waits out of range and unfinished reload resets only its walk
  ---
  duration_ms: 9.8291
  type: 'test'
  ...
# Subtest: courier completes every supported segment before actual arrival and save refusal remains retryable
ok 953 - courier completes every supported segment before actual arrival and save refusal remains retryable
  ---
  duration_ms: 73.2187
  type: 'test'
  ...
# Subtest: whole claim is atomic across costs/capacity/refusal and repeat IDs cannot pay twice
ok 954 - whole claim is atomic across costs/capacity/refusal and repeat IDs cannot pay twice
  ---
  duration_ms: 53.3807
  type: 'test'
  ...
# Subtest: welcome is explicit and lasting; activation is short transient ordinary use with no payout
ok 955 - welcome is explicit and lasting; activation is short transient ordinary use with no payout
  ---
  duration_ms: 10.2141
  type: 'test'
  ...
# Subtest: the real lock clips its entire beam width against existing cover and keeps art/contact identical
ok 956 - the real lock clips its entire beam width against existing cover and keeps art/contact identical
  ---
  duration_ms: 1.7283
  type: 'test'
  ...
# Subtest: real arrow collision accepts a winding-up Heaven apparatus and reports one actual killing impact
ok 957 - real arrow collision accepts a winding-up Heaven apparatus and reports one actual killing impact
  ---
  duration_ms: 4.6022
  type: 'test'
  ...
# Subtest: real leave resets an unfinished courier before immediate re-entry; saved invitation stays intact
ok 958 - real leave resets an unfinished courier before immediate re-entry; saved invitation stays intact
  ---
  duration_ms: 2.7202
  type: 'test'
  ...
# Subtest: production adventure drawing preserves owned campaign matrices and contributes no generic warning
ok 959 - production adventure drawing preserves owned campaign matrices and contributes no generic warning
  ---
  duration_ms: 10.0818
  type: 'test'
  ...
# Subtest: courier gait follows actual supported distance and quiet settings retain a grounded stance
ok 960 - courier gait follows actual supported distance and quiet settings retain a grounded stance
  ---
  duration_ms: 6.8371
  type: 'test'
  ...
# Subtest: accepted recorded facts alone project static work; reading and art preserve every stored field
ok 961 - accepted recorded facts alone project static work; reading and art preserve every stored field
  ---
  duration_ms: 18.8709
  type: 'test'
  ...
# Subtest: every transformed static footprint uses existing ground, avoids existing solids and stays within the draw budget
ok 962 - every transformed static footprint uses existing ground, avoids existing solids and stays within the draw budget
  ---
  duration_ms: 72.0267
  type: 'test'
  ...
# accessible-assist: 67 static instances, 800 triangles
# broadened-activation: 67 static instances, 800 triangles
# Subtest: supplied optional mirror is loose until its own recorded action, and waymarks follow the exact existing escort route
ok 963 - supplied optional mirror is loose until its own recorded action, and waymarks follow the exact existing escort route
  ---
  duration_ms: 1.8432
  type: 'test'
  ...
# Subtest: both saved arrangements have distinct ordinary fittings readable on both faces while retaining three ceremonial notches per face
ok 964 - both saved arrangements have distinct ordinary fittings readable on both faces while retaining three ceremonial notches per face
  ---
  duration_ms: 4.0671
  type: 'test'
  ...
# Subtest: instrument motion belongs to a current matching bounded activation; pause, reduced motion and rest stay quiet
ok 965 - instrument motion belongs to a current matching bounded activation; pause, reduced motion and rest stay quiet
  ---
  duration_ms: 17.1529
  type: 'test'
  ...
# Subtest: each actual apparatus uses its owned runtime actor frame and all transformed body vertices fit the declared impact radius
ok 966 - each actual apparatus uses its owned runtime actor frame and all transformed body vertices fit the declared impact radius
  ---
  duration_ms: 72.746
  type: 'test'
  ...
# Subtest: directed beam warning projects only the immutable locked rectangle, independent of later actor or player movement
ok 967 - directed beam warning projects only the immutable locked rectangle, independent of later actor or player movement
  ---
  duration_ms: 4.1221
  type: 'test'
  ...
# Subtest: stationary warning borders clear real authored paving and retain strong palette contrast without flashing
ok 968 - stationary warning borders clear real authored paving and retain strong palette contrast without flashing
  ---
  duration_ms: 23.7069
  type: 'test'
  ...
# Subtest: relay warning is a radial perimeter at the actual locked pulse center and never exceeds its real radius
ok 969 - relay warning is a radial perimeter at the actual locked pulse center and never exceeds its real radius
  ---
  duration_ms: 6.9365
  type: 'test'
  ...
# Subtest: a supplied lock clipped before the existing Garden instrument cannot project past cover, and zero length warns nowhere
ok 970 - a supplied lock clipped before the existing Garden instrument cannot project past cover, and zero length warns nowhere
  ---
  duration_ms: 8.1904
  type: 'test'
  ...
# Subtest: short positive cover-clipped beam warnings keep caps and directional notches inside the supplied locked length
ok 971 - short positive cover-clipped beam warnings keep caps and directional notches inside the supplied locked length
  ---
  duration_ms: 46.4295
  type: 'test'
  ...
# Subtest: combat pause and reduced motion preserve deterministic frames with actual phase differences
ok 972 - combat pause and reduced motion preserve deterministic frames with actual phase differences
  ---
  duration_ms: 2.0447
  type: 'test'
  ...
# Subtest: courier art uses only the actual transient actor and never reconstructs a second courier from saved invitation or arrival
ok 973 - courier art uses only the actual transient actor and never reconstructs a second courier from saved invitation or arrival
  ---
  duration_ms: 25.662
  type: 'test'
  ...
# Subtest: worst-case union of all fittings, separately owned encounter frames and courier stays within the combined geometry budget
ok 974 - worst-case union of all fittings, separately owned encounter frames and courier stays within the combined geometry budget
  ---
  duration_ms: 10.9979
  type: 'test'
  ...
# 193 combined instances, 2928 triangles
# Subtest: journal, map, legend and page are pure; defeats and actual courier arrival have no completion buttons
ok 975 - journal, map, legend and page are pure; defeats and actual courier arrival have no completion buttons
  ---
  duration_ms: 2.6478
  type: 'test'
  ...
# Subtest: remote first invite and a reset escort walk link both reach the real staging anchor without work or actor creation
ok 976 - remote first invite and a reset escort walk link both reach the real staging anchor without work or actor creation
  ---
  duration_ms: 2.179
  type: 'test'
  ...
# Subtest: active map position comes from the actual live courier while reset preserves only honest staging and destination guidance
ok 977 - active map position comes from the actual live courier while reset preserves only honest staging and destination guidance
  ---
  duration_ms: 0.7646
  type: 'test'
  ...
# Subtest: arrival save refusal keeps the exact courier visible at its real destination and explains callback retries without claiming arrival or payment
ok 978 - arrival save refusal keeps the exact courier visible at its real destination and explains callback retries without claiming arrival or payment
  ---
  duration_ms: 1.2391
  type: 'test'
  ...
# Subtest: choice preview grants no work and confirmation submits the exact current character and revision
ok 979 - choice preview grants no work and confirmation submits the exact current character and revision
  ---
  duration_ms: 1.0866
  type: 'test'
  ...
# Subtest: stale active character, roster, adventure revision, sim, context identity, room and physical preview cannot dispatch a saved choice
ok 980 - stale active character, roster, adventure revision, sim, context identity, room and physical preview cannot dispatch a saved choice
  ---
  duration_ms: 4.4273
  type: 'test'
  ...
# Subtest: successful deliberate activation closes the workspace; refusals and stale owners preserve it with no presentation-owned mutation
ok 981 - successful deliberate activation closes the workspace; refusals and stale owners preserve it with no presentation-owned mutation
  ---
  duration_ms: 1.0656
  type: 'test'
  ...
# Subtest: verified choice recognition quotes the actual catalogue callers including the courier, without claiming an unpaid or clipped fee
ok 982 - verified choice recognition quotes the actual catalogue callers including the courier, without claiming an unpaid or clipped fee
  ---
  duration_ms: 1.2674
  type: 'test'
  ...
# Subtest: Heaven catalogue: frozen exact API imports without starting gameplay or changing older owners
ok 983 - Heaven catalogue: frozen exact API imports without starting gameplay or changing older owners
  ---
  duration_ms: 5.323
  type: 'test'
  ...
# Subtest: Heaven entry: exact existing Broken Choir owner, ordinary source anchors and independent identities
ok 984 - Heaven entry: exact existing Broken Choir owner, ordinary source anchors and independent identities
  ---
  duration_ms: 4.6411
  type: 'test'
  ...
# Subtest: Heaven graph: all deliberate branches are acyclic and no preparation, defeat or escort is a fake button
ok 985 - Heaven graph: all deliberate branches are acyclic and no preparation, defeat or escort is a fake button
  ---
  duration_ms: 0.7009
  type: 'test'
  ...
# Subtest: Heaven branches: exhaust every legal fact set and both arrangements with and without supplied preparation
ok 986 - Heaven branches: exhaust every legal fact set and both arrangements with and without supplied preparation
  ---
  duration_ms: 5.3993
  type: 'test'
  ...
# Subtest: Heaven geography: every action, branch and return uses complete production support without opening the terrace
ok 987 - Heaven geography: every action, branch and return uses complete production support without opening the terrace
  ---
  duration_ms: 740.046
  type: 'test'
  ...
# Subtest: Heaven enemy bodies: fixed body-qualified routes clear actual cover and reject player-only narrow clearance
ok 988 - Heaven enemy bodies: fixed body-qualified routes clear actual cover and reject player-only narrow clearance
  ---
  duration_ms: 86.2789
  type: 'test'
  ...
# Subtest: Heaven escort: the actual seven-point service loop clears the full courier body, including the bench detour
ok 989 - Heaven escort: the actual seven-point service loop clears the full courier body, including the bench detour
  ---
  duration_ms: 1.3192
  type: 'test'
  ...
# Subtest: Heaven encounters: directed beam and local pulse differ, admit ordinary damage and grant no separate rewards
ok 990 - Heaven encounters: directed beam and local pulse differ, admit ordinary damage and grant no separate rewards
  ---
  duration_ms: 0.4171
  type: 'test'
  ...
# Subtest: Heaven reward and choices: one common finite material fee, explicit public usability and earned recognition
ok 991 - Heaven reward and choices: one common finite material fee, explicit public usability and earned recognition
  ---
  duration_ms: 218.5103
  type: 'test'
  ...
# Subtest: old worlds migrate only empty optional Hell state; all older fields are retained
ok 992 - old worlds migrate only empty optional Hell state; all older fields are retained
  ---
  duration_ms: 12.8399
  type: 'test'
  ...
# Subtest: unearned entry, stale revision and foreign character cannot accept or mutate
ok 993 - unearned entry, stale revision and foreign character cannot accept or mutate
  ---
  duration_ms: 3.4105
  type: 'test'
  ...
# Subtest: acceptance and physical work require whole durable success and exact prerequisites
ok 994 - acceptance and physical work require whole durable success and exact prerequisites
  ---
  duration_ms: 12.0359
  type: 'test'
  ...
# Subtest: full claim is atomic on every capacity boundary and save refusal; retries cannot duplicate
ok 995 - full claim is atomic on every capacity boundary and save refusal; retries cannot duplicate
  ---
  duration_ms: 32.8015
  type: 'test'
  ...
# Subtest: explicit lasting disposition validates choice, proximity and truth; reopen cannot overwrite
ok 996 - explicit lasting disposition validates choice, proximity and truth; reopen cannot overwrite
  ---
  duration_ms: 3.7374
  type: 'test'
  ...
# Subtest: locked sweep/line geometry differs; tell aim cannot follow movement; supports affect matching recovery only
ok 997 - locked sweep/line geometry differs; tell aim cannot follow movement; supports affect matching recovery only
  ---
  duration_ms: 1.1217
  type: 'test'
  ...
# Subtest: actual combat alone can resolve Warden; closed armor gives no hit flash/number/HP; refusal preserves unpaid fight
ok 998 - actual combat alone can resolve Warden; closed armor gives no hit flash/number/HP; refusal preserves unpaid fight
  ---
  duration_ms: 3.797
  type: 'test'
  ...
# Subtest: campaign roster retirement preserves unrelated salvage actor and paid history across reload
ok 999 - campaign roster retirement preserves unrelated salvage actor and paid history across reload
  ---
  duration_ms: 2.781
  type: 'test'
  ...
# Subtest: real arrow collision rejects closed armor feedback but preserves confirmed killing hit feedback
ok 1000 - real arrow collision rejects closed armor feedback but preserves confirmed killing hit feedback
  ---
  duration_ms: 25.4268
  type: 'test'
  ...
# Subtest: static work appears only for actual accepted recorded actions and never draws a second witness
ok 1001 - static work appears only for actual accepted recorded actions and never draws a second witness
  ---
  duration_ms: 16.6393
  type: 'test'
  ...
# Subtest: all transformed service props have real supported ground and avoid canonical solids
ok 1002 - all transformed service props have real supported ground and avoid canonical solids
  ---
  duration_ms: 61.1003
  type: 'test'
  ...
# Subtest: Unbind, Divert and License have different engine and plate shapes tied to the saved disposition
ok 1003 - Unbind, Divert and License have different engine and plate shapes tied to the saved disposition
  ---
  duration_ms: 4.9197
  type: 'test'
  ...
# Subtest: supplied optional fittings visibly change from loose to seated only after their own action
ok 1004 - supplied optional fittings visibly change from loose to seated only after their own action
  ---
  duration_ms: 0.9665
  type: 'test'
  ...
# Subtest: Veyr uses the canonical live actor frame and its entire transformed body fits the declared .65 impact radius
ok 1005 - Veyr uses the canonical live actor frame and its entire transformed body fits the declared .65 impact radius
  ---
  duration_ms: 27.0054
  type: 'test'
  ...
# Subtest: locked rectangular warnings follow the immutable strike frame and preserve distinct broad/short versus narrow/long footprints
ok 1006 - locked rectangular warnings follow the immutable strike frame and preserve distinct broad/short versus narrow/long footprints
  ---
  duration_ms: 4.9883
  type: 'test'
  ...
# Subtest: reduced motion and pause keep art deterministic across wall-clock samples while the real combat mode remains readable
ok 1007 - reduced motion and pause keep art deterministic across wall-clock samples while the real combat mode remains readable
  ---
  duration_ms: 1.6529
  type: 'test'
  ...
# Subtest: journal, map and page are pure; route points never accept work or turn a combat defeat into a button
ok 1008 - journal, map and page are pure; route points never accept work or turn a combat defeat into a button
  ---
  duration_ms: 2.5566
  type: 'test'
  ...
# Subtest: the verified saved choice has visible distinct Istra, Tovan and Neris recognition without a premature claim
ok 1009 - the verified saved choice has visible distinct Istra, Tovan and Neris recognition without a premature claim
  ---
  duration_ms: 2.1576
  type: 'test'
  ...
# Subtest: a disposition requires explicit two-stage confirmation and retains expected character ownership
ok 1010 - a disposition requires explicit two-stage confirmation and retains expected character ownership
  ---
  duration_ms: 1.6466
  type: 'test'
  ...
# Subtest: stale same-revision character, roster revision, physical position and campaign revision refuse a disposition preview without dispatch
ok 1011 - stale same-revision character, roster revision, physical position and campaign revision refuse a disposition preview without dispatch
  ---
  duration_ms: 6.0422
  type: 'test'
  ...
# Subtest: Hell campaign data: exact frozen catalogue, source boundary and import without gameplay mutation
ok 1012 - Hell campaign data: exact frozen catalogue, source boundary and import without gameplay mutation
  ---
  duration_ms: 18.3779
  type: 'test'
  ...
# Subtest: Hell campaign graph: consent, real combat, stabilization, deliberate disposition and verification
ok 1013 - Hell campaign graph: consent, real combat, stabilization, deliberate disposition and verification
  ---
  duration_ms: 10.2464
  type: 'test'
  ...
# Subtest: Hell campaign geography: all authored anchors use supported existing ground and production paths
ok 1014 - Hell campaign geography: all authored anchors use supported existing ground and production paths
  ---
  duration_ms: 1227.337
  type: 'test'
  ...
# Subtest: Hell campaign patterns: distinct fixed locked-shape terms and narrow optional recovery supports
ok 1015 - Hell campaign patterns: distinct fixed locked-shape terms and narrow optional recovery supports
  ---
  duration_ms: 0.4891
  type: 'test'
  ...
# Subtest: Hell campaign body clearance: production paths respect Veyr radius around existing Bell Yard support
ok 1016 - Hell campaign body clearance: production paths respect Veyr radius around existing Bell Yard support
  ---
  duration_ms: 8.4377
  type: 'test'
  ...
# Subtest: Hell campaign outcomes: three lasting local choices retain safety, truth and one common fixed fee
ok 1017 - Hell campaign outcomes: three lasting local choices retain safety, truth and one common fixed fee
  ---
  duration_ms: 0.7802
  type: 'test'
  ...
# Subtest: absent homeHistory migrates to empty v1 without replaying claimed knowledge or prior fields
ok 1018 - absent homeHistory migrates to empty v1 without replaying claimed knowledge or prior fields
  ---
  duration_ms: 28.5164
  type: 'test'
  ...
# Subtest: null, future, unknown, duplicate and malformed ledgers refuse instead of clearing
ok 1019 - null, future, unknown, duplicate and malformed ledgers refuse instead of clearing
  ---
  duration_ms: 0.4939
  type: 'test'
  ...
# Subtest: a prior acceptance or complete unpaid work never grants ownership
ok 1020 - a prior acceptance or complete unpaid work never grants ownership
  ---
  duration_ms: 7.2151
  type: 'test'
  ...
# Subtest: pin is independent of equipment projects and accepting story or work
ok 1021 - pin is independent of equipment projects and accepting story or work
  ---
  duration_ms: 3.848
  type: 'test'
  ...
# Subtest: memory-cuttings validates costs before spending and saves before adopting once-only ownership
ok 1022 - memory-cuttings validates costs before spending and saves before adopting once-only ownership
  ---
  duration_ms: 48.0423
  type: 'test'
  ...
# Subtest: memory-cuttings missing material, wrong bench, paused/dead owner and stale revision leave exact state
ok 1023 - memory-cuttings missing material, wrong bench, paused/dead owner and stale revision leave exact state
  ---
  duration_ms: 13.5344
  type: 'test'
  ...
# Subtest: memory-cuttings unowned and duplicate placements reject through save, direct decorate and forged history
ok 1024 - memory-cuttings unowned and duplicate placements reject through save, direct decorate and forged history
  ---
  duration_ms: 23.3712
  type: 'test'
  ...
# Subtest: memory-cuttings deliberate move/remove and undo/redo save refusal keep history and costs atomic
ok 1025 - memory-cuttings deliberate move/remove and undo/redo save refusal keep history and costs atomic
  ---
  duration_ms: 11.7784
  type: 'test'
  ...
# Subtest: memory-cuttings original geometry is bounded by its declared floor footprint in all rotations
ok 1026 - memory-cuttings original geometry is bounded by its declared floor footprint in all rotations
  ---
  duration_ms: 1.3748
  type: 'test'
  ...
# Subtest: memory-refuge validates costs before spending and saves before adopting once-only ownership
ok 1027 - memory-refuge validates costs before spending and saves before adopting once-only ownership
  ---
  duration_ms: 22.6656
  type: 'test'
  ...
# Subtest: memory-refuge missing material, wrong bench, paused/dead owner and stale revision leave exact state
ok 1028 - memory-refuge missing material, wrong bench, paused/dead owner and stale revision leave exact state
  ---
  duration_ms: 9.692
  type: 'test'
  ...
# Subtest: memory-refuge unowned and duplicate placements reject through save, direct decorate and forged history
ok 1029 - memory-refuge unowned and duplicate placements reject through save, direct decorate and forged history
  ---
  duration_ms: 3.1413
  type: 'test'
  ...
# Subtest: memory-refuge deliberate move/remove and undo/redo save refusal keep history and costs atomic
ok 1030 - memory-refuge deliberate move/remove and undo/redo save refusal keep history and costs atomic
  ---
  duration_ms: 11.0322
  type: 'test'
  ...
# Subtest: memory-refuge original geometry is bounded by its declared floor footprint in all rotations
ok 1031 - memory-refuge original geometry is bounded by its declared floor footprint in all rotations
  ---
  duration_ms: 0.2371
  type: 'test'
  ...
# Subtest: memory-bellglass validates costs before spending and saves before adopting once-only ownership
ok 1032 - memory-bellglass validates costs before spending and saves before adopting once-only ownership
  ---
  duration_ms: 4.6565
  type: 'test'
  ...
# Subtest: memory-bellglass missing material, wrong bench, paused/dead owner and stale revision leave exact state
ok 1033 - memory-bellglass missing material, wrong bench, paused/dead owner and stale revision leave exact state
  ---
  duration_ms: 7.6212
  type: 'test'
  ...
# Subtest: memory-bellglass unowned and duplicate placements reject through save, direct decorate and forged history
ok 1034 - memory-bellglass unowned and duplicate placements reject through save, direct decorate and forged history
  ---
  duration_ms: 3.0115
  type: 'test'
  ...
# Subtest: memory-bellglass deliberate move/remove and undo/redo save refusal keep history and costs atomic
ok 1035 - memory-bellglass deliberate move/remove and undo/redo save refusal keep history and costs atomic
  ---
  duration_ms: 8.5075
  type: 'test'
  ...
# Subtest: memory-bellglass original geometry is bounded by its declared floor footprint in all rotations
ok 1036 - memory-bellglass original geometry is bounded by its declared floor footprint in all rotations
  ---
  duration_ms: 0.2673
  type: 'test'
  ...
# Subtest: memory-farroad validates costs before spending and saves before adopting once-only ownership
ok 1037 - memory-farroad validates costs before spending and saves before adopting once-only ownership
  ---
  duration_ms: 3.8677
  type: 'test'
  ...
# Subtest: memory-farroad missing material, wrong bench, paused/dead owner and stale revision leave exact state
ok 1038 - memory-farroad missing material, wrong bench, paused/dead owner and stale revision leave exact state
  ---
  duration_ms: 4.6811
  type: 'test'
  ...
# Subtest: memory-farroad unowned and duplicate placements reject through save, direct decorate and forged history
ok 1039 - memory-farroad unowned and duplicate placements reject through save, direct decorate and forged history
  ---
  duration_ms: 2.4625
  type: 'test'
  ...
# Subtest: memory-farroad deliberate move/remove and undo/redo save refusal keep history and costs atomic
ok 1040 - memory-farroad deliberate move/remove and undo/redo save refusal keep history and costs atomic
  ---
  duration_ms: 7.3482
  type: 'test'
  ...
# Subtest: memory-farroad original geometry is bounded by its declared floor footprint in all rotations
ok 1041 - memory-farroad original geometry is bounded by its declared floor footprint in all rotations
  ---
  duration_ms: 0.1937
  type: 'test'
  ...
# Subtest: memory-crossing validates costs before spending and saves before adopting once-only ownership
ok 1042 - memory-crossing validates costs before spending and saves before adopting once-only ownership
  ---
  duration_ms: 20.1231
  type: 'test'
  ...
# Subtest: memory-crossing missing material, wrong bench, paused/dead owner and stale revision leave exact state
ok 1043 - memory-crossing missing material, wrong bench, paused/dead owner and stale revision leave exact state
  ---
  duration_ms: 4.9518
  type: 'test'
  ...
# Subtest: memory-crossing unowned and duplicate placements reject through save, direct decorate and forged history
ok 1044 - memory-crossing unowned and duplicate placements reject through save, direct decorate and forged history
  ---
  duration_ms: 2.1159
  type: 'test'
  ...
# Subtest: memory-crossing deliberate move/remove and undo/redo save refusal keep history and costs atomic
ok 1045 - memory-crossing deliberate move/remove and undo/redo save refusal keep history and costs atomic
  ---
  duration_ms: 7.3071
  type: 'test'
  ...
# Subtest: memory-crossing original geometry is bounded by its declared floor footprint in all rotations
ok 1046 - memory-crossing original geometry is bounded by its declared floor footprint in all rotations
  ---
  duration_ms: 0.2519
  type: 'test'
  ...
# Subtest: inside placement uses actual body position while durable snapshot keeps its home checkpoint
ok 1047 - inside placement uses actual body position while durable snapshot keeps its home checkpoint
  ---
  duration_ms: 2.9299
  type: 'test'
  ...
# Subtest: one of each occupies four chosen slots with no extra power or campaign payout
ok 1048 - one of each occupies four chosen slots with no extra power or campaign payout
  ---
  duration_ms: 7.0885
  type: 'test'
  ...
# Subtest: pending placement cannot transfer to another character with identical ownership and revision
ok 1049 - pending placement cannot transfer to another character with identical ownership and revision
  ---
  duration_ms: 5.2441
  type: 'test'
  ...
# Subtest: all five trails distinguish unaccepted, active, ready and claimed saved facts
ok 1050 - all five trails distinguish unaccepted, active, ready and claimed saved facts
  ---
  duration_ms: 22.1399
  type: 'test'
  ...
# Subtest: eligible work lists preparations, never a later locked encounter or optional work as required
ok 1051 - eligible work lists preparations, never a later locked encounter or optional work as required
  ---
  duration_ms: 1.3329
  type: 'test'
  ...
# Subtest: one realm can retain a once-only trail and a separate repeat survey run without merging fees
ok 1052 - one realm can retain a once-only trail and a separate repeat survey run without merging fees
  ---
  duration_ms: 1.2408
  type: 'test'
  ...
# Subtest: unpaid completion stays ahead of other work and paid trails have no next action
ok 1053 - unpaid completion stays ahead of other work and paid trails have no next action
  ---
  duration_ms: 0.8145
  type: 'test'
  ...
# Subtest: journal and road statuses remain pure and never construct an escort actor
ok 1054 - journal and road statuses remain pure and never construct an escort actor
  ---
  duration_ms: 3.9059
  type: 'test'
  ...
# Subtest: home journal retains exact fees, giver, progress and explicitly separate survey identity
ok 1055 - home journal retains exact fees, giver, progress and explicitly separate survey identity
  ---
  duration_ms: 1.2275
  type: 'test'
  ...
# Subtest: empty journal gives a deliberate road entry and preserves campaign ordering below it
ok 1056 - empty journal gives a deliberate road entry and preserves campaign ordering below it
  ---
  duration_ms: 0.7065
  type: 'test'
  ...
# Subtest: claim control is absent before completion and present only at the actual ready giver
ok 1057 - claim control is absent before completion and present only at the actual ready giver
  ---
  duration_ms: 1.5306
  type: 'test'
  ...
# Subtest: survey claim control also requires its own complete current run at the correct separate giver
ok 1058 - survey claim control also requires its own complete current run at the correct separate giver
  ---
  duration_ms: 1.1528
  type: 'test'
  ...
# Subtest: a recorded or prerequisite-locked dry route refuses stale controls without walking
ok 1059 - a recorded or prerequisite-locked dry route refuses stale controls without walking
  ---
  duration_ms: 1.0342
  type: 'test'
  ...
# Subtest: a route uses the restored current simulation, refusing a previous character trail id
ok 1060 - a route uses the restored current simulation, refusing a previous character trail id
  ---
  duration_ms: 2.236
  type: 'test'
  ...
# Subtest: water, air-court and escort routes give guidance without impossible dry walks
ok 1061 - water, air-court and escort routes give guidance without impossible dry walks
  ---
  duration_ms: 1.3291
  type: 'test'
  ...
# Subtest: available-action map legend routes dry work but names gallery controls instead of walking underwater
ok 1062 - available-action map legend routes dry work but names gallery controls instead of walking underwater
  ---
  duration_ms: 1.4034
  type: 'test'
  ...
# Subtest: Road marker navigation uses the current realm return point and refuses unrelated or wet rooms
ok 1063 - Road marker navigation uses the current realm return point and refuses unrelated or wet rooms
  ---
  duration_ms: 15.3054
  type: 'test'
  ...
# Subtest: road cards show claimed trails and current repeat runs as distinct records
ok 1064 - road cards show claimed trails and current repeat runs as distinct records
  ---
  duration_ms: 1.0625
  type: 'test'
  ...
# Subtest: a brute with real displacement has alternating lifted and planted hooves
ok 1065 - a brute with real displacement has alternating lifted and planted hooves
  ---
  duration_ms: 4.9782
  type: 'test'
  ...
# Subtest: brute hooves follow the actual animated leg endpoints without changing its world
ok 1066 - brute hooves follow the actual animated leg endpoints without changing its world
  ---
  duration_ms: 3.8489
  type: 'test'
  ...
# Subtest: traveler cloth, skin and leather retain distinct physical material responses
ok 1067 - traveler cloth, skin and leather retain distinct physical material responses
  ---
  duration_ms: 2.3684
  type: 'test'
  ...
# Subtest: only real bow anticipation carries a visible nocked shaft, removed on release
ok 1068 - only real bow anticipation carries a visible nocked shaft, removed on release
  ---
  duration_ms: 13.901
  type: 'test'
  ...
# Subtest: bow grip, string nock and anticipated shaft face the actual root shot direction
ok 1069 - bow grip, string nock and anticipated shaft face the actual root shot direction
  ---
  duration_ms: 23.4207
  type: 'test'
  ...
# Subtest: the bow draw sleeve centers clear the fitted torso through anticipation and guard
ok 1070 - the bow draw sleeve centers clear the fitted torso through anticipation and guard
  ---
  duration_ms: 2.6808
  type: 'test'
  ...
# Subtest: older world9 migrates optional localLife1 without altering existing histories
ok 1071 - older world9 migrates optional localLife1 without altering existing histories
  ---
  duration_ms: 10.6053
  type: 'test'
  ...
# Subtest: current malformed/future local work refuses rather than resetting progress
ok 1072 - current malformed/future local work refuses rather than resetting progress
  ---
  duration_ms: 0.4704
  type: 'test'
  ...
# Subtest: the new local ledger does not extend or rewrite the old five trail definitions
ok 1073 - the new local ledger does not extend or rewrite the old five trail definitions
  ---
  duration_ms: 0.1911
  type: 'test'
  ...
# Subtest: heaven-propagation-bed-v1 rejects offsite acceptance, invalid arrangement and absent prerequisite atomically
ok 1074 - heaven-propagation-bed-v1 rejects offsite acceptance, invalid arrangement and absent prerequisite atomically
  ---
  duration_ms: 19.2707
  type: 'test'
  ...
# Subtest: heaven-propagation-bed-v1 channel physical work, durable candidate refusal and exact one payout
ok 1075 - heaven-propagation-bed-v1 channel physical work, durable candidate refusal and exact one payout
  ---
  duration_ms: 18.744
  type: 'test'
  ...
# Subtest: heaven-propagation-bed-v1 wick physical work, durable candidate refusal and exact one payout
ok 1076 - heaven-propagation-bed-v1 wick physical work, durable candidate refusal and exact one payout
  ---
  duration_ms: 15.1818
  type: 'test'
  ...
# Subtest: hell-refuge-water-v1 rejects offsite acceptance, invalid arrangement and absent prerequisite atomically
ok 1077 - hell-refuge-water-v1 rejects offsite acceptance, invalid arrangement and absent prerequisite atomically
  ---
  duration_ms: 6.28
  type: 'test'
  ...
# Subtest: hell-refuge-water-v1 cartridge physical work, durable candidate refusal and exact one payout
ok 1078 - hell-refuge-water-v1 cartridge physical work, durable candidate refusal and exact one payout
  ---
  duration_ms: 22.402
  type: 'test'
  ...
# Subtest: hell-refuge-water-v1 hand-filter physical work, durable candidate refusal and exact one payout
ok 1079 - hell-refuge-water-v1 hand-filter physical work, durable candidate refusal and exact one payout
  ---
  duration_ms: 15.624
  type: 'test'
  ...
# Subtest: atlantis-bellglass-lamp-v1 rejects offsite acceptance, invalid arrangement and absent prerequisite atomically
ok 1080 - atlantis-bellglass-lamp-v1 rejects offsite acceptance, invalid arrangement and absent prerequisite atomically
  ---
  duration_ms: 2.8315
  type: 'test'
  ...
# Subtest: atlantis-bellglass-lamp-v1 approach physical work, durable candidate refusal and exact one payout
ok 1081 - atlantis-bellglass-lamp-v1 approach physical work, durable candidate refusal and exact one payout
  ---
  duration_ms: 15.7267
  type: 'test'
  ...
# Subtest: atlantis-bellglass-lamp-v1 desk physical work, durable candidate refusal and exact one payout
ok 1082 - atlantis-bellglass-lamp-v1 desk physical work, durable candidate refusal and exact one payout
  ---
  duration_ms: 10.6287
  type: 'test'
  ...
# Subtest: cosmos-drawing-shelf-v1 rejects offsite acceptance, invalid arrangement and absent prerequisite atomically
ok 1083 - cosmos-drawing-shelf-v1 rejects offsite acceptance, invalid arrangement and absent prerequisite atomically
  ---
  duration_ms: 3.2933
  type: 'test'
  ...
# Subtest: cosmos-drawing-shelf-v1 route physical work, durable candidate refusal and exact one payout
ok 1084 - cosmos-drawing-shelf-v1 route physical work, durable candidate refusal and exact one payout
  ---
  duration_ms: 13.7509
  type: 'test'
  ...
# Subtest: cosmos-drawing-shelf-v1 sheltered physical work, durable candidate refusal and exact one payout
ok 1085 - cosmos-drawing-shelf-v1 sheltered physical work, durable candidate refusal and exact one payout
  ---
  duration_ms: 11.3958
  type: 'test'
  ...
# Subtest: dry sites and both selected Heaven beds retain full canonical foot support
ok 1086 - dry sites and both selected Heaven beds retain full canonical foot support
  ---
  duration_ms: 0.7778
  type: 'test'
  ...
# Subtest: Atlantis work requires actual gallery body depth and medium
ok 1087 - Atlantis work requires actual gallery body depth and medium
  ---
  duration_ms: 3.9563
  type: 'test'
  ...
# Subtest: material capacity and 9999 XP boundary retain whole-payment atomicity
ok 1088 - material capacity and 9999 XP boundary retain whole-payment atomicity
  ---
  duration_ms: 3.9104
  type: 'test'
  ...
# Subtest: new art reads accepted state, emits finite supported shapes and preserves canonical state
ok 1089 - new art reads accepted state, emits finite supported shapes and preserves canonical state
  ---
  duration_ms: 20.2989
  type: 'test'
  ...
# Subtest: both fitted Cosmos arrangements clear the production bench backrest
ok 1090 - both fitted Cosmos arrangements clear the production bench backrest
  ---
  duration_ms: 7.5886
  type: 'test'
  ...
# Subtest: legacy Cosmos presentation is handed over only after explicit local acceptance
ok 1091 - legacy Cosmos presentation is handed over only after explicit local acceptance
  ---
  duration_ms: 11.2694
  type: 'test'
  ...
# Subtest: gate lift is a pure projection of the existing saved repair
ok 1092 - gate lift is a pure projection of the existing saved repair
  ---
  duration_ms: 2.2854
  type: 'test'
  ...
# Subtest: five separated timber planks have positive connected transforms and vertical grain
ok 1093 - five separated timber planks have positive connected transforms and vertical grain
  ---
  duration_ms: 1.2242
  type: 'test'
  ...
# Subtest: jammed and repaired hardware differ without becoming navigation or camera authorities
ok 1094 - jammed and repaired hardware differ without becoming navigation or camera authorities
  ---
  duration_ms: 0.5994
  type: 'test'
  ...
# Subtest: rack stays engaged with the fixed pinion in both leaf positions
ok 1095 - rack stays engaged with the fixed pinion in both leaf positions
  ---
  duration_ms: 2.3969
  type: 'test'
  ...
# Subtest: fixed frame stays around the established bank anchor with three mapped members
ok 1096 - fixed frame stays around the established bank anchor with three mapped members
  ---
  duration_ms: 4.0526
  type: 'test'
  ...
# Subtest: gate projection remains bounded to 29 moving parts and five timber instances
ok 1097 - gate projection remains bounded to 29 moving parts and five timber instances
  ---
  duration_ms: 0.4404
  type: 'test'
  ...
# Subtest: Ansel keeps the exact Earth resident anchor and excludes navigation/camera ownership
ok 1098 - Ansel keeps the exact Earth resident anchor and excludes navigation/camera ownership
  ---
  duration_ms: 6.3541
  type: 'test'
  ...
# Subtest: bounded body and tool transforms remain finite and positive through the full work cycle
ok 1099 - bounded body and tool transforms remain finite and positive through the full work cycle
  ---
  duration_ms: 38.9177
  type: 'test'
  ...
# Subtest: both hands belong to the actual square frame throughout inspection
ok 1100 - both hands belong to the actual square frame throughout inspection
  ---
  duration_ms: 1.2706
  type: 'test'
  ...
# Subtest: proper 3D segments connect both elbows, hands and legs without cross-body gaps
ok 1101 - proper 3D segments connect both elbows, hands and legs without cross-body gaps
  ---
  duration_ms: 0.4738
  type: 'test'
  ...
# Subtest: feet meet the supplied ground and the square has a real right angle
ok 1102 - feet meet the supplied ground and the square has a real right angle
  ---
  duration_ms: 0.2564
  type: 'test'
  ...
# Subtest: pure sampling changes only with supplied time and reduced motion keeps one complete stance
ok 1103 - pure sampling changes only with supplied time and reduced motion keeps one complete stance
  ---
  duration_ms: 2.474
  type: 'test'
  ...
# Subtest: creative presentation tick preserves sandbox blueprint and grid
ok 1104 - creative presentation tick preserves sandbox blueprint and grid
  ---
  duration_ms: 10.0769
  type: 'test'
  ...
# Subtest: creative tick still clears its own stale playing and room-selection fields
ok 1105 - creative tick still clears its own stale playing and room-selection fields
  ---
  duration_ms: 2.0491
  type: 'test'
  ...
# Subtest: selected slot and active music never replace another presentation owner
ok 1106 - selected slot and active music never replace another presentation owner
  ---
  duration_ms: 13.2087
  type: 'test'
  ...
# Subtest: placement confirmation stays disabled before a tile is selected
ok 1107 - placement confirmation stays disabled before a tile is selected
  ---
  duration_ms: 4.5463
  type: 'test'
  ...
# Subtest: explicit survey acceptance uses kit and the next expected sequence
ok 1108 - explicit survey acceptance uses kit and the next expected sequence
  ---
  duration_ms: 21.0709
  type: 'test'
  ...
# Subtest: older saves acquire empty project data without changing XP or creative work
ok 1109 - older saves acquire empty project data without changing XP or creative work
  ---
  duration_ms: 18.9476
  type: 'test'
  ...
# Subtest: a pin is a persisted attainable choice, not ownership or campaign consent
ok 1110 - a pin is a persisted attainable choice, not ownership or campaign consent
  ---
  duration_ms: 26.0828
  type: 'test'
  ...
# Subtest: guide projects real craft sources and honest comparisons for an unowned weapon
ok 1111 - guide projects real craft sources and honest comparisons for an unowned weapon
  ---
  duration_ms: 3.183
  type: 'test'
  ...
# Subtest: next-step preview resolves the Ashwood prerequisite separately from the longbow target
ok 1112 - next-step preview resolves the Ashwood prerequisite separately from the longbow target
  ---
  duration_ms: 2.3519
  type: 'test'
  ...
# Subtest: each prerequisite and target preview matches the actual craft then deliberate equip
ok 1113 - each prerequisite and target preview matches the actual craft then deliberate equip
  ---
  duration_ms: 4.4671
  type: 'test'
  ...
# Subtest: next-step forge and both finite fittings match accepted commands without spending during preview
ok 1114 - next-step forge and both finite fittings match accepted commands without spending during preview
  ---
  duration_ms: 3.72
  type: 'test'
  ...
# Subtest: unequipped bow fitting preview keeps distinct sockets, health and Oren temper
ok 1115 - unequipped bow fitting preview keeps distinct sockets, health and Oren temper
  ---
  duration_ms: 2.2662
  type: 'test'
  ...
# Subtest: finished, uncraftable and invalid project IDs have no invented next step
ok 1116 - finished, uncraftable and invalid project IDs have no invented next step
  ---
  duration_ms: 1.769
  type: 'test'
  ...
# Subtest: repeated immutable next-step previews keep XP, all history, cost, vitals and selected socket unchanged
ok 1117 - repeated immutable next-step previews keep XP, all history, cost, vitals and selected socket unchanged
  ---
  duration_ms: 5.7979
  type: 'test'
  ...
# Subtest: Oren comparisons explicitly use current XP and do not project or award the separate XP reward
ok 1118 - Oren comparisons explicitly use current XP and do not project or award the separate XP reward
  ---
  duration_ms: 21.4388
  type: 'test'
  ...
# Subtest: survey cannot be accepted remotely or before kit, and failed start is atomic
ok 1119 - survey cannot be accepted remotely or before kit, and failed start is atomic
  ---
  duration_ms: 10.2918
  type: 'test'
  ...
# Subtest: survey temporarily owns encounters without replaying the once-only quest
ok 1120 - survey temporarily owns encounters without replaying the once-only quest
  ---
  duration_ms: 2.4621
  type: 'test'
  ...
# Subtest: accepted sample events require run identity, proximity and once-per-run ownership
ok 1121 - accepted sample events require run identity, proximity and once-per-run ownership
  ---
  duration_ms: 4.4019
  type: 'test'
  ...
# Subtest: actual defeat progresses the active run but creates no story defeat, cache or XP
ok 1122 - actual defeat progresses the active run but creates no story defeat, cache or XP
  ---
  duration_ms: 1.2633
  type: 'test'
  ...
# Subtest: each deliberate completed run pays once, including after reload and receipt eviction
ok 1123 - each deliberate completed run pays once, including after reload and receipt eviction
  ---
  duration_ms: 17.0033
  type: 'test'
  ...
# Subtest: changed request IDs cannot claim an incomplete run or a stale entitlement
ok 1124 - changed request IDs cannot claim an incomplete run or a stale entitlement
  ---
  duration_ms: 4.0733
  type: 'test'
  ...
# Subtest: full ore refuses the entire claim and preserves earned entitlement
ok 1125 - full ore refuses the entire claim and preserves earned entitlement
  ---
  duration_ms: 1.6802
  type: 'test'
  ...
# Subtest: full coins refuses the entire claim and preserves earned entitlement
ok 1126 - full coins refuses the entire claim and preserves earned entitlement
  ---
  duration_ms: 1.3116
  type: 'test'
  ...
# Subtest: full fiber refuses the entire claim and preserves earned entitlement
ok 1127 - full fiber refuses the entire claim and preserves earned entitlement
  ---
  duration_ms: 2.4138
  type: 'test'
  ...
# Subtest: finite fittings consume whole costs, keep equipped identity and preserve sockets
ok 1128 - finite fittings consume whole costs, keep equipped identity and preserve sockets
  ---
  duration_ms: 1.9123
  type: 'test'
  ...
# Subtest: invalid, distant, out-of-order and missing-cost fittings never partly spend materials
ok 1129 - invalid, distant, out-of-order and missing-cost fittings never partly spend materials
  ---
  duration_ms: 3.7857
  type: 'test'
  ...
# Subtest: improving an unequipped bow never equips it or changes the equipped socket
ok 1130 - improving an unequipped bow never equips it or changes the equipped socket
  ---
  duration_ms: 0.4382
  type: 'test'
  ...
# Subtest: fittings affect both real damage paths and leave obstruction rules intact
ok 1131 - fittings affect both real damage paths and leave obstruction rules intact
  ---
  duration_ms: 5.7842
  type: 'test'
  ...
# Subtest: present malformed ledgers refuse import instead of resetting paid history
ok 1132 - present malformed ledgers refuse import instead of resetting paid history
  ---
  duration_ms: 5.2779
  type: 'test'
  ...
# Subtest: Darric remains at the supported existing anchor beside the real collection approach
ok 1133 - Darric remains at the supported existing anchor beside the real collection approach
  ---
  duration_ms: 3.6655
  type: 'test'
  ...
# Subtest: complete actor and actual tool matrices remain finite positive and bounded across every stage
ok 1134 - complete actor and actual tool matrices remain finite positive and bounded across every stage
  ---
  duration_ms: 102.2819
  type: 'test'
  ...
# Subtest: both gloved hands meet the real resting handle through every pose and stage
ok 1135 - both gloved hands meet the real resting handle through every pose and stage
  ---
  duration_ms: 4.7079
  type: 'test'
  ...
# Subtest: full 3D limb bases connect submitted endpoints instead of rotating only in one plane
ok 1136 - full 3D limb bases connect submitted endpoints instead of rotating only in one plane
  ---
  duration_ms: 1.0865
  type: 'test'
  ...
# Subtest: transformed soles meet canonical shallow ground within six millimetres
ok 1137 - transformed soles meet canonical shallow ground within six millimetres
  ---
  duration_ms: 0.7612
  type: 'test'
  ...
# Subtest: actual actor and mallet volumes clear collection stance sign and reserved blocks at pose extremes
ok 1138 - actual actor and mallet volumes clear collection stance sign and reserved blocks at pose extremes
  ---
  duration_ms: 61.7139
  type: 'test'
  ...
# Subtest: actual mallet head clears body boxes and conservative round bounds through the full posing cycle
ok 1139 - actual mallet head clears body boxes and conservative round bounds through the full posing cycle
  ---
  duration_ms: 594.772
  type: 'test'
  ...
# Subtest: three stable individually tallied blocks project release only and twelve flush stones project packing only
ok 1140 - three stable individually tallied blocks project release only and twelve flush stones project packing only
  ---
  duration_ms: 6.9877
  type: 'test'
  ...
# Subtest: pure pose uses only supplied simulation time and reduced motion freezes each complete stage
ok 1141 - pure pose uses only supplied simulation time and reduced motion freezes each complete stage
  ---
  duration_ms: 6.9275
  type: 'test'
  ...
# Subtest: the pure API owns the nine retained points and two Elderweald residents, with unchanged names and deeply frozen profiles
ok 1142 - the pure API owns the nine retained points and two Elderweald residents, with unchanged names and deeply frozen profiles
  ---
  duration_ms: 1.6779
  type: 'test'
  ...
# Subtest: actual production mesh vertices are finite, supported and bounded through real ground height and yaw
ok 1143 - actual production mesh vertices are finite, supported and bounded through real ground height and yaw
  ---
  duration_ms: 474.853
  type: 'test'
  ...
# Subtest: the exact actor meshes stay on current patches and clear authoritative nearby solid boxes
ok 1144 - the exact actor meshes stay on current patches and clear authoritative nearby solid boxes
  ---
  duration_ms: 347.6274
  type: 'test'
  ...
# Subtest: actual beam mesh endpoints connect the named limb and tool joints under root transforms
ok 1145 - actual beam mesh endpoints connect the named limb and tool joints under root transforms
  ---
  duration_ms: 3.7048
  type: 'test'
  ...
# Subtest: each useful tool actually touches its holding palm and has a supported component graph
ok 1146 - each useful tool actually touches its holding palm and has a supported component graph
  ---
  duration_ms: 13.1434
  type: 'test'
  ...
# Subtest: Calen alone has source-backed folded wings joined to the real cloak surface and clear of hands and head
ok 1147 - Calen alone has source-backed folded wings joined to the real cloak surface and clear of hands and head
  ---
  duration_ms: 23.4863
  type: 'test'
  ...
# Subtest: material combinations, clothing silhouettes and tools are distinct without assigning game classes or ancestry
ok 1148 - material combinations, clothing silhouettes and tools are distinct without assigning game classes or ancestry
  ---
  duration_ms: 2.4699
  type: 'test'
  ...
# Subtest: repeated time samples are pure, idle never walks or works, and pause/reduced motion are quiet
ok 1149 - repeated time samples are pure, idle never walks or works, and pause/reduced motion are quiet
  ---
  duration_ms: 88.3816
  type: 'test'
  ...
# Subtest: unknown people, invalid anchors or output refuse before any partial mutation
ok 1150 - unknown people, invalid anchors or output refuse before any partial mutation
  ---
  duration_ms: 0.5748
  type: 'test'
  ...
# Subtest: adventure 10 and missing optional trails preserve all ten XP boundaries and source input
ok 1151 - adventure 10 and missing optional trails preserve all ten XP boundaries and source input
  ---
  duration_ms: 71.4708
  type: 'test'
  ...
# Subtest: current/future schemas refuse missing fields, foreign steps and impossible histories
ok 1152 - current/future schemas refuse missing fields, foreign steps and impossible histories
  ---
  duration_ms: 15.3686
  type: 'test'
  ...
# Subtest: trail acceptance and realm fitting require their cross-owner earned histories on import
ok 1153 - trail acceptance and realm fitting require their cross-owner earned histories on import
  ---
  duration_ms: 2.7355
  type: 'test'
  ...
# Subtest: acceptance requires the kit, correct realm, physical giver and living dry character
ok 1154 - acceptance requires the kit, correct realm, physical giver and living dry character
  ---
  duration_ms: 10.781
  type: 'test'
  ...
# Subtest: malformed transient XZ and depth cannot qualify a physical trail action
ok 1155 - malformed transient XZ and depth cannot qualify a physical trail action
  ---
  duration_ms: 8.6556
  type: 'test'
  ...
# Subtest: accept/step refusal from throwing or unavailable persistence changes no live state
ok 1156 - accept/step refusal from throwing or unavailable persistence changes no live state
  ---
  duration_ms: 6.4383
  type: 'test'
  ...
# Subtest: supply preparation is physical, dependency-checked and grants nothing before claim
ok 1157 - supply preparation is physical, dependency-checked and grants nothing before claim
  ---
  duration_ms: 6.8672
  type: 'test'
  ...
# Subtest: wet readings need actual depth/body medium and cannot be recorded on the overhead deck
ok 1158 - wet readings need actual depth/body medium and cannot be recorded on the overhead deck
  ---
  duration_ms: 5.4186
  type: 'test'
  ...
# Subtest: Bellglass chart works in the actual air court and wrong choices are costless refusals
ok 1159 - Bellglass chart works in the actual air court and wrong choices are costless refusals
  ---
  duration_ms: 12.7165
  type: 'test'
  ...
# Subtest: each material slot and currency limit refuses the whole declared claim, then exact capacity succeeds
ok 1160 - each material slot and currency limit refuses the whole declared claim, then exact capacity succeeds
  ---
  duration_ms: 24.3111
  type: 'test'
  ...
# Subtest: claim validates/saves the full paid candidate before applying it and retains live owner objects
ok 1161 - claim validates/saves the full paid candidate before applying it and retains live owner objects
  ---
  duration_ms: 11.3973
  type: 'test'
  ...
# Subtest: claim clamps XP at 9999 without replacing the retained five-level curve
ok 1162 - claim clamps XP at 9999 without replacing the retained five-level curve
  ---
  duration_ms: 6.1697
  type: 'test'
  ...
# Subtest: partial, ready and paid records survive snapshot/reload without accepting or paying again
ok 1163 - partial, ready and paid records survive snapshot/reload without accepting or paying again
  ---
  duration_ms: 7.0438
  type: 'test'
  ...
# Subtest: a real in-memory character Store makes quota refusal atomic and pays one saved entitlement
ok 1164 - a real in-memory character Store makes quota refusal atomic and pays one saved entitlement
  ---
  duration_ms: 6.0877
  type: 'test'
  ...
# Subtest: a missing saver refuses claim and fitting without recording a false durable success
ok 1165 - a missing saver refuses claim and fitting without recording a false durable success
  ---
  duration_ms: 8.099
  type: 'test'
  ...
# Subtest: managed Store writer and changed-source refusals preserve the complete unpaid trail
ok 1166 - managed Store writer and changed-source refusals preserve the complete unpaid trail
  ---
  duration_ms: 15.0061
  type: 'test'
  ...
# Subtest: independent character worlds keep trail claims and the fitting entitlement separate
ok 1167 - independent character worlds keep trail claims and the fitting entitlement separate
  ---
  duration_ms: 7.5481
  type: 'test'
  ...
# Subtest: a fitting requires claimed work, an outdoor bench, life, an owned weapon and complete cost
ok 1168 - a fitting requires claimed work, an outdoor bench, life, an owned weapon and complete cost
  ---
  duration_ms: 47.3597
  type: 'test'
  ...
# Subtest: finite fitting spends only after persistence and adds exactly three to the selected equipped blade
ok 1169 - finite fitting spends only after persistence and adds exactly three to the selected equipped blade
  ---
  duration_ms: 5.7463
  type: 'test'
  ...
# Subtest: fitting an unequipped canonical bow never equips it and the one global spend excludes another weapon
ok 1170 - fitting an unequipped canonical bow never equips it and the one global spend excludes another weapon
  ---
  duration_ms: 10.3317
  type: 'test'
  ...
# Subtest: returning finite starter/river work, ruby, pinned project, banked XP and weapon behavior survive fitting
ok 1171 - returning finite starter/river work, ruby, pinned project, banked XP and weapon behavior survive fitting
  ---
  duration_ms: 7.2766
  type: 'test'
  ...
# Subtest: accepted Atlantis pages are readable at home and from another realm after cold reload
ok 1172 - accepted Atlantis pages are readable at home and from another realm after cold reload
  ---
  duration_ms: 4.3071
  type: 'test'
  ...
# Subtest: all legal Southern progress snapshots emit bounded supported kinds and finite positive production matrices
ok 1173 - all legal Southern progress snapshots emit bounded supported kinds and finite positive production matrices
  ---
  duration_ms: 78.4538
  type: 'test'
  ...
# Subtest: appearance projects acceptance and each true step; the packed job appears only after all supplies and packing
ok 1174 - appearance projects acceptance and each true step; the packed job appears only after all supplies and packing
  ---
  duration_ms: 13.6777
  type: 'test'
  ...
# Subtest: Bellglass reveals separate recorded readings, corrected layered chart and fitted marker without erasing the older scale
ok 1175 - Bellglass reveals separate recorded readings, corrected layered chart and fitted marker without erasing the older scale
  ---
  duration_ms: 3.7402
  type: 'test'
  ...
# Subtest: actual Earth mesh feet stay on canonical ground and clear walking, task and giver body envelopes
ok 1176 - actual Earth mesh feet stay on canonical ground and clear walking, task and giver body envelopes
  ---
  duration_ms: 161.0855
  type: 'test'
  ...
# Subtest: actual Bellglass full meshes clear the complete XYZ visitor route, dive blockers and step bodies
ok 1177 - actual Bellglass full meshes clear the complete XYZ visitor route, dive blockers and step bodies
  ---
  duration_ms: 14.0882
  type: 'test'
  ...
# Subtest: desk, inclined layered chart, suspended gauge and bed-mounted feet meet their real supports
ok 1178 - desk, inclined layered chart, suspended gauge and bed-mounted feet meet their real supports
  ---
  duration_ms: 3.2732
  type: 'test'
  ...
# Subtest: bed, court and suspended-gauge support heights agree with the actual generic scene writer
ok 1179 - bed, court and suspended-gauge support heights agree with the actual generic scene writer
  ---
  duration_ms: 6.9642
  type: 'test'
  ...
# Subtest: South work geometry is static across pause, time, reduced motion and both camera settings; all input data stays unchanged
ok 1180 - South work geometry is static across pause, time, reduced motion and both camera settings; all input data stays unchanged
  ---
  duration_ms: 25.1939
  type: 'test'
  ...
# Subtest: real trail commands leave the chart unconnected after wrong choice or refused save, then project a committed correction
ok 1181 - real trail commands leave the chart unconnected after wrong choice or refused save, then project a committed correction
  ---
  duration_ms: 9.9417
  type: 'test'
  ...
# Subtest: six northern and Cosmos projections retain pinned base output without depending on Git history
ok 1182 - six northern and Cosmos projections retain pinned base output without depending on Git history
  ---
  duration_ms: 3.655
  type: 'test'
  ...
# Subtest: browser global and CommonJS preserve the original interface and add no foreign global authority
ok 1183 - browser global and CommonJS preserve the original interface and add no foreign global authority
  ---
  duration_ms: 1.5546
  type: 'test'
  ...
# Subtest: one stable finite definition has supported schema and exact declared payment
ok 1184 - one stable finite definition has supported schema and exact declared payment
  ---
  duration_ms: 1.6495
  type: 'test'
  ...
# Subtest: every nested catalogue value is immutable, including target anchors
ok 1185 - every nested catalogue value is immutable, including target anchors
  ---
  duration_ms: 0.5125
  type: 'test'
  ...
# Subtest: instrument readings follow the actual authored XZ anchors and strict finite scale
ok 1186 - instrument readings follow the actual authored XZ anchors and strict finite scale
  ---
  duration_ms: 0.3618
  type: 'test'
  ...
# Subtest: both optical targets agree with geometry actually submitted by CosmosArt
ok 1187 - both optical targets agree with geometry actually submitted by CosmosArt
  ---
  duration_ms: 45.1419
  type: 'test'
  ...
# Subtest: giver and all three actions use actual dry floor, radius clearance and line access
ok 1188 - giver and all three actions use actual dry floor, radius clearance and line access
  ---
  duration_ms: 0.8112
  type: 'test'
  ...
# Subtest: complete out-and-back circuit follows production segments with dense radius-safe samples
ok 1189 - complete out-and-back circuit follows production segments with dense radius-safe samples
  ---
  duration_ms: 22.4524
  type: 'test'
  ...
# Subtest: data loading and browser export do not invoke save, simulation, reward or art authority
ok 1190 - data loading and browser export do not invoke save, simulation, reward or art authority
  ---
  duration_ms: 9.921
  type: 'test'
  ...
# Subtest: two real sight stations expose earned comparator preview without mutating the world
ok 1191 - two real sight stations expose earned comparator preview without mutating the world
  ---
  duration_ms: 165.021
  type: 'test'
  ...
# Subtest: misaligned, absent, remote, nonfinite and out-of-scale calibration cannot record or spend
ok 1192 - misaligned, absent, remote, nonfinite and out-of-scale calibration cannot record or spend
  ---
  duration_ms: 74.7803
  type: 'test'
  ...
# Subtest: unrecorded dial resets on cold reload; recorded values, prerequisites and once-only claim survive
ok 1193 - unrecorded dial resets on cold reload; recorded values, prerequisites and once-only claim survive
  ---
  duration_ms: 508.3675
  type: 'test'
  ...
# Subtest: save refusal leaves an aligned physical comparator retryable and its earned state unchanged
ok 1194 - save refusal leaves an aligned physical comparator retryable and its earned state unchanged
  ---
  duration_ms: 56.7492
  type: 'test'
  ...
# Subtest: import refuses fabricated instrument histories while preserving source objects
ok 1195 - import refuses fabricated instrument histories while preserving source objects
  ---
  duration_ms: 17.2875
  type: 'test'
  ...
# Subtest: north trails: exact frozen catalogue contract and distinct persistent namespaces
ok 1196 - north trails: exact frozen catalogue contract and distinct persistent namespaces
  ---
  duration_ms: 15.1964
  type: 'test'
  ...
# Subtest: Heaven: three independent relay actions, optional real opening and post-defeat physical repair
ok 1197 - Heaven: three independent relay actions, optional real opening and post-defeat physical repair
  ---
  duration_ms: 0.4339
  type: 'test'
  ...
# Subtest: Hell: all route safety is required; actual ally arrival follows separate defeat and explicit invitation
ok 1198 - Hell: all route safety is required; actual ally arrival follows separate defeat and explicit invitation
  ---
  duration_ms: 11.6748
  type: 'test'
  ...
# Subtest: graph guard detects cycles, unknown prerequisites, optional completion gates and encounter mismatch
ok 1199 - graph guard detects cycles, unknown prerequisites, optional completion gates and encounter mismatch
  ---
  duration_ms: 6.5378
  type: 'test'
  ...
# Subtest: heaven: production ground, exact collision and navigation provide every action a giver/home return
ok 1200 - heaven: production ground, exact collision and navigation provide every action a giver/home return
  ---
  duration_ms: 1171.6458
  type: 'test'
  ...
# Subtest: heaven: production accepted movement physically walks ordered work and freely returns home
ok 1201 - heaven: production accepted movement physically walks ordered work and freely returns home
  ---
  duration_ms: 319.16
  type: 'test'
  ...
# Subtest: hell: production ground, exact collision and navigation provide every action a giver/home return
ok 1202 - hell: production ground, exact collision and navigation provide every action a giver/home return
  ---
  duration_ms: 2270.0197
  type: 'test'
  ...
# Subtest: hell: production accepted movement physically walks ordered work and freely returns home
ok 1203 - hell: production accepted movement physically walks ordered work and freely returns home
  ---
  duration_ms: 451.3605
  type: 'test'
  ...
# Subtest: Hell: supported escorted macro route uses a real culvert detour and remains within Refuge at its endpoint
ok 1204 - Hell: supported escorted macro route uses a real culvert detour and remains within Refuge at its endpoint
  ---
  duration_ms: 211.4916
  type: 'test'
  ...
# Subtest: catalogue is deterministic inert data in browser and CommonJS hosts, with no save/scene/reward effects
ok 1205 - catalogue is deterministic inert data in browser and CommonJS hosts, with no save/scene/reward effects
  ---
  duration_ms: 4.5536
  type: 'test'
  ...
# Subtest: acceptance needs the correct realm, initial kit and physical giver; inspecting/failed actions remain inert
ok 1206 - acceptance needs the correct realm, initial kit and physical giver; inspecting/failed actions remain inert
  ---
  duration_ms: 144.1757
  type: 'test'
  ...
# Subtest: interactions require actual proximity and all DAG preparations; combat/escort steps cannot be clicked complete
ok 1207 - interactions require actual proximity and all DAG preparations; combat/escort steps cannot be clicked complete
  ---
  duration_ms: 9.1364
  type: 'test'
  ...
# Subtest: strict escort history rejects impossible arrival/checkpoint records while legacy saves migrate without trail credit
ok 1208 - strict escort history rejects impossible arrival/checkpoint records while legacy saves migrate without trail credit
  ---
  duration_ms: 4.5103
  type: 'test'
  ...
# Subtest: story death accepts only the current actual zero-HP actor; replay has no legacy loot or payout
ok 1209 - story death accepts only the current actual zero-HP actor; replay has no legacy loot or payout
  ---
  duration_ms: 29.3158
  type: 'test'
  ...
# Subtest: Heaven closed bearing records no hit; actual pulse recovery is 1.8 and preparation changes a later real opening to 2.6
ok 1210 - Heaven closed bearing records no hit; actual pulse recovery is 1.8 and preparation changes a later real opening to 2.6
  ---
  duration_ms: 14.6104
  type: 'test'
  ...
# Subtest: same-room story roster update preserves current enemy HP/intent, real arrow, companion, effects and invincibility
ok 1211 - same-room story roster update preserves current enemy HP/intent, real arrow, companion, effects and invincibility
  ---
  duration_ms: 132.977
  type: 'test'
  ...
# Subtest: missing or refused durable combat saver cannot manufacture a defeat; successful retry records it once
ok 1212 - missing or refused durable combat saver cannot manufacture a defeat; successful retry records it once
  ---
  duration_ms: 45.7799
  type: 'test'
  ...
# Subtest: real Neris waits for distance and explicit wait/follow; player-only arrival cannot finish rescue
ok 1213 - real Neris waits for distance and explicit wait/follow; player-only arrival cannot finish rescue
  ---
  duration_ms: 189.5219
  type: 'test'
  ...
# Subtest: actual ordinary sentinel death stops escort; cold reload/revive resumes durable safe checkpoint and owns a fresh actor
ok 1214 - actual ordinary sentinel death stops escort; cold reload/revive resumes durable safe checkpoint and owns a fresh actor
  ---
  duration_ms: 152.1234
  type: 'test'
  ...
# Subtest: refused checkpoint save stays retryable; actual arrival can only be adopted after saver accepts
ok 1215 - refused checkpoint save stays retryable; actual arrival can only be adopted after saver accepts
  ---
  duration_ms: 24.7215
  type: 'test'
  ...
# Subtest: explicit assisted extraction is distinct, actual Refuge placement and save-atomic; completion survives unpaid reload
ok 1216 - explicit assisted extraction is distinct, actual Refuge placement and save-atomic; completion survives unpaid reload
  ---
  duration_ms: 13.4223
  type: 'test'
  ...
# Subtest: ready claim is physical, atomic, once-only and retained on capacity/save refusal and cold replay
ok 1217 - ready claim is physical, atomic, once-only and retained on capacity/save refusal and cold replay
  ---
  duration_ms: 45.2749
  type: 'test'
  ...
# Subtest: finite fitting preserves selected identity, actual prior socket, validated prior pursuit bonus and global once limit
ok 1218 - finite fitting preserves selected identity, actual prior socket, validated prior pursuit bonus and global once limit
  ---
  duration_ms: 37.6712
  type: 'test'
  ...
# Subtest: both terms are deeply frozen and browser/CommonJS exports agree without mutable service access
ok 1219 - both terms are deeply frozen and browser/CommonJS exports agree without mutable service access
  ---
  duration_ms: 8.9608
  type: 'test'
  ...
# Subtest: stable terms, finite step topology and choice references match the approved data contract
ok 1220 - stable terms, finite step topology and choice references match the approved data contract
  ---
  duration_ms: 2.4433
  type: 'test'
  ...
# Subtest: givers retain current canonical point ownership and every dry step has supported collision-free ground
ok 1221 - givers retain current canonical point ownership and every dry step has supported collision-free ground
  ---
  duration_ms: 7.8707
  type: 'test'
  ...
# Subtest: the complete dry circuit follows real supported segments and stays outside the optional foe detection radius
ok 1222 - the complete dry circuit follows real supported segments and stays outside the optional foe detection radius
  ---
  duration_ms: 88.9034
  type: 'test'
  ...
# Subtest: underwater and air-court anchors agree with actual full-body clearance and character medium
ok 1223 - underwater and air-court anchors agree with actual full-body clearance and character medium
  ---
  duration_ms: 12.2293
  type: 'test'
  ...
# Subtest: production depth movement reaches every new anchor through the real doorway and east lane, then exits
ok 1224 - production depth movement reaches every new anchor through the real doorway and east lane, then exits
  ---
  duration_ms: 4.1855
  type: 'test'
  ...
# Subtest: the material claim supports an existing recipe without a new item, resource node or weapon stat
ok 1225 - the material claim supports an existing recipe without a new item, resource node or weapon stat
  ---
  duration_ms: 0.3272
  type: 'test'
  ...
# Subtest: labels distinguish job supplies, physical depth, protected history and finite claimed materials
ok 1226 - labels distinguish job supplies, physical depth, protected history and finite claimed materials
  ---
  duration_ms: 0.2004
  type: 'test'
  ...
# Subtest: horizontal reflection keeps every point on its plane fixed
ok 1227 - horizontal reflection keeps every point on its plane fixed
  ---
  duration_ms: 1.0453
  type: 'test'
  ...
# Subtest: reflection applied twice restores a point
ok 1228 - reflection applied twice restores a point
  ---
  duration_ms: 0.2402
  type: 'test'
  ...
# Subtest: actual render matrix keeps contact UV invariant at many view angles
ok 1229 - actual render matrix keeps contact UV invariant at many view angles
  ---
  duration_ms: 7.9932
  type: 'test'
  ...
# Subtest: reflected height changes vertical position but not lateral direction
ok 1230 - reflected height changes vertical position but not lateral direction
  ---
  duration_ms: 0.3353
  type: 'test'
  ...
# Subtest: regression specimen detects the previous reflected-lookAt defect
ok 1231 - regression specimen detects the previous reflected-lookAt defect
  ---
  duration_ms: 0.1958
  type: 'test'
  ...
# Subtest: non-finite reflection height is rejected
ok 1232 - non-finite reflection height is rejected
  ---
  duration_ms: 0.3121
  type: 'test'
  ...
# Subtest: road defaults are distinct records and start without progress
ok 1233 - road defaults are distinct records and start without progress
  ---
  duration_ms: 1.478
  type: 'test'
  ...
# Subtest: all route destinations are on terrain; river and trunks are obstacles
ok 1234 - all route destinations are on terrain; river and trunks are obstacles
  ---
  duration_ms: 6.8195
  type: 'test'
  ...
# Subtest: visibility rejects invalid endpoints, extreme inputs, and water crossing
ok 1235 - visibility rejects invalid endpoints, extreme inputs, and water crossing
  ---
  duration_ms: 0.7219
  type: 'test'
  ...
# Subtest: consistent completed road validates and all objectives complete
ok 1236 - consistent completed road validates and all objectives complete
  ---
  duration_ms: 0.5164
  type: 'test'
  ...
# Subtest: unearned and duplicate facts are rejected rather than reset
ok 1237 - unearned and duplicate facts are rejected rather than reset
  ---
  duration_ms: 0.8466
  type: 'test'
  ...
# Subtest: road validation requires story, companion, and encounter prerequisites
ok 1238 - road validation requires story, companion, and encounter prerequisites
  ---
  duration_ms: 0.2433
  type: 'test'
  ...
# Subtest: world05 migrates without changing any prior creative/sandbox fields
ok 1239 - world05 migrates without changing any prior creative/sandbox fields
  ---
  duration_ms: 168.4632
  type: 'test'
  ...
# Subtest: all supported previous schemas migrate without road wins
ok 1240 - all supported previous schemas migrate without road wins
  ---
  duration_ms: 6.4036
  type: 'test'
  ...
# Subtest: adapter migration writes new key and leaves previous key unchanged
ok 1241 - adapter migration writes new key and leaves previous key unchanged
  ---
  duration_ms: 2.1446
  type: 'test'
  ...
# Subtest: gate refuses unfinished chapter without mutation
ok 1242 - gate refuses unfinished chapter without mutation
  ---
  duration_ms: 8.9162
  type: 'test'
  ...
# Subtest: gate refuses remote and wrong-scene entry
ok 1243 - gate refuses remote and wrong-scene entry
  ---
  duration_ms: 12.8131
  type: 'test'
  ...
# Subtest: earned gift allows entry and preserves exterior restart
ok 1244 - earned gift allows entry and preserves exterior restart
  ---
  duration_ms: 2.808
  type: 'test'
  ...
# Subtest: normal road return is restricted to southern gate
ok 1245 - normal road return is restricted to southern gate
  ---
  duration_ms: 3.2819
  type: 'test'
  ...
# Subtest: road save reopens safely outside with progress retained
ok 1246 - road save reopens safely outside with progress retained
  ---
  duration_ms: 2.927
  type: 'test'
  ...
# Subtest: all map landmarks and encounter origins walkable
ok 1247 - all map landmarks and encounter origins walkable
  ---
  duration_ms: 0.3487
  type: 'test'
  ...
# Subtest: river blocks nonbridge crossings and rejects nonfinite coordinates
ok 1248 - river blocks nonbridge crossings and rejects nonfinite coordinates
  ---
  duration_ms: 0.2768
  type: 'test'
  ...
# Subtest: boulders cart tower and trunks all participate in collision
ok 1249 - boulders cart tower and trunks all participate in collision
  ---
  duration_ms: 0.2725
  type: 'test'
  ...
# Subtest: path crosses bridge instead of cutting across water
ok 1250 - path crosses bridge instead of cutting across water
  ---
  duration_ms: 35.0539
  type: 'test'
  ...
# Subtest: dodge does not tunnel through the river
ok 1251 - dodge does not tunnel through the river
  ---
  duration_ms: 2.1094
  type: 'test'
  ...
# Subtest: new encounters do not enable village combat
ok 1252 - new encounters do not enable village combat
  ---
  duration_ms: 3.1928
  type: 'test'
  ...
# Subtest: melee cannot hit through solid road geometry
ok 1253 - melee cannot hit through solid road geometry
  ---
  duration_ms: 2.9098
  type: 'test'
  ...
# Subtest: Seek needs bonded Follow fox and a nearby discoverable scent
ok 1254 - Seek needs bonded Follow fox and a nearby discoverable scent
  ---
  duration_ms: 5.213
  type: 'test'
  ...
# Subtest: discovery only occurs after physical path travel
ok 1255 - discovery only occurs after physical path travel
  ---
  duration_ms: 19.6485
  type: 'test'
  ...
# Subtest: Stay cancels pending scent without issuing discovery
ok 1256 - Stay cancels pending scent without issuing discovery
  ---
  duration_ms: 11.5091
  type: 'test'
  ...
# Subtest: leaving cancels scent instead of revealing cache remotely
ok 1257 - leaving cancels scent instead of revealing cache remotely
  ---
  duration_ms: 3.1312
  type: 'test'
  ...
# Subtest: unrevealed distant or already claimed cache refuses without mutation
ok 1258 - unrevealed distant or already claimed cache refuses without mutation
  ---
  duration_ms: 5.9166
  type: 'test'
  ...
# Subtest: cache overflow keeps balances and unclaimed discovery
ok 1259 - cache overflow keeps balances and unclaimed discovery
  ---
  duration_ms: 2.364
  type: 'test'
  ...
# Subtest: cache retry does not duplicate rewards
ok 1260 - cache retry does not duplicate rewards
  ---
  duration_ms: 2.3744
  type: 'test'
  ...
# Subtest: repair needs latch prowler ore and proximity
ok 1261 - repair needs latch prowler ore and proximity
  ---
  duration_ms: 16.0417
  type: 'test'
  ...
# Subtest: repair charges exactly once under any command id
ok 1262 - repair charges exactly once under any command id
  ---
  duration_ms: 3.339
  type: 'test'
  ...
# Subtest: shop refuses unopened remote and wrong-scene trades
ok 1263 - shop refuses unopened remote and wrong-scene trades
  ---
  duration_ms: 12.1692
  type: 'test'
  ...
# Subtest: tonic purchase obeys cost capacity and idempotency
ok 1264 - tonic purchase obeys cost capacity and idempotency
  ---
  duration_ms: 3.4663
  type: 'test'
  ...
# Subtest: changed trade offer under same id is refused
ok 1265 - changed trade offer under same id is refused
  ---
  duration_ms: 2.3995
  type: 'test'
  ...
# Subtest: unique mantle costs 18 and can be equipped not repurchased
ok 1266 - unique mantle costs 18 and can be equipped not repurchased
  ---
  duration_ms: 11.8246
  type: 'test'
  ...
# Subtest: insufficient currency preserves equipment and balance
ok 1267 - insufficient currency preserves equipment and balance
  ---
  duration_ms: 8.4393
  type: 'test'
  ...
# Subtest: copper sale exact and bounded
ok 1268 - copper sale exact and bounded
  ---
  duration_ms: 26.7395
  type: 'test'
  ...
# Subtest: sunberry sale consumes actual sandbox garden produce
ok 1269 - sunberry sale consumes actual sandbox garden produce
  ---
  duration_ms: 2.732
  type: 'test'
  ...
# Subtest: unknown trade never falls through to an offer
ok 1270 - unknown trade never falls through to an offer
  ---
  duration_ms: 12.5258
  type: 'test'
  ...
# Subtest: pause freezes scent movement and time and refuses actions
ok 1271 - pause freezes scent movement and time and refuses actions
  ---
  duration_ms: 29.8367
  type: 'test'
  ...
# Subtest: charge direction locks during windup rather than tracking evasion
ok 1272 - charge direction locks during windup rather than tracking evasion
  ---
  duration_ms: 29.6961
  type: 'test'
  ...
# Subtest: charge sweep respects banks and hits at most once per charge
ok 1273 - charge sweep respects banks and hits at most once per charge
  ---
  duration_ms: 30.2556
  type: 'test'
  ...
# Subtest: leaving charge lane avoids damage
ok 1274 - leaving charge lane avoids damage
  ---
  duration_ms: 6.726
  type: 'test'
  ...
# Subtest: path follower routes around rock and never enters it
ok 1275 - path follower routes around rock and never enters it
  ---
  duration_ms: 6.0362
  type: 'test'
  ...
# Subtest: fox on invalid ground explicitly recalled rather than stranded
ok 1276 - fox on invalid ground explicitly recalled rather than stranded
  ---
  duration_ms: 2.2487
  type: 'test'
  ...
# Subtest: beacon requires three encounters and only rewards once
ok 1277 - beacon requires three encounters and only rewards once
  ---
  duration_ms: 5.0023
  type: 'test'
  ...
# Subtest: return reward requires cart beacon and actual spring
ok 1278 - return reward requires cart beacon and actual spring
  ---
  duration_ms: 4.1566
  type: 'test'
  ...
# Subtest: new equipment and chapter facts survive round trip
ok 1279 - new equipment and chapter facts survive round trip
  ---
  duration_ms: 2.7043
  type: 'test'
  ...
# Subtest: inconsistent completion duplicate IDs and hidden cache claims reject
ok 1280 - inconsistent completion duplicate IDs and hidden cache claims reject
  ---
  duration_ms: 3.6989
  type: 'test'
  ...
# Subtest: invalid nested road data refuses rather than silently resetting
ok 1281 - invalid nested road data refuses rather than silently resetting
  ---
  duration_ms: 0.4939
  type: 'test'
  ...
# Subtest: road defeat permits explicit recovery without erasing quest or inventory
ok 1282 - road defeat permits explicit recovery without erasing quest or inventory
  ---
  duration_ms: 1.3
  type: 'test'
  ...
# Subtest: sandbox starts empty except four seeds and round trips
ok 1283 - sandbox starts empty except four seeds and round trips
  ---
  duration_ms: 16.5433
  type: 'test'
  ...
# Subtest: all village resource nodes have a walkable approach
ok 1284 - all village resource nodes have a walkable approach
  ---
  duration_ms: 0.4084
  type: 'test'
  ...
# Subtest: rejected gather leaves inventory and resource unchanged
ok 1285 - rejected gather leaves inventory and resource unchanged
  ---
  duration_ms: 1.8138
  type: 'test'
  ...
# Subtest: wood takes four hand swings and yields five timber once
ok 1286 - wood takes four hand swings and yields five timber once
  ---
  duration_ms: 15.1315
  type: 'test'
  ...
# Subtest: cooldown rejects fast repeated swings without damage
ok 1287 - cooldown rejects fast repeated swings without damage
  ---
  duration_ms: 1.1179
  type: 'test'
  ...
# Subtest: axe reduces timber harvest to two swings
ok 1288 - axe reduces timber harvest to two swings
  ---
  duration_ms: 0.9274
  type: 'test'
  ...
# Subtest: fibre supplies actual resource and one seed
ok 1289 - fibre supplies actual resource and one seed
  ---
  duration_ms: 0.5545
  type: 'test'
  ...
# Subtest: resource reappears after active time, not clock slider
ok 1290 - resource reappears after active time, not clock slider
  ---
  duration_ms: 71.5388
  type: 'test'
  ...
# Subtest: pause stops regrowth
ok 1291 - pause stops regrowth
  ---
  duration_ms: 1.0234
  type: 'test'
  ...
# Subtest: craft atomically consumes exact recipe and produces count
ok 1292 - craft atomically consumes exact recipe and produces count
  ---
  duration_ms: 1.4588
  type: 'test'
  ...
# Subtest: insufficient recipe never partially consumes
ok 1293 - insufficient recipe never partially consumes
  ---
  duration_ms: 0.6923
  type: 'test'
  ...
# Subtest: advanced tool requires proximity to workbench
ok 1294 - advanced tool requires proximity to workbench
  ---
  duration_ms: 0.63
  type: 'test'
  ...
# Subtest: inventory capacity refuses complete recipe before debit
ok 1295 - inventory capacity refuses complete recipe before debit
  ---
  duration_ms: 0.4167
  type: 'test'
  ...
# Subtest: old accepted command cannot be replayed after save reload
ok 1296 - old accepted command cannot be replayed after save reload
  ---
  duration_ms: 1.1662
  type: 'test'
  ...
# Subtest: old refusal is stable inside bounded deduplication window
ok 1297 - old refusal is stable inside bounded deduplication window
  ---
  duration_ms: 0.3908
  type: 'test'
  ...
# Subtest: deduplication ledger is bounded and validated
ok 1298 - deduplication ledger is bounded and validated
  ---
  duration_ms: 2.0601
  type: 'test'
  ...
# Subtest: unknown and prototype inventory properties are refused
ok 1299 - unknown and prototype inventory properties are refused
  ---
  duration_ms: 0.3345
  type: 'test'
  ...
# Subtest: forged negative or non-finite counts are refused
ok 1300 - forged negative or non-finite counts are refused
  ---
  duration_ms: 0.2015
  type: 'test'
  ...
# Subtest: forged bridge and resource rosters are refused
ok 1301 - forged bridge and resource rosters are refused
  ---
  duration_ms: 0.1287
  type: 'test'
  ...
# Subtest: bridge is gated until paid repair
ok 1302 - bridge is gated until paid repair
  ---
  duration_ms: 0.4899
  type: 'test'
  ...
# Subtest: unlocked bridge has a route to the homestead and back
ok 1303 - unlocked bridge has a route to the homestead and back
  ---
  duration_ms: 34.4233
  type: 'test'
  ...
# Subtest: all frontier resources have an accessible approach after repair
ok 1304 - all frontier resources have an accessible approach after repair
  ---
  duration_ms: 1.2932
  type: 'test'
  ...
# Subtest: crystal requires the crafted pick
ok 1305 - crystal requires the crafted pick
  ---
  duration_ms: 0.744
  type: 'test'
  ...
# Subtest: building only in marked bounds and within reach
ok 1306 - building only in marked bounds and within reach
  ---
  duration_ms: 0.8264
  type: 'test'
  ...
# Subtest: a block on the player is refused without consuming inventory
ok 1307 - a block on the player is refused without consuming inventory
  ---
  duration_ms: 0.7672
  type: 'test'
  ...
# Subtest: gold lane admits deck but rejects blocking wall
ok 1308 - gold lane admits deck but rejects blocking wall
  ---
  duration_ms: 5.1192
  type: 'test'
  ...
# Subtest: actual building changes pathfinding and reclaim restores it
ok 1309 - actual building changes pathfinding and reclaim restores it
  ---
  duration_ms: 2.6876
  type: 'test'
  ...
# Subtest: deck and block layers may coexist; stone stacks to three only
ok 1310 - deck and block layers may coexist; stone stacks to three only
  ---
  duration_ms: 4.5108
  type: 'test'
  ...
# Subtest: reclaim returns exactly the topmost crafted item
ok 1311 - reclaim returns exactly the topmost crafted item
  ---
  duration_ms: 1.9393
  type: 'test'
  ...
# Subtest: different furniture cannot overlap the same occupied layer
ok 1312 - different furniture cannot overlap the same occupied layer
  ---
  duration_ms: 0.8813
  type: 'test'
  ...
# Subtest: unsupported stacks and duplicate layers fail import
ok 1313 - unsupported stacks and duplicate layers fail import
  ---
  duration_ms: 2.8811
  type: 'test'
  ...
# Subtest: construction cannot trap a player in a closed enclosure
ok 1314 - construction cannot trap a player in a closed enclosure
  ---
  duration_ms: 1.871
  type: 'test'
  ...
# Subtest: harvest follows plant, water, growth, then yields food and seeds
ok 1315 - harvest follows plant, water, growth, then yields food and seeds
  ---
  duration_ms: 20.5579
  type: 'test'
  ...
# Subtest: growing bed cannot be recycled to silently lose crop state
ok 1316 - growing bed cannot be recycled to silently lose crop state
  ---
  duration_ms: 1.4097
  type: 'test'
  ...
# Subtest: placed workbench unlocks workbench recipes locally
ok 1317 - placed workbench unlocks workbench recipes locally
  ---
  duration_ms: 1.8882
  type: 'test'
  ...
# Subtest: save on unlocked shore preserves player, crops and builds
ok 1318 - save on unlocked shore preserves player, crops and builds
  ---
  duration_ms: 2.4097
  type: 'test'
  ...
# Subtest: version-three save migration preserves creative data, starts clean inventory
ok 1319 - version-three save migration preserves creative data, starts clean inventory
  ---
  duration_ms: 1.1424
  type: 'test'
  ...
# Subtest: migration never overwrites earlier storage key
ok 1320 - migration never overwrites earlier storage key
  ---
  duration_ms: 2.3424
  type: 'test'
  ...
# Subtest: invalid bridge-state save cannot place player beyond locked crossing
ok 1321 - invalid bridge-state save cannot place player beyond locked crossing
  ---
  duration_ms: 1.7073
  type: 'test'
  ...
# Subtest: sandbox rejects gameplay in interiors
ok 1322 - sandbox rejects gameplay in interiors
  ---
  duration_ms: 0.7918
  type: 'test'
  ...
# Subtest: an oversized delta cannot fast-forward the sandbox
ok 1323 - an oversized delta cannot fast-forward the sandbox
  ---
  duration_ms: 0.7817
  type: 'test'
  ...
# Subtest: a full end-to-end milestone fixture is consistent and restorable
ok 1324 - a full end-to-end milestone fixture is consistent and restorable
  ---
  duration_ms: 19.8012
  type: 'test'
  ...
# Subtest: isolated browser and CommonJS export only the pure four-function API
ok 1325 - isolated browser and CommonJS export only the pure four-function API
  ---
  duration_ms: 22.388
  type: 'test'
  ...
# Subtest: actual displacement drives stride independently of subdivision, speed and chase intent
ok 1326 - actual displacement drives stride independently of subdivision, speed and chase intent
  ---
  duration_ms: 2.0002
  type: 'test'
  ...
# Subtest: stopping holds phase, settles legs, and repeated samples do not fabricate motion
ok 1327 - stopping holds phase, settles legs, and repeated samples do not fabricate motion
  ---
  duration_ms: 0.427
  type: 'test'
  ...
# Subtest: long pauses freeze the full drawable pose and consume skipped placement
ok 1328 - long pauses freeze the full drawable pose and consume skipped placement
  ---
  duration_ms: 6.3951
  type: 'test'
  ...
# Subtest: scene/teleport/clock resets are isolated from source samples
ok 1329 - scene/teleport/clock resets are isolated from source samples
  ---
  duration_ms: 0.3072
  type: 'test'
  ...
# Subtest: only actual windup with finite authoritative duration produces the crouched tell
ok 1330 - only actual windup with finite authoritative duration produces the crouched tell
  ---
  duration_ms: 0.6078
  type: 'test'
  ...
# Subtest: recovery uses actual remaining duration to settle the head without implying success
ok 1331 - recovery uses actual remaining duration to settle the head without implying success
  ---
  duration_ms: 0.3667
  type: 'test'
  ...
# Subtest: reduced motion keeps six-leg gait and authoritative tell but suppresses bob
ok 1332 - reduced motion keeps six-leg gait and authoritative tell but suppresses bob
  ---
  duration_ms: 0.4087
  type: 'test'
  ...
# Subtest: six jointed legs use tripod phases, fixed bone lengths and visible swing clearance
ok 1333 - six jointed legs use tripod phases, fixed bone lengths and visible swing clearance
  ---
  duration_ms: 6.864
  type: 'test'
  ...
# Subtest: actual emitted meshes remain above supplied ground, finite, positive and bounded
ok 1334 - actual emitted meshes remain above supplied ground, finite, positive and bounded
  ---
  duration_ms: 1449.3826
  type: 'test'
  ...
# Subtest: all actual leg skins meet shared anchors at ordinary/named scales and floor/yaw changes
ok 1335 - all actual leg skins meet shared anchors at ordinary/named scales and floor/yaw changes
  ---
  duration_ms: 12.263
  type: 'test'
  ...
# Subtest: hips, plates and named spine roots attach inside the actual convex carapace
ok 1336 - hips, plates and named spine roots attach inside the actual convex carapace
  ---
  duration_ms: 1.8158
  type: 'test'
  ...
# Subtest: named scale occurs exactly once and unchanged original body envelope is preserved
ok 1337 - named scale occurs exactly once and unchanged original body envelope is preserved
  ---
  duration_ms: 0.6902
  type: 'test'
  ...
# Subtest: confirmed flash color and recoil come only from caller feedback, leaving joints and rules untouched
ok 1338 - confirmed flash color and recoil come only from caller feedback, leaving joints and rules untouched
  ---
  duration_ms: 0.7516
  type: 'test'
  ...
# Subtest: fresh motion/pose/parts and draw preserve all input and existing output records
ok 1339 - fresh motion/pose/parts and draw preserve all input and existing output records
  ---
  duration_ms: 0.729
  type: 'test'
  ...
# Subtest: malformed placement, recoil or mismatched named pose refuses before output mutation
ok 1340 - malformed placement, recoil or mismatched named pose refuses before output mutation
  ---
  duration_ms: 0.6128
  type: 'test'
  ...
# Subtest: the original immutable room profiles are separate from state and services
ok 1341 - the original immutable room profiles are separate from state and services
  ---
  duration_ms: 2.1931
  type: 'test'
  ...
# Subtest: five roads and actual Atlantis body medium have honest distinct atmosphere
ok 1342 - five roads and actual Atlantis body medium have honest distinct atmosphere
  ---
  duration_ms: 0.366
  type: 'test'
  ...
# Subtest: quiet state is driven by pause hidden page or actual death while retaining profile identity
ok 1343 - quiet state is driven by pause hidden page or actual death while retaining profile identity
  ---
  duration_ms: 0.2032
  type: 'test'
  ...
# Subtest: only living visible daytime outdoor Earth can chirp; no birds underground or in cosmic realms
ok 1344 - only living visible daytime outdoor Earth can chirp; no birds underground or in cosmic realms
  ---
  duration_ms: 0.5446
  type: 'test'
  ...
# Subtest: bounded graph creates exactly one noise loop and three voices connected only to its own bus
ok 1345 - bounded graph creates exactly one noise loop and three voices connected only to its own bus
  ---
  duration_ms: 3.463
  type: 'test'
  ...
# Subtest: room transitions schedule a new local mix once, with no per-frame allocation or master mutation
ok 1346 - room transitions schedule a new local mix once, with no per-frame allocation or master mutation
  ---
  duration_ms: 1.7711
  type: 'test'
  ...
# Subtest: pause and hidden changes fade the bus without stopping or replacing composed music master
ok 1347 - pause and hidden changes fade the bus without stopping or replacing composed music master
  ---
  duration_ms: 0.9451
  type: 'test'
  ...
# Subtest: bird cadence requires continuous elapsed frames and never backfills through reload or hidden gaps
ok 1348 - bird cadence requires continuous elapsed frames and never backfills through reload or hidden gaps
  ---
  duration_ms: 0.9557
  type: 'test'
  ...
# Subtest: disposal retires every owned loop and connection once and fences later updates
ok 1349 - disposal retires every owned loop and connection once and fences later updates
  ---
  duration_ms: 0.6828
  type: 'test'
  ...
# Subtest: profile projection does not change caller state or allocate audio authority
ok 1350 - profile projection does not change caller state or allocate audio authority
  ---
  duration_ms: 0.6203
  type: 'test'
  ...
# Subtest: reward blade and bow use actual equipment material in world geometry
ok 1351 - reward blade and bow use actual equipment material in world geometry
  ---
  duration_ms: 57.4548
  type: 'test'
  ...
# Subtest: named warning geometry includes the exact rule-defined strike radius
ok 1352 - named warning geometry includes the exact rule-defined strike radius
  ---
  duration_ms: 7.0202
  type: 'test'
  ...
# Subtest: riverbank rendering enables existing outdoor water and matches collision obstacles
ok 1353 - riverbank rendering enables existing outdoor water and matches collision obstacles
  ---
  duration_ms: 6.514
  type: 'test'
  ...
# Subtest: new quest state is explicit, versioned and round trips
ok 1354 - new quest state is explicit, versioned and round trips
  ---
  duration_ms: 3.6271
  type: 'test'
  ...
# Subtest: version-five adventure migrates without altering existing campaign or creative data
ok 1355 - version-five adventure migrates without altering existing campaign or creative data
  ---
  duration_ms: 13.4517
  type: 'test'
  ...
# Subtest: all banked XP boundaries retain XP and the existing five-level curve
ok 1356 - all banked XP boundaries retain XP and the existing five-level curve
  ---
  duration_ms: 3.2645
  type: 'test'
  ...
# Subtest: acceptance requires kit and actual Oren proximity without campaign consent
ok 1357 - acceptance requires kit and actual Oren proximity without campaign consent
  ---
  duration_ms: 9.9599
  type: 'test'
  ...
# Subtest: acceptance is one explicit event and survives cold reload
ok 1358 - acceptance is one explicit event and survives cold reload
  ---
  duration_ms: 2.5426
  type: 'test'
  ...
# Subtest: pre-acceptance pocket has no quest kills or pickups to backfill
ok 1359 - pre-acceptance pocket has no quest kills or pickups to backfill
  ---
  duration_ms: 3.1633
  type: 'test'
  ...
# Subtest: room dispatch and each objective use real collision-valid routes
ok 1360 - room dispatch and each objective use real collision-valid routes
  ---
  duration_ms: 32.3111
  type: 'test'
  ...
# Subtest: each bundle is unique, proximity checked and never spends ordinary materials
ok 1361 - each bundle is unique, proximity checked and never spends ordinary materials
  ---
  duration_ms: 6.1186
  type: 'test'
  ...
# Subtest: named defeat can precede bundles and stays resolved after returning/re-entry
ok 1362 - named defeat can precede bundles and stays resolved after returning/re-entry
  ---
  duration_ms: 11.701
  type: 'test'
  ...
# Subtest: incomplete, distant and unknown-reward turn-ins refuse atomically
ok 1363 - incomplete, distant and unknown-reward turn-ins refuse atomically
  ---
  duration_ms: 8.1516
  type: 'test'
  ...
# Subtest: full currency capacity preserves every objective and reward for retry
ok 1364 - full currency capacity preserves every objective and reward for retry
  ---
  duration_ms: 2.0421
  type: 'test'
  ...
# Subtest: oren_sunblade is awarded once, deliberately equipped, and saved with correct mechanics
ok 1365 - oren_sunblade is awarded once, deliberately equipped, and saved with correct mechanics
  ---
  duration_ms: 4.0534
  type: 'test'
  ...
# Subtest: oren_reedbow is awarded once, deliberately equipped, and saved with correct mechanics
ok 1366 - oren_reedbow is awarded once, deliberately equipped, and saved with correct mechanics
  ---
  duration_ms: 1.8739
  type: 'test'
  ...
# Subtest: single veteran temper preserves weapon identity, socket, cadence and health
ok 1367 - single veteran temper preserves weapon identity, socket, cadence and health
  ---
  duration_ms: 1.0928
  type: 'test'
  ...
# Subtest: temper refuses unknown, unowned and armor targets without a partial payout
ok 1368 - temper refuses unknown, unowned and armor targets without a partial payout
  ---
  duration_ms: 4.5551
  type: 'test'
  ...
# Subtest: new bow really launches primary and piercing projectiles with costs and hit events
ok 1369 - new bow really launches primary and piercing projectiles with costs and hit events
  ---
  duration_ms: 7.8436
  type: 'test'
  ...
# Subtest: practice target supports blade and yields no XP, loot, coins or quest progress
ok 1370 - practice target supports blade and yields no XP, loot, coins or quest progress
  ---
  duration_ms: 1.0964
  type: 'test'
  ...
# Subtest: new equipment keeps independent removable socket and validates after reload
ok 1371 - new equipment keeps independent removable socket and validates after reload
  ---
  duration_ms: 3.0084
  type: 'test'
  ...
# Subtest: named tell locks aim and allows both a guarded hit and a movement response
ok 1372 - named tell locks aim and allows both a guarded hit and a movement response
  ---
  duration_ms: 18.9878
  type: 'test'
  ...
# Subtest: save validation rejects impossible quest state and reward combinations
ok 1373 - save validation rejects impossible quest state and reward combinations
  ---
  duration_ms: 4.0825
  type: 'test'
  ...
# Subtest: kit blade sees the actual ordinary tell and Brace halves its resolved hit
ok 1374 - kit blade sees the actual ordinary tell and Brace halves its resolved hit
  ---
  duration_ms: 69.3759
  type: 'test'
  ...
# Subtest: fresh bow sees the actual ordinary tell and Brace halves its resolved hit
ok 1375 - fresh bow sees the actual ordinary tell and Brace halves its resolved hit
  ---
  duration_ms: 118.8709
  type: 'test'
  ...
# Subtest: movement away from the locked ordinary aim avoids its actual impact with the kit
ok 1376 - movement away from the locked ordinary aim avoids its actual impact with the kit
  ---
  duration_ms: 14.2761
  type: 'test'
  ...
# Subtest: fixed ordinary health stays easy for stronger gear without scaling or changing banked XP
ok 1377 - fixed ordinary health stays easy for stronger gear without scaling or changing banked XP
  ---
  duration_ms: 12.6985
  type: 'test'
  ...
# Subtest: ordinary fights stay optional and named threat, rewards, cooldown and weapon distinctions retain their rules
ok 1378 - ordinary fights stay optional and named threat, rewards, cooldown and weapon distinctions retain their rules
  ---
  duration_ms: 1.3073
  type: 'test'
  ...
# Subtest: both decoded maps are required; scene clear neither cancels nor reloads engine maps
ok 1379 - both decoded maps are required; scene clear neither cancels nor reloads engine maps
  ---
  duration_ms: 10.4599
  type: 'test'
  ...
# Subtest: missing maps and incompatible contracts stay usable with untextured fallback
ok 1380 - missing maps and incompatible contracts stay usable with untextured fallback
  ---
  duration_ms: 12.0861
  type: 'test'
  ...
# Subtest: PNG payload type and grayscale header are checked before decoding
ok 1381 - PNG payload type and grayscale header are checked before decoding
  ---
  duration_ms: 1.4073
  type: 'test'
  ...
# Subtest: decode errors and wrong decoded dimensions cancel peers and stale completions
ok 1382 - decode errors and wrong decoded dimensions cancel peers and stale completions
  ---
  duration_ms: 2.477
  type: 'test'
  ...
# Subtest: failed uploads free temporary maps and restore shared texture/unpack state
ok 1383 - failed uploads free temporary maps and restore shared texture/unpack state
  ---
  duration_ms: 2.837
  type: 'test'
  ...
# Subtest: map-only disposal invalidates in-flight completions and deletes only owned ready textures
ok 1384 - map-only disposal invalidates in-flight completions and deletes only owned ready textures
  ---
  duration_ms: 4.6777
  type: 'test'
  ...
# Subtest: two engines independently own their decoders and uploaded maps
ok 1385 - two engines independently own their decoders and uploaded maps
  ---
  duration_ms: 3.1478
  type: 'test'
  ...
# Subtest: context loss invalidates images and maps with no restoration or later upload
ok 1386 - context loss invalidates images and maps with no restoration or later upload
  ---
  duration_ms: 3.0583
  type: 'test'
  ...
# Subtest: timber shares exact box geometry and collision extent with complete grain-oriented face UVs
ok 1387 - timber shares exact box geometry and collision extent with complete grain-oriented face UVs
  ---
  duration_ms: 3.1086
  type: 'test'
  ...
# Subtest: material flags stay per batch; reflection uses material while depth and cutaway retain their scope
ok 1388 - material flags stay per batch; reflection uses material while depth and cutaway retain their scope
  ---
  duration_ms: 3.1134
  type: 'test'
  ...
# Subtest: unstarted, absent, unknown and unowned equipment produce no gear
ok 1389 - unstarted, absent, unknown and unowned equipment produce no gear
  ---
  duration_ms: 61.4936
  type: 'test'
  ...
# Subtest: read-only attachment summary reports exactly the rendered grip and actual markers
ok 1390 - read-only attachment summary reports exactly the rendered grip and actual markers
  ---
  duration_ms: 30.8957
  type: 'test'
  ...
# Subtest: a command-earned kit is held at the right palm through actual root yaw and terrain height
ok 1391 - a command-earned kit is held at the right palm through actual root yaw and terrain height
  ---
  duration_ms: 6.1951
  type: 'test'
  ...
# Subtest: curved bow grip and both string segments attach to the two moving palms
ok 1392 - curved bow grip and both string segments attach to the two moving palms
  ---
  duration_ms: 16.6128
  type: 'test'
  ...
# Subtest: ordinary travel stows blade at hip and bow at back without hand-held copies
ok 1393 - ordinary travel stows blade at hip and bow at back without hand-held copies
  ---
  duration_ms: 54.6846
  type: 'test'
  ...
# Subtest: each catalogue weapon preserves its own colour, gem, fittings and separate Oren temper
ok 1394 - each catalogue weapon preserves its own colour, gem, fittings and separate Oren temper
  ---
  duration_ms: 245.3797
  type: 'test'
  ...
# Subtest: markers project only the selected weapon rather than another owned weapon
ok 1395 - markers project only the selected weapon rather than another owned weapon
  ---
  duration_ms: 3.815
  type: 'test'
  ...
# Subtest: family silhouettes differ within a bounded traveller scale
ok 1396 - family silhouettes differ within a bounded traveller scale
  ---
  duration_ms: 29.4963
  type: 'test'
  ...
# Subtest: blade anticipation, recovery and guard keep the grip connected while changing orientation
ok 1397 - blade anticipation, recovery and guard keep the grip connected while changing orientation
  ---
  duration_ms: 6.9205
  type: 'test'
  ...
# Subtest: reduced motion keeps essential palm connections without phase-driven blade flourishes
ok 1398 - reduced motion keeps essential palm connections without phase-driven blade flourishes
  ---
  duration_ms: 11.0878
  type: 'test'
  ...
# Subtest: all equipment transforms stay finite, orthogonal and under forty instances
ok 1399 - all equipment transforms stay finite, orthogonal and under forty instances
  ---
  duration_ms: 60.8721
  type: 'test'
  ...
# Subtest: read-only rendering does not create runtime, commands, effects or arrows
ok 1400 - read-only rendering does not create runtime, commands, effects or arrows
  ---
  duration_ms: 5.267
  type: 'test'
  ...
# Subtest: gathered and command-crafted bow projects the actual equipped item
ok 1401 - gathered and command-crafted bow projects the actual equipped item
  ---
  duration_ms: 90.9329
  type: 'test'
  ...
# Subtest: finite realm collars preserve prior markers and follow the actual blade or curved bow segment
ok 1402 - finite realm collars preserve prior markers and follow the actual blade or curved bow segment
  ---
  duration_ms: 317.748
  type: 'test'
  ...
# Subtest: queued release joins the actual full windup pose, including submitted blade axis
ok 1403 - queued release joins the actual full windup pose, including submitted blade axis
  ---
  duration_ms: 46.6588
  type: 'test'
  ...
# Subtest: direct accepted strikes start at ready and never fabricate a prior windup
ok 1404 - direct accepted strikes start at ready and never fabricate a prior windup
  ---
  duration_ms: 1.9757
  type: 'test'
  ...
# Subtest: a bounded cut has intermediate poses and settles without a phase-boundary jump
ok 1405 - a bounded cut has intermediate poses and settles without a phase-boundary jump
  ---
  duration_ms: 5.6598
  type: 'test'
  ...
# Subtest: submitted blade basis has no arbitrary roll flips during its complete cut and settle
ok 1406 - submitted blade basis has no arbitrary roll flips during its complete cut and settle
  ---
  duration_ms: 83.8018
  type: 'test'
  ...
# Subtest: actual blade and tip volumes clear the conservative head bounds through the whole attack
ok 1407 - actual blade and tip volumes clear the conservative head bounds through the whole attack
  ---
  duration_ms: 377.3422
  type: 'test'
  ...
# Subtest: body balance is visible above fixed physical feet and quiet in reduced motion
ok 1408 - body balance is visible above fixed physical feet and quiet in reduced motion
  ---
  duration_ms: 28.6446
  type: 'test'
  ...
# Subtest: reduced motion bounds the blade hand cue and suppresses secondary equipment/body sweep
ok 1409 - reduced motion bounds the blade hand cue and suppresses secondary equipment/body sweep
  ---
  duration_ms: 4.6071
  type: 'test'
  ...
# Subtest: guard and swim override both release origins without adding a second attack pose
ok 1410 - guard and swim override both release origins without adding a second attack pose
  ---
  duration_ms: 4.9585
  type: 'test'
  ...
# Subtest: rendered palms, balanced torso and canonical gear share one frame through actual world yaw
ok 1411 - rendered palms, balanced torso and canonical gear share one frame through actual world yaw
  ---
  duration_ms: 27.6636
  type: 'test'
  ...
# Subtest: carried gear and the held blade sheath remain outside the accepted-release curves
ok 1412 - carried gear and the held blade sheath remain outside the accepted-release curves
  ---
  duration_ms: 13.9744
  type: 'test'
  ...
# Subtest: production autoattack still uses its real queued epoch and accepted manual attack has no fake anticipation
ok 1413 - production autoattack still uses its real queued epoch and accepted manual attack has no fake anticipation
  ---
  duration_ms: 24.8939
  type: 'test'
  ...
# Subtest: CommonJS and browser globals expose the same bounded rig API
ok 1414 - CommonJS and browser globals expose the same bounded rig API
  ---
  duration_ms: 1.5735
  type: 'test'
  ...
# Subtest: gallery stroke keeps limbs connected and reduced motion settles the arms
ok 1415 - gallery stroke keeps limbs connected and reduced motion settles the arms
  ---
  duration_ms: 1.8235
  type: 'test'
  ...
# Subtest: gait phase follows accepted distance and survives frame subdivision
ok 1416 - gait phase follows accepted distance and survives frame subdivision
  ---
  duration_ms: 1.7535
  type: 'test'
  ...
# Subtest: stationary walking intent never drives foot shuffling
ok 1417 - stationary walking intent never drives foot shuffling
  ---
  duration_ms: 0.5288
  type: 'test'
  ...
# Subtest: stopping holds phase and eases the feet into a settled stance
ok 1418 - stopping holds phase and eases the feet into a settled stance
  ---
  duration_ms: 0.375
  type: 'test'
  ...
# Subtest: repeated samples and long pauses preserve the complete drawable pose
ok 1419 - repeated samples and long pauses preserve the complete drawable pose
  ---
  duration_ms: 2.4616
  type: 'test'
  ...
# Subtest: paused coordinates are consumed without turning skipped travel into steps
ok 1420 - paused coordinates are consumed without turning skipped travel into steps
  ---
  duration_ms: 0.1938
  type: 'test'
  ...
# Subtest: scene changes, teleports and clock discontinuities reset the stance
ok 1421 - scene changes, teleports and clock discontinuities reset the stance
  ---
  duration_ms: 0.2129
  type: 'test'
  ...
# Subtest: reduced motion keeps essential gait and weapon alignment without secondary drift
ok 1422 - reduced motion keeps essential gait and weapon alignment without secondary drift
  ---
  duration_ms: 0.7155
  type: 'test'
  ...
# Subtest: walking has visible foot clearance and preserves fixed limb lengths
ok 1423 - walking has visible foot clearance and preserves fixed limb lengths
  ---
  duration_ms: 3.2882
  type: 'test'
  ...
# Subtest: blade/bow anticipation, recovery and guard are connected and distinct
ok 1424 - blade/bow anticipation, recovery and guard are connected and distinct
  ---
  duration_ms: 2.0009
  type: 'test'
  ...
# Subtest: draw segments actually connect the named joints under root translation and yaw
ok 1425 - draw segments actually connect the named joints under root translation and yaw
  ---
  duration_ms: 3.4713
  type: 'test'
  ...
# Subtest: palette choices and explicitly supplied armor colour are retained
ok 1426 - palette choices and explicitly supplied armor colour are retained
  ---
  duration_ms: 1.9432
  type: 'test'
  ...
# Subtest: all transforms stay finite, actor geometry has no camera authority, and budget stays bounded
ok 1427 - all transforms stay finite, actor geometry has no camera authority, and budget stays bounded
  ---
  duration_ms: 55.7487
  type: 'test'
  ...
# Subtest: malformed numerical motion inputs cannot poison matrices
ok 1428 - malformed numerical motion inputs cannot poison matrices
  ---
  duration_ms: 0.7985
  type: 'test'
  ...
# Subtest: sampling, posing and drawing leave input rules, motion and profiles immutable
ok 1429 - sampling, posing and drawing leave input rules, motion and profiles immutable
  ---
  duration_ms: 0.9897
  type: 'test'
  ...
# Subtest: explicit fresh whole-draft cohort is required
ok 1430 - explicit fresh whole-draft cohort is required # SKIP Run tools/whole_draft_journey.cjs; no whole-draft cohort was supplied to this generic rules invocation.
  ---
  duration_ms: 1.8951
  type: 'test'
  ...
# \# Scope: actual Core/commands/moveTo/tick and UI owners; DOM string/attribute sink, validated RAM save acknowledgement. No native/browser/pixel proof.
# \# Setup counters: 27 production movement legs; 940 production ticks. Late-history cases are labelled synthetic derivatives of the installed fixture.
# Subtest: fresh actual Journal prioritizes usable Chapter I and retains all locked requests
ok 1431 - fresh actual Journal prioritizes usable Chapter I and retains all locked requests
  ---
  duration_ms: 22.8968
  type: 'test'
  ...
# Subtest: actual kit, crossing and accepted trail retain manual Homestead
ok 1432 - actual kit, crossing and accepted trail retain manual Homestead
  ---
  duration_ms: 41.4028
  type: 'test'
  ...
# Subtest: manual Story keeps actual chapter and its visible tracker opens Journal in a local realm
ok 1433 - manual Story keeps actual chapter and its visible tracker opens Journal in a local realm
  ---
  duration_ms: 13.4294
  type: 'test'
  ...
# Subtest: a different explicit tracker choice replaces the transient selection
ok 1434 - a different explicit tracker choice replaces the transient selection
  ---
  duration_ms: 15.3911
  type: 'test'
  ...
# Subtest: real accepted commission card Track replaces Homestead without changing any saved facts
ok 1435 - real accepted commission card Track replaces Homestead without changing any saved facts
  ---
  duration_ms: 17.507
  type: 'test'
  ...
# Subtest: failed actual project pin does not create a manual preference or alter the current tracker
ok 1436 - failed actual project pin does not create a manual preference or alter the current tracker
  ---
  duration_ms: 2.3133
  type: 'test'
  ...
# Subtest: passive acceptance projection cannot steal a manual choice; no preference is saved
ok 1437 - passive acceptance projection cannot steal a manual choice; no preference is saved
  ---
  duration_ms: 13.3097
  type: 'test'
  ...
# Subtest: actual continuation acceptance retains manual Homestead and appears outside the locked Journal group (synthetic late history)
ok 1438 - actual continuation acceptance retains manual Homestead and appears outside the locked Journal group (synthetic late history)
  ---
  duration_ms: 17.9352
  type: 'test'
  ...
# Subtest: claimed campaign stays visibly completed after a prior explicit track (labelled synthetic late history)
ok 1439 - claimed campaign stays visibly completed after a prior explicit track (labelled synthetic late history)
  ---
  duration_ms: 22.5674
  type: 'test'
  ...
# Subtest: actual legacy Cosmos and Hearthwater visits cannot overwrite a manually selected Homestead
ok 1440 - actual legacy Cosmos and Hearthwater visits cannot overwrite a manually selected Homestead
  ---
  duration_ms: 61.1411
  type: 'test'
  ...
# Subtest: no manual preference survives a new Simulation body or a cold UI constructor
ok 1441 - no manual preference survives a new Simulation body or a cold UI constructor
  ---
  duration_ms: 12.7496
  type: 'test'
  ...
# Subtest: realm concept catalogue accurately names installed local arcs without promising full realms
ok 1442 - realm concept catalogue accurately names installed local arcs without promising full realms
  ---
  duration_ms: 0.517
  type: 'test'
  ...
# Subtest: refused bow transaction preserves every live field and can retry one identical request
ok 1443 - refused bow transaction preserves every live field and can retry one identical request
  ---
  duration_ms: 31.4449
  type: 'test'
  ...
# Subtest: sandbox craft saves materials, output, receipt and journal together
ok 1444 - sandbox craft saves materials, output, receipt and journal together
  ---
  duration_ms: 11.0956
  type: 'test'
  ...
# Subtest: forge cannot spend ore or coins before a durable write
ok 1445 - forge cannot spend ore or coins before a durable write
  ---
  duration_ms: 6.0185
  type: 'test'
  ...
# Subtest: socket replacement and removal preserve loose gems on refusal and return them exactly once
ok 1446 - socket replacement and removal preserve loose gems on refusal and return them exactly once
  ---
  duration_ms: 16.594
  type: 'test'
  ...
# Subtest: equipping preserves selected equipment on refusal and retains the live combat runtime
ok 1447 - equipping preserves selected equipment on refusal and retains the live combat runtime
  ---
  duration_ms: 6.7203
  type: 'test'
  ...
# Subtest: both finite field-guide fittings save exact costs and keep weapon identity, socket and equipment
ok 1448 - both finite field-guide fittings save exact costs and keep weapon identity, socket and equipment
  ---
  duration_ms: 10.466
  type: 'test'
  ...
# Subtest: explicit starter oren_sunblade survives refusal and pays its one canonical reward
ok 1449 - explicit starter oren_sunblade survives refusal and pays its one canonical reward
  ---
  duration_ms: 6.5957
  type: 'test'
  ...
# Subtest: explicit starter oren_reedbow survives refusal and pays its one canonical reward
ok 1450 - explicit starter oren_reedbow survives refusal and pays its one canonical reward
  ---
  duration_ms: 4.5593
  type: 'test'
  ...
# Subtest: explicit starter temper survives refusal and pays its one canonical reward
ok 1451 - explicit starter temper survives refusal and pays its one canonical reward
  ---
  duration_ms: 5.0267
  type: 'test'
  ...
# Subtest: completed survey payout is one atomic current-run ledger transition
ok 1452 - completed survey payout is one atomic current-run ledger transition
  ---
  duration_ms: 5.1962
  type: 'test'
  ...
# Subtest: Tessa tonic uses current road context and durably spends exactly one offer
ok 1453 - Tessa tonic uses current road context and durably spends exactly one offer
  ---
  duration_ms: 15.4227
  type: 'test'
  ...
# Subtest: Tessa mantle uses current road context and durably spends exactly one offer
ok 1454 - Tessa mantle uses current road context and durably spends exactly one offer
  ---
  duration_ms: 7.5431
  type: 'test'
  ...
# Subtest: Tessa sell-copper uses current road context and durably spends exactly one offer
ok 1455 - Tessa sell-copper uses current road context and durably spends exactly one offer
  ---
  duration_ms: 7.504
  type: 'test'
  ...
# Subtest: Tessa sell-berries uses current road context and durably spends exactly one offer
ok 1456 - Tessa sell-berries uses current road context and durably spends exactly one offer
  ---
  duration_ms: 7.4225
  type: 'test'
  ...
# Subtest: Bellweather bench uses actual local position while saving the home checkpoint
ok 1457 - Bellweather bench uses actual local position while saving the home checkpoint
  ---
  duration_ms: 1.9328
  type: 'test'
  ...
# Subtest: source conflict leaves supplies and the other tab saved bytes intact
ok 1458 - source conflict leaves supplies and the other tab saved bytes intact
  ---
  duration_ms: 7.4747
  type: 'test'
  ...
# Subtest: managed character writer rejection keeps current character materials and receipts intact
ok 1459 - managed character writer rejection keeps current character materials and receipts intact
  ---
  duration_ms: 12.7522
  type: 'test'
  ...
# Subtest: thrown saver preserves the full live state and does not reserve the request identity
ok 1460 - thrown saver preserves the full live state and does not reserve the request identity
  ---
  duration_ms: 12.0574
  type: 'test'
  ...
# Subtest: rules refuse wrong benches, insufficient costs, invalid ownership and changed receipt terms before saving
ok 1461 - rules refuse wrong benches, insufficient costs, invalid ownership and changed receipt terms before saving
  ---
  duration_ms: 10.4298
  type: 'test'
  ...
# Subtest: pause policies remain canonical and a saver is always required for a new successful action
ok 1462 - pause policies remain canonical and a saver is always required for a new successful action
  ---
  duration_ms: 2.8845
  type: 'test'
  ...
# Subtest: validation refusal keeps the exact live canonical state and prevents saving
ok 1463 - validation refusal keeps the exact live canonical state and prevents saving
  ---
  duration_ms: 1.4206
  type: 'test'
  ...
# Subtest: only the reviewed state-only economic and finite Earth-story names are accepted
ok 1464 - only the reviewed state-only economic and finite Earth-story names are accepted
  ---
  duration_ms: 1.3071
  type: 'test'
  ...
# Subtest: exactly five finite Earth-story actions join the explicit command set
ok 1465 - exactly five finite Earth-story actions join the explicit command set
  ---
  duration_ms: 0.1641
  type: 'test'
  ...
# Subtest: Earth consent saves before adoption and keeps all live context and actor epochs
ok 1466 - Earth consent saves before adoption and keeps all live context and actor epochs
  ---
  duration_ms: 4.4757
  type: 'test'
  ...
# Subtest: every mill delivery transition survives quota refusal and same-request retry with one cost and payout
ok 1467 - every mill delivery transition survives quota refusal and same-request retry with one cost and payout
  ---
  duration_ms: 50.0424
  type: 'test'
  ...
# Subtest: Earth task prerequisites, cost, source room, local position and pause refuse before saving
ok 1468 - Earth task prerequisites, cost, source room, local position and pause refuse before saving
  ---
  duration_ms: 27.1283
  type: 'test'
  ...
# Subtest: all compatible improvements remain available after the single delivery without a second payout
ok 1469 - all compatible improvements remain available after the single delivery without a second payout
  ---
  duration_ms: 33.0893
  type: 'test'
  ...
# Subtest: each Earth payment capacity refusal preserves unpaid work and exact rewards have zero XP
ok 1470 - each Earth payment capacity refusal preserves unpaid work and exact rewards have zero XP
  ---
  duration_ms: 28.0179
  type: 'test'
  ...
# Subtest: Earth repair rejects foreign source bytes and keeps the other writer intact
ok 1471 - Earth repair rejects foreign source bytes and keeps the other writer intact
  ---
  duration_ms: 4.2937
  type: 'test'
  ...
# Subtest: managed writer refusal preserves Earth payment and permits a later owned retry
ok 1472 - managed writer refusal preserves Earth payment and permits a later owned retry
  ---
  duration_ms: 12.6026
  type: 'test'
  ...
# Subtest: all new static scenery uses supported finite meshes instead of silent cylinder fallback
ok 1473 - all new static scenery uses supported finite meshes instead of silent cylinder fallback
  ---
  duration_ms: 475.471
  type: 'test'
  ...
# Subtest: visible solid boxes match canonical body collision footprints and heights
ok 1474 - visible solid boxes match canonical body collision footprints and heights
  ---
  duration_ms: 58.3936
  type: 'test'
  ...
# Subtest: submitted opaque geometry leaves the actual 3D gallery body route clear
ok 1475 - submitted opaque geometry leaves the actual 3D gallery body route clear
  ---
  duration_ms: 41.0893
  type: 'test'
  ...
# Subtest: wet volume under the civic deck retains actual head clearance
ok 1476 - wet volume under the civic deck retains actual head clearance
  ---
  duration_ms: 3.2579
  type: 'test'
  ...
# Subtest: only the two exact Atlantis shelter roofs receive preference-controlled roof reveal
ok 1477 - only the two exact Atlantis shelter roofs receive preference-controlled roof reveal
  ---
  duration_ms: 36.9852
  type: 'test'
  ...
# Subtest: exact two canonical realms have finite, unique, immutable data and stable work identities
ok 1478 - exact two canonical realms have finite, unique, immutable data and stable work identities
  ---
  duration_ms: 5.2175
  type: 'test'
  ...
# Subtest: module load publishes only its declared API and never reads a simulation or host service
ok 1479 - module load publishes only its declared API and never reads a simulation or host service
  ---
  duration_ms: 6.3804
  type: 'test'
  ...
# Subtest: every entry and interaction anchor has full actor clearance on bounded dry ground
ok 1480 - every entry and interaction anchor has full actor clearance on bounded dry ground
  ---
  duration_ms: 1.021
  type: 'test'
  ...
# Subtest: both Earth approaches, work loop and optional side routes have analytically continuous ground
ok 1481 - both Earth approaches, work loop and optional side routes have analytically continuous ground
  ---
  duration_ms: 8.2697
  type: 'test'
  ...
# Subtest: Farwake work and the far landing remain connected without diving or a closed civic back wall
ok 1482 - Farwake work and the far landing remain connected without diving or a closed civic back wall
  ---
  duration_ms: 1.1774
  type: 'test'
  ...
# Subtest: bounded gallery route clears physical walls and full body depth, including the real court doorway
ok 1483 - bounded gallery route clears physical walls and full body depth, including the real court doorway
  ---
  duration_ms: 0.7017
  type: 'test'
  ...
# Subtest: dive entry and wet exit anchors agree with reachable transfer destinations
ok 1484 - dive entry and wet exit anchors agree with reachable transfer destinations
  ---
  duration_ms: 0.3018
  type: 'test'
  ...
# Subtest: actual decoration is finite, deterministic, bounded and pure across claimed/unclaimed worlds
ok 1485 - actual decoration is finite, deterministic, bounded and pure across claimed/unclaimed worlds
  ---
  duration_ms: 79.9813
  type: 'test'
  ...
# Subtest: roofs and important structural decoration agree with the canonical solid footprints
ok 1486 - roofs and important structural decoration agree with the canonical solid footprints
  ---
  duration_ms: 5.9382
  type: 'test'
  ...
# Subtest: civic side support physically meets the canopy underside across its full length
ok 1487 - civic side support physically meets the canopy underside across its full length
  ---
  duration_ms: 0.4964
  type: 'test'
  ...
# Subtest: the real Farwake civic canopy participates in the existing preference-controlled shelter reveal
ok 1488 - the real Farwake civic canopy participates in the existing preference-controlled shelter reveal
  ---
  duration_ms: 0.4471
  type: 'test'
  ...
# Subtest: bridge timber skins use the real UV mesh, clear every retained joint and stay above only existing deck
ok 1489 - bridge timber skins use the real UV mesh, clear every retained joint and stay above only existing deck
  ---
  duration_ms: 7.9592
  type: 'test'
  ...
# Subtest: narrow field path geometry lies wholly on supported clear ground and door faces remain closed decoration
ok 1490 - narrow field path geometry lies wholly on supported clear ground and door faces remain closed decoration
  ---
  duration_ms: 10.9135
  type: 'test'
  ...
# Subtest: distant ridges use the actual mountain mesh and remain outside Earth rather than becoming false paths
ok 1491 - distant ridges use the actual mountain mesh and remain outside Earth rather than becoming false paths
  ---
  duration_ms: 31.8591
  type: 'test'
  ...
# Subtest: every accepted objective has a validated production path back to its own giver
ok 1492 - every accepted objective has a validated production path back to its own giver
  ---
  duration_ms: 510.0526
  type: 'test'
  ...
# Subtest: blade falls in hell and revives at home with accepted work and belongings retained
ok 1493 - blade falls in hell and revives at home with accepted work and belongings retained
  ---
  duration_ms: 151.506
  type: 'test'
  ...
# Subtest: bow falls in earthlands and revives at home with accepted work and belongings retained
ok 1494 - bow falls in earthlands and revives at home with accepted work and belongings retained
  ---
  duration_ms: 227.86
  type: 'test'
  ...
# Subtest: blade earns hell defeat, guarded combat, retreat and free return without legacy rewards
ok 1495 - blade earns hell defeat, guarded combat, retreat and free return without legacy rewards
  ---
  duration_ms: 81.2935
  type: 'test'
  ...
# {"realm":"hell","style":"blade","weapon":"trail_blade","entry":{"x":0,"z":31,"yaw":3.141592653589793},"stage":{"x":44,"z":-82},"battle":{"x":44,"z":-92.9},"refuge":{"x":44,"z":-60},"firstBrace":{"at":47.59999999999943,"aim":{"x":44,"z":-92.9},"windupRemaining":1.05,"hitAfter":1.0499999999999403,"healthBefore":100,"healthAfter":96,"recoveryRemaining":1.1},"firstAttack":{"hits":1,"hp":90,"firstArrowAfter":null,"impacts":[{"after":0.19999999999998863,"before":90,"hp":74}]},"secondBrace":{"at":114.49999999999564,"aim":{"x":44,"z":-92.9},"windupRemaining":1.05,"hitAfter":1.0499999999999403,"healthBefore":100,"healthAfter":96,"recoveryRemaining":1.1},"battleResult":{"hits":6,"hp":90,"firstArrowAfter":null,"impacts":[{"after":0.19999999999998863,"before":90,"hp":74},{"after":0.7999999999999545,"before":74,"hp":58},{"after":1.3999999999999204,"before":58,"hp":42},{"after":1.9999999999998863,"before":42,"hp":26},{"after":2.599999999999852,"before":26,"hp":10},{"after":3.199999999999818,"before":10,"hp":0}]},"tickSeconds":0.05}
# Subtest: bow earns hell defeat, guarded combat, retreat and free return without legacy rewards
ok 1496 - bow earns hell defeat, guarded combat, retreat and free return without legacy rewards
  ---
  duration_ms: 71.7707
  type: 'test'
  ...
# {"realm":"hell","style":"bow","weapon":"trail_bow","entry":{"x":0,"z":31,"yaw":3.141592653589793},"stage":{"x":44,"z":-82},"battle":{"x":44,"z":-90},"refuge":{"x":44,"z":-60},"firstBrace":{"at":99.49999999999649,"aim":{"x":44,"z":-90},"windupRemaining":1.05,"hitAfter":1.0499999999999403,"healthBefore":100,"healthAfter":96,"recoveryRemaining":1.1},"firstAttack":{"hits":1,"hp":90,"firstArrowAfter":0.19999999999998863,"impacts":[{"after":0.3499999999999801,"before":90,"hp":77}]},"secondBrace":{"at":165.65000000000342,"aim":{"x":44,"z":-90},"windupRemaining":1.05,"hitAfter":1.0500000000002387,"healthBefore":100,"healthAfter":96,"recoveryRemaining":1.1},"battleResult":{"hits":7,"hp":90,"firstArrowAfter":0.20000000000004547,"impacts":[{"after":0.3500000000000796,"before":90,"hp":77},{"after":1.1500000000002615,"before":77,"hp":64},{"after":1.9500000000004434,"before":64,"hp":51},{"after":2.7500000000006253,"before":51,"hp":38},{"after":3.550000000000807,"before":38,"hp":25},{"after":4.350000000000989,"before":25,"hp":12},{"after":5.150000000001171,"before":12,"hp":0}]},"tickSeconds":0.05}
# Subtest: blade earns earthlands defeat, guarded combat, retreat and free return without legacy rewards
ok 1497 - blade earns earthlands defeat, guarded combat, retreat and free return without legacy rewards
  ---
  duration_ms: 283.86
  type: 'test'
  ...
# {"realm":"earthlands","style":"blade","weapon":"trail_blade","entry":{"x":0,"z":104,"yaw":3.141592653589793},"stage":{"x":-29,"z":-8},"battle":{"x":-29,"z":-18.9},"refuge":{"x":0,"z":23},"firstBrace":{"at":51.14999999999923,"aim":{"x":-29,"z":-18.9},"windupRemaining":0.75,"hitAfter":0.7499999999999574,"healthBefore":100,"healthAfter":96,"recoveryRemaining":1.1},"firstAttack":{"hits":1,"hp":72,"firstArrowAfter":null,"impacts":[{"after":0.19999999999998863,"before":72,"hp":56}]},"secondBrace":{"at":127.4499999999949,"aim":{"x":-29,"z":-18.9},"windupRemaining":0.75,"hitAfter":0.75,"healthBefore":100,"healthAfter":96,"recoveryRemaining":1.1},"battleResult":{"hits":5,"hp":72,"firstArrowAfter":null,"impacts":[{"after":0.20000000000004547,"before":72,"hp":56},{"after":0.7500000000001705,"before":56,"hp":40},{"after":1.3000000000002956,"before":40,"hp":24},{"after":1.8500000000004206,"before":24,"hp":8},{"after":2.4000000000005457,"before":8,"hp":0}]},"tickSeconds":0.05}
# Subtest: bow earns earthlands defeat, guarded combat, retreat and free return without legacy rewards
ok 1498 - bow earns earthlands defeat, guarded combat, retreat and free return without legacy rewards
  ---
  duration_ms: 299.3924
  type: 'test'
  ...
# {"realm":"earthlands","style":"bow","weapon":"trail_bow","entry":{"x":0,"z":104,"yaw":3.141592653589793},"stage":{"x":-29,"z":-8},"battle":{"x":-29,"z":-16},"refuge":{"x":0,"z":23},"firstBrace":{"at":101.1499999999964,"aim":{"x":-29,"z":-16},"windupRemaining":0.75,"hitAfter":0.7499999999999574,"healthBefore":100,"healthAfter":96,"recoveryRemaining":1.1},"firstAttack":{"hits":1,"hp":72,"firstArrowAfter":0.19999999999998863,"impacts":[{"after":0.29999999999998295,"before":72,"hp":59}]},"secondBrace":{"at":175.2000000000056,"aim":{"x":-29,"z":-16},"windupRemaining":0.75,"hitAfter":0.7500000000001705,"healthBefore":100,"healthAfter":96,"recoveryRemaining":1.1},"battleResult":{"hits":6,"hp":72,"firstArrowAfter":0.20000000000004547,"impacts":[{"after":0.3000000000000682,"before":72,"hp":59},{"after":1.1000000000002501,"before":59,"hp":46},{"after":1.900000000000432,"before":46,"hp":33},{"after":2.700000000000614,"before":33,"hp":20},{"after":3.500000000000796,"before":20,"hp":7},{"after":4.300000000000978,"before":7,"hp":0}]},"tickSeconds":0.05}
# Subtest: optional journeys migrate old world 9 saves without touching banked XP, choices, home or music
ok 1499 - optional journeys migrate old world 9 saves without touching banked XP, choices, home or music
  ---
  duration_ms: 12.6802
  type: 'test'
  ...
# Subtest: new schema rejects forward, malformed, unknown and impossible claim history
ok 1500 - new schema rejects forward, malformed, unknown and impossible claim history
  ---
  duration_ms: 5.8197
  type: 'test'
  ...
# Subtest: five-light gate is supported and separate from existing lake and Cosmos markers
ok 1501 - five-light gate is supported and separate from existing lake and Cosmos markers
  ---
  duration_ms: 3.7281
  type: 'test'
  ...
# Subtest: travel checkpoints original state, and rejects changed owner, revision, position or ticket
ok 1502 - travel checkpoints original state, and rejects changed owner, revision, position or ticket
  ---
  duration_ms: 14.0548
  type: 'test'
  ...
# Subtest: travel, free return, re-entry and cold reload do not grant or advance accepted work
ok 1503 - travel, free return, re-entry and cold reload do not grant or advance accepted work
  ---
  duration_ms: 5.5695
  type: 'test'
  ...
# Subtest: accepted objectives require physical arrival and current run; repeats remain once-only
ok 1504 - accepted objectives require physical arrival and current run; repeats remain once-only
  ---
  duration_ms: 3.7625
  type: 'test'
  ...
# Subtest: save refusal and capacity-blocked turn-in preserve completed objectives, currency and journal atomically
ok 1505 - save refusal and capacity-blocked turn-in preserve completed objectives, currency and journal atomically
  ---
  duration_ms: 6.2875
  type: 'test'
  ...
# Subtest: claim fences survive changed request IDs, reload, re-entry and intentional smaller repeat runs
ok 1506 - claim fences survive changed request IDs, reload, re-entry and intentional smaller repeat runs
  ---
  duration_ms: 6.4891
  type: 'test'
  ...
# Subtest: reward changes only declared fields and retains explicit classes, gear, sockets, XP ceiling and story history
ok 1507 - reward changes only declared fields and retains explicit classes, gear, sockets, XP ceiling and story history
  ---
  duration_ms: 3.0747
  type: 'test'
  ...
# Subtest: only canonical local enemies use local defeat records and never enter legacy loot history
ok 1508 - only canonical local enemies use local defeat records and never enter legacy loot history
  ---
  duration_ms: 6.2224
  type: 'test'
  ...
# Subtest: copied or live enemies cannot manufacture a defeat, and a real defeat preserves the revision ceiling
ok 1509 - copied or live enemies cannot manufacture a defeat, and a real defeat preserves the revision ceiling
  ---
  duration_ms: 6.8406
  type: 'test'
  ...
# Subtest: bow targets and actual arrows use new scene ground, while solid cover blocks hits
ok 1510 - bow targets and actual arrows use new scene ground, while solid cover blocks hits
  ---
  duration_ms: 9.9645
  type: 'test'
  ...
# Subtest: skipped active run identities are rejected rather than inventing an unknown payout history
ok 1511 - skipped active run identities are rejected rather than inventing an unknown payout history
  ---
  duration_ms: 0.6194
  type: 'test'
  ...
# Subtest: failure after scene sync restores the original runtime graph as well as position and room
ok 1512 - failure after scene sync restores the original runtime graph as well as position and room
  ---
  duration_ms: 1.7365
  type: 'test'
  ...
# Subtest: every new realm objective can return to its real giver through production navigation
ok 1513 - every new realm objective can return to its real giver through production navigation
  ---
  duration_ms: 426.924
  type: 'test'
  ...
# Subtest: gallery has actual depth, held release, body/camera medium separation and true blocking air-court walls
ok 1514 - gallery has actual depth, held release, body/camera medium separation and true blocking air-court walls
  ---
  duration_ms: 3.132
  type: 'test'
  ...
# Subtest: companion menu preserves dry waiting position, and an explicit recall uses the dry entry during a dive
ok 1515 - companion menu preserves dry waiting position, and an explicit recall uses the dry entry during a dive
  ---
  duration_ms: 3.1163
  type: 'test'
  ...
# Subtest: isolated IIFE and CommonJS expose only one frozen pure function
ok 1516 - isolated IIFE and CommonJS expose only one frozen pure function
  ---
  duration_ms: 3.362
  type: 'test'
  ...
# Subtest: actual 955-cell expanded Earth partition reduces to 64 exact rectangles
ok 1517 - actual 955-cell expanded Earth partition reduces to 64 exact rectangles
  ---
  duration_ms: 51.0125
  type: 'test'
  ...
# Subtest: every shared world-ground caller and old Coastward retain exact floor area, owner, color and height
ok 1518 - every shared world-ground caller and old Coastward retain exact floor area, owner, color and height
  ---
  duration_ms: 54.7362
  type: 'test'
  ...
# Subtest: real bridge source boundaries and river void remain separate from bank masses
ok 1519 - real bridge source boundaries and river void remain separate from bank masses
  ---
  duration_ms: 16.8293
  type: 'test'
  ...
# Subtest: Atlantis gallery edge partitions remain exact and no cell crosses camera-medium boundary
ok 1520 - Atlantis gallery edge partitions remain exact and no cell crosses camera-medium boundary
  ---
  duration_ms: 3.7538
  type: 'test'
  ...
# Subtest: a labelled untagged Atlantis control demonstrates why caller-owned gallery metadata is required
ok 1521 - a labelled untagged Atlantis control demonstrates why caller-owned gallery metadata is required
  ---
  duration_ms: 3.6743
  type: 'test'
  ...
# Subtest: only complete shared edges merge; holes, corners, tiny gaps and differing metadata remain
ok 1522 - only complete shared edges merge; holes, corners, tiny gaps and differing metadata remain
  ---
  duration_ms: 2.3578
  type: 'test'
  ...
# Subtest: metadata values and arrays are deep-fresh, order-independent and never aliases
ok 1523 - metadata values and arrays are deep-fresh, order-independent and never aliases
  ---
  duration_ms: 0.9024
  type: 'test'
  ...
# Subtest: empty input, input permutations and repeated coalescing are deterministic and fresh
ok 1524 - empty input, input permutations and repeated coalescing are deterministic and fresh
  ---
  duration_ms: 48.379
  type: 'test'
  ...
# Subtest: invalid, overlapping, accessor or nondata records refuse before input mutation
ok 1525 - invalid, overlapping, accessor or nondata records refuse before input mutation
  ---
  duration_ms: 1.8463
  type: 'test'
  ...
# Subtest: actual submitted vertices stay finite and terrain draw work falls without dropping area
ok 1526 - actual submitted vertices stay finite and terrain draw work falls without dropping area
  ---
  duration_ms: 7.0268
  type: 'test'
  ...
# Subtest: heaven: stable contract, finite geometry, pure bounded quest and readable anchors
ok 1527 - heaven: stable contract, finite geometry, pure bounded quest and readable anchors
  ---
  duration_ms: 3.907
  type: 'test'
  ...
# Subtest: heaven: connected physical ground gives every point and enemy a body-width approach and return
ok 1528 - heaven: connected physical ground gives every point and enemy a body-width approach and return
  ---
  duration_ms: 241.7655
  type: 'test'
  ...
# Subtest: heaven: submitted original art has finite transforms, matched cover, and a modest local instance/triangle budget
ok 1529 - heaven: submitted original art has finite transforms, matched cover, and a modest local instance/triangle budget
  ---
  duration_ms: 109.7752
  type: 'test'
  ...
# Subtest: heaven: decorating is deterministic, owns no scene lifecycle and leaves all source/simulation/inventory state unchanged
ok 1530 - heaven: decorating is deterministic, owns no scene lifecycle and leaves all source/simulation/inventory state unchanged
  ---
  duration_ms: 22.2065
  type: 'test'
  ...
# Subtest: heaven: height supplied by the world caller shifts all local structures, routes and markers coherently
ok 1531 - heaven: height supplied by the world caller shifts all local structures, routes and markers coherently
  ---
  duration_ms: 7.5945
  type: 'test'
  ...
# Subtest: hell: stable contract, finite geometry, pure bounded quest and readable anchors
ok 1532 - hell: stable contract, finite geometry, pure bounded quest and readable anchors
  ---
  duration_ms: 0.5872
  type: 'test'
  ...
# Subtest: hell: connected physical ground gives every point and enemy a body-width approach and return
ok 1533 - hell: connected physical ground gives every point and enemy a body-width approach and return
  ---
  duration_ms: 125.8864
  type: 'test'
  ...
# Subtest: hell: submitted original art has finite transforms, matched cover, and a modest local instance/triangle budget
ok 1534 - hell: submitted original art has finite transforms, matched cover, and a modest local instance/triangle budget
  ---
  duration_ms: 48.6384
  type: 'test'
  ...
# Subtest: hell: decorating is deterministic, owns no scene lifecycle and leaves all source/simulation/inventory state unchanged
ok 1535 - hell: decorating is deterministic, owns no scene lifecycle and leaves all source/simulation/inventory state unchanged
  ---
  duration_ms: 9.0792
  type: 'test'
  ...
# Subtest: hell: height supplied by the world caller shifts all local structures, routes and markers coherently
ok 1536 - hell: height supplied by the world caller shifts all local structures, routes and markers coherently
  ---
  duration_ms: 6.2315
  type: 'test'
  ...
# Subtest: Heaven: both actual causeway/arcade loops fit a traveller without stepping through instrument, columns or workshop
ok 1537 - Heaven: both actual causeway/arcade loops fit a traveller without stepping through instrument, columns or workshop
  ---
  duration_ms: 7.8533
  type: 'test'
  ...
# Subtest: Heaven: distinct narrow route inlays sit on supported paving and the fork remains flat and clear
ok 1538 - Heaven: distinct narrow route inlays sit on supported paving and the fork remains flat and clear
  ---
  duration_ms: 18.0969
  type: 'test'
  ...
# Subtest: Heaven: the cultivated Ruby-fork band has actual native support and leaves routes, solids and interaction approaches clear
ok 1539 - Heaven: the cultivated Ruby-fork band has actual native support and leaves routes, solids and interaction approaches clear
  ---
  duration_ms: 48.7122
  type: 'test'
  ...
# Subtest: Heaven: all low blossoms attach to rooted stems and fit their shallow planting beds
ok 1540 - Heaven: all low blossoms attach to rooted stems and fit their shallow planting beds
  ---
  duration_ms: 9.1427
  type: 'test'
  ...
# Subtest: Heaven: cultivated detail has a bounded geometry cost and is identical with reduced motion enabled
ok 1541 - Heaven: cultivated detail has a bounded geometry cost and is identical with reduced motion enabled
  ---
  duration_ms: 7.0645
  type: 'test'
  ...
# Subtest: Hell: only the existing Refuge roof slab and patched ribs carry the bounded reveal tag
ok 1542 - Hell: only the existing Refuge roof slab and patched ribs carry the bounded reveal tag
  ---
  duration_ms: 3.888
  type: 'test'
  ...
# Subtest: Hell: distinct east/west approaches and the free home path avoid the optional sentinel even within an eleven-unit threat pocket
ok 1543 - Hell: distinct east/west approaches and the free home path avoid the optional sentinel even within an eleven-unit threat pocket
  ---
  duration_ms: 69.6676
  type: 'test'
  ...
# Subtest: Module exposes the browser/CommonJS contract and rejects unknown decoration without touching the caller
ok 1544 - Module exposes the browser/CommonJS contract and rejects unknown decoration without touching the caller
  ---
  duration_ms: 0.255
  type: 'test'
  ...
1..1544
# tests 1544
# suites 0
# pass 1542
# fail 0
# cancelled 0
# skipped 2
# todo 0
# duration_ms 7753.2114
