TAP version 13
# Subtest: adventure defaults round trip without equipment or story
ok 1 - adventure defaults round trip without equipment or story
  ---
  duration_ms: 4.2877
  type: 'test'
  ...
# Subtest: v4 migration preserves sandbox, composition, notes, appearance without source mutation
ok 2 - v4 migration preserves sandbox, composition, notes, appearance without source mutation
  ---
  duration_ms: 9.1448
  type: 'test'
  ...
# Subtest: realm05 browser key is copied without overwriting previous save
ok 3 - realm05 browser key is copied without overwriting previous save
  ---
  duration_ms: 2.782
  type: 'test'
  ...
# Subtest: starter supplies require actual workshop proximity
ok 4 - starter supplies require actual workshop proximity
  ---
  duration_ms: 9.3308
  type: 'test'
  ...
# Subtest: starter kit is one claim and equips owned items
ok 5 - starter kit is one claim and equips owned items
  ---
  duration_ms: 0.7929
  type: 'test'
  ...
# Subtest: retry is idempotent while changed terms under same ID are rejected
ok 6 - retry is idempotent while changed terms under same ID are rejected
  ---
  duration_ms: 1.495
  type: 'test'
  ...
# Subtest: entry requires supplies, repaired crossing, pickaxe and proximity
ok 7 - entry requires supplies, repaired crossing, pickaxe and proximity
  ---
  duration_ms: 0.9881
  type: 'test'
  ...
# Subtest: interior saves retain safe exterior return position
ok 8 - interior saves retain safe exterior return position
  ---
  duration_ms: 1.478
  type: 'test'
  ...
# Subtest: authored entry, fox and encounter positions are walkable
ok 9 - authored entry, fox and encounter positions are walkable
  ---
  duration_ms: 0.2686
  type: 'test'
  ...
# Subtest: outer walls and NaN cannot be walked through
ok 10 - outer walls and NaN cannot be walked through
  ---
  duration_ms: 0.2123
  type: 'test'
  ...
# Subtest: digging checks scene, tool and reach before mutation
ok 11 - digging checks scene, tool and reach before mutation
  ---
  duration_ms: 1.5497
  type: 'test'
  ...
# Subtest: two actual strikes excavate rock and open a path
ok 12 - two actual strikes excavate rock and open a path
  ---
  duration_ms: 13.3866
  type: 'test'
  ...
# Subtest: pick cooldown prevents duplicate immediate strokes
ok 13 - pick cooldown prevents duplicate immediate strokes
  ---
  duration_ms: 7.366
  type: 'test'
  ...
# Subtest: outer cells refuse excavation
ok 14 - outer cells refuse excavation
  ---
  duration_ms: 0.5324
  type: 'test'
  ...
# Subtest: removed stone cannot pay again
ok 15 - removed stone cannot pay again
  ---
  duration_ms: 4.2407
  type: 'test'
  ...
# Subtest: cold reopening reconstructs excavation but restarts outside
ok 16 - cold reopening reconstructs excavation but restarts outside
  ---
  duration_ms: 4.0147
  type: 'test'
  ...
# Subtest: attacks cannot damage distant targets
ok 17 - attacks cannot damage distant targets
  ---
  duration_ms: 0.5754
  type: 'test'
  ...
# Subtest: line of sight blocks attacks through rock
ok 18 - line of sight blocks attacks through rock
  ---
  duration_ms: 0.5295
  type: 'test'
  ...
# Subtest: melee decreases health, respects cooldown and creates one defeat/cache
ok 19 - melee decreases health, respects cooldown and creates one defeat/cache
  ---
  duration_ms: 5.7843
  type: 'test'
  ...
# Subtest: sweep consumes stamina only once per cooldown
ok 20 - sweep consumes stamina only once per cooldown
  ---
  duration_ms: 0.6773
  type: 'test'
  ...
# Subtest: insufficient stamina refuses without mutation
ok 21 - insufficient stamina refuses without mutation
  ---
  duration_ms: 1.4608
  type: 'test'
  ...
# Subtest: dodge respects cave collision instead of tunneling
ok 22 - dodge respects cave collision instead of tunneling
  ---
  duration_ms: 0.4062
  type: 'test'
  ...
# Subtest: dodge avoidance protects against imminent impact
ok 23 - dodge avoidance protects against imminent impact
  ---
  duration_ms: 2.6186
  type: 'test'
  ...
# Subtest: telegraph hits its declared destination, not a tracking player
ok 24 - telegraph hits its declared destination, not a tracking player
  ---
  duration_ms: 1.0999
  type: 'test'
  ...
# Subtest: failed evasion incurs damage reduced by armor
ok 25 - failed evasion incurs damage reduced by armor
  ---
  duration_ms: 0.8848
  type: 'test'
  ...
# Subtest: pause stops actual timers and combat
ok 26 - pause stops actual timers and combat
  ---
  duration_ms: 4.3415
  type: 'test'
  ...
# Subtest: daylight slider is not a cooldown cheat
ok 27 - daylight slider is not a cooldown cheat
  ---
  duration_ms: 1.04
  type: 'test'
  ...
# Subtest: healing consumes tonic, caps at maximum and has cooldown
ok 28 - healing consumes tonic, caps at maximum and has cooldown
  ---
  duration_ms: 0.4839
  type: 'test'
  ...
# Subtest: rest requires spring and is not available in combat
ok 29 - rest requires spring and is not available in combat
  ---
  duration_ms: 0.5948
  type: 'test'
  ...
# Subtest: death stops movement and resurrection preserves loot
ok 30 - death stops movement and resurrection preserves loot
  ---
  duration_ms: 0.7072
  type: 'test'
  ...
# Subtest: paused resurrection is possible without resuming time implicitly
ok 31 - paused resurrection is possible without resuming time implicitly
  ---
  duration_ms: 0.507
  type: 'test'
  ...
# Subtest: living players cannot resurrect for a free teleport
ok 32 - living players cannot resurrect for a free teleport
  ---
  duration_ms: 0.4279
  type: 'test'
  ...
# Subtest: loot is proximity checked and cannot be claimed twice
ok 33 - loot is proximity checked and cannot be claimed twice
  ---
  duration_ms: 0.954
  type: 'test'
  ...
# Subtest: full pouch rejects atomically and preserves cache
ok 34 - full pouch rejects atomically and preserves cache
  ---
  duration_ms: 1.8632
  type: 'test'
  ...
# Subtest: equipment must be owned and goes into the declared slot
ok 35 - equipment must be owned and goes into the declared slot
  ---
  duration_ms: 0.3841
  type: 'test'
  ...
# Subtest: increased health capacity does not heal on equip
ok 36 - increased health capacity does not heal on equip
  ---
  duration_ms: 1.173
  type: 'test'
  ...
# Subtest: forge consumes exact inputs once
ok 37 - forge consumes exact inputs once
  ---
  duration_ms: 1.7372
  type: 'test'
  ...
# Subtest: forge outside workbench fails without cost
ok 38 - forge outside workbench fails without cost
  ---
  duration_ms: 1.6584
  type: 'test'
  ...
# Subtest: rescue requires proximity and threat clearance
ok 39 - rescue requires proximity and threat clearance
  ---
  duration_ms: 1.0371
  type: 'test'
  ...
# Subtest: companion naming is bounded data and mode is enumerated
ok 40 - companion naming is bounded data and mode is enumerated
  ---
  duration_ms: 0.4568
  type: 'test'
  ...
# Subtest: Stay retains fox in its scene during active session
ok 41 - Stay retains fox in its scene during active session
  ---
  duration_ms: 0.4092
  type: 'test'
  ...
# Subtest: Follow explicitly recalls across a scene boundary
ok 42 - Follow explicitly recalls across a scene boundary
  ---
  duration_ms: 0.4272
  type: 'test'
  ...
# Subtest: defeated enemies stay defeated on re-entry
ok 43 - defeated enemies stay defeated on re-entry
  ---
  duration_ms: 0.413
  type: 'test'
  ...
# Subtest: unfinished enemies reset on re-entry; partial health is not a win
ok 44 - unfinished enemies reset on re-entry; partial health is not a win
  ---
  duration_ms: 0.4822
  type: 'test'
  ...
# Subtest: relic requires guardian defeat and proximity, with single claim
ok 45 - relic requires guardian defeat and proximity, with single claim
  ---
  duration_ms: 0.476
  type: 'test'
  ...
# Subtest: envoy requires relic at the spring
ok 46 - envoy requires relic at the spring
  ---
  duration_ms: 0.406
  type: 'test'
  ...
# Subtest: final choice stays single across command IDs and cold reload
ok 47 - final choice stays single across command IDs and cold reload
  ---
  duration_ms: 0.942
  type: 'test'
  ...
# Subtest: import rejects negative ore
ok 48 - import rejects negative ore
  ---
  duration_ms: 0.2954
  type: 'test'
  ...
# Subtest: import rejects NaN stamina
ok 49 - import rejects NaN stamina
  ---
  duration_ms: 0.097
  type: 'test'
  ...
# Subtest: import rejects foreign gear
ok 50 - import rejects foreign gear
  ---
  duration_ms: 0.0921
  type: 'test'
  ...
# Subtest: import rejects non-owned equip
ok 51 - import rejects non-owned equip
  ---
  duration_ms: 0.101
  type: 'test'
  ...
# Subtest: import rejects duplicate cells
ok 52 - import rejects duplicate cells
  ---
  duration_ms: 0.0726
  type: 'test'
  ...
# Subtest: import rejects outer excavation
ok 53 - import rejects outer excavation
  ---
  duration_ms: 0.08
  type: 'test'
  ...
# Subtest: import rejects noncanonical cell
ok 54 - import rejects noncanonical cell
  ---
  duration_ms: 0.0809
  type: 'test'
  ...
# Subtest: import rejects relic without defeat
ok 55 - import rejects relic without defeat
  ---
  duration_ms: 0.0887
  type: 'test'
  ...
# Subtest: import rejects gift without envoy
ok 56 - import rejects gift without envoy
  ---
  duration_ms: 0.111
  type: 'test'
  ...
# Subtest: import rejects oversized name
ok 57 - import rejects oversized name
  ---
  duration_ms: 0.1112
  type: 'test'
  ...
# Subtest: import rejects duplicate drop
ok 58 - import rejects duplicate drop
  ---
  duration_ms: 0.0995
  type: 'test'
  ...
# Subtest: import rejects impossible chips
ok 59 - import rejects impossible chips
  ---
  duration_ms: 0.0921
  type: 'test'
  ...
# Subtest: import rejects excess health
ok 60 - import rejects excess health
  ---
  duration_ms: 0.1133
  type: 'test'
  ...
# Subtest: import rejects foreign enemy
ok 61 - import rejects foreign enemy
  ---
  duration_ms: 0.0923
  type: 'test'
  ...
# Subtest: import rejects unstarted rescue
ok 62 - import rejects unstarted rescue
  ---
  duration_ms: 0.0834
  type: 'test'
  ...
# Subtest: invalid command envelope cannot mutate persistent state
ok 63 - invalid command envelope cannot mutate persistent state
  ---
  duration_ms: 0.9927
  type: 'test'
  ...
# Subtest: prototype-looking item key safely refuses
ok 64 - prototype-looking item key safely refuses
  ---
  duration_ms: 0.9648
  type: 'test'
  ...
# Subtest: circular command data is safely refused
ok 65 - circular command data is safely refused
  ---
  duration_ms: 1.1026
  type: 'test'
  ...
# Subtest: no private memory or credentials enter save
ok 66 - no private memory or credentials enter save
  ---
  duration_ms: 0.8291
  type: 'test'
  ...
# Subtest: version07 raw save migrates without losing road or creative state
ok 67 - version07 raw save migrates without losing road or creative state
  ---
  duration_ms: 67.4547
  type: 'test'
  ...
# Subtest: legacy storage key is copied not overwritten
ok 68 - legacy storage key is copied not overwritten
  ---
  duration_ms: 7.1156
  type: 'test'
  ...
# Subtest: fresh arsenal has no free bows gems or medals
ok 69 - fresh arsenal has no free bows gems or medals
  ---
  duration_ms: 0.3844
  type: 'test'
  ...
# Subtest: gem records reject invalid quantities and unknown fields
ok 70 - gem records reject invalid quantities and unknown fields
  ---
  duration_ms: 14.3472
  type: 'test'
  ...
# Subtest: socket validation needs owned weapon and known gem
ok 71 - socket validation needs owned weapon and known gem
  ---
  duration_ms: 6.7179
  type: 'test'
  ...
# Subtest: medal requires bounded completion time and vice versa
ok 72 - medal requires bounded completion time and vice versa
  ---
  duration_ms: 22.7428
  type: 'test'
  ...
# Subtest: unstarted record cannot mint loose gems or a medal
ok 73 - unstarted record cannot mint loose gems or a medal
  ---
  duration_ms: 0.544
  type: 'test'
  ...
# Subtest: craft refuses before supplies, remote bench, paused or unknown recipe
ok 74 - craft refuses before supplies, remote bench, paused or unknown recipe
  ---
  duration_ms: 53.2417
  type: 'test'
  ...
# Subtest: bow recipe consumes exact wood fiber stone and creates a unique item
ok 75 - bow recipe consumes exact wood fiber stone and creates a unique item
  ---
  duration_ms: 1.5134
  type: 'test'
  ...
# Subtest: insufficient material on any ingredient causes no partial charge
ok 76 - insufficient material on any ingredient causes no partial charge
  ---
  duration_ms: 5.5535
  type: 'test'
  ...
# Subtest: longbow requires original bow then keeps it and charges exact components
ok 77 - longbow requires original bow then keeps it and charges exact components
  ---
  duration_ms: 2.6812
  type: 'test'
  ...
# Subtest: craft duplicate id never charges twice and changed content is refused
ok 78 - craft duplicate id never charges twice and changed content is refused
  ---
  duration_ms: 1.6574
  type: 'test'
  ...
# Subtest: gem crafting charges correct actual material and currency balances
ok 79 - gem crafting charges correct actual material and currency balances
  ---
  duration_ms: 0.4925
  type: 'test'
  ...
# Subtest: gem capacity, ore and coin refusals are atomic
ok 80 - gem capacity, ore and coin refusals are atomic
  ---
  duration_ms: 2.1081
  type: 'test'
  ...
# Subtest: socket requires actual outdoor workbench and loose gem
ok 81 - socket requires actual outdoor workbench and loose gem
  ---
  duration_ms: 2.8181
  type: 'test'
  ...
# Subtest: fitting replacing reclaiming preserves total gem quantities
ok 82 - fitting replacing reclaiming preserves total gem quantities
  ---
  duration_ms: 0.5123
  type: 'test'
  ...
# Subtest: socket changes stats only for currently equipped weapon
ok 83 - socket changes stats only for currently equipped weapon
  ---
  duration_ms: 0.4194
  type: 'test'
  ...
# Subtest: moonstone raises capacity without healing and removal clamps current HP
ok 84 - moonstone raises capacity without healing and removal clamps current HP
  ---
  duration_ms: 0.5024
  type: 'test'
  ...
# Subtest: socket rejects same setting, wrong slot, foreign weapon, unknown gem
ok 85 - socket rejects same setting, wrong slot, foreign weapon, unknown gem
  ---
  duration_ms: 4.6541
  type: 'test'
  ...
# Subtest: full reclaim pouch prevents swap without consuming new gem
ok 86 - full reclaim pouch prevents swap without consuming new gem
  ---
  duration_ms: 1.9712
  type: 'test'
  ...
# Subtest: socket duplicate cannot charge, reclaim or alter stats twice
ok 87 - socket duplicate cannot charge, reclaim or alter stats twice
  ---
  duration_ms: 1.1783
  type: 'test'
  ...
# Subtest: range entry checks workshop proximity and prepared character
ok 88 - range entry checks workshop proximity and prepared character
  ---
  duration_ms: 2.6223
  type: 'test'
  ...
# Subtest: range collision bounds and pillars affect real walking
ok 89 - range collision bounds and pillars affect real walking
  ---
  duration_ms: 0.8952
  type: 'test'
  ...
# Subtest: range path routes around a pillar, not through it
ok 90 - range path routes around a pillar, not through it
  ---
  duration_ms: 3.9716
  type: 'test'
  ...
# Subtest: range south exit requires proximity and restores workshop position
ok 91 - range south exit requires proximity and restores workshop position
  ---
  duration_ms: 1.8602
  type: 'test'
  ...
# Subtest: save inside court restores outside without unfinished arrows or round
ok 92 - save inside court restores outside without unfinished arrows or round
  ---
  duration_ms: 1.9974
  type: 'test'
  ...
# Subtest: bow provides ranged profile while all previous blades keep their reach
ok 93 - bow provides ranged profile while all previous blades keep their reach
  ---
  duration_ms: 0.5661
  type: 'test'
  ...
# Subtest: bows refuse village shots and blades refuse practice target attacks
ok 94 - bows refuse village shots and blades refuse practice target attacks
  ---
  duration_ms: 2.3379
  type: 'test'
  ...
# Subtest: launch spends exact stamina and damage is delayed until actual travel
ok 95 - launch spends exact stamina and damage is delayed until actual travel
  ---
  duration_ms: 4.6827
  type: 'test'
  ...
# Subtest: cooldown and low stamina refusals do not consume resources
ok 96 - cooldown and low stamina refusals do not consume resources
  ---
  duration_ms: 4.1351
  type: 'test'
  ...
# Subtest: unknown out of range and obstructed targets do not launch
ok 97 - unknown out of range and obstructed targets do not launch
  ---
  duration_ms: 3.1029
  type: 'test'
  ...
# Subtest: arrow direction is fixed and can miss a moving enemy
ok 98 - arrow direction is fixed and can miss a moving enemy
  ---
  duration_ms: 1.4313
  type: 'test'
  ...
# Subtest: damage snapshots the launch gear, not later equipped weapon
ok 99 - damage snapshots the launch gear, not later equipped weapon
  ---
  duration_ms: 4.7647
  type: 'test'
  ...
# Subtest: incoming arrow grants timed enemy awareness at current world time
ok 100 - incoming arrow grants timed enemy awareness at current world time
  ---
  duration_ms: 1.2462
  type: 'test'
  ...
# Subtest: line trace chooses first target regardless of requested target order
ok 101 - line trace chooses first target regardless of requested target order
  ---
  duration_ms: 0.2034
  type: 'test'
  ...
# Subtest: wall precedes targets behind it and already-hit ids are ignored
ok 102 - wall precedes targets behind it and already-hit ids are ignored
  ---
  duration_ms: 0.2405
  type: 'test'
  ...
# Subtest: swept segments catch a target between endpoints
ok 103 - swept segments catch a target between endpoints
  ---
  duration_ms: 0.0987
  type: 'test'
  ...
# Subtest: degenerate and invalid geometry is bounded
ok 104 - degenerate and invalid geometry is bounded
  ---
  duration_ms: 0.5041
  type: 'test'
  ...
# Subtest: projectiles cross road water but not real obstacles
ok 105 - projectiles cross road water but not real obstacles
  ---
  duration_ms: 0.9158
  type: 'test'
  ...
# Subtest: mine stone and court pillars stop arrows
ok 106 - mine stone and court pillars stop arrows
  ---
  duration_ms: 0.5633
  type: 'test'
  ...
# Subtest: piercing light can hit at most two bodies and each at most once
ok 107 - piercing light can hit at most two bodies and each at most once
  ---
  duration_ms: 1.9548
  type: 'test'
  ...
# Subtest: ordinary arrow only hits first intervening target
ok 108 - ordinary arrow only hits first intervening target
  ---
  duration_ms: 1.2359
  type: 'test'
  ...
# Subtest: leaving and dying discard transient arrows
ok 109 - leaving and dying discard transient arrows
  ---
  duration_ms: 1.8237
  type: 'test'
  ...
# Subtest: no arrow follows an enemy forever
ok 110 - no arrow follows an enemy forever
  ---
  duration_ms: 3.1476
  type: 'test'
  ...
# Subtest: a fired arrow reaching zero HP creates one ordinary cache and XP result
ok 111 - a fired arrow reaching zero HP creates one ordinary cache and XP result
  ---
  duration_ms: 1.4244
  type: 'test'
  ...
# Subtest: target motion is reproducible and only the sun moves
ok 112 - target motion is reproducible and only the sun moves
  ---
  duration_ms: 0.2156
  type: 'test'
  ...
# Subtest: round requires range and bow and cannot restart a running clock
ok 113 - round requires range and bow and cannot restart a running clock
  ---
  duration_ms: 3.0506
  type: 'test'
  ...
# Subtest: practice arrows hit real targets without XP harm defeat or loot
ok 114 - practice arrows hit real targets without XP harm defeat or loot
  ---
  duration_ms: 1.2084
  type: 'test'
  ...
# Subtest: untimed target hits cannot mint a practice reward
ok 115 - untimed target hits cannot mint a practice reward
  ---
  duration_ms: 0.4117
  type: 'test'
  ...
# Subtest: known-answer six hits award one medal five coins one amber
ok 116 - known-answer six hits award one medal five coins one amber
  ---
  duration_ms: 0.435
  type: 'test'
  ...
# Subtest: repeated completed rounds improve best but never pay again
ok 117 - repeated completed rounds improve best but never pay again
  ---
  duration_ms: 0.5071
  type: 'test'
  ...
# Subtest: longer round preserves faster recorded time
ok 118 - longer round preserves faster recorded time
  ---
  duration_ms: 1.8871
  type: 'test'
  ...
# Subtest: partial hits and timeout have no reward; new round starts empty
ok 119 - partial hits and timeout have no reward; new round starts empty
  ---
  duration_ms: 6.4235
  type: 'test'
  ...
# Subtest: pause freezes timer projectile and moving target
ok 120 - pause freezes timer projectile and moving target
  ---
  duration_ms: 1.6465
  type: 'test'
  ...
# Subtest: daylight adjustment does not advance practice clock
ok 121 - daylight adjustment does not advance practice clock
  ---
  duration_ms: 0.3694
  type: 'test'
  ...
# Subtest: round stop preserves prior medal and clears arrows
ok 122 - round stop preserves prior medal and clears arrows
  ---
  duration_ms: 1.3443
  type: 'test'
  ...
# Subtest: reward overflow does not mark medal or partly pay
ok 123 - reward overflow does not mark medal or partly pay
  ---
  duration_ms: 1.0192
  type: 'test'
  ...
# Subtest: saved medal sockets and health validate in a cold restart
ok 124 - saved medal sockets and health validate in a cold restart
  ---
  duration_ms: 1.3961
  type: 'test'
  ...
# Subtest: equipped amber modifies actual fox damage, unequipped amber does not
ok 125 - equipped amber modifies actual fox damage, unequipped amber does not
  ---
  duration_ms: 1.5673
  type: 'test'
  ...
# Subtest: Realm08 world migrates to current schema without changing supported content
ok 126 - Realm08 world migrates to current schema without changing supported content
  ---
  duration_ms: 36.5755
  type: 'test'
  ...
# Subtest: fresh beacon contains no earned alignment or free story completion
ok 127 - fresh beacon contains no earned alignment or free story completion
  ---
  duration_ms: 0.3305
  type: 'test'
  ...
# Subtest: beacon import rejects version
ok 128 - beacon import rejects version
  ---
  duration_ms: 0.7551
  type: 'test'
  ...
# Subtest: beacon import rejects missingSoul
ok 129 - beacon import rejects missingSoul
  ---
  duration_ms: 0.4542
  type: 'test'
  ...
# Subtest: beacon import rejects badStatus
ok 130 - beacon import rejects badStatus
  ---
  duration_ms: 0.3527
  type: 'test'
  ...
# Subtest: beacon import rejects badCounts
ok 131 - beacon import rejects badCounts
  ---
  duration_ms: 0.2837
  type: 'test'
  ...
# Subtest: beacon import rejects unknownRoute
ok 132 - beacon import rejects unknownRoute
  ---
  duration_ms: 0.2203
  type: 'test'
  ...
# Subtest: beacon import rejects unearnedCompletion
ok 133 - beacon import rejects unearnedCompletion
  ---
  duration_ms: 0.1943
  type: 'test'
  ...
# Subtest: beacon import rejects rewardEarly
ok 134 - beacon import rejects rewardEarly
  ---
  duration_ms: 0.2688
  type: 'test'
  ...
# Subtest: beacon import rejects graceEarly
ok 135 - beacon import rejects graceEarly
  ---
  duration_ms: 0.3218
  type: 'test'
  ...
# Subtest: beacon import rejects negativeRadiance
ok 136 - beacon import rejects negativeRadiance
  ---
  duration_ms: 0.2245
  type: 'test'
  ...
# Subtest: beacon import rejects corruptionNoHistory
ok 137 - beacon import rejects corruptionNoHistory
  ---
  duration_ms: 0.1775
  type: 'test'
  ...
# Subtest: beacon import rejects falsePower
ok 138 - beacon import rejects falsePower
  ---
  duration_ms: 0.2119
  type: 'test'
  ...
# Subtest: beacon import rejects fakeScar
ok 139 - beacon import rejects fakeScar
  ---
  duration_ms: 0.1769
  type: 'test'
  ...
# Subtest: beacon import rejects duplicatedScars
ok 140 - beacon import rejects duplicatedScars
  ---
  duration_ms: 0.2137
  type: 'test'
  ...
# Subtest: beacon import rejects unearnedRelic
ok 141 - beacon import rejects unearnedRelic
  ---
  duration_ms: 0.8798
  type: 'test'
  ...
# Subtest: beacon import rejects nonintegerAttempts
ok 142 - beacon import rejects nonintegerAttempts
  ---
  duration_ms: 0.2702
  type: 'test'
  ...
# Subtest: beacon opening requires story and physical scene
ok 143 - beacon opening requires story and physical scene
  ---
  duration_ms: 24.9664
  type: 'test'
  ...
# Subtest: answer at beacon settles an unreported chapter II exactly once
ok 144 - answer at beacon settles an unreported chapter II exactly once
  ---
  duration_ms: 12.8564
  type: 'test'
  ...
# Subtest: arrival has three actual valid paths and does not start combat automatically
ok 145 - arrival has three actual valid paths and does not start combat automatically
  ---
  duration_ms: 14.7771
  type: 'test'
  ...
# Subtest: cannot accept Grace or start battle during the descent
ok 146 - cannot accept Grace or start battle during the descent
  ---
  duration_ms: 5.8049
  type: 'test'
  ...
# Subtest: Grace is optional and a deliberate single claim
ok 147 - Grace is optional and a deliberate single claim
  ---
  duration_ms: 15.0709
  type: 'test'
  ...
# Subtest: first defense can start without accepting a Grace
ok 148 - first defense can start without accepting a Grace
  ---
  duration_ms: 11.7985
  type: 'test'
  ...
# Subtest: new events never insert their IDs into ordinary defeat or cache persistence
ok 149 - new events never insert their IDs into ordinary defeat or cache persistence
  ---
  duration_ms: 6.4942
  type: 'test'
  ...
# Subtest: complete waves opens exactly one reward, replaying request cannot double pay
ok 150 - complete waves opens exactly one reward, replaying request cannot double pay
  ---
  duration_ms: 100.2466
  type: 'test'
  ...
# Subtest: full pouch refuses defense reward atomically
ok 151 - full pouch refuses defense reward atomically
  ---
  duration_ms: 138.0174
  type: 'test'
  ...
# Subtest: ordinary failure is recoverable and protects completed content
ok 152 - ordinary failure is recoverable and protects completed content
  ---
  duration_ms: 30.459
  type: 'test'
  ...
# Subtest: withdrawal loses the encounter but a reload does not invent a win
ok 153 - withdrawal loses the encounter but a reload does not invent a win
  ---
  duration_ms: 14.0612
  type: 'test'
  ...
# Subtest: pause stops arrival movement, enemy windups, ward and timers
ok 154 - pause stops arrival movement, enemy windups, ward and timers
  ---
  duration_ms: 10.721
  type: 'test'
  ...
# Subtest: repair spends actual stamina, obeys position cooldown and maximum
ok 155 - repair spends actual stamina, obeys position cooldown and maximum
  ---
  duration_ms: 17.9227
  type: 'test'
  ...
# Subtest: Oren repairs, Mara reveals and Ilan replenishes stamina on active schedules
ok 156 - Oren repairs, Mara reveals and Ilan replenishes stamina on active schedules
  ---
  duration_ms: 6.0037
  type: 'test'
  ...
# Subtest: passive presence is not a guaranteed defense win
ok 157 - passive presence is not a guaranteed defense win
  ---
  duration_ms: 101.6224
  type: 'test'
  ...
# Subtest: attempt cap refuses before healing or spending resources
ok 158 - attempt cap refuses before healing or spending resources
  ---
  duration_ms: 5.9859
  type: 'test'
  ...
# Subtest: cinder is an explicit exclusive choice and acceptance does not corrupt
ok 159 - cinder is an explicit exclusive choice and acceptance does not corrupt
  ---
  duration_ms: 83.8353
  type: 'test'
  ...
# Subtest: sealing a cinder imposes neither power nor corruption
ok 160 - sealing a cinder imposes neither power nor corruption
  ---
  duration_ms: 70.4722
  type: 'test'
  ...
# Subtest: replay rewards and failures cannot damage a completed chapter
ok 161 - replay rewards and failures cannot damage a completed chapter
  ---
  duration_ms: 59.4627
  type: 'test'
  ...
# Subtest: future route records do not teleport or unlock nonexistent geography
ok 162 - future route records do not teleport or unlock nonexistent geography
  ---
  duration_ms: 66.7422
  type: 'test'
  ...
# Subtest: target cycling is nearest-first, reversible and never starts attacking
ok 163 - target cycling is nearest-first, reversible and never starts attacking
  ---
  duration_ms: 7.979
  type: 'test'
  ...
# Subtest: hidden dead and very distant targets are not selectable
ok 164 - hidden dead and very distant targets are not selectable
  ---
  duration_ms: 19.7974
  type: 'test'
  ...
# Subtest: autoattack repeatedly uses real cooldowns without moving the player
ok 165 - autoattack repeatedly uses real cooldowns without moving the player
  ---
  duration_ms: 4.9017
  type: 'test'
  ...
# Subtest: out of range autoattack waits rather than walking or spending stamina
ok 166 - out of range autoattack waits rather than walking or spending stamina
  ---
  duration_ms: 3.4418
  type: 'test'
  ...
# Subtest: selected target death stops autoattack instead of pulling a new foe
ok 167 - selected target death stops autoattack instead of pulling a new foe
  ---
  duration_ms: 2.6221
  type: 'test'
  ...
# Subtest: clear target, scene changes and restart never retain autoattack
ok 168 - clear target, scene changes and restart never retain autoattack
  ---
  duration_ms: 3.9014
  type: 'test'
  ...
# Subtest: Brace halves guarded damage for its actual timed window
ok 169 - Brace halves guarded damage for its actual timed window
  ---
  duration_ms: 4.2623
  type: 'test'
  ...
# Subtest: Brace refuses insufficient stamina without charging a cooldown
ok 170 - Brace refuses insufficient stamina without charging a cooldown
  ---
  duration_ms: 3.9819
  type: 'test'
  ...
# Subtest: Briar reveals a cloaked foe, exposes and interrupts a locked windup
ok 171 - Briar reveals a cloaked foe, exposes and interrupts a locked windup
  ---
  duration_ms: 5.0602
  type: 'test'
  ...
# Subtest: Briar Stay prevents the companion skill
ok 172 - Briar Stay prevents the companion skill
  ---
  duration_ms: 8.3286
  type: 'test'
  ...
# Subtest: Aegis is a finite barrier, not immortality, and needs accepted Grace
ok 173 - Aegis is a finite barrier, not immortality, and needs accepted Grace
  ---
  duration_ms: 50.8071
  type: 'test'
  ...
# Subtest: Cinder health cost is nonlethal and its scar is persistent but not repeated
ok 174 - Cinder health cost is nonlethal and its scar is persistent but not repeated
  ---
  duration_ms: 96.0186
  type: 'test'
  ...
# Subtest: renouncing the cinder removes power and present corruption, not its history
ok 175 - renouncing the cinder removes power and present corruption, not its history
  ---
  duration_ms: 118.6092
  type: 'test'
  ...
# Subtest: choice switching never grants damage by itself or silently starts PvP
ok 176 - choice switching never grants damage by itself or silently starts PvP
  ---
  duration_ms: 92.8307
  type: 'test'
  ...
# Subtest: mutation receipts protect identical retries and reject changed choices
ok 177 - mutation receipts protect identical retries and reject changed choices
  ---
  duration_ms: 90.9844
  type: 'test'
  ...
# Subtest: first target selected after a scene change survives the next tick
ok 178 - first target selected after a scene change survives the next tick
  ---
  duration_ms: 11.8743
  type: 'test'
  ...
# Subtest: rail eligibility preserves every reviewed bridge transform, color and mesh
ok 179 - rail eligibility preserves every reviewed bridge transform, color and mesh
  ---
  duration_ms: 23.9983
  type: 'test'
  ...
# Subtest: rail visibility uniform resets per batch and remains off in reflection, other realms and off-span
ok 180 - rail visibility uniform resets per batch and remains off in reflection, other realms and off-span
  ---
  duration_ms: 2.1396
  type: 'test'
  ...
# Subtest: bridge floor is a continuous narrow supported corridor; flanking water rejects movement and picking
ok 181 - bridge floor is a continuous narrow supported corridor; flanking water rejects movement and picking
  ---
  duration_ms: 671.1647
  type: 'test'
  ...
# Subtest: fresh and returning movement crosses both banks and retains canonical ownership
ok 182 - fresh and returning movement crosses both banks and retains canonical ownership
  ---
  duration_ms: 119.2385
  type: 'test'
  ...
# Subtest: bridge pieces respect finite budgets, floor, open rails and per-pier water contact
ok 183 - bridge pieces respect finite budgets, floor, open rails and per-pier water contact
  ---
  duration_ms: 1.4861
  type: 'test'
  ...
# Subtest: vault is actual finite open elliptic geometry, not a filled box or floating ring
ok 184 - vault is actual finite open elliptic geometry, not a filled box or floating ring
  ---
  duration_ms: 1.9893
  type: 'test'
  ...
# Subtest: Earth submits the bridge instead of terrain columns inside its water span
ok 185 - Earth submits the bridge instead of terrain columns inside its water span
  ---
  duration_ms: 28.8355
  type: 'test'
  ...
# Subtest: asymmetric mountain mesh is bounded finite original ground rather than cone peaks
ok 186 - asymmetric mountain mesh is bounded finite original ground rather than cone peaks
  ---
  duration_ms: 6.2101
  type: 'test'
  ...
# Subtest: world cloud basis preserves the exact reflected VP horizontal handedness in both cameras
ok 187 - world cloud basis preserves the exact reflected VP horizontal handedness in both cameras
  ---
  duration_ms: 0.9589
  type: 'test'
  ...
# Subtest: rock skirt has outward finite faces, a straight upper seam and submerged irregular lower edge
ok 188 - rock skirt has outward finite faces, a straight upper seam and submerged irregular lower edge
  ---
  duration_ms: 0.7822
  type: 'test'
  ...
# Subtest: actual shoreline world triangles leave vaults and supported walking floor clear without fake flat ground
ok 189 - actual shoreline world triangles leave vaults and supported walking floor clear without fake flat ground
  ---
  duration_ms: 120.0739
  type: 'test'
  ...
# Subtest: mountain spacing leaves three receding layers and fits the existing scenery budget
ok 190 - mountain spacing leaves three receding layers and fits the existing scenery budget
  ---
  duration_ms: 0.5098
  type: 'test'
  ...
# Subtest: old world migrates empty bridge work without changing old fields
ok 191 - old world migrates empty bridge work without changing old fields
  ---
  duration_ms: 20.6009
  type: 'test'
  ...
# Subtest: future/null/impossible bridge records refuse instead of discarding history
ok 192 - future/null/impossible bridge records refuse instead of discarding history
  ---
  duration_ms: 1.6165
  type: 'test'
  ...
# Subtest: acceptance checks kit/proximity and synchronous durability without mutations
ok 193 - acceptance checks kit/proximity and synchronous durability without mutations
  ---
  duration_ms: 37.3224
  type: 'test'
  ...
# Subtest: shelter completed unpaid work is atomic, retryable and paid exactly once
ok 194 - shelter completed unpaid work is atomic, retryable and paid exactly once
  ---
  duration_ms: 16.4465
  type: 'test'
  ...
# Subtest: river-lookout completed unpaid work is atomic, retryable and paid exactly once
ok 195 - river-lookout completed unpaid work is atomic, retryable and paid exactly once
  ---
  duration_ms: 15.8449
  type: 'test'
  ...
# Subtest: work anchors and the living worker remain on full-body supported ground
ok 196 - work anchors and the living worker remain on full-body supported ground
  ---
  duration_ms: 20.2606
  type: 'test'
  ...
# Subtest: claimed community work teaches a single deliberate home board
ok 197 - claimed community work teaches a single deliberate home board
  ---
  duration_ms: 8.1398
  type: 'test'
  ...
# Subtest: blocked-side work, stale requests and unavailable characters preserve every byte and write
ok 198 - blocked-side work, stale requests and unavailable characters preserve every byte and write
  ---
  duration_ms: 7.683
  type: 'test'
  ...
# Subtest: fitted fixtures, worker and record are read-only, seated and grounded
ok 199 - fitted fixtures, worker and record are read-only, seated and grounded
  ---
  duration_ms: 21.6695
  type: 'test'
  ...
# Subtest: working stop differs from resting stop and the supported actor loop freezes while paused
ok 200 - working stop differs from resting stop and the supported actor loop freezes while paused
  ---
  duration_ms: 129.5
  type: 'test'
  ...
# Subtest: global/CommonJS expose only a frozen pure planner
ok 201 - global/CommonJS expose only a frozen pure planner
  ---
  duration_ms: 3.2847
  type: 'test'
  ...
# Subtest: actual Hearthwater and Coastward midpoint plans retain the existing adventure framing
ok 202 - actual Hearthwater and Coastward midpoint plans retain the existing adventure framing
  ---
  duration_ms: 0.8021
  type: 'test'
  ...
# Subtest: all actual diorama styles retain half nine and relative zoom without switching preset or FOV
ok 203 - all actual diorama styles retain half nine and relative zoom without switching preset or FOV
  ---
  duration_ms: 1.2761
  type: 'test'
  ...
# Subtest: canonical bank joins remain frameable at each actual deck end
ok 204 - canonical bank joins remain frameable at each actual deck end
  ---
  duration_ms: 0.4312
  type: 'test'
  ...
# Subtest: supported ground just beyond each deck refuses framing rather than extending bridge identity
ok 205 - supported ground just beyond each deck refuses framing rather than extending bridge identity
  ---
  duration_ms: 0.3482
  type: 'test'
  ...
# Subtest: Hearthwater physical foot support rejects the visible-deck fringe and retains valid inner edge
ok 206 - Hearthwater physical foot support rejects the visible-deck fringe and retains valid inner edge
  ---
  duration_ms: 0.2864
  type: 'test'
  ...
# Subtest: Coastward framing obeys actual full-actor rail exclusion even inside the supported patch
ok 207 - Coastward framing obeys actual full-actor rail exclusion even inside the supported patch
  ---
  duration_ms: 0.5645
  type: 'test'
  ...
# Subtest: actual supported off-bridge work and roads refuse without any planned camera fields
ok 208 - actual supported off-bridge work and roads refuse without any planned camera fields
  ---
  duration_ms: 0.3523
  type: 'test'
  ...
# Subtest: synthetic malformed input/presets/diving/base widths refuse with fresh readable results
ok 209 - synthetic malformed input/presets/diving/base widths refuse with fresh readable results
  ---
  duration_ms: 0.487
  type: 'test'
  ...
# Subtest: plans ignore health and extra authority objects, preserve frozen inputs and return fresh views
ok 210 - plans ignore health and extra authority objects, preserve frozen inputs and return fresh views
  ---
  duration_ms: 0.5167
  type: 'test'
  ...
# Subtest: synthetic missing/malformed canonical data refuse safely before exposing a view
ok 211 - synthetic missing/malformed canonical data refuse safely before exposing a view
  ---
  duration_ms: 5.2035
  type: 'test'
  ...
# Subtest: per-view preferences roundtrip without changing progression or creative content
ok 212 - per-view preferences roundtrip without changing progression or creative content
  ---
  duration_ms: 16.522
  type: 'test'
  ...
# Subtest: old camera preferences acquire empty view memory and keep their selected mode
ok 213 - old camera preferences acquire empty view memory and keep their selected mode
  ---
  duration_ms: 1.2436
  type: 'test'
  ...
# Subtest: invalid optional view profiles cannot inject nonfinite camera state or discard valid peers
ok 214 - invalid optional view profiles cannot inject nonfinite camera state or discard valid peers
  ---
  duration_ms: 2.0933
  type: 'test'
  ...
# Subtest: unknown view-memory versions fall back while keeping ordinary settings and saves
ok 215 - unknown view-memory versions fall back while keeping ordinary settings and saves
  ---
  duration_ms: 1.2375
  type: 'test'
  ...
# Subtest: perspective has depth and the requested vertical field of view
ok 216 - perspective has depth and the requested vertical field of view
  ---
  duration_ms: 7.3037
  type: 'test'
  ...
# Subtest: production picking inverts ground projection across orbit, FOV and aspect
ok 217 - production picking inverts ground projection across orbit, FOV and aspect
  ---
  duration_ms: 3.5343
  type: 'test'
  ...
# Subtest: perspective sky and behind-camera points never become movement destinations
ok 218 - perspective sky and behind-camera points never become movement destinations
  ---
  duration_ms: 0.2228
  type: 'test'
  ...
# Subtest: obstruction sweep pulls in before a wall, ignores a clear ray and handles a grazing near plane
ok 219 - obstruction sweep pulls in before a wall, ignores a clear ray and handles a grazing near plane
  ---
  duration_ms: 0.3101
  type: 'test'
  ...
# Subtest: perspective water reflection retains contact UV and actual world mirror
ok 220 - perspective water reflection retains contact UV and actual world mirror
  ---
  duration_ms: 0.2559
  type: 'test'
  ...
# Subtest: presentation preferences roundtrip without modifying old progression or creative state
ok 221 - presentation preferences roundtrip without modifying old progression or creative state
  ---
  duration_ms: 11.9374
  type: 'test'
  ...
# Subtest: clearance bounds preserve rotated wall extents and explicitly exclude foliage and low ground
ok 222 - clearance bounds preserve rotated wall extents and explicitly exclude foliage and low ground
  ---
  duration_ms: 0.4459
  type: 'test'
  ...
# Subtest: clearance sees opted-in dynamic construction and keeps actor batches out
ok 223 - clearance sees opted-in dynamic construction and keeps actor batches out
  ---
  duration_ms: 0.2581
  type: 'test'
  ...
# Subtest: explicit realm walls keep camera clearance below the legacy floor cutoff
ok 224 - explicit realm walls keep camera clearance below the legacy floor cutoff
  ---
  duration_ms: 0.2684
  type: 'test'
  ...
# Subtest: recorder flight snapshots cannot acquire a later live arrow contact
ok 225 - recorder flight snapshots cannot acquire a later live arrow contact
  ---
  duration_ms: 435.098
  type: 'test'
  ...
# Subtest: legacy load leaves every stored byte untouched until explicit character creation
ok 226 - legacy load leaves every stored byte untouched until explicit character creation
  ---
  duration_ms: 37.1353
  type: 'test'
  ...
# Subtest: switching saves outgoing state and restores complete independent characters
ok 227 - switching saves outgoing state and restores complete independent characters
  ---
  duration_ms: 5.7482
  type: 'test'
  ...
# Subtest: quota failures never switch identity, spend state, or create partial slots
ok 228 - quota failures never switch identity, spend state, or create partial slots
  ---
  duration_ms: 3.4368
  type: 'test'
  ...
# Subtest: imports copy a validated character into a new slot and full capacity is atomic
ok 229 - imports copy a validated character into a new slot and full capacity is atomic
  ---
  duration_ms: 5.1913
  type: 'test'
  ...
# Subtest: deletion requires the exact inactive target name and never reuses its identity
ok 230 - deletion requires the exact inactive target name and never reuses its identity
  ---
  duration_ms: 10.4554
  type: 'test'
  ...
# Subtest: stale UI revisions and external storage changes refuse mutations
ok 231 - stale UI revisions and external storage changes refuse mutations
  ---
  duration_ms: 2.0373
  type: 'test'
  ...
# Subtest: a present corrupt library cannot silently restore or overwrite an old world
ok 232 - a present corrupt library cannot silently restore or overwrite an old world
  ---
  duration_ms: 0.3414
  type: 'test'
  ...
# Subtest: managed writes require ownership of the browser editing lock
ok 233 - managed writes require ownership of the browser editing lock
  ---
  duration_ms: 0.9347
  type: 'test'
  ...
# Subtest: a legacy tab detects another writer before save, migration, or explicit replacement
ok 234 - a legacy tab detects another writer before save, migration, or explicit replacement
  ---
  duration_ms: 0.6714
  type: 'test'
  ...
# Subtest: invalid imported state and invalid library identities reject before any write
ok 235 - invalid imported state and invalid library identities reject before any write
  ---
  duration_ms: 3.239
  type: 'test'
  ...
# Subtest: failed legacy replacement retains the loaded runtime and original bytes
ok 236 - failed legacy replacement retains the loaded runtime and original bytes
  ---
  duration_ms: 0.7322
  type: 'test'
  ...
# Subtest: editing lock is held until release and a competing owner must retry explicitly
ok 237 - editing lock is held until release and a competing owner must retry explicitly
  ---
  duration_ms: 7.3941
  type: 'test'
  ...
# Subtest: version6 migrates to current schema with no inferred class and all banked XP intact
ok 238 - version6 migrates to current schema with no inferred class and all banked XP intact
  ---
  duration_ms: 18.6017
  type: 'test'
  ...
# Subtest: class choice requires kit, proximity, known ID and explicit confirmation atomically
ok 239 - class choice requires kit, proximity, known ID and explicit confirmation atomically
  ---
  duration_ms: 20.3865
  type: 'test'
  ...
# Subtest: hunter is deliberate, one-time, reloadable and grants no gear/history/XP
ok 240 - hunter is deliberate, one-time, reloadable and grants no gear/history/XP
  ---
  duration_ms: 9.3027
  type: 'test'
  ...
# Subtest: magician is deliberate, one-time, reloadable and grants no gear/history/XP
ok 241 - magician is deliberate, one-time, reloadable and grants no gear/history/XP
  ---
  duration_ms: 9.0307
  type: 'test'
  ...
# Subtest: invalid class state and impossible unstarted class are refused
ok 242 - invalid class state and impossible unstarted class are refused
  ---
  duration_ms: 15.1011
  type: 'test'
  ...
# Subtest: technique refuses unassigned, wrong scene, pause, death and absent target
ok 243 - technique refuses unassigned, wrong scene, pause, death and absent target
  ---
  duration_ms: 36.2368
  type: 'test'
  ...
# Subtest: hunter validates range, LOS, stamina and durable cooldown before paying
ok 244 - hunter validates range, LOS, stamina and durable cooldown before paying
  ---
  duration_ms: 6.6083
  type: 'test'
  ...
# Subtest: magician validates range, LOS, stamina and durable cooldown before paying
ok 245 - magician validates range, LOS, stamina and durable cooldown before paying
  ---
  duration_ms: 7.0268
  type: 'test'
  ...
# Subtest: hunter marks without a hit and only the next actual blade impact gains bounded damage
ok 246 - hunter marks without a hit and only the next actual blade impact gains bounded damage
  ---
  duration_ms: 1.3244
  type: 'test'
  ...
# Subtest: hunter mark is not consumed by another target, companion or soul damage
ok 247 - hunter mark is not consumed by another target, companion or soul damage
  ---
  duration_ms: 1.4455
  type: 'test'
  ...
# Subtest: bow mark follows swept collision, with no payout on a missed arrow
ok 248 - bow mark follows swept collision, with no payout on a missed arrow
  ---
  duration_ms: 1.7611
  type: 'test'
  ...
# Subtest: an obstructed arrow cannot consume mark or make confirmed-hit feedback
ok 249 - an obstructed arrow cannot consume mark or make confirmed-hit feedback
  ---
  duration_ms: 17.7616
  type: 'test'
  ...
# Subtest: marks expire and cannot cross scene, run identity or reload
ok 250 - marks expire and cannot cross scene, run identity or reload
  ---
  duration_ms: 4.8954
  type: 'test'
  ...
# Subtest: magician creates one actual damage event, faces target and never spawns an arrow
ok 251 - magician creates one actual damage event, faces target and never spawns an arrow
  ---
  duration_ms: 0.9899
  type: 'test'
  ...
# Subtest: class techniques do not earn the archery medal and leave weapon family free
ok 252 - class techniques do not earn the archery medal and leave weapon family free
  ---
  duration_ms: 1.8381
  type: 'test'
  ...
# Subtest: Coastward skirts are bounded deterministic static instances in one shared mesh kind
ok 253 - Coastward skirts are bounded deterministic static instances in one shared mesh kind
  ---
  duration_ms: 83.5174
  type: 'test'
  ...
# Subtest: every actual upper seam meets rendered grass underside on a real exposed union boundary
ok 254 - every actual upper seam meets rendered grass underside on a real exposed union boundary
  ---
  duration_ms: 27.7407
  type: 'test'
  ...
# Subtest: actual skirt triangles remain below every supported foot plane and sink all lower edge vertices
ok 255 - actual skirt triangles remain below every supported foot plane and sink all lower edge vertices
  ---
  duration_ms: 35.6861
  type: 'test'
  ...
# Subtest: all exposed surface normals retain their positive outward and upward orientation after transformation
ok 256 - all exposed surface normals retain their positive outward and upward orientation after transformation
  ---
  duration_ms: 15.1228
  type: 'test'
  ...
# Subtest: bridge sides remain open and all actual full-body routes stay above decorative geometry
ok 257 - bridge sides remain open and all actual full-body routes stay above decorative geometry
  ---
  duration_ms: 891.9378
  type: 'test'
  ...
# Subtest: normal submission adds skirts only to Coastward and never changes canonical definitions or saves
ok 258 - normal submission adds skirts only to Coastward and never changes canonical definitions or saves
  ---
  duration_ms: 213.9647
  type: 'test'
  ...
# Subtest: joining and subdividing equal-height source cells introduces no interior skirt or duplicate seam
ok 259 - joining and subdividing equal-height source cells introduces no interior skirt or duplicate seam
  ---
  duration_ms: 0.343
  type: 'test'
  ...
# Subtest: the new woodland floor is actual traversable ground linking both original lanes
ok 260 - the new woodland floor is actual traversable ground linking both original lanes
  ---
  duration_ms: 36.0963
  type: 'test'
  ...
# Subtest: smooth bank surface vertices share normals across triangle joins without changing the old rock mesh
ok 261 - smooth bank surface vertices share normals across triangle joins without changing the old rock mesh
  ---
  duration_ms: 17.1128
  type: 'test'
  ...
# Subtest: only existing channel posts and four approach lamps join the main-view cutaway aperture
ok 262 - only existing channel posts and four approach lamps join the main-view cutaway aperture
  ---
  duration_ms: 179.7018
  type: 'test'
  ...
# Subtest: browser and CommonJS expose the same pure interface without foreign global mutation
ok 263 - browser and CommonJS expose the same pure interface without foreign global mutation
  ---
  duration_ms: 4.7312
  type: 'test'
  ...
# Subtest: all three canonical buildings have bounded deterministic original exterior parts
ok 264 - all three canonical buildings have bounded deterministic original exterior parts
  ---
  duration_ms: 21.403
  type: 'test'
  ...
# Subtest: roof shells and framing follow actual parent extents and meet the roof profile
ok 265 - roof shells and framing follow actual parent extents and meet the roof profile
  ---
  duration_ms: 2.371
  type: 'test'
  ...
# Subtest: timber matrices are positive orthonormal and local grain meets declared endpoints
ok 266 - timber matrices are positive orthonormal and local grain meets declared endpoints
  ---
  duration_ms: 2.7272
  type: 'test'
  ...
# Subtest: body-height facade stays within existing collision clearance, eaves remain overhead
ok 267 - body-height facade stays within existing collision clearance, eaves remain overhead
  ---
  duration_ms: 20.0973
  type: 'test'
  ...
# Subtest: actual emitted geometry leaves all authored public routes and task actors clear
ok 268 - actual emitted geometry leaves all authored public routes and task actors clear
  ---
  duration_ms: 616.0016
  type: 'test'
  ...
# Subtest: all opaque dressing inherits house cutaway tags without camera or body authority
ok 269 - all opaque dressing inherits house cutaway tags without camera or body authority
  ---
  duration_ms: 4.9624
  type: 'test'
  ...
# Subtest: changed parent positions and supplied floor heights move dressing rather than hard-code geography
ok 270 - changed parent positions and supplied floor heights move dressing rather than hard-code geography
  ---
  duration_ms: 1.9511
  type: 'test'
  ...
# Subtest: decoration writes only computed geometry and leaves definitions and simulation untouched
ok 271 - decoration writes only computed geometry and leaves definitions and simulation untouched
  ---
  duration_ms: 2.92
  type: 'test'
  ...
# Subtest: malformed parents or height refuse before any writer mutation
ok 272 - malformed parents or height refuse before any writer mutation
  ---
  duration_ms: 23.0662
  type: 'test'
  ...
# Subtest: isolated global/CommonJS expose only the frozen pure woodland API
ok 273 - isolated global/CommonJS expose only the frozen pure woodland API
  ---
  duration_ms: 2.52
  type: 'test'
  ...
# Subtest: ten actual parents receive deterministic mixed canopy within the total budget
ok 274 - ten actual parents receive deterministic mixed canopy within the total budget
  ---
  duration_ms: 4.8156
  type: 'test'
  ...
# Subtest: every actual mesh/basis is finite, positive and parent-tagged without new camera/body authority
ok 275 - every actual mesh/basis is finite, positive and parent-tagged without new camera/body authority
  ---
  duration_ms: 49.7549
  type: 'test'
  ...
# Subtest: actual bark faces intersect the unchanged trunk while low roots stay supported and close
ok 276 - actual bark faces intersect the unchanged trunk while low roots stay supported and close
  ---
  duration_ms: 6.2967
  type: 'test'
  ...
# Subtest: rising branches meet the trunk, timber grain endpoints and opaque crown volumes
ok 277 - rising branches meet the trunk, timber grain endpoints and opaque crown volumes
  ---
  duration_ms: 5.0662
  type: 'test'
  ...
# Subtest: upper and lower crown meshes overlap into coherent crowns at the CPU rest pose
ok 278 - upper and lower crown meshes overlap into coherent crowns at the CPU rest pose
  ---
  duration_ms: 1.5303
  type: 'test'
  ...
# Subtest: all route full-body envelopes stay clear including conservative crown wind bounds
ok 279 - all route full-body envelopes stay clear including conservative crown wind bounds
  ---
  duration_ms: 43.7632
  type: 'test'
  ...
# Subtest: high opaque art clears a full actor and canopy spread stays bounded by actual parents
ok 280 - high opaque art clears a full actor and canopy spread stays bounded by actual parents
  ---
  duration_ms: 38.7694
  type: 'test'
  ...
# Subtest: reserved wind envelope matches current source path and only foliage opts in
ok 281 - reserved wind envelope matches current source path and only foliage opts in
  ---
  duration_ms: 1.0574
  type: 'test'
  ...
# Subtest: parent and supplied-height changes move every part without hard-coded coordinates
ok 282 - parent and supplied-height changes move every part without hard-coded coordinates
  ---
  duration_ms: 1.5531
  type: 'test'
  ...
# Subtest: decorate appends only fresh geometry and never reads simulation/progression
ok 283 - decorate appends only fresh geometry and never reads simulation/progression
  ---
  duration_ms: 2.3769
  type: 'test'
  ...
# Subtest: missing/duplicate/malformed parents or unsupported heights refuse before writer mutation
ok 284 - missing/duplicate/malformed parents or unsupported heights refuse before writer mutation
  ---
  duration_ms: 13.3403
  type: 'test'
  ...
# Subtest: selected real-time strike and recovery status retain their actual timer without writes
ok 285 - selected real-time strike and recovery status retain their actual timer without writes
  ---
  duration_ms: 69.4905
  type: 'test'
  ...
# Subtest: owner-aware warning charge
ok 286 - owner-aware warning charge
  ---
  duration_ms: 0.9358
  type: 'test'
  ...
# Subtest: owner-aware warning bell-outer
ok 287 - owner-aware warning bell-outer
  ---
  duration_ms: 0.5973
  type: 'test'
  ...
# Subtest: owner-aware warning bell-inner
ok 288 - owner-aware warning bell-inner
  ---
  duration_ms: 0.7298
  type: 'test'
  ...
# Subtest: owner-aware warning ward
ok 289 - owner-aware warning ward
  ---
  duration_ms: 0.6158
  type: 'test'
  ...
# Subtest: owner-aware warning strike
ok 290 - owner-aware warning strike
  ---
  duration_ms: 0.4924
  type: 'test'
  ...
# Subtest: active charge is untimed and distinct from its preceding warning and later opening
ok 291 - active charge is untimed and distinct from its preceding warning and later opening
  ---
  duration_ms: 3.6855
  type: 'test'
  ...
# Subtest: clears cue at idle
ok 292 - clears cue at idle
  ---
  duration_ms: 1.0969
  type: 'test'
  ...
# Subtest: clears cue at pursue
ok 293 - clears cue at pursue
  ---
  duration_ms: 0.7561
  type: 'test'
  ...
# Subtest: clears cue at return
ok 294 - clears cue at return
  ---
  duration_ms: 2.0572
  type: 'test'
  ...
# Subtest: clears cue at practice
ok 295 - clears cue at practice
  ---
  duration_ms: 4.5303
  type: 'test'
  ...
# Subtest: clears cue at hidden
ok 296 - clears cue at hidden
  ---
  duration_ms: 0.6756
  type: 'test'
  ...
# Subtest: clears cue at defeated
ok 297 - clears cue at defeated
  ---
  duration_ms: 0.5433
  type: 'test'
  ...
# Subtest: clears cue at unselected
ok 298 - clears cue at unselected
  ---
  duration_ms: 0.5795
  type: 'test'
  ...
# Subtest: clears cue at far
ok 299 - clears cue at far
  ---
  duration_ms: 0.3622
  type: 'test'
  ...
# Subtest: clears cue at paused
ok 300 - clears cue at paused
  ---
  duration_ms: 0.2912
  type: 'test'
  ...
# Subtest: clears cue at dead-player
ok 301 - clears cue at dead-player
  ---
  duration_ms: 0.4526
  type: 'test'
  ...
# Subtest: clears cue at noncombat
ok 302 - clears cue at noncombat
  ---
  duration_ms: 0.6595
  type: 'test'
  ...
# Subtest: clears cue at invalid-timer
ok 303 - clears cue at invalid-timer
  ---
  duration_ms: 0.5372
  type: 'test'
  ...
# Subtest: clears cue at expired-timer
ok 304 - clears cue at expired-timer
  ---
  duration_ms: 0.5148
  type: 'test'
  ...
# Subtest: clears cue at unknown-ring
ok 305 - clears cue at unknown-ring
  ---
  duration_ms: 0.3722
  type: 'test'
  ...
# Subtest: clears cue at missing-aim
ok 306 - clears cue at missing-aim
  ---
  duration_ms: 1.2389
  type: 'test'
  ...
# Subtest: clears cue at unknown-charge
ok 307 - clears cue at unknown-charge
  ---
  duration_ms: 0.4578
  type: 'test'
  ...
# Subtest: clears cue at unknown-owner
ok 308 - clears cue at unknown-owner
  ---
  duration_ms: 1.164
  type: 'test'
  ...
# Subtest: clears cue at invalid-event-kind
ok 309 - clears cue at invalid-event-kind
  ---
  duration_ms: 0.4906
  type: 'test'
  ...
# Subtest: clears cue at invalid-bell-kind
ok 310 - clears cue at invalid-bell-kind
  ---
  duration_ms: 0.3876
  type: 'test'
  ...
# Subtest: opening cue never promises weapon readiness across reach, stamina or obstruction
ok 311 - opening cue never promises weapon readiness across reach, stamina or obstruction
  ---
  duration_ms: 1.0548
  type: 'test'
  ...
# Subtest: blade anticipates then repeatedly hits at its actual cadence, without walking
ok 312 - blade anticipates then repeatedly hits at its actual cadence, without walking
  ---
  duration_ms: 42.8009
  type: 'test'
  ...
# Subtest: bow anticipates then repeatedly hits at its actual cadence, without walking
ok 313 - bow anticipates then repeatedly hits at its actual cadence, without walking
  ---
  duration_ms: 11.2816
  type: 'test'
  ...
# Subtest: pending attack cancels on stop
ok 314 - pending attack cancels on stop
  ---
  duration_ms: 1.4813
  type: 'test'
  ...
# Subtest: pending attack cancels on range
ok 315 - pending attack cancels on range
  ---
  duration_ms: 1.1434
  type: 'test'
  ...
# Subtest: pending attack cancels on target
ok 316 - pending attack cancels on target
  ---
  duration_ms: 2.4772
  type: 'test'
  ...
# Subtest: pending attack cancels on pause
ok 317 - pending attack cancels on pause
  ---
  duration_ms: 0.835
  type: 'test'
  ...
# Subtest: pending attack cancels on death
ok 318 - pending attack cancels on death
  ---
  duration_ms: 0.9669
  type: 'test'
  ...
# Subtest: blocked arrow has no confirmed hit number or hit reaction
ok 319 - blocked arrow has no confirmed hit number or hit reaction
  ---
  duration_ms: 1.5364
  type: 'test'
  ...
# Subtest: projectile that misses moving target cannot create confirmed feedback
ok 320 - projectile that misses moving target cannot create confirmed feedback
  ---
  duration_ms: 2.8006
  type: 'test'
  ...
# Subtest: confirmed hit stamps the damaged target once and scene change clears transient feedback
ok 321 - confirmed hit stamps the damaged target once and scene change clears transient feedback
  ---
  duration_ms: 1.932
  type: 'test'
  ...
# Subtest: explicit close-target framing faces the living foe without mutating input
ok 322 - explicit close-target framing faces the living foe without mutating input
  ---
  duration_ms: 2.3368
  type: 'test'
  ...
# Subtest: framing retains valid farther zoom and bounds eligibility to declared12m
ok 323 - framing retains valid farther zoom and bounds eligibility to declared12m
  ---
  duration_ms: 0.7909
  type: 'test'
  ...
# Subtest: no wrong-view, invalid, dead, hidden, coincident or stale actor framing
ok 324 - no wrong-view, invalid, dead, hidden, coincident or stale actor framing
  ---
  duration_ms: 0.8084
  type: 'test'
  ...
# Subtest: very close foe deliberately widens framing for a lane behind the player
ok 325 - very close foe deliberately widens framing for a lane behind the player
  ---
  duration_ms: 0.2519
  type: 'test'
  ...
# Subtest: unobstructed flat close lane and body project above a desktop action bar at45to80FOV
ok 326 - unobstructed flat close lane and body project above a desktop action bar at45to80FOV
  ---
  duration_ms: 9.2689
  type: 'test'
  ...
# Subtest: isolated browser global and CommonJS expose the same bounded pure API
ok 327 - isolated browser global and CommonJS expose the same bounded pure API
  ---
  duration_ms: 3.489
  type: 'test'
  ...
# Subtest: gait phase follows actual displacement and is independent of sampling subdivision/speed
ok 328 - gait phase follows actual displacement and is independent of sampling subdivision/speed
  ---
  duration_ms: 0.8359
  type: 'test'
  ...
# Subtest: stationary blocked intent cannot trot and stopping settles without advancing stride
ok 329 - stationary blocked intent cannot trot and stopping settles without advancing stride
  ---
  duration_ms: 0.8638
  type: 'test'
  ...
# Subtest: repeated samples and long pauses preserve the full pose; paused travel is consumed
ok 330 - repeated samples and long pauses preserve the full pose; paused travel is consumed
  ---
  duration_ms: 3.0454
  type: 'test'
  ...
# Subtest: scene, teleport and clock discontinuities reset gait without mutating previous samples
ok 331 - scene, teleport and clock discontinuities reset gait without mutating previous samples
  ---
  duration_ms: 0.3067
  type: 'test'
  ...
# Subtest: injured unbonded Briar is completely still and has no bond collar
ok 332 - injured unbonded Briar is completely still and has no bond collar
  ---
  duration_ms: 0.8622
  type: 'test'
  ...
# Subtest: reduced motion retains all four essential legs while suppressing time-driven secondary drift
ok 333 - reduced motion retains all four essential legs while suppressing time-driven secondary drift
  ---
  duration_ms: 0.4075
  type: 'test'
  ...
# Subtest: diagonal trot has visible clearance, fixed leg lengths and no paw below supplied ground
ok 334 - diagonal trot has visible clearance, fixed leg lengths and no paw below supplied ground
  ---
  duration_ms: 4099.7613
  type: 'test'
  ...
# Subtest: actual bone transforms meet shared joints through every authored pose and placement
ok 335 - actual bone transforms meet shared joints through every authored pose and placement
  ---
  duration_ms: 26.9627
  type: 'test'
  ...
# Subtest: tail segments overlap at shared anchors and cream tip remains attached
ok 336 - tail segments overlap at shared anchors and cream tip remains attached
  ---
  duration_ms: 6.4025
  type: 'test'
  ...
# Subtest: familiar teal collar touches the neck and head details stay in a shared articulated frame
ok 337 - familiar teal collar touches the neck and head details stay in a shared articulated frame
  ---
  duration_ms: 2.0941
  type: 'test'
  ...
# Subtest: inner ear patches stay on and within the actual outer-ear front facets
ok 338 - inner ear patches stay on and within the actual outer-ear front facets
  ---
  duration_ms: 20.0074
  type: 'test'
  ...
# Subtest: all actual mesh transforms are finite, positive and bounded for all part kinds
ok 339 - all actual mesh transforms are finite, positive and bounded for all part kinds
  ---
  duration_ms: 773.0625
  type: 'test'
  ...
# Subtest: pure pose/draw never changes placement, motion, supplied state or existing output entries
ok 340 - pure pose/draw never changes placement, motion, supplied state or existing output entries
  ---
  duration_ms: 1.8806
  type: 'test'
  ...
# Subtest: invalid or mismatched actual placement refuses before any partial draw
ok 341 - invalid or mismatched actual placement refuses before any partial draw
  ---
  duration_ms: 0.8585
  type: 'test'
  ...
# Subtest: fresh world is valid and round trips
ok 342 - fresh world is valid and round trips
  ---
  duration_ms: 9.0874
  type: 'test'
  ...
# Subtest: seeded world decoration is repeatable
ok 343 - seeded world decoration is repeatable
  ---
  duration_ms: 0.3138
  type: 'test'
  ...
# Subtest: water and nonfinite ground are not walkable
ok 344 - water and nonfinite ground are not walkable
  ---
  duration_ms: 0.1413
  type: 'test'
  ...
# Subtest: buildings and the spring are obstacles
ok 345 - buildings and the spring are obstacles
  ---
  duration_ms: 0.12
  type: 'test'
  ...
# Subtest: every landmark has walkable admission
ok 346 - every landmark has walkable admission
  ---
  duration_ms: 0.2635
  type: 'test'
  ...
# Subtest: all 121 landmark routes exist and sampled segments avoid obstacles
ok 347 - all 121 landmark routes exist and sampled segments avoid obstacles
  ---
  duration_ms: 6131.8189
  type: 'test'
  ...
# Subtest: click movement arrives without overshooting
ok 348 - click movement arrives without overshooting
  ---
  duration_ms: 17.3708
  type: 'test'
  ...
# Subtest: manual motion is bounded at terrain edge
ok 349 - manual motion is bounded at terrain edge
  ---
  duration_ms: 14.309
  type: 'test'
  ...
# Subtest: invalid move does not replace current route
ok 350 - invalid move does not replace current route
  ---
  duration_ms: 1.7071
  type: 'test'
  ...
# Subtest: invalid tick cannot corrupt time
ok 351 - invalid tick cannot corrupt time
  ---
  duration_ms: 0.776
  type: 'test'
  ...
# Subtest: pause stops simulation
ok 352 - pause stops simulation
  ---
  duration_ms: 2.8212
  type: 'test'
  ...
# Subtest: time flow setting stops only the clock
ok 353 - time flow setting stops only the clock
  ---
  duration_ms: 2.6085
  type: 'test'
  ...
# Subtest: day rolls over with a new event
ok 354 - day rolls over with a new event
  ---
  duration_ms: 39.2373
  type: 'test'
  ...
# Subtest: all three share home during supper
ok 355 - all three share home during supper
  ---
  duration_ms: 0.1611
  type: 'test'
  ...
# Subtest: daytime projects have different destinations
ok 356 - daytime projects have different destinations
  ---
  duration_ms: 0.0801
  type: 'test'
  ...
# Subtest: routines travel to the shared house
ok 357 - routines travel to the shared house
  ---
  duration_ms: 37.9276
  type: 'test'
  ...
# Subtest: enter requires proximity
ok 358 - enter requires proximity
  ---
  duration_ms: 0.5379
  type: 'test'
  ...
# Subtest: enter, save and leave preserve outside position
ok 359 - enter, save and leave preserve outside position
  ---
  duration_ms: 5.0699
  type: 'test'
  ...
# Subtest: interior table and walls collide
ok 360 - interior table and walls collide
  ---
  duration_ms: 0.1966
  type: 'test'
  ...
# Subtest: non-interior locations cannot be entered
ok 361 - non-interior locations cannot be entered
  ---
  duration_ms: 0.3213
  type: 'test'
  ...
# Subtest: planting requires being in the garden
ok 362 - planting requires being in the garden
  ---
  duration_ms: 0.4439
  type: 'test'
  ...
# Subtest: twelve flowers are bounded and recoverable
ok 363 - twelve flowers are bounded and recoverable
  ---
  duration_ms: 5.4138
  type: 'test'
  ...
# Subtest: duplicate accepted command does not duplicate a note
ok 364 - duplicate accepted command does not duplicate a note
  ---
  duration_ms: 0.3566
  type: 'test'
  ...
# Subtest: same id with changed payload conflicts
ok 365 - same id with changed payload conflicts
  ---
  duration_ms: 0.3353
  type: 'test'
  ...
# Subtest: duplicate refusal remains refusal
ok 366 - duplicate refusal remains refusal
  ---
  duration_ms: 3.591
  type: 'test'
  ...
# Subtest: notes are data, not markup
ok 367 - notes are data, not markup
  ---
  duration_ms: 0.3156
  type: 'test'
  ...
# Subtest: notebook enforces length and capacity
ok 368 - notebook enforces length and capacity
  ---
  duration_ms: 0.3493
  type: 'test'
  ...
# Subtest: authored conversation records encounter without a network request
ok 369 - authored conversation records encounter without a network request
  ---
  duration_ms: 0.2935
  type: 'test'
  ...
# Subtest: unknown resident is rejected
ok 370 - unknown resident is rejected
  ---
  duration_ms: 0.3004
  type: 'test'
  ...
# Subtest: journal retains 200 ordered entries
ok 371 - journal retains 200 ordered entries
  ---
  duration_ms: 0.6744
  type: 'test'
  ...
# Subtest: save and load accept acknowledged storage
ok 372 - save and load accept acknowledged storage
  ---
  duration_ms: 1.2807
  type: 'test'
  ...
# Subtest: quota refusal is not a saved success
ok 373 - quota refusal is not a saved success
  ---
  duration_ms: 0.4433
  type: 'test'
  ...
# Subtest: corrupt storage is preserved rather than overwritten on load
ok 374 - corrupt storage is preserved rather than overwritten on load
  ---
  duration_ms: 0.1084
  type: 'test'
  ...
# Subtest: import rejects invalid locations and malformed versions
ok 375 - import rejects invalid locations and malformed versions
  ---
  duration_ms: 0.4722
  type: 'test'
  ...
# Subtest: import roster is exact and extra prototype properties are discarded
ok 376 - import roster is exact and extra prototype properties are discarded
  ---
  duration_ms: 0.3988
  type: 'test'
  ...
# Subtest: import cannot enable audio and rejects invalid event sequence
ok 377 - import cannot enable audio and rejects invalid event sequence
  ---
  duration_ms: 0.2378
  type: 'test'
  ...
# Subtest: both ground approaches connect arrival to occupied observatory with radius clearance
ok 378 - both ground approaches connect arrival to occupied observatory with radius clearance
  ---
  duration_ms: 159.5879
  type: 'test'
  ...
# Subtest: entry saves the exact source before changing scenes, and reload returns to that source
ok 379 - entry saves the exact source before changing scenes, and reload returns to that source
  ---
  duration_ms: 26.2143
  type: 'test'
  ...
# Subtest: a failed save or unavailable scene refuses travel atomically
ok 380 - a failed save or unavailable scene refuses travel atomically
  ---
  duration_ms: 2.8635
  type: 'test'
  ...
# Subtest: stale character, revision, simulation, position and cancelled tickets cannot enter
ok 381 - stale character, revision, simulation, position and cancelled tickets cannot enter
  ---
  duration_ms: 2.3884
  type: 'test'
  ...
# Subtest: scene build failure restores the source and a consumed ticket cannot retry
ok 382 - scene build failure restores the source and a consumed ticket cannot retry
  ---
  duration_ms: 1.5734
  type: 'test'
  ...
# Subtest: fall recovery recalls to safe ground and normal return works from the far end
ok 383 - fall recovery recalls to safe ground and normal return works from the far end
  ---
  duration_ms: 2.5786
  type: 'test'
  ...
# Subtest: height-aware ray picks real support and refuses sky, the ridge and cover
ok 384 - height-aware ray picks real support and refuses sky, the ridge and cover
  ---
  duration_ms: 13.6056
  type: 'test'
  ...
# Subtest: manual walking slides along boundaries without crossing unsupported corner segments
ok 385 - manual walking slides along boundaries without crossing unsupported corner segments
  ---
  duration_ms: 18.9068
  type: 'test'
  ...
# Subtest: all original scores have bounded notes and serialize exactly
ok 386 - all original scores have bounded notes and serialize exactly
  ---
  duration_ms: 12.9083
  type: 'test'
  ...
# Subtest: tempo, voice, dimensions and boolean impostors rejected
ok 387 - tempo, voice, dimensions and boolean impostors rejected
  ---
  duration_ms: 1.8758
  type: 'test'
  ...
# Subtest: scores discard imported authority and execution fields
ok 388 - scores discard imported authority and execution fields
  ---
  duration_ms: 0.2574
  type: 'test'
  ...
# Subtest: unknown composition does not silently substitute another
ok 389 - unknown composition does not silently substitute another
  ---
  duration_ms: 1.4924
  type: 'test'
  ...
# Subtest: score revision compare-and-swap refuses stale changes atomically
ok 390 - score revision compare-and-swap refuses stale changes atomically
  ---
  duration_ms: 30.8988
  type: 'test'
  ...
# Subtest: accepted score edit increments revision and survives cold reconstruction
ok 391 - accepted score edit increments revision and survives cold reconstruction
  ---
  duration_ms: 3.105
  type: 'test'
  ...
# Subtest: invalid score command does not partially change title or revision
ok 392 - invalid score command does not partially change title or revision
  ---
  duration_ms: 1.7759
  type: 'test'
  ...
# Subtest: duplicate score edit is not applied twice
ok 393 - duplicate score edit is not applied twice
  ---
  duration_ms: 0.8056
  type: 'test'
  ...
# Subtest: version-two import preserves old notes, flowers and user coordinates
ok 394 - version-two import preserves old notes, flowers and user coordinates
  ---
  duration_ms: 1.9805
  type: 'test'
  ...
# Subtest: legacy localStorage is read but never overwritten by a v3 save
ok 395 - legacy localStorage is read but never overwritten by a v3 save
  ---
  duration_ms: 1.5861
  type: 'test'
  ...
# Subtest: corrupt v3 does not fall back to and overwrite an older save
ok 396 - corrupt v3 does not fall back to and overwrite an older save
  ---
  duration_ms: 0.2548
  type: 'test'
  ...
# Subtest: default retreat is schema-valid and entry is clear
ok 397 - default retreat is schema-valid and entry is clear
  ---
  duration_ms: 0.2025
  type: 'test'
  ...
# Subtest: new island is connected while the water alongside bridge is not walkable
ok 398 - new island is connected while the water alongside bridge is not walkable
  ---
  duration_ms: 56.3485
  type: 'test'
  ...
# Subtest: all new destinations are reachable without jumping over obstacles
ok 399 - all new destinations are reachable without jumping over obstacles
  ---
  duration_ms: 32.9852
  type: 'test'
  ...
# Subtest: retreat opens, closes and saves the outside return position
ok 400 - retreat opens, closes and saves the outside return position
  ---
  duration_ms: 55.4647
  type: 'test'
  ...
# Subtest: placement is a real collision obstacle
ok 401 - placement is a real collision obstacle
  ---
  duration_ms: 0.1522
  type: 'test'
  ...
# Subtest: rotated furniture footprint rotates with the mesh contract
ok 402 - rotated furniture footprint rotates with the mesh contract
  ---
  duration_ms: 0.1112
  type: 'test'
  ...
# Subtest: rug is visible furniture but not a blocking volume
ok 403 - rug is visible furniture but not a blocking volume
  ---
  duration_ms: 0.0612
  type: 'test'
  ...
# Subtest: duplicate slots, unknown types, invalid rotations and palettes rejected
ok 404 - duplicate slots, unknown types, invalid rotations and palettes rejected
  ---
  duration_ms: 0.2161
  type: 'test'
  ...
# Subtest: edit, undo and redo retain monotonic layout revisions
ok 405 - edit, undo and redo retain monotonic layout revisions
  ---
  duration_ms: 0.4899
  type: 'test'
  ...
# Subtest: stale layout mutation leaves full state unchanged
ok 406 - stale layout mutation leaves full state unchanged
  ---
  duration_ms: 0.9375
  type: 'test'
  ...
# Subtest: furniture cannot be placed on the visitor
ok 407 - furniture cannot be placed on the visitor
  ---
  duration_ms: 1.053
  type: 'test'
  ...
# Subtest: every furniture kind in every slot preserves an entry escape route
ok 408 - every furniture kind in every slot preserves an entry escape route
  ---
  duration_ms: 3.9831
  type: 'test'
  ...
# Subtest: visitor appearance and exact name are exportable data
ok 409 - visitor appearance and exact name are exportable data
  ---
  duration_ms: 1.2832
  type: 'test'
  ...
# Subtest: invalid appearance refuses unknown indexes and does not mutate
ok 410 - invalid appearance refuses unknown indexes and does not mutate
  ---
  duration_ms: 1.3042
  type: 'test'
  ...
# Subtest: family gathering requires proximity to real stage
ok 411 - family gathering requires proximity to real stage
  ---
  duration_ms: 0.3607
  type: 'test'
  ...
# Subtest: gathering routes three inhabitants rather than teleporting
ok 412 - gathering routes three inhabitants rather than teleporting
  ---
  duration_ms: 44.366
  type: 'test'
  ...
# Subtest: gathering expires and does not resume as a false persisted performance
ok 413 - gathering expires and does not resume as a false persisted performance
  ---
  duration_ms: 84.2787
  type: 'test'
  ...
# Subtest: event timing matches 16 eighth-notes and MIDI two-bar length
ok 414 - event timing matches 16 eighth-notes and MIDI two-bar length
  ---
  duration_ms: 0.549
  type: 'test'
  ...
# Subtest: all voices synthesize finite stereo data and bounded peaks
ok 415 - all voices synthesize finite stereo data and bounded peaks
  ---
  duration_ms: 541.9615
  type: 'test'
  ...
# Subtest: an empty score produces actual silence, not a hidden soundtrack
ok 416 - an empty score produces actual silence, not a hidden soundtrack
  ---
  duration_ms: 6.0706
  type: 'test'
  ...
# Subtest: synthesized output is reproducible for identical scores
ok 417 - synthesized output is reproducible for identical scores
  ---
  duration_ms: 415.0342
  type: 'test'
  ...
# Subtest: different edited notes change actual rendered audio
ok 418 - different edited notes change actual rendered audio
  ---
  duration_ms: 153.9281
  type: 'test'
  ...
# Subtest: WAV header, byte length and final samples are correct
ok 419 - WAV header, byte length and final samples are correct
  ---
  duration_ms: 196.4276
  type: 'test'
  ...
# Subtest: WAV encoder refuses malformed or nonfinite channels
ok 420 - WAV encoder refuses malformed or nonfinite channels
  ---
  duration_ms: 0.2541
  type: 'test'
  ...
# Subtest: MIDI has one type-zero track, valid length, tempo and end marker
ok 421 - MIDI has one type-zero track, valid length, tempo and end marker
  ---
  duration_ms: 0.7535
  type: 'test'
  ...
# Subtest: 09 save migrates without mutating original or losing chapters
ok 422 - 09 save migrates without mutating original or losing chapters
  ---
  duration_ms: 206.1391
  type: 'test'
  ...
# Subtest: new world has no free entry, equipment, attunement or chapter rewards
ok 423 - new world has no free entry, equipment, attunement or chapter rewards
  ---
  duration_ms: 0.3886
  type: 'test'
  ...
# Subtest: strict crossing save rejects wrongVersion
ok 424 - strict crossing save rejects wrongVersion
  ---
  duration_ms: 0.7383
  type: 'test'
  ...
# Subtest: strict crossing save rejects missingField
ok 425 - strict crossing save rejects missingField
  ---
  duration_ms: 0.4596
  type: 'test'
  ...
# Subtest: strict crossing save rejects nonbool
ok 426 - strict crossing save rejects nonbool
  ---
  duration_ms: 0.3802
  type: 'test'
  ...
# Subtest: strict crossing save rejects unvisitedAttune
ok 427 - strict crossing save rejects unvisitedAttune
  ---
  duration_ms: 0.4953
  type: 'test'
  ...
# Subtest: strict crossing save rejects unvisitedProject
ok 428 - strict crossing save rejects unvisitedProject
  ---
  duration_ms: 0.3452
  type: 'test'
  ...
# Subtest: strict crossing save rejects unknownProject
ok 429 - strict crossing save rejects unknownProject
  ---
  duration_ms: 0.2608
  type: 'test'
  ...
# Subtest: strict crossing save rejects duplicateProject
ok 430 - strict crossing save rejects duplicateProject
  ---
  duration_ms: 0.2964
  type: 'test'
  ...
# Subtest: strict crossing save rejects earlyRepair
ok 431 - strict crossing save rejects earlyRepair
  ---
  duration_ms: 0.3227
  type: 'test'
  ...
# Subtest: strict crossing save rejects earlyComplete
ok 432 - strict crossing save rejects earlyComplete
  ---
  duration_ms: 0.2706
  type: 'test'
  ...
# Subtest: strict crossing save rejects earlyReward
ok 433 - strict crossing save rejects earlyReward
  ---
  duration_ms: 0.2166
  type: 'test'
  ...
# Subtest: entry requires the defended beacon and actual gate location
ok 434 - entry requires the defended beacon and actual gate location
  ---
  duration_ms: 29.9206
  type: 'test'
  ...
# Subtest: entry resets target/auto and gives no items or health
ok 435 - entry resets target/auto and gives no items or health
  ---
  duration_ms: 19.201
  type: 'test'
  ...
# Subtest: all named places, bells, encounter homes, clapper and entry are reachable
ok 436 - all named places, bells, encounter homes, clapper and entry are reachable
  ---
  duration_ms: 136.8307
  type: 'test'
  ...
# Subtest: buildings and outer bounds stop walking and arrows
ok 437 - buildings and outer bounds stop walking and arrows
  ---
  duration_ms: 0.3873
  type: 'test'
  ...
# Subtest: stream blocks walking except bridge but not travelling arrows
ok 438 - stream blocks walking except bridge but not travelling arrows
  ---
  duration_ms: 4.4704
  type: 'test'
  ...
# Subtest: outdoor construction and gathering cannot mutate village geography
ok 439 - outdoor construction and gathering cannot mutate village geography
  ---
  duration_ms: 3.4795
  type: 'test'
  ...
# Subtest: public forge is a true workbench; components cost actual material
ok 440 - public forge is a true workbench; components cost actual material
  ---
  duration_ms: 2.9089
  type: 'test'
  ...
# Subtest: meeting and clue require local proximity and are single claim
ok 441 - meeting and clue require local proximity and are single claim
  ---
  duration_ms: 9.0748
  type: 'test'
  ...
# Subtest: Briar search has real location, bond, follow and route prerequisites
ok 442 - Briar search has real location, bond, follow and route prerequisites
  ---
  duration_ms: 35.7139
  type: 'test'
  ...
# Subtest: manual close inspection works when Briar stays behind
ok 443 - manual close inspection works when Briar stays behind
  ---
  duration_ms: 5.9628
  type: 'test'
  ...
# Subtest: search pause keeps discovery and companion motion frozen
ok 444 - search pause keeps discovery and companion motion frozen
  ---
  duration_ms: 11.8099
  type: 'test'
  ...
# Subtest: new guardian uses distinct ring and circle impact rules
ok 445 - new guardian uses distinct ring and circle impact rules
  ---
  duration_ms: 0.291
  type: 'test'
  ...
# Subtest: wide ring rewards entering center; next tell alternates to inner strike
ok 446 - wide ring rewards entering center; next tell alternates to inner strike
  ---
  duration_ms: 122.7318
  type: 'test'
  ...
# Subtest: new encounters are targetable and respond to real autoattack
ok 447 - new encounters are targetable and respond to real autoattack
  ---
  duration_ms: 27.5826
  type: 'test'
  ...
# Subtest: clear event caches pay the new roster once and persist separately
ok 448 - clear event caches pay the new roster once and persist separately
  ---
  duration_ms: 4.3298
  type: 'test'
  ...
# Subtest: bell repair requires clapper and all three clearances
ok 449 - bell repair requires clapper and all three clearances
  ---
  duration_ms: 4.0077
  type: 'test'
  ...
# Subtest: wrong bell order restarts sequence without taking inventory
ok 450 - wrong bell order restarts sequence without taking inventory
  ---
  duration_ms: 6.1132
  type: 'test'
  ...
# Subtest: bell cannot be played remotely or faster than its cooldown
ok 451 - bell cannot be played remotely or faster than its cooldown
  ---
  duration_ms: 11.4841
  type: 'test'
  ...
# Subtest: three local ordered tones complete the bell but not the reward
ok 452 - three local ordered tones complete the bell but not the reward
  ---
  duration_ms: 14.4284
  type: 'test'
  ...
# Subtest: Rowan reward is atomic, local and cannot be duplicated
ok 453 - Rowan reward is atomic, local and cannot be duplicated
  ---
  duration_ms: 10.4043
  type: 'test'
  ...
# Subtest: free bell playing after completion cannot reset quest or pay loot
ok 454 - free bell playing after completion cannot reset quest or pay loot
  ---
  duration_ms: 5.6162
  type: 'test'
  ...
# Subtest: tone entry is transient; repair, kills and clues survive reload
ok 455 - tone entry is transient; repair, kills and clues survive reload
  ---
  duration_ms: 8.8453
  type: 'test'
  ...
# Subtest: merchant exchanges fail cleanly when funds, quantities or scope fail
ok 456 - merchant exchanges fail cleanly when funds, quantities or scope fail
  ---
  duration_ms: 43.5649
  type: 'test'
  ...
# Subtest: merchant armor retains proper slot and does not heal on purchase/equip
ok 457 - merchant armor retains proper slot and does not heal on purchase/equip
  ---
  duration_ms: 70.9874
  type: 'test'
  ...
# Subtest: ore and berries exchange deduct exactly, overflow is refused
ok 458 - ore and berries exchange deduct exactly, overflow is refused
  ---
  duration_ms: 3.4331
  type: 'test'
  ...
# Subtest: inn restores actual vitals and denies service outside its porch
ok 459 - inn restores actual vitals and denies service outside its porch
  ---
  duration_ms: 3.6288
  type: 'test'
  ...
# Subtest: common works deduct actual materials once and preserve home layout
ok 460 - common works deduct actual materials once and preserve home layout
  ---
  duration_ms: 5.0818
  type: 'test'
  ...
# Subtest: commission failure leaves supplies and flags untouched
ok 461 - commission failure leaves supplies and flags untouched
  ---
  duration_ms: 6.2715
  type: 'test'
  ...
# Subtest: waystone needs discovery and physical origin, does not heal or charge
ok 462 - waystone needs discovery and physical origin, does not heal or charge
  ---
  duration_ms: 48.2233
  type: 'test'
  ...
# Subtest: unattuned village cannot be fast-travelled to
ok 463 - unattuned village cannot be fast-travelled to
  ---
  duration_ms: 18.6206
  type: 'test'
  ...
# Subtest: travel refuses active attack modes and beacon assault
ok 464 - travel refuses active attack modes and beacon assault
  ---
  duration_ms: 5.8446
  type: 'test'
  ...
# Subtest: ordinary departure is local and preserves progress
ok 465 - ordinary departure is local and preserves progress
  ---
  duration_ms: 4.0908
  type: 'test'
  ...
# Subtest: same command receipt cannot be repurposed or pay twice
ok 466 - same command receipt cannot be repurposed or pay twice
  ---
  duration_ms: 4.2476
  type: 'test'
  ...
# Subtest: defeat recovery preserves crossing facts and revives outside
ok 467 - defeat recovery preserves crossing facts and revives outside
  ---
  duration_ms: 7.8842
  type: 'test'
  ...
# Subtest: cutaway preference is persisted and old migration defaults on
ok 468 - cutaway preference is persisted and old migration defaults on
  ---
  duration_ms: 3.1503
  type: 'test'
  ...
# Subtest: Fenna retains exact supported rule-adjacent anchors and does not invent consent
ok 469 - Fenna retains exact supported rule-adjacent anchors and does not invent consent
  ---
  duration_ms: 15.4921
  type: 'test'
  ...
# Subtest: confirmed arrival alone opens the load, and payment cannot redraw or repay it
ok 470 - confirmed arrival alone opens the load, and payment cannot redraw or repay it
  ---
  duration_ms: 31.58
  type: 'test'
  ...
# Subtest: bounded complete drover and cart transforms remain positive and finite
ok 471 - bounded complete drover and cart transforms remain positive and finite
  ---
  duration_ms: 1129.9905
  type: 'test'
  ...
# Subtest: rope grasp shares the actual coil frame, with connected upper and lower arms
ok 472 - rope grasp shares the actual coil frame, with connected upper and lower arms
  ---
  duration_ms: 17.4598
  type: 'test'
  ...
# Subtest: feet and four cart wheel rims meet actual terrain at both existing sites
ok 473 - feet and four cart wheel rims meet actual terrain at both existing sites
  ---
  duration_ms: 1.8988
  type: 'test'
  ...
# Subtest: short cart shafts stay clear of the established gathering cloth approach
ok 474 - short cart shafts stay clear of the established gathering cloth approach
  ---
  duration_ms: 0.6845
  type: 'test'
  ...
# Subtest: cart shafts cannot pass through Fenna at either existing waiting or delivered stance
ok 475 - cart shafts cannot pass through Fenna at either existing waiting or delivered stance
  ---
  duration_ms: 94.0973
  type: 'test'
  ...
# Subtest: sampling has no hidden clock, and reduced motion holds a connected complete pose
ok 476 - sampling has no hidden clock, and reduced motion holds a connected complete pose
  ---
  duration_ms: 23.4012
  type: 'test'
  ...
# Subtest: entry requires resolved delivery and physical field table; unpaid arrival is eligible
ok 477 - entry requires resolved delivery and physical field table; unpaid arrival is eligible
  ---
  duration_ms: 111.6367
  type: 'test'
  ...
# Subtest: table and all marks have real connected, walkable approaches
ok 478 - table and all marks have real connected, walkable approaches
  ---
  duration_ms: 893.2027
  type: 'test'
  ...
# Subtest: no pre-accept backfill; each accepted physical observation occurs once
ok 479 - no pre-accept backfill; each accepted physical observation occurs once
  ---
  duration_ms: 6.0335
  type: 'test'
  ...
# Subtest: table comparison rejects missing clues, obstructed or distant approach and malformed bearings atomically
ok 480 - table comparison rejects missing clues, obstructed or distant approach and malformed bearings atomically
  ---
  duration_ms: 12.9536
  type: 'test'
  ...
# Subtest: axis 0 and honest old-road preserve every reward and earlier system
ok 481 - axis 0 and honest old-road preserve every reward and earlier system
  ---
  duration_ms: 5.9029
  type: 'test'
  ...
# Subtest: axis 0 and honest waterworks preserve every reward and earlier system
ok 482 - axis 0 and honest waterworks preserve every reward and earlier system
  ---
  duration_ms: 92.9172
  type: 'test'
  ...
# Subtest: axis 180 and honest old-road preserve every reward and earlier system
ok 483 - axis 180 and honest old-road preserve every reward and earlier system
  ---
  duration_ms: 23.486
  type: 'test'
  ...
# Subtest: axis 180 and honest waterworks preserve every reward and earlier system
ok 484 - axis 180 and honest waterworks preserve every reward and earlier system
  ---
  duration_ms: 10.256
  type: 'test'
  ...
# Subtest: each accepted, partly observed, compared and recorded stage survives reload
ok 485 - each accepted, partly observed, compared and recorded stage survives reload
  ---
  duration_ms: 7.7998
  type: 'test'
  ...
# Subtest: schema8 migration preserves unpaid delivery and all prior fields at XP boundaries without changing input
ok 486 - schema8 migration preserves unpaid delivery and all prior fields at XP boundaries without changing input
  ---
  duration_ms: 10.6717
  type: 'test'
  ...
# Subtest: missing, future, unknown and inconsistent notes refuse without erasing state
ok 487 - missing, future, unknown and inconsistent notes refuse without erasing state
  ---
  duration_ms: 106.7433
  type: 'test'
  ...
# Subtest: array-coerced interpretation cannot masquerade as a stable ID in a completed save
ok 488 - array-coerced interpretation cannot masquerade as a stable ID in a completed save
  ---
  duration_ms: 2.4494
  type: 'test'
  ...
# Subtest: inspection and declined job create no progress; acceptance needs kit and proximity
ok 489 - inspection and declined job create no progress; acceptance needs kit and proximity
  ---
  duration_ms: 60.2733
  type: 'test'
  ...
# Subtest: every task uses supported reachable Earth ground
ok 490 - every task uses supported reachable Earth ground
  ---
  duration_ms: 1590.6967
  type: 'test'
  ...
# Subtest: mill prerequisites and timber cost are atomic and charged once
ok 491 - mill prerequisites and timber cost are atomic and charged once
  ---
  duration_ms: 4.2335
  type: 'test'
  ...
# Subtest: mill completes with one finite payout and no gear, XP or chapter changes
ok 492 - mill completes with one finite payout and no gear, XP or chapter changes
  ---
  duration_ms: 3.6477
  type: 'test'
  ...
# Subtest: quarry completes with one finite payout and no gear, XP or chapter changes
ok 493 - quarry completes with one finite payout and no gear, XP or chapter changes
  ---
  duration_ms: 2.1372
  type: 'test'
  ...
# Subtest: detour completes with one finite payout and no gear, XP or chapter changes
ok 494 - detour completes with one finite payout and no gear, XP or chapter changes
  ---
  duration_ms: 2.3532
  type: 'test'
  ...
# Subtest: quarry and detour never consume personal materials; both observations precede lane marking
ok 495 - quarry and detour never consume personal materials; both observations precede lane marking
  ---
  duration_ms: 1.0139
  type: 'test'
  ...
# Subtest: full ore refuses entire payout and preserves completed entitlement
ok 496 - full ore refuses entire payout and preserves completed entitlement
  ---
  duration_ms: 1.5275
  type: 'test'
  ...
# Subtest: full coins refuses entire payout and preserves completed entitlement
ok 497 - full coins refuses entire payout and preserves completed entitlement
  ---
  duration_ms: 1.4883
  type: 'test'
  ...
# Subtest: full fiber refuses entire payout and preserves completed entitlement
ok 498 - full fiber refuses entire payout and preserves completed entitlement
  ---
  duration_ms: 1.6916
  type: 'test'
  ...
# Subtest: all durable stages survive canonical reload with no implicit rewards or reacceptance
ok 499 - all durable stages survive canonical reload with no implicit rewards or reacceptance
  ---
  duration_ms: 8.1474
  type: 'test'
  ...
# Subtest: schema7 migration preserves banked XP and every older canonical field without mutating input
ok 500 - schema7 migration preserves banked XP and every older canonical field without mutating input
  ---
  duration_ms: 9.183
  type: 'test'
  ...
# Subtest: current-schema missing, future and inconsistent story state refuses instead of erasing
ok 501 - current-schema missing, future and inconsistent story state refuses instead of erasing
  ---
  duration_ms: 5.3935
  type: 'test'
  ...
# Subtest: other improvements remain available after claim without replaying delivery or payment
ok 502 - other improvements remain available after claim without replaying delivery or payment
  ---
  duration_ms: 1.9756
  type: 'test'
  ...
# Subtest: new trail marker does not steal the existing Lantern Pier interaction radius
ok 503 - new trail marker does not steal the existing Lantern Pier interaction radius
  ---
  duration_ms: 19.028
  type: 'test'
  ...
# Subtest: orchard and ridge approaches connect the lake to Bellweather west road
ok 504 - orchard and ridge approaches connect the lake to Bellweather west road
  ---
  duration_ms: 275.2662
  type: 'test'
  ...
# Subtest: entry saves exact lake checkpoint and transient Earth room never becomes persisted position
ok 505 - entry saves exact lake checkpoint and transient Earth room never becomes persisted position
  ---
  duration_ms: 12.3644
  type: 'test'
  ...
# Subtest: travel refusal and scene failure are atomic
ok 506 - travel refusal and scene failure are atomic
  ---
  duration_ms: 3.8896
  type: 'test'
  ...
# Subtest: stale character, revision, position and cancellation cannot enter
ok 507 - stale character, revision, position and cancellation cannot enter
  ---
  duration_ms: 1.8062
  type: 'test'
  ...
# Subtest: fall recovery uses supported entry and return works from the far road
ok 508 - fall recovery uses supported entry and return works from the far road
  ---
  duration_ms: 3.611
  type: 'test'
  ...
# Subtest: height-aware surface pick accepts ground and refuses watercourse, solids and sky
ok 509 - height-aware surface pick accepts ground and refuses watercourse, solids and sky
  ---
  duration_ms: 155.7324
  type: 'test'
  ...
# Subtest: manual movement slides without crossing unsupported segments
ok 510 - manual movement slides without crossing unsupported segments
  ---
  duration_ms: 29.4517
  type: 'test'
  ...
# Subtest: the grounded brute pursues outside its short physical sweep instead of striking remotely
ok 511 - the grounded brute pursues outside its short physical sweep instead of striking remotely
  ---
  duration_ms: 419.3281
  type: 'test'
  ...
# Subtest: warning locks the physical lane; turning and moving later cannot chase the target
ok 512 - warning locks the physical lane; turning and moving later cannot chase the target
  ---
  duration_ms: 25.6634
  type: 'test'
  ...
# Subtest: contact hits inside the locked lane exactly once, Brace halves actual damage
ok 513 - contact hits inside the locked lane exactly once, Brace halves actual damage
  ---
  duration_ms: 78.8878
  type: 'test'
  ...
# Subtest: the full warning has no early contact and the full recovery remains an attack-free opening
ok 514 - the full warning has no early contact and the full recovery remains an attack-free opening
  ---
  duration_ms: 16.586
  type: 'test'
  ...
# Subtest: footprint rotates in world space, includes body edge and excludes sides/rear/far
ok 515 - footprint rotates in world space, includes body edge and excludes sides/rear/far
  ---
  duration_ms: 0.8943
  type: 'test'
  ...
# Subtest: only exact accepted encounter identities use a bank sweep, generic sentinels keep their owner
ok 516 - only exact accepted encounter identities use a bank sweep, generic sentinels keep their owner
  ---
  duration_ms: 0.6648
  type: 'test'
  ...
# Subtest: pause freezes warning and damage; returning/free-home removes transient strike
ok 517 - pause freezes warning and damage; returning/free-home removes transient strike
  ---
  duration_ms: 0.9996
  type: 'test'
  ...
# Subtest: selected threat names the actual sweep and recovery without writing progression
ok 518 - selected threat names the actual sweep and recovery without writing progression
  ---
  duration_ms: 6.7243
  type: 'test'
  ...
# Subtest: a real wall blocks contact even when the player body lies within the sweep
ok 519 - a real wall blocks contact even when the player body lies within the sweep
  ---
  duration_ms: 1.4532
  type: 'test'
  ...
# Subtest: visible warning follows locked frame; reduced motion keeps the complete rectangle and no moving deadline
ok 520 - visible warning follows locked frame; reduced motion keeps the complete rectangle and no moving deadline
  ---
  duration_ms: 1.254
  type: 'test'
  ...
# Subtest: saved clearance stages only the first brace; a new patrol does not inherit a cleared inspection tag
ok 521 - saved clearance stages only the first brace; a new patrol does not inherit a cleared inspection tag
  ---
  duration_ms: 1.7354
  type: 'test'
  ...
# Subtest: refused actual defeat saves leave no clearance or supplied kit and can be retried
ok 522 - refused actual defeat saves leave no clearance or supplied kit and can be retried
  ---
  duration_ms: 9.2498
  type: 'test'
  ...
# PASS deep-frozen finite catalogue and branch allocations
# PASS stable finite IDs, physical anchors, and required ordered DAG
# PASS only optional missing world ledger migrates to fresh
# PASS all story subsets enforce real prerequisites, allocation, acceptance and claim
# PASS patrol accepted identity is exactly lastClaim plus one and follows its own DAG
# PASS progress exposes only reachable next actions and both physical choices without mutation
# PASS required binding validates canonical owned weapons, exact shape and paired nulls
# PASS bonus follows selected equipped weapon and never mutates HP, sockets or old fittings
# PASS enemy catalogue is accepted-phase/run-qualified and never a legacy payout
# PASS Core contract either fails closed before integration or saves before live adoption
# PASS real Core migrates Adventure11 only and rejects missing/current/future/crossfield records
# PASS real integrated anchor support and objective-to-giver production paths
# PASS accepted physical actions enforce kit, realm, proximity, branch and DAG
# PASS complete payment capacity rejects every overflowing currency/material before saver
# PASS successful physical work confirms the completed action and keeps payment unclaimed
# PASS ready payment survives refused and throwing durable savers, then cap-bound XP pays zero once
# PASS defeat requires actual accepted actor identity and zero HP; refused death recovers one HP
# PASS same-room accepted roster changes preserve actual live HP, projectiles and combat state
# PASS patrol stale accept/step/claim cannot start or pay a different run
# PASS binding costs/once-only/owned station/health and equipment state are atomic
# {"status":"passed","checks":20,"method":"pure schema/topology/bonus and explicitly labelled adversarial fixtures; physical production journey separate"}
# Subtest: D:\\07-GAMES\\Firstlight\\authoring\\heaven-arrival-campaign-20261004\\tests\\earth_expedition.test.cjs
ok 29 - D:\\07-GAMES\\Firstlight\\authoring\\heaven-arrival-campaign-20261004\\tests\\earth_expedition.test.cjs
  ---
  duration_ms: 7730.6573
  type: 'test'
  ...
# Subtest: installed brace actually contacts the east wall outer face and clears the open passage
ok 524 - installed brace actually contacts the east wall outer face and clears the open passage
  ---
  duration_ms: 4.0195
  type: 'test'
  ...
# Subtest: delivered boards rest on the real glade rack and stack without unsupported gaps
ok 525 - delivered boards rest on the real glade rack and stack without unsupported gaps
  ---
  duration_ms: 278.5013
  type: 'test'
  ...
# Subtest: managed allocation material rests on ground and connects its prepared bands
ok 526 - managed allocation material rests on ground and connects its prepared bands
  ---
  duration_ms: 1.4795
  type: 'test'
  ...
# Subtest: both shape-valid allocation histories project only their recorded steps and explicit claim
ok 527 - both shape-valid allocation histories project only their recorded steps and explicit claim
  ---
  duration_ms: 19.5795
  type: 'test'
  ...
# Subtest: worksite actual mesh stays supported and full-body routes/choice/work/foe anchors remain clear
ok 528 - worksite actual mesh stays supported and full-body routes/choice/work/foe anchors remain clear
  ---
  duration_ms: 602.0995
  type: 'test'
  ...
# Subtest: grounded board/posts and shallow readable record layers keep connected construction
ok 529 - grounded board/posts and shallow readable record layers keep connected construction
  ---
  duration_ms: 1.5333
  type: 'test'
  ...
# Subtest: actual static caller emits coalesced floor, unchanged seventy banks and one box per physical solid
ok 530 - actual static caller emits coalesced floor, unchanged seventy banks and one box per physical solid
  ---
  duration_ms: 303.522
  type: 'test'
  ...
# Subtest: worn path quads use actual support and undergrowth intersects soil without blocking bodies
ok 531 - worn path quads use actual support and undergrowth intersects soil without blocking bodies
  ---
  duration_ms: 564.109
  type: 'test'
  ...
# Subtest: binding attaches to actual production rig across every weapon/carry/combat/reduced-motion phase and preserves older parts
ok 532 - binding attaches to actual production rig across every weapon/carry/combat/reduced-motion phase and preserves older parts
  ---
  duration_ms: 2785.2042
  type: 'test'
  ...
# Subtest: binding presentation belongs only to an actual selected owned item, never another character or equipped item
ok 533 - binding presentation belongs only to an actual selected owned item, never another character or equipped item
  ---
  duration_ms: 1.8021
  type: 'test'
  ...
# Subtest: actual WorldArt dynamic timber caller submits recorded work and resets scene/fog ownership
ok 534 - actual WorldArt dynamic timber caller submits recorded work and resets scene/fog ownership
  ---
  duration_ms: 60.2995
  type: 'test'
  ...
# Subtest: production fog frame has finite translation-relative focus, no non-Earth ownership and strict guards
ok 535 - production fog frame has finite translation-relative focus, no non-Earth ownership and strict guards
  ---
  duration_ms: 14.0998
  type: 'test'
  ...
# Subtest: borrowed kit belongs to exact active inspection, restores its checked form and never backfills paid runs
ok 536 - borrowed kit belongs to exact active inspection, restores its checked form and never backfills paid runs
  ---
  duration_ms: 7.1996
  type: 'test'
  ...
# Subtest: isolated global-script/CommonJS export a dependency-free frozen appearance API only
ok 537 - isolated global-script/CommonJS export a dependency-free frozen appearance API only
  ---
  duration_ms: 9.8491
  type: 'test'
  ...
# Subtest: only actual windup and recovery timers produce the grounded combat posture
ok 538 - only actual windup and recovery timers produce the grounded combat posture
  ---
  duration_ms: 216.6565
  type: 'test'
  ...
# Subtest: stationary chase intent, pause and elapsed time never fabricate trot, attack results or recoil
ok 539 - stationary chase intent, pause and elapsed time never fabricate trot, attack results or recoil
  ---
  duration_ms: 17.8955
  type: 'test'
  ...
# Subtest: actual triangle bounds stay grounded, finite, compact and inside the existing tell radius
ok 540 - actual triangle bounds stay grounded, finite, compact and inside the existing tell radius
  ---
  duration_ms: 3345.6048
  type: 'test'
  ...
# Subtest: four articulated legs connect actual body, knee meshes and grounded hooves
ok 541 - four articulated legs connect actual body, knee meshes and grounded hooves
  ---
  duration_ms: 109.5744
  type: 'test'
  ...
# Subtest: head, muzzle, tusks, ridge and tail have actual attached mesh anchors
ok 542 - head, muzzle, tusks, ridge and tail have actual attached mesh anchors
  ---
  duration_ms: 149.8575
  type: 'test'
  ...
# Subtest: world root applies translation, supplied support and actual yaw exactly once
ok 543 - world root applies translation, supplied support and actual yaw exactly once
  ---
  duration_ms: 13.9293
  type: 'test'
  ...
# Subtest: confirmed flash changes colors only, and all records are fresh read-only projections
ok 544 - confirmed flash changes colors only, and all records are fresh read-only projections
  ---
  duration_ms: 1.496
  type: 'test'
  ...
# Subtest: invalid placements/durations/modes and unwritable outputs refuse before partial emission
ok 545 - invalid placements/durations/modes and unwritable outputs refuse before partial emission
  ---
  duration_ms: 27.364
  type: 'test'
  ...
# Subtest: actual expedition root encounters retain exact rules and physical anchors after pure art projection
ok 546 - actual expedition root encounters retain exact rules and physical anchors after pure art projection
  ---
  duration_ms: 369.0382
  type: 'test'
  ...
# Subtest: production first-story and patrol roster actors from synthetic histories dispatch exactly once
ok 547 - production first-story and patrol roster actors from synthetic histories dispatch exactly once
  ---
  duration_ms: 94.6915
  type: 'test'
  ...
# Subtest: unrelated actual mine and world sentinels retain the five-part original golden control
ok 548 - unrelated actual mine and world sentinels retain the five-part original golden control
  ---
  duration_ms: 9.1605
  type: 'test'
  ...
# Subtest: wrong step, missing/unknown/prefixed/suffixed quest, wrong kind and absent terms do not dispatch
ok 549 - wrong step, missing/unknown/prefixed/suffixed quest, wrong kind and absent terms do not dispatch
  ---
  duration_ms: 81.4942
  type: 'test'
  ...
# Subtest: dead root actor keeps existing dead suppression without warning or target emissions
ok 550 - dead root actor keeps existing dead suppression without warning or target emissions
  ---
  duration_ms: 2.5606
  type: 'test'
  ...
# Subtest: nonzero yaw, support height and actual confirmed-hit recoil are submitted exactly once
ok 551 - nonzero yaw, support height and actual confirmed-hit recoil are submitted exactly once
  ---
  duration_ms: 75.232
  type: 'test'
  ...
# Subtest: future, missing, expired and reduced-motion hit samples add no recoil
ok 552 - future, missing, expired and reduced-motion hit samples add no recoil
  ---
  duration_ms: 50.8904
  type: 'test'
  ...
# Subtest: actual flash lifetime recolors only the selected beast geometry
ok 553 - actual flash lifetime recolors only the selected beast geometry
  ---
  duration_ms: 44.4341
  type: 'test'
  ...
# Subtest: locked sweep and actor target ring stay outside confirmed body recoil; old distant ring is absent
ok 554 - locked sweep and actor target ring stay outside confirmed body recoil; old distant ring is absent
  ---
  duration_ms: 4.2094
  type: 'test'
  ...
# Subtest: root-only diorama health bar follows actual ground while generic bar retains its original height
ok 555 - root-only diorama health bar follows actual ground while generic bar retains its original height
  ---
  duration_ms: 3.2958
  type: 'test'
  ...
# Subtest: actual paused caller ignores unrelated render time and preserves source state and timer-driven posture
ok 556 - actual paused caller ignores unrelated render time and preserves source state and timer-driven posture
  ---
  duration_ms: 333.4488
  type: 'test'
  ...
# Subtest: the actual caller retains distance gait for one enemy and stops it through pause and recovery
ok 557 - the actual caller retains distance gait for one enemy and stops it through pause and recovery
  ---
  duration_ms: 3.0489
  type: 'test'
  ...
# PASS only existing exact person identities and frozen API are exported
# PASS unknown people refuse without aliasing protected/old residents or deriving a speaker from input
# PASS fresh optional presentation neither accepts work nor assumes a prior visit or repair
# PASS every accepted story stage and both retained choices have short deterministic quiet readings
# PASS all story subsets reject false prerequisite, allocation and claim histories before composing speech
# PASS unpaid deliveries recognize the actual allocation and require a separate explicit camp claim
# PASS only claimed stories recognize exact paid currency/materials and existing support, without guessing XP or current balance
# PASS active and ready patrol readings preserve first repair, allocation and exact run without claiming new payment
# PASS paid patrol and finite record boundary do not promise another repair or an unavailable next circuit
# PASS binding recognition follows canonical committed record, never equipment, inventory or a granted new option
# PASS specific route and encounter advice matches current anchors and distinct real weapon constraints
# PASS presentation leaves an entire production world and its accepted/paid/bound records byte-identical
# PASS browser IIFE and CommonJS return identical pure readings with no DOM or runtime globals
# PASS CommonJS canonical lookup remains pure when the already-loaded Adventure global is absent
# Earth expedition dialogue: 14 focused cases passed; 318 frozen output checks. Synthetic presentation fixtures, not native dialogue or earned progression.
# Subtest: D:\\07-GAMES\\Firstlight\\authoring\\heaven-arrival-campaign-20261004\\tests\\earth_expedition_dialogue.test.cjs
ok 33 - D:\\07-GAMES\\Firstlight\\authoring\\heaven-arrival-campaign-20261004\\tests\\earth_expedition_dialogue.test.cjs
  ---
  duration_ms: 960.75
  type: 'test'
  ...
# PASS completed unpaid patrol gives one current return instruction
# PASS patrol terms and accepted final action remember either actual allocation
# PASS old ready run claim refusal retains its checked kit and successful claim settles it once
# PASS fresh invitation exposes both exact allocations, fixed danger, binding cost and deliberate consent
# PASS actual RPG dispatch gives near expedition priority and closing clears an unspent preview
# PASS missing optional ledger migrates to read-only fresh UI while malformed/current/future records never reach it
# PASS real UI delegates acceptance and physical branch work; remote, premature and forged defeat clicks grant nothing
# PASS all valid story stages expose only current DAG routes; legend never performs remote work
# PASS walk dispatch is current-route filtered, physically supported and never grants objective credit
# PASS ready UI requires explicit local claim and preserves complete reward on save refusal
# PASS rendered patrol metadata fences stale accept/work/claim including missing and malformed run fields
# PASS production comparison retains bow behavior, socket, current XP and earlier fits without auto-equipping
# PASS binding preview refuses changed character, simulation, adventure revision and weapon; cancellation spends nothing
# PASS real CharacterStore saver refuses an external write between binding preview and confirmation atomically
# PASS explicit binding confirmation spends once at actual station, leaves equipment/HP/XP and socket intact
# PASS capped and near-cap acceptance cards disclose actual credit and real claim agrees
# PASS actual RPG tick leaves expedition ready/paid/patrol tracker last over concurrent survey and trail
# PASS hydrated expedition restores over an older pinned project once, then respects manual tracking
# PASS actual app applyWorld restore selects accepted or ready expedition and active patrol without losing history
# PASS actual app worldContext installs synchronous savers on fresh restored Sim before active expedition combat
# Earth expedition CPU UI: 20/20 cases passed; 0 failed.
# Subtest: D:\\07-GAMES\\Firstlight\\authoring\\heaven-arrival-campaign-20261004\\tests\\earth_expedition_ui.test.cjs
ok 34 - D:\\07-GAMES\\Firstlight\\authoring\\heaven-arrival-campaign-20261004\\tests\\earth_expedition_ui.test.cjs
  ---
  duration_ms: 2577.6677
  type: 'test'
  ...
# Subtest: orchard worksite crossing preserves outer save checkpoint and returns to the orchard
ok 560 - orchard worksite crossing preserves outer save checkpoint and returns to the orchard
  ---
  duration_ms: 52.2374
  type: 'test'
  ...
# Subtest: initial kit and physical orchard arrival are required; the scene cannot bypass old chapter gates
ok 561 - initial kit and physical orchard arrival are required; the scene cannot bypass old chapter gates
  ---
  duration_ms: 1.8756
  type: 'test'
  ...
# Subtest: worksite travel write and construction failures preserve the exact active source
ok 562 - worksite travel write and construction failures preserve the exact active source
  ---
  duration_ms: 32.5516
  type: 'test'
  ...
# Subtest: worksite preview rejects stale identity, source revision, source position and simulation
ok 563 - worksite preview rejects stale identity, source revision, source position and simulation
  ---
  duration_ms: 4.6401
  type: 'test'
  ...
# Subtest: river exit only returns to Earth for an active Earth trip; the old workshop route is unchanged
ok 564 - river exit only returns to Earth for an active Earth trip; the old workshop route is unchanged
  ---
  duration_ms: 0.8751
  type: 'test'
  ...
# Subtest: a completed unclaimed survey, class cooldown and companion survive both route boundaries
ok 565 - a completed unclaimed survey, class cooldown and companion survive both route boundaries
  ---
  duration_ms: 2.5964
  type: 'test'
  ...
# Subtest: death recovery from the connected worksite clears all transient route state
ok 566 - death recovery from the connected worksite clears all transient route state
  ---
  duration_ms: 1.0823
  type: 'test'
  ...
# Subtest: browser return protocol rolls back failed construction with live encounter state intact
ok 567 - browser return protocol rolls back failed construction with live encounter state intact
  ---
  duration_ms: 3.4846
  type: 'test'
  ...
# Subtest: Oren supplies earned through the orchard persist without consuming ordinary materials
ok 568 - Oren supplies earned through the orchard persist without consuming ordinary materials
  ---
  duration_ms: 3.4333
  type: 'test'
  ...
# Subtest: Earth scenery cannot overlap walking ground or the close third-person camera corridor
ok 569 - Earth scenery cannot overlap walking ground or the close third-person camera corridor
  ---
  duration_ms: 27.2
  type: 'test'
  ...
# Subtest: Cosmos invitation labels belong only to the valley, never Earth or the riverbank
ok 570 - Cosmos invitation labels belong only to the valley, never Earth or the riverbank
  ---
  duration_ms: 2.2046
  type: 'test'
  ...
# Subtest: captured terrain, field random sequence, static scenery, camera solids and bridge remain byte-identical to PR33
ok 571 - captured terrain, field random sequence, static scenery, camera solids and bridge remain byte-identical to PR33
  ---
  duration_ms: 74.1104
  type: 'test'
  ...
# Subtest: nine bounded tapering rock sections dress thirty-six actual grass strips in the existing batch
ok 572 - nine bounded tapering rock sections dress thirty-six actual grass strips in the existing batch
  ---
  duration_ms: 12.4016
  type: 'test'
  ...
# Subtest: upper rock seam matches every transformed grass underside rather than canonical edge height
ok 573 - upper rock seam matches every transformed grass underside rather than canonical edge height
  ---
  duration_ms: 18.9476
  type: 'test'
  ...
# Subtest: orthogonal positive bases preserve renderer normals without a shear shortcut
ok 574 - orthogonal positive bases preserve renderer normals without a shear shortcut
  ---
  duration_ms: 9.3361
  type: 'test'
  ...
# Subtest: every actual slope vertex stays outside ground below the lip and within measured endpoint margin
ok 575 - every actual slope vertex stays outside ground below the lip and within measured endpoint margin
  ---
  duration_ms: 96.5982
  type: 'test'
  ...
# Subtest: actual non-cap faces have outward normals and never create a horizontal walking shelf
ok 576 - actual non-cap faces have outward normals and never create a horizontal walking shelf
  ---
  duration_ms: 13.1232
  type: 'test'
  ...
# Subtest: actual adjacent cap planes retain overlap at every exposed height, not only the top endpoints
ok 577 - actual adjacent cap planes retain overlap at every exposed height, not only the top endpoints
  ---
  duration_ms: 17.8977
  type: 'test'
  ...
# Subtest: near-edge road movement and old task approaches survive while outside ground and picking stay refused
ok 578 - near-edge road movement and old task approaches survive while outside ground and picking stay refused
  ---
  duration_ms: 445.3677
  type: 'test'
  ...
# Subtest: projection never mutates its source strips and is independent of simulation time or task state
ok 579 - projection never mutates its source strips and is independent of simulation time or task state
  ---
  duration_ms: 20.1966
  type: 'test'
  ...
# Subtest: Rill native diorama approach clears the former foreground canopy with a detecting old-placement control
ok 580 - Rill native diorama approach clears the former foreground canopy with a detecting old-placement control
  ---
  duration_ms: 50.7864
  type: 'test'
  ...
# Subtest: camp low diorama ray clears the moved stands and detects the intermediate blocking placement
ok 581 - camp low diorama ray clears the moved stands and detects the intermediate blocking placement
  ---
  duration_ms: 4.0866
  type: 'test'
  ...
# Subtest: isolated global/CommonJS expose only the pure API and recursively frozen authority data
ok 582 - isolated global/CommonJS expose only the pure API and recursively frozen authority data
  ---
  duration_ms: 2.9115
  type: 'test'
  ...
# Subtest: extension IDs appear exactly once and installed production retains the physical contract
ok 583 - extension IDs appear exactly once and installed production retains the physical contract
  ---
  duration_ms: 8.4881
  type: 'test'
  ...
# Subtest: broad connected floor footprint and all solids are finite, bounded and supported
ok 584 - broad connected floor footprint and all solids are finite, bounded and supported
  ---
  duration_ms: 12.7552
  type: 'test'
  ...
# Subtest: all intended legs and old routes use the actual production full-radius support/solid rules
ok 585 - all intended legs and old routes use the actual production full-radius support/solid rules
  ---
  duration_ms: 25.4336
  type: 'test'
  ...
# Subtest: bridge crosses a real four-metre river gap with open centered approaches
ok 586 - bridge crosses a real four-metre river gap with open centered approaches
  ---
  duration_ms: 3.5697
  type: 'test'
  ...
# Subtest: root passage and enemy side pockets preserve free return routes and supported reading/support anchors
ok 587 - root passage and enemy side pockets preserve free return routes and supported reading/support anchors
  ---
  duration_ms: 6.1581
  type: 'test'
  ...
# Subtest: deterministic bounded tier geometry never changes frozen physical data or accesses state
ok 588 - deterministic bounded tier geometry never changes frozen physical data or accesses state
  ---
  duration_ms: 19.8351
  type: 'test'
  ...
# Subtest: actual submitted mesh transforms are finite, positive, orthogonal and supported-kind compatible
ok 589 - actual submitted mesh transforms are finite, positive, orthogonal and supported-kind compatible
  ---
  duration_ms: 307.363
  type: 'test'
  ...
# Subtest: every ground-detail vertex rests on actual land and low roots remain within parent clearance
ok 590 - every ground-detail vertex rests on actual land and low roots remain within parent clearance
  ---
  duration_ms: 517.0922
  type: 'test'
  ...
# Subtest: actual opaque mesh envelopes clear every full-body route and task/NPC/encounter anchor
ok 591 - actual opaque mesh envelopes clear every full-body route and task/NPC/encounter anchor
  ---
  duration_ms: 4211.4002
  type: 'test'
  ...
# Subtest: branches intersect their parent and actual crown volume, with a bounded existing shader envelope
ok 592 - branches intersect their parent and actual crown volume, with a bounded existing shader envelope
  ---
  duration_ms: 6.8657
  type: 'test'
  ...
# Subtest: overlapping opaque crowns form connected rest silhouettes instead of detached floating clusters
ok 593 - overlapping opaque crowns form connected rest silhouettes instead of detached floating clusters
  ---
  duration_ms: 4.4233
  type: 'test'
  ...
# Subtest: overhead crown and shelter parts follow cutaway while collision/camera authority is unchanged
ok 594 - overhead crown and shelter parts follow cutaway while collision/camera authority is unchanged
  ---
  duration_ms: 35.5411
  type: 'test'
  ...
# Subtest: schema 9 migrates non-destructively with an unaccepted invitation
ok 595 - schema 9 migrates non-destructively with an unaccepted invitation
  ---
  duration_ms: 10.0605
  type: 'test'
  ...
# Subtest: missing current record and forward schema are refused
ok 596 - missing current record and forward schema are refused
  ---
  duration_ms: 1.0955
  type: 'test'
  ...
# Subtest: arrival not payment opens the invitation
ok 597 - arrival not payment opens the invitation
  ---
  duration_ms: 10.7993
  type: 'test'
  ...
# Subtest: supported places are reachable by actual pathfinder
ok 598 - supported places are reachable by actual pathfinder
  ---
  duration_ms: 4.0072
  type: 'test'
  ...
# Subtest: all arrangements complete silently without economy, score or campaign changes
ok 599 - all arrangements complete silently without economy, score or campaign changes
  ---
  duration_ms: 121.5868
  type: 'test'
  ...
# Subtest: early or unknown actions change nothing
ok 600 - early or unknown actions change nothing
  ---
  duration_ms: 3.0152
  type: 'test'
  ...
# Subtest: prototype and non-string choices are refused atomically
ok 601 - prototype and non-string choices are refused atomically
  ---
  duration_ms: 39.8224
  type: 'test'
  ...
# Subtest: completion cannot be repeated after receipt eviction
ok 602 - completion cannot be repeated after receipt eviction
  ---
  duration_ms: 3.4797
  type: 'test'
  ...
# Subtest: changed terms cannot reuse an accepted command identity
ok 603 - changed terms cannot reuse an accepted command identity
  ---
  duration_ms: 1.8762
  type: 'test'
  ...
# Subtest: paused, fallen and revision-saturated characters cannot progress
ok 604 - paused, fallen and revision-saturated characters cannot progress
  ---
  duration_ms: 7.526
  type: 'test'
  ...
# Subtest: malformed durable combinations do not load
ok 605 - malformed durable combinations do not load
  ---
  duration_ms: 0.5528
  type: 'test'
  ...
# Subtest: original arrangements are deterministic, finite, stereo and bounded
ok 606 - original arrangements are deterministic, finite, stereo and bounded
  ---
  duration_ms: 1516.0755
  type: 'test'
  ...
# Subtest: full schema9 world migration preserves unpaid delivery, personal creations and every XP boundary
ok 607 - full schema9 world migration preserves unpaid delivery, personal creations and every XP boundary
  ---
  duration_ms: 52.7142
  type: 'test'
  ...
# Subtest: native character library migrates each world without sharing the table memory
ok 608 - native character library migrates each world without sharing the table memory
  ---
  duration_ms: 30.3362
  type: 'test'
  ...
# Subtest: forward adventure saves stay refused by native storage and leave exact bytes intact
ok 609 - forward adventure saves stay refused by native storage and leave exact bytes intact
  ---
  duration_ms: 1.4221
  type: 'test'
  ...
# Subtest: the actual drawn tabletop is reachable and supports the gathering interaction
ok 610 - the actual drawn tabletop is reachable and supports the gathering interaction
  ---
  duration_ms: 5.4831
  type: 'test'
  ...
# Subtest: prepared cloth and the actual Earth tabletop share one reachable location
ok 611 - prepared cloth and the actual Earth tabletop share one reachable location
  ---
  duration_ms: 13.8173
  type: 'test'
  ...
# Subtest: silent completion: mill; cloth→lantern→stand
ok 612 - silent completion: mill; cloth→lantern→stand
  ---
  duration_ms: 5.911
  type: 'test'
  ...
# Subtest: silent completion: mill; cloth→stand→lantern
ok 613 - silent completion: mill; cloth→stand→lantern
  ---
  duration_ms: 0.9873
  type: 'test'
  ...
# Subtest: silent completion: mill; lantern→cloth→stand
ok 614 - silent completion: mill; lantern→cloth→stand
  ---
  duration_ms: 2.1202
  type: 'test'
  ...
# Subtest: silent completion: mill; lantern→stand→cloth
ok 615 - silent completion: mill; lantern→stand→cloth
  ---
  duration_ms: 0.9578
  type: 'test'
  ...
# Subtest: silent completion: mill; stand→cloth→lantern
ok 616 - silent completion: mill; stand→cloth→lantern
  ---
  duration_ms: 0.9618
  type: 'test'
  ...
# Subtest: silent completion: mill; stand→lantern→cloth
ok 617 - silent completion: mill; stand→lantern→cloth
  ---
  duration_ms: 1.1131
  type: 'test'
  ...
# Subtest: silent completion: quarry; cloth→lantern→stand
ok 618 - silent completion: quarry; cloth→lantern→stand
  ---
  duration_ms: 0.6744
  type: 'test'
  ...
# Subtest: silent completion: quarry; cloth→stand→lantern
ok 619 - silent completion: quarry; cloth→stand→lantern
  ---
  duration_ms: 0.8297
  type: 'test'
  ...
# Subtest: silent completion: quarry; lantern→cloth→stand
ok 620 - silent completion: quarry; lantern→cloth→stand
  ---
  duration_ms: 0.937
  type: 'test'
  ...
# Subtest: silent completion: quarry; lantern→stand→cloth
ok 621 - silent completion: quarry; lantern→stand→cloth
  ---
  duration_ms: 1.2895
  type: 'test'
  ...
# Subtest: silent completion: quarry; stand→cloth→lantern
ok 622 - silent completion: quarry; stand→cloth→lantern
  ---
  duration_ms: 1.0675
  type: 'test'
  ...
# Subtest: silent completion: quarry; stand→lantern→cloth
ok 623 - silent completion: quarry; stand→lantern→cloth
  ---
  duration_ms: 0.6671
  type: 'test'
  ...
# Subtest: silent completion: detour; cloth→lantern→stand
ok 624 - silent completion: detour; cloth→lantern→stand
  ---
  duration_ms: 0.5566
  type: 'test'
  ...
# Subtest: silent completion: detour; cloth→stand→lantern
ok 625 - silent completion: detour; cloth→stand→lantern
  ---
  duration_ms: 0.8335
  type: 'test'
  ...
# Subtest: silent completion: detour; lantern→cloth→stand
ok 626 - silent completion: detour; lantern→cloth→stand
  ---
  duration_ms: 0.5956
  type: 'test'
  ...
# Subtest: silent completion: detour; lantern→stand→cloth
ok 627 - silent completion: detour; lantern→stand→cloth
  ---
  duration_ms: 0.529
  type: 'test'
  ...
# Subtest: silent completion: detour; stand→cloth→lantern
ok 628 - silent completion: detour; stand→cloth→lantern
  ---
  duration_ms: 1.2937
  type: 'test'
  ...
# Subtest: silent completion: detour; stand→lantern→cloth
ok 629 - silent completion: detour; stand→lantern→cloth
  ---
  duration_ms: 0.4978
  type: 'test'
  ...
# Subtest: new table never captures unpaid-delivery interaction on the overlap edge
ok 630 - new table never captures unpaid-delivery interaction on the overlap edge
  ---
  duration_ms: 0.6965
  type: 'test'
  ...
# Subtest: finished preparation relinquishes its contextual interaction
ok 631 - finished preparation relinquishes its contextual interaction
  ---
  duration_ms: 0.4559
  type: 'test'
  ...
# Subtest: arrival is a boolean fact, not arbitrary truthy data
ok 632 - arrival is a boolean fact, not arbitrary truthy data
  ---
  duration_ms: 0.0934
  type: 'test'
  ...
# Subtest: missing arrival cannot grant invitation
ok 633 - missing arrival cannot grant invitation
  ---
  duration_ms: 0.0561
  type: 'test'
  ...
# Subtest: invalid choice refuses without mutation: null
ok 634 - invalid choice refuses without mutation: null
  ---
  duration_ms: 0.6908
  type: 'test'
  ...
# Subtest: invalid choice refuses without mutation: 1
ok 635 - invalid choice refuses without mutation: 1
  ---
  duration_ms: 0.3466
  type: 'test'
  ...
# Subtest: invalid choice refuses without mutation: ["mill"]
ok 636 - invalid choice refuses without mutation: ["mill"]
  ---
  duration_ms: 0.328
  type: 'test'
  ...
# Subtest: invalid choice refuses without mutation: {}
ok 637 - invalid choice refuses without mutation: {}
  ---
  duration_ms: 0.378
  type: 'test'
  ...
# Subtest: invalid choice refuses without mutation: "constructor"
ok 638 - invalid choice refuses without mutation: "constructor"
  ---
  duration_ms: 0.3474
  type: 'test'
  ...
# Subtest: invalid choice refuses without mutation: "__proto__"
ok 639 - invalid choice refuses without mutation: "__proto__"
  ---
  duration_ms: 0.7408
  type: 'test'
  ...
# Subtest: invalid choice refuses without mutation: "unknown"
ok 640 - invalid choice refuses without mutation: "unknown"
  ---
  duration_ms: 0.3766
  type: 'test'
  ...
# Subtest: distant or wrong-scene acceptance cannot mutate state
ok 641 - distant or wrong-scene acceptance cannot mutate state
  ---
  duration_ms: 0.2227
  type: 'test'
  ...
# Subtest: distant or wrong-scene acceptance cannot mutate state
ok 642 - distant or wrong-scene acceptance cannot mutate state
  ---
  duration_ms: 0.1568
  type: 'test'
  ...
# Subtest: distant or wrong-scene acceptance cannot mutate state
ok 643 - distant or wrong-scene acceptance cannot mutate state
  ---
  duration_ms: 0.215
  type: 'test'
  ...
# Subtest: impossible saved gathering is refused
ok 644 - impossible saved gathering is refused
  ---
  duration_ms: 0.291
  type: 'test'
  ...
# Subtest: impossible saved gathering is refused
ok 645 - impossible saved gathering is refused
  ---
  duration_ms: 0.0771
  type: 'test'
  ...
# Subtest: impossible saved gathering is refused
ok 646 - impossible saved gathering is refused
  ---
  duration_ms: 0.0811
  type: 'test'
  ...
# Subtest: impossible saved gathering is refused
ok 647 - impossible saved gathering is refused
  ---
  duration_ms: 0.0653
  type: 'test'
  ...
# Subtest: impossible saved gathering is refused
ok 648 - impossible saved gathering is refused
  ---
  duration_ms: 0.0605
  type: 'test'
  ...
# Subtest: stop is safe even when an audio node already disconnected
ok 649 - stop is safe even when an audio node already disconnected
  ---
  duration_ms: 289.5095
  type: 'test'
  ...
# Subtest: suspended context starts no source until resume succeeds
ok 650 - suspended context starts no source until resume succeeds
  ---
  duration_ms: 322.0832
  type: 'test'
  ...
# Subtest: stopping while resume is pending prevents late music
ok 651 - stopping while resume is pending prevents late music
  ---
  duration_ms: 0.2706
  type: 'test'
  ...
# Subtest: a newer preview cannot be replaced by an older resume completion
ok 652 - a newer preview cannot be replaced by an older resume completion
  ---
  duration_ms: 284.4159
  type: 'test'
  ...
# Subtest: denied resume resolves false with no source or unhandled rejection
ok 653 - denied resume resolves false with no source or unhandled rejection
  ---
  duration_ms: 0.3478
  type: 'test'
  ...
# Subtest: failed source startup cleans every newly created node
ok 654 - failed source startup cleans every newly created node
  ---
  duration_ms: 271.8954
  type: 'test'
  ...
# Subtest: owner eligibility is rechecked after a delayed resume
ok 655 - owner eligibility is rechecked after a delayed resume
  ---
  duration_ms: 0.3353
  type: 'test'
  ...
# Subtest: an ended callback from an old source cannot stop new audio
ok 656 - an ended callback from an old source cannot stop new audio
  ---
  duration_ms: 583.2482
  type: 'test'
  ...
# Subtest: deterministic, finite, stereo music: mill
ok 657 - deterministic, finite, stereo music: mill
  ---
  duration_ms: 173.4411
  type: 'test'
  ...
# Subtest: deterministic, finite, stereo music: quarry
ok 658 - deterministic, finite, stereo music: quarry
  ---
  duration_ms: 153.4204
  type: 'test'
  ...
# Subtest: deterministic, finite, stereo music: detour
ok 659 - deterministic, finite, stereo music: detour
  ---
  duration_ms: 189.3078
  type: 'test'
  ...
# Subtest: absence adds only empty optional Heaven history and malformed/future histories refuse
ok 660 - absence adds only empty optional Heaven history and malformed/future histories refuse
  ---
  duration_ms: 19.7714
  type: 'test'
  ...
# Subtest: acceptance needs claimed Broken Choir and exact owner/revision; refusal changes nothing
ok 661 - acceptance needs claimed Broken Choir and exact owner/revision; refusal changes nothing
  ---
  duration_ms: 84.5872
  type: 'test'
  ...
# Subtest: manual defeat/arrival and unprepared invitation cannot manufacture history
ok 662 - manual defeat/arrival and unprepared invitation cannot manufacture history
  ---
  duration_ms: 8.8365
  type: 'test'
  ...
# Subtest: two locked attacks differ and grounded mirror lengthens only beam warning
ok 663 - two locked attacks differ and grounded mirror lengthens only beam warning
  ---
  duration_ms: 3.4257
  type: 'test'
  ...
# Subtest: real damage in windup is accepted, actual defeat saves once and no legacy loot is produced
ok 664 - real damage in windup is accepted, actual defeat saves once and no legacy loot is produced
  ---
  duration_ms: 4.7619
  type: 'test'
  ...
# Subtest: courier is one owned real actor, waits out of range and unfinished reload resets only its walk
ok 665 - courier is one owned real actor, waits out of range and unfinished reload resets only its walk
  ---
  duration_ms: 209.7505
  type: 'test'
  ...
# Subtest: courier completes every supported segment before actual arrival and save refusal remains retryable
ok 666 - courier completes every supported segment before actual arrival and save refusal remains retryable
  ---
  duration_ms: 292.5879
  type: 'test'
  ...
# Subtest: whole claim is atomic across costs/capacity/refusal and repeat IDs cannot pay twice
ok 667 - whole claim is atomic across costs/capacity/refusal and repeat IDs cannot pay twice
  ---
  duration_ms: 46.8912
  type: 'test'
  ...
# Subtest: welcome is explicit and lasting; activation is short transient ordinary use with no payout
ok 668 - welcome is explicit and lasting; activation is short transient ordinary use with no payout
  ---
  duration_ms: 4.388
  type: 'test'
  ...
# Subtest: the real lock clips its entire beam width against existing cover and keeps art/contact identical
ok 669 - the real lock clips its entire beam width against existing cover and keeps art/contact identical
  ---
  duration_ms: 2.1197
  type: 'test'
  ...
# Subtest: real arrow collision accepts a winding-up Heaven apparatus and reports one actual killing impact
ok 670 - real arrow collision accepts a winding-up Heaven apparatus and reports one actual killing impact
  ---
  duration_ms: 5.5338
  type: 'test'
  ...
# Subtest: real leave resets an unfinished courier before immediate re-entry; saved invitation stays intact
ok 671 - real leave resets an unfinished courier before immediate re-entry; saved invitation stays intact
  ---
  duration_ms: 2.3994
  type: 'test'
  ...
# Subtest: production adventure drawing preserves owned campaign matrices and contributes no generic warning
ok 672 - production adventure drawing preserves owned campaign matrices and contributes no generic warning
  ---
  duration_ms: 64.6098
  type: 'test'
  ...
# Subtest: courier gait follows actual supported distance and quiet settings retain a grounded stance
ok 673 - courier gait follows actual supported distance and quiet settings retain a grounded stance
  ---
  duration_ms: 8.5833
  type: 'test'
  ...
# Subtest: accepted recorded facts alone project static work; reading and art preserve every stored field
ok 674 - accepted recorded facts alone project static work; reading and art preserve every stored field
  ---
  duration_ms: 24.0698
  type: 'test'
  ...
# Subtest: every transformed static footprint uses existing ground, avoids existing solids and stays within the draw budget
ok 675 - every transformed static footprint uses existing ground, avoids existing solids and stays within the draw budget
  ---
  duration_ms: 151.8454
  type: 'test'
  ...
# accessible-assist: 67 static instances, 800 triangles
# broadened-activation: 67 static instances, 800 triangles
# Subtest: supplied optional mirror is loose until its own recorded action, and waymarks follow the exact existing escort route
ok 676 - supplied optional mirror is loose until its own recorded action, and waymarks follow the exact existing escort route
  ---
  duration_ms: 2.1355
  type: 'test'
  ...
# Subtest: both saved arrangements have distinct ordinary fittings readable on both faces while retaining three ceremonial notches per face
ok 677 - both saved arrangements have distinct ordinary fittings readable on both faces while retaining three ceremonial notches per face
  ---
  duration_ms: 6.0861
  type: 'test'
  ...
# Subtest: instrument motion belongs to a current matching bounded activation; pause, reduced motion and rest stay quiet
ok 678 - instrument motion belongs to a current matching bounded activation; pause, reduced motion and rest stay quiet
  ---
  duration_ms: 17.7904
  type: 'test'
  ...
# Subtest: each actual apparatus uses its owned runtime actor frame and all transformed body vertices fit the declared impact radius
ok 679 - each actual apparatus uses its owned runtime actor frame and all transformed body vertices fit the declared impact radius
  ---
  duration_ms: 88.131
  type: 'test'
  ...
# Subtest: directed beam warning projects only the immutable locked rectangle, independent of later actor or player movement
ok 680 - directed beam warning projects only the immutable locked rectangle, independent of later actor or player movement
  ---
  duration_ms: 18.6246
  type: 'test'
  ...
# Subtest: relay warning is a radial perimeter at the actual locked pulse center and never exceeds its real radius
ok 681 - relay warning is a radial perimeter at the actual locked pulse center and never exceeds its real radius
  ---
  duration_ms: 5.4222
  type: 'test'
  ...
# Subtest: a supplied lock clipped before the existing Garden instrument cannot project past cover, and zero length warns nowhere
ok 682 - a supplied lock clipped before the existing Garden instrument cannot project past cover, and zero length warns nowhere
  ---
  duration_ms: 7.2874
  type: 'test'
  ...
# Subtest: short positive cover-clipped beam warnings keep caps and directional notches inside the supplied locked length
ok 683 - short positive cover-clipped beam warnings keep caps and directional notches inside the supplied locked length
  ---
  duration_ms: 42.2729
  type: 'test'
  ...
# Subtest: combat pause and reduced motion preserve deterministic frames with actual phase differences
ok 684 - combat pause and reduced motion preserve deterministic frames with actual phase differences
  ---
  duration_ms: 2.2669
  type: 'test'
  ...
# Subtest: courier art uses only the actual transient actor and never reconstructs a second courier from saved invitation or arrival
ok 685 - courier art uses only the actual transient actor and never reconstructs a second courier from saved invitation or arrival
  ---
  duration_ms: 63.4469
  type: 'test'
  ...
# Subtest: worst-case union of all fittings, separately owned encounter frames and courier stays within the combined geometry budget
ok 686 - worst-case union of all fittings, separately owned encounter frames and courier stays within the combined geometry budget
  ---
  duration_ms: 3.0841
  type: 'test'
  ...
# 150 combined instances, 2412 triangles
# Subtest: journal, map, legend and page are pure; defeats and actual courier arrival have no completion buttons
ok 687 - journal, map, legend and page are pure; defeats and actual courier arrival have no completion buttons
  ---
  duration_ms: 3.2236
  type: 'test'
  ...
# Subtest: remote first invite and a reset escort walk link both reach the real staging anchor without work or actor creation
ok 688 - remote first invite and a reset escort walk link both reach the real staging anchor without work or actor creation
  ---
  duration_ms: 3.5554
  type: 'test'
  ...
# Subtest: active map position comes from the actual live courier while reset preserves only honest staging and destination guidance
ok 689 - active map position comes from the actual live courier while reset preserves only honest staging and destination guidance
  ---
  duration_ms: 0.7658
  type: 'test'
  ...
# Subtest: arrival save refusal keeps the exact courier visible at its real destination and explains callback retries without claiming arrival or payment
ok 690 - arrival save refusal keeps the exact courier visible at its real destination and explains callback retries without claiming arrival or payment
  ---
  duration_ms: 1.5504
  type: 'test'
  ...
# Subtest: choice preview grants no work and confirmation submits the exact current character and revision
ok 691 - choice preview grants no work and confirmation submits the exact current character and revision
  ---
  duration_ms: 1.2832
  type: 'test'
  ...
# Subtest: stale active character, roster, adventure revision, sim, context identity, room and physical preview cannot dispatch a saved choice
ok 692 - stale active character, roster, adventure revision, sim, context identity, room and physical preview cannot dispatch a saved choice
  ---
  duration_ms: 8.796
  type: 'test'
  ...
# Subtest: successful deliberate activation closes the workspace; refusals and stale owners preserve it with no presentation-owned mutation
ok 693 - successful deliberate activation closes the workspace; refusals and stale owners preserve it with no presentation-owned mutation
  ---
  duration_ms: 1.0872
  type: 'test'
  ...
# Subtest: verified choice recognition quotes the actual catalogue callers including the courier, without claiming an unpaid or clipped fee
ok 694 - verified choice recognition quotes the actual catalogue callers including the courier, without claiming an unpaid or clipped fee
  ---
  duration_ms: 1.2155
  type: 'test'
  ...
# Subtest: Heaven catalogue: frozen exact API imports without starting gameplay or changing older owners
ok 695 - Heaven catalogue: frozen exact API imports without starting gameplay or changing older owners
  ---
  duration_ms: 3.7075
  type: 'test'
  ...
# Subtest: Heaven entry: exact existing Broken Choir owner, ordinary source anchors and independent identities
ok 696 - Heaven entry: exact existing Broken Choir owner, ordinary source anchors and independent identities
  ---
  duration_ms: 4.9909
  type: 'test'
  ...
# Subtest: Heaven graph: all deliberate branches are acyclic and no preparation, defeat or escort is a fake button
ok 697 - Heaven graph: all deliberate branches are acyclic and no preparation, defeat or escort is a fake button
  ---
  duration_ms: 0.6353
  type: 'test'
  ...
# Subtest: Heaven branches: exhaust every legal fact set and both arrangements with and without supplied preparation
ok 698 - Heaven branches: exhaust every legal fact set and both arrangements with and without supplied preparation
  ---
  duration_ms: 1.2047
  type: 'test'
  ...
# Subtest: Heaven geography: every action, branch and return uses complete production support without opening the terrace
ok 699 - Heaven geography: every action, branch and return uses complete production support without opening the terrace
  ---
  duration_ms: 680.4314
  type: 'test'
  ...
# Subtest: Heaven enemy bodies: fixed body-qualified routes clear actual cover and reject player-only narrow clearance
ok 700 - Heaven enemy bodies: fixed body-qualified routes clear actual cover and reject player-only narrow clearance
  ---
  duration_ms: 79.0725
  type: 'test'
  ...
# Subtest: Heaven escort: the actual seven-point service loop clears the full courier body, including the bench detour
ok 701 - Heaven escort: the actual seven-point service loop clears the full courier body, including the bench detour
  ---
  duration_ms: 1.4057
  type: 'test'
  ...
# Subtest: Heaven encounters: directed beam and local pulse differ, admit ordinary damage and grant no separate rewards
ok 702 - Heaven encounters: directed beam and local pulse differ, admit ordinary damage and grant no separate rewards
  ---
  duration_ms: 0.3959
  type: 'test'
  ...
# Subtest: Heaven reward and choices: one common finite material fee, explicit public usability and earned recognition
ok 703 - Heaven reward and choices: one common finite material fee, explicit public usability and earned recognition
  ---
  duration_ms: 1.7912
  type: 'test'
  ...
# Subtest: old worlds migrate only empty optional Hell state; all older fields are retained
ok 704 - old worlds migrate only empty optional Hell state; all older fields are retained
  ---
  duration_ms: 12.5919
  type: 'test'
  ...
# Subtest: unearned entry, stale revision and foreign character cannot accept or mutate
ok 705 - unearned entry, stale revision and foreign character cannot accept or mutate
  ---
  duration_ms: 4.1181
  type: 'test'
  ...
# Subtest: acceptance and physical work require whole durable success and exact prerequisites
ok 706 - acceptance and physical work require whole durable success and exact prerequisites
  ---
  duration_ms: 51.9802
  type: 'test'
  ...
# Subtest: full claim is atomic on every capacity boundary and save refusal; retries cannot duplicate
ok 707 - full claim is atomic on every capacity boundary and save refusal; retries cannot duplicate
  ---
  duration_ms: 45.1802
  type: 'test'
  ...
# Subtest: explicit lasting disposition validates choice, proximity and truth; reopen cannot overwrite
ok 708 - explicit lasting disposition validates choice, proximity and truth; reopen cannot overwrite
  ---
  duration_ms: 29.4338
  type: 'test'
  ...
# Subtest: locked sweep/line geometry differs; tell aim cannot follow movement; supports affect matching recovery only
ok 709 - locked sweep/line geometry differs; tell aim cannot follow movement; supports affect matching recovery only
  ---
  duration_ms: 28.2429
  type: 'test'
  ...
# Subtest: actual combat alone can resolve Warden; closed armor gives no hit flash/number/HP; refusal preserves unpaid fight
ok 710 - actual combat alone can resolve Warden; closed armor gives no hit flash/number/HP; refusal preserves unpaid fight
  ---
  duration_ms: 4.6343
  type: 'test'
  ...
# Subtest: campaign roster retirement preserves unrelated salvage actor and paid history across reload
ok 711 - campaign roster retirement preserves unrelated salvage actor and paid history across reload
  ---
  duration_ms: 2.9629
  type: 'test'
  ...
# Subtest: real arrow collision rejects closed armor feedback but preserves confirmed killing hit feedback
ok 712 - real arrow collision rejects closed armor feedback but preserves confirmed killing hit feedback
  ---
  duration_ms: 5.4393
  type: 'test'
  ...
# Subtest: static work appears only for actual accepted recorded actions and never draws a second witness
ok 713 - static work appears only for actual accepted recorded actions and never draws a second witness
  ---
  duration_ms: 21.8319
  type: 'test'
  ...
# Subtest: all transformed service props have real supported ground and avoid canonical solids
ok 714 - all transformed service props have real supported ground and avoid canonical solids
  ---
  duration_ms: 54.9158
  type: 'test'
  ...
# Subtest: Unbind, Divert and License have different engine and plate shapes tied to the saved disposition
ok 715 - Unbind, Divert and License have different engine and plate shapes tied to the saved disposition
  ---
  duration_ms: 3.8067
  type: 'test'
  ...
# Subtest: supplied optional fittings visibly change from loose to seated only after their own action
ok 716 - supplied optional fittings visibly change from loose to seated only after their own action
  ---
  duration_ms: 1.4334
  type: 'test'
  ...
# Subtest: Veyr uses the canonical live actor frame and its entire transformed body fits the declared .65 impact radius
ok 717 - Veyr uses the canonical live actor frame and its entire transformed body fits the declared .65 impact radius
  ---
  duration_ms: 26.279
  type: 'test'
  ...
# Subtest: locked rectangular warnings follow the immutable strike frame and preserve distinct broad/short versus narrow/long footprints
ok 718 - locked rectangular warnings follow the immutable strike frame and preserve distinct broad/short versus narrow/long footprints
  ---
  duration_ms: 4.097
  type: 'test'
  ...
# Subtest: reduced motion and pause keep art deterministic across wall-clock samples while the real combat mode remains readable
ok 719 - reduced motion and pause keep art deterministic across wall-clock samples while the real combat mode remains readable
  ---
  duration_ms: 1.5863
  type: 'test'
  ...
# Subtest: journal, map and page are pure; route points never accept work or turn a combat defeat into a button
ok 720 - journal, map and page are pure; route points never accept work or turn a combat defeat into a button
  ---
  duration_ms: 1.9438
  type: 'test'
  ...
# Subtest: the verified saved choice has visible distinct Istra, Tovan and Neris recognition without a premature claim
ok 721 - the verified saved choice has visible distinct Istra, Tovan and Neris recognition without a premature claim
  ---
  duration_ms: 1.9197
  type: 'test'
  ...
# Subtest: a disposition requires explicit two-stage confirmation and retains expected character ownership
ok 722 - a disposition requires explicit two-stage confirmation and retains expected character ownership
  ---
  duration_ms: 1.4405
  type: 'test'
  ...
# Subtest: stale same-revision character, roster revision, physical position and campaign revision refuse a disposition preview without dispatch
ok 723 - stale same-revision character, roster revision, physical position and campaign revision refuse a disposition preview without dispatch
  ---
  duration_ms: 2.8707
  type: 'test'
  ...
# Subtest: Hell campaign data: exact frozen catalogue, source boundary and import without gameplay mutation
ok 724 - Hell campaign data: exact frozen catalogue, source boundary and import without gameplay mutation
  ---
  duration_ms: 34.1062
  type: 'test'
  ...
# Subtest: Hell campaign graph: consent, real combat, stabilization, deliberate disposition and verification
ok 725 - Hell campaign graph: consent, real combat, stabilization, deliberate disposition and verification
  ---
  duration_ms: 1.0888
  type: 'test'
  ...
# Subtest: Hell campaign geography: all authored anchors use supported existing ground and production paths
ok 726 - Hell campaign geography: all authored anchors use supported existing ground and production paths
  ---
  duration_ms: 2040.1028
  type: 'test'
  ...
# Subtest: Hell campaign patterns: distinct fixed locked-shape terms and narrow optional recovery supports
ok 727 - Hell campaign patterns: distinct fixed locked-shape terms and narrow optional recovery supports
  ---
  duration_ms: 0.4284
  type: 'test'
  ...
# Subtest: Hell campaign body clearance: production paths respect Veyr radius around existing Bell Yard support
ok 728 - Hell campaign body clearance: production paths respect Veyr radius around existing Bell Yard support
  ---
  duration_ms: 8.0449
  type: 'test'
  ...
# Subtest: Hell campaign outcomes: three lasting local choices retain safety, truth and one common fixed fee
ok 729 - Hell campaign outcomes: three lasting local choices retain safety, truth and one common fixed fee
  ---
  duration_ms: 0.7847
  type: 'test'
  ...
# Subtest: absent homeHistory migrates to empty v1 without replaying claimed knowledge or prior fields
ok 730 - absent homeHistory migrates to empty v1 without replaying claimed knowledge or prior fields
  ---
  duration_ms: 15.8919
  type: 'test'
  ...
# Subtest: null, future, unknown, duplicate and malformed ledgers refuse instead of clearing
ok 731 - null, future, unknown, duplicate and malformed ledgers refuse instead of clearing
  ---
  duration_ms: 0.4381
  type: 'test'
  ...
# Subtest: a prior acceptance or complete unpaid work never grants ownership
ok 732 - a prior acceptance or complete unpaid work never grants ownership
  ---
  duration_ms: 2.2727
  type: 'test'
  ...
# Subtest: pin is independent of equipment projects and accepting story or work
ok 733 - pin is independent of equipment projects and accepting story or work
  ---
  duration_ms: 3.2734
  type: 'test'
  ...
# Subtest: memory-cuttings validates costs before spending and saves before adopting once-only ownership
ok 734 - memory-cuttings validates costs before spending and saves before adopting once-only ownership
  ---
  duration_ms: 15.8909
  type: 'test'
  ...
# Subtest: memory-cuttings missing material, wrong bench, paused/dead owner and stale revision leave exact state
ok 735 - memory-cuttings missing material, wrong bench, paused/dead owner and stale revision leave exact state
  ---
  duration_ms: 11.3031
  type: 'test'
  ...
# Subtest: memory-cuttings unowned and duplicate placements reject through save, direct decorate and forged history
ok 736 - memory-cuttings unowned and duplicate placements reject through save, direct decorate and forged history
  ---
  duration_ms: 3.5323
  type: 'test'
  ...
# Subtest: memory-cuttings deliberate move/remove and undo/redo save refusal keep history and costs atomic
ok 737 - memory-cuttings deliberate move/remove and undo/redo save refusal keep history and costs atomic
  ---
  duration_ms: 11.3874
  type: 'test'
  ...
# Subtest: memory-cuttings original geometry is bounded by its declared floor footprint in all rotations
ok 738 - memory-cuttings original geometry is bounded by its declared floor footprint in all rotations
  ---
  duration_ms: 1.0628
  type: 'test'
  ...
# Subtest: memory-refuge validates costs before spending and saves before adopting once-only ownership
ok 739 - memory-refuge validates costs before spending and saves before adopting once-only ownership
  ---
  duration_ms: 5.4929
  type: 'test'
  ...
# Subtest: memory-refuge missing material, wrong bench, paused/dead owner and stale revision leave exact state
ok 740 - memory-refuge missing material, wrong bench, paused/dead owner and stale revision leave exact state
  ---
  duration_ms: 5.651
  type: 'test'
  ...
# Subtest: memory-refuge unowned and duplicate placements reject through save, direct decorate and forged history
ok 741 - memory-refuge unowned and duplicate placements reject through save, direct decorate and forged history
  ---
  duration_ms: 3.2456
  type: 'test'
  ...
# Subtest: memory-refuge deliberate move/remove and undo/redo save refusal keep history and costs atomic
ok 742 - memory-refuge deliberate move/remove and undo/redo save refusal keep history and costs atomic
  ---
  duration_ms: 6.8709
  type: 'test'
  ...
# Subtest: memory-refuge original geometry is bounded by its declared floor footprint in all rotations
ok 743 - memory-refuge original geometry is bounded by its declared floor footprint in all rotations
  ---
  duration_ms: 0.1931
  type: 'test'
  ...
# Subtest: memory-bellglass validates costs before spending and saves before adopting once-only ownership
ok 744 - memory-bellglass validates costs before spending and saves before adopting once-only ownership
  ---
  duration_ms: 4.9219
  type: 'test'
  ...
# Subtest: memory-bellglass missing material, wrong bench, paused/dead owner and stale revision leave exact state
ok 745 - memory-bellglass missing material, wrong bench, paused/dead owner and stale revision leave exact state
  ---
  duration_ms: 4.527
  type: 'test'
  ...
# Subtest: memory-bellglass unowned and duplicate placements reject through save, direct decorate and forged history
ok 746 - memory-bellglass unowned and duplicate placements reject through save, direct decorate and forged history
  ---
  duration_ms: 1.649
  type: 'test'
  ...
# Subtest: memory-bellglass deliberate move/remove and undo/redo save refusal keep history and costs atomic
ok 747 - memory-bellglass deliberate move/remove and undo/redo save refusal keep history and costs atomic
  ---
  duration_ms: 10.1581
  type: 'test'
  ...
# Subtest: memory-bellglass original geometry is bounded by its declared floor footprint in all rotations
ok 748 - memory-bellglass original geometry is bounded by its declared floor footprint in all rotations
  ---
  duration_ms: 0.386
  type: 'test'
  ...
# Subtest: memory-farroad validates costs before spending and saves before adopting once-only ownership
ok 749 - memory-farroad validates costs before spending and saves before adopting once-only ownership
  ---
  duration_ms: 5.8666
  type: 'test'
  ...
# Subtest: memory-farroad missing material, wrong bench, paused/dead owner and stale revision leave exact state
ok 750 - memory-farroad missing material, wrong bench, paused/dead owner and stale revision leave exact state
  ---
  duration_ms: 4.6334
  type: 'test'
  ...
# Subtest: memory-farroad unowned and duplicate placements reject through save, direct decorate and forged history
ok 751 - memory-farroad unowned and duplicate placements reject through save, direct decorate and forged history
  ---
  duration_ms: 1.9992
  type: 'test'
  ...
# Subtest: memory-farroad deliberate move/remove and undo/redo save refusal keep history and costs atomic
ok 752 - memory-farroad deliberate move/remove and undo/redo save refusal keep history and costs atomic
  ---
  duration_ms: 6.6678
  type: 'test'
  ...
# Subtest: memory-farroad original geometry is bounded by its declared floor footprint in all rotations
ok 753 - memory-farroad original geometry is bounded by its declared floor footprint in all rotations
  ---
  duration_ms: 0.1671
  type: 'test'
  ...
# Subtest: memory-crossing validates costs before spending and saves before adopting once-only ownership
ok 754 - memory-crossing validates costs before spending and saves before adopting once-only ownership
  ---
  duration_ms: 3.8094
  type: 'test'
  ...
# Subtest: memory-crossing missing material, wrong bench, paused/dead owner and stale revision leave exact state
ok 755 - memory-crossing missing material, wrong bench, paused/dead owner and stale revision leave exact state
  ---
  duration_ms: 5.0879
  type: 'test'
  ...
# Subtest: memory-crossing unowned and duplicate placements reject through save, direct decorate and forged history
ok 756 - memory-crossing unowned and duplicate placements reject through save, direct decorate and forged history
  ---
  duration_ms: 2.1036
  type: 'test'
  ...
# Subtest: memory-crossing deliberate move/remove and undo/redo save refusal keep history and costs atomic
ok 757 - memory-crossing deliberate move/remove and undo/redo save refusal keep history and costs atomic
  ---
  duration_ms: 12.6024
  type: 'test'
  ...
# Subtest: memory-crossing original geometry is bounded by its declared floor footprint in all rotations
ok 758 - memory-crossing original geometry is bounded by its declared floor footprint in all rotations
  ---
  duration_ms: 0.1893
  type: 'test'
  ...
# Subtest: inside placement uses actual body position while durable snapshot keeps its home checkpoint
ok 759 - inside placement uses actual body position while durable snapshot keeps its home checkpoint
  ---
  duration_ms: 2.6063
  type: 'test'
  ...
# Subtest: one of each occupies four chosen slots with no extra power or campaign payout
ok 760 - one of each occupies four chosen slots with no extra power or campaign payout
  ---
  duration_ms: 6.492
  type: 'test'
  ...
# Subtest: pending placement cannot transfer to another character with identical ownership and revision
ok 761 - pending placement cannot transfer to another character with identical ownership and revision
  ---
  duration_ms: 4.2923
  type: 'test'
  ...
# Subtest: all five trails distinguish unaccepted, active, ready and claimed saved facts
ok 762 - all five trails distinguish unaccepted, active, ready and claimed saved facts
  ---
  duration_ms: 21.9245
  type: 'test'
  ...
# Subtest: eligible work lists preparations, never a later locked encounter or optional work as required
ok 763 - eligible work lists preparations, never a later locked encounter or optional work as required
  ---
  duration_ms: 1.417
  type: 'test'
  ...
# Subtest: one realm can retain a once-only trail and a separate repeat survey run without merging fees
ok 764 - one realm can retain a once-only trail and a separate repeat survey run without merging fees
  ---
  duration_ms: 1.085
  type: 'test'
  ...
# Subtest: unpaid completion stays ahead of other work and paid trails have no next action
ok 765 - unpaid completion stays ahead of other work and paid trails have no next action
  ---
  duration_ms: 0.6942
  type: 'test'
  ...
# Subtest: journal and road statuses remain pure and never construct an escort actor
ok 766 - journal and road statuses remain pure and never construct an escort actor
  ---
  duration_ms: 6.9035
  type: 'test'
  ...
# Subtest: home journal retains exact fees, giver, progress and explicitly separate survey identity
ok 767 - home journal retains exact fees, giver, progress and explicitly separate survey identity
  ---
  duration_ms: 1.747
  type: 'test'
  ...
# Subtest: empty journal gives a deliberate road entry and preserves campaign ordering below it
ok 768 - empty journal gives a deliberate road entry and preserves campaign ordering below it
  ---
  duration_ms: 0.6379
  type: 'test'
  ...
# Subtest: claim control is absent before completion and present only at the actual ready giver
ok 769 - claim control is absent before completion and present only at the actual ready giver
  ---
  duration_ms: 1.9296
  type: 'test'
  ...
# Subtest: survey claim control also requires its own complete current run at the correct separate giver
ok 770 - survey claim control also requires its own complete current run at the correct separate giver
  ---
  duration_ms: 1.1085
  type: 'test'
  ...
# Subtest: a recorded or prerequisite-locked dry route refuses stale controls without walking
ok 771 - a recorded or prerequisite-locked dry route refuses stale controls without walking
  ---
  duration_ms: 0.9275
  type: 'test'
  ...
# Subtest: a route uses the restored current simulation, refusing a previous character trail id
ok 772 - a route uses the restored current simulation, refusing a previous character trail id
  ---
  duration_ms: 1.1354
  type: 'test'
  ...
# Subtest: water, air-court and escort routes give guidance without impossible dry walks
ok 773 - water, air-court and escort routes give guidance without impossible dry walks
  ---
  duration_ms: 0.8432
  type: 'test'
  ...
# Subtest: available-action map legend routes dry work but names gallery controls instead of walking underwater
ok 774 - available-action map legend routes dry work but names gallery controls instead of walking underwater
  ---
  duration_ms: 1.2139
  type: 'test'
  ...
# Subtest: Road marker navigation uses the current realm return point and refuses unrelated or wet rooms
ok 775 - Road marker navigation uses the current realm return point and refuses unrelated or wet rooms
  ---
  duration_ms: 0.8474
  type: 'test'
  ...
# Subtest: road cards show claimed trails and current repeat runs as distinct records
ok 776 - road cards show claimed trails and current repeat runs as distinct records
  ---
  duration_ms: 0.9905
  type: 'test'
  ...
# Subtest: a brute with real displacement has alternating lifted and planted hooves
ok 777 - a brute with real displacement has alternating lifted and planted hooves
  ---
  duration_ms: 1.6808
  type: 'test'
  ...
# Subtest: brute hooves follow the actual animated leg endpoints without changing its world
ok 778 - brute hooves follow the actual animated leg endpoints without changing its world
  ---
  duration_ms: 4.3721
  type: 'test'
  ...
# Subtest: traveler cloth, skin and leather retain distinct physical material responses
ok 779 - traveler cloth, skin and leather retain distinct physical material responses
  ---
  duration_ms: 3.8971
  type: 'test'
  ...
# Subtest: only real bow anticipation carries a visible nocked shaft, removed on release
ok 780 - only real bow anticipation carries a visible nocked shaft, removed on release
  ---
  duration_ms: 34.6004
  type: 'test'
  ...
# Subtest: bow grip, string nock and anticipated shaft face the actual root shot direction
ok 781 - bow grip, string nock and anticipated shaft face the actual root shot direction
  ---
  duration_ms: 20.5712
  type: 'test'
  ...
# Subtest: the bow draw sleeve centers clear the fitted torso through anticipation and guard
ok 782 - the bow draw sleeve centers clear the fitted torso through anticipation and guard
  ---
  duration_ms: 1.8816
  type: 'test'
  ...
# Subtest: older world9 migrates optional localLife1 without altering existing histories
ok 783 - older world9 migrates optional localLife1 without altering existing histories
  ---
  duration_ms: 13.3695
  type: 'test'
  ...
# Subtest: current malformed/future local work refuses rather than resetting progress
ok 784 - current malformed/future local work refuses rather than resetting progress
  ---
  duration_ms: 0.5293
  type: 'test'
  ...
# Subtest: the new local ledger does not extend or rewrite the old five trail definitions
ok 785 - the new local ledger does not extend or rewrite the old five trail definitions
  ---
  duration_ms: 0.2046
  type: 'test'
  ...
# Subtest: heaven-propagation-bed-v1 rejects offsite acceptance, invalid arrangement and absent prerequisite atomically
ok 786 - heaven-propagation-bed-v1 rejects offsite acceptance, invalid arrangement and absent prerequisite atomically
  ---
  duration_ms: 65.8696
  type: 'test'
  ...
# Subtest: heaven-propagation-bed-v1 channel physical work, durable candidate refusal and exact one payout
ok 787 - heaven-propagation-bed-v1 channel physical work, durable candidate refusal and exact one payout
  ---
  duration_ms: 31.6068
  type: 'test'
  ...
# Subtest: heaven-propagation-bed-v1 wick physical work, durable candidate refusal and exact one payout
ok 788 - heaven-propagation-bed-v1 wick physical work, durable candidate refusal and exact one payout
  ---
  duration_ms: 48.8165
  type: 'test'
  ...
# Subtest: hell-refuge-water-v1 rejects offsite acceptance, invalid arrangement and absent prerequisite atomically
ok 789 - hell-refuge-water-v1 rejects offsite acceptance, invalid arrangement and absent prerequisite atomically
  ---
  duration_ms: 24.3964
  type: 'test'
  ...
# Subtest: hell-refuge-water-v1 cartridge physical work, durable candidate refusal and exact one payout
ok 790 - hell-refuge-water-v1 cartridge physical work, durable candidate refusal and exact one payout
  ---
  duration_ms: 14.1185
  type: 'test'
  ...
# Subtest: hell-refuge-water-v1 hand-filter physical work, durable candidate refusal and exact one payout
ok 791 - hell-refuge-water-v1 hand-filter physical work, durable candidate refusal and exact one payout
  ---
  duration_ms: 21.3647
  type: 'test'
  ...
# Subtest: atlantis-bellglass-lamp-v1 rejects offsite acceptance, invalid arrangement and absent prerequisite atomically
ok 792 - atlantis-bellglass-lamp-v1 rejects offsite acceptance, invalid arrangement and absent prerequisite atomically
  ---
  duration_ms: 2.4439
  type: 'test'
  ...
# Subtest: atlantis-bellglass-lamp-v1 approach physical work, durable candidate refusal and exact one payout
ok 793 - atlantis-bellglass-lamp-v1 approach physical work, durable candidate refusal and exact one payout
  ---
  duration_ms: 11.8847
  type: 'test'
  ...
# Subtest: atlantis-bellglass-lamp-v1 desk physical work, durable candidate refusal and exact one payout
ok 794 - atlantis-bellglass-lamp-v1 desk physical work, durable candidate refusal and exact one payout
  ---
  duration_ms: 11.3163
  type: 'test'
  ...
# Subtest: cosmos-drawing-shelf-v1 rejects offsite acceptance, invalid arrangement and absent prerequisite atomically
ok 795 - cosmos-drawing-shelf-v1 rejects offsite acceptance, invalid arrangement and absent prerequisite atomically
  ---
  duration_ms: 32.309
  type: 'test'
  ...
# Subtest: cosmos-drawing-shelf-v1 route physical work, durable candidate refusal and exact one payout
ok 796 - cosmos-drawing-shelf-v1 route physical work, durable candidate refusal and exact one payout
  ---
  duration_ms: 30.8098
  type: 'test'
  ...
# Subtest: cosmos-drawing-shelf-v1 sheltered physical work, durable candidate refusal and exact one payout
ok 797 - cosmos-drawing-shelf-v1 sheltered physical work, durable candidate refusal and exact one payout
  ---
  duration_ms: 16.5094
  type: 'test'
  ...
# Subtest: dry sites and both selected Heaven beds retain full canonical foot support
ok 798 - dry sites and both selected Heaven beds retain full canonical foot support
  ---
  duration_ms: 0.5878
  type: 'test'
  ...
# Subtest: Atlantis work requires actual gallery body depth and medium
ok 799 - Atlantis work requires actual gallery body depth and medium
  ---
  duration_ms: 5.3446
  type: 'test'
  ...
# Subtest: material capacity and 9999 XP boundary retain whole-payment atomicity
ok 800 - material capacity and 9999 XP boundary retain whole-payment atomicity
  ---
  duration_ms: 12.5015
  type: 'test'
  ...
# Subtest: new art reads accepted state, emits finite supported shapes and preserves canonical state
ok 801 - new art reads accepted state, emits finite supported shapes and preserves canonical state
  ---
  duration_ms: 20.7145
  type: 'test'
  ...
# Subtest: both fitted Cosmos arrangements clear the production bench backrest
ok 802 - both fitted Cosmos arrangements clear the production bench backrest
  ---
  duration_ms: 4.6712
  type: 'test'
  ...
# Subtest: legacy Cosmos presentation is handed over only after explicit local acceptance
ok 803 - legacy Cosmos presentation is handed over only after explicit local acceptance
  ---
  duration_ms: 4.2967
  type: 'test'
  ...
# Subtest: gate lift is a pure projection of the existing saved repair
ok 804 - gate lift is a pure projection of the existing saved repair
  ---
  duration_ms: 2.6185
  type: 'test'
  ...
# Subtest: five separated timber planks have positive connected transforms and vertical grain
ok 805 - five separated timber planks have positive connected transforms and vertical grain
  ---
  duration_ms: 0.473
  type: 'test'
  ...
# Subtest: jammed and repaired hardware differ without becoming navigation or camera authorities
ok 806 - jammed and repaired hardware differ without becoming navigation or camera authorities
  ---
  duration_ms: 0.3887
  type: 'test'
  ...
# Subtest: rack stays engaged with the fixed pinion in both leaf positions
ok 807 - rack stays engaged with the fixed pinion in both leaf positions
  ---
  duration_ms: 0.5593
  type: 'test'
  ...
# Subtest: fixed frame stays around the established bank anchor with three mapped members
ok 808 - fixed frame stays around the established bank anchor with three mapped members
  ---
  duration_ms: 0.8934
  type: 'test'
  ...
# Subtest: gate projection remains bounded to 29 moving parts and five timber instances
ok 809 - gate projection remains bounded to 29 moving parts and five timber instances
  ---
  duration_ms: 0.2505
  type: 'test'
  ...
# Subtest: Ansel keeps the exact Earth resident anchor and excludes navigation/camera ownership
ok 810 - Ansel keeps the exact Earth resident anchor and excludes navigation/camera ownership
  ---
  duration_ms: 3.9415
  type: 'test'
  ...
# Subtest: bounded body and tool transforms remain finite and positive through the full work cycle
ok 811 - bounded body and tool transforms remain finite and positive through the full work cycle
  ---
  duration_ms: 44.4958
  type: 'test'
  ...
# Subtest: both hands belong to the actual square frame throughout inspection
ok 812 - both hands belong to the actual square frame throughout inspection
  ---
  duration_ms: 0.9335
  type: 'test'
  ...
# Subtest: proper 3D segments connect both elbows, hands and legs without cross-body gaps
ok 813 - proper 3D segments connect both elbows, hands and legs without cross-body gaps
  ---
  duration_ms: 0.5621
  type: 'test'
  ...
# Subtest: feet meet the supplied ground and the square has a real right angle
ok 814 - feet meet the supplied ground and the square has a real right angle
  ---
  duration_ms: 0.6002
  type: 'test'
  ...
# Subtest: pure sampling changes only with supplied time and reduced motion keeps one complete stance
ok 815 - pure sampling changes only with supplied time and reduced motion keeps one complete stance
  ---
  duration_ms: 1.99
  type: 'test'
  ...
# Subtest: creative presentation tick preserves sandbox blueprint and grid
ok 816 - creative presentation tick preserves sandbox blueprint and grid
  ---
  duration_ms: 10.3005
  type: 'test'
  ...
# Subtest: creative tick still clears its own stale playing and room-selection fields
ok 817 - creative tick still clears its own stale playing and room-selection fields
  ---
  duration_ms: 2.7084
  type: 'test'
  ...
# Subtest: selected slot and active music never replace another presentation owner
ok 818 - selected slot and active music never replace another presentation owner
  ---
  duration_ms: 3.8184
  type: 'test'
  ...
# Subtest: placement confirmation stays disabled before a tile is selected
ok 819 - placement confirmation stays disabled before a tile is selected
  ---
  duration_ms: 17.0334
  type: 'test'
  ...
# Subtest: explicit survey acceptance uses kit and the next expected sequence
ok 820 - explicit survey acceptance uses kit and the next expected sequence
  ---
  duration_ms: 31.2809
  type: 'test'
  ...
# Subtest: older saves acquire empty project data without changing XP or creative work
ok 821 - older saves acquire empty project data without changing XP or creative work
  ---
  duration_ms: 45.4567
  type: 'test'
  ...
# Subtest: a pin is a persisted attainable choice, not ownership or campaign consent
ok 822 - a pin is a persisted attainable choice, not ownership or campaign consent
  ---
  duration_ms: 5.4981
  type: 'test'
  ...
# Subtest: guide projects real craft sources and honest comparisons for an unowned weapon
ok 823 - guide projects real craft sources and honest comparisons for an unowned weapon
  ---
  duration_ms: 1.0298
  type: 'test'
  ...
# Subtest: next-step preview resolves the Ashwood prerequisite separately from the longbow target
ok 824 - next-step preview resolves the Ashwood prerequisite separately from the longbow target
  ---
  duration_ms: 1.1918
  type: 'test'
  ...
# Subtest: each prerequisite and target preview matches the actual craft then deliberate equip
ok 825 - each prerequisite and target preview matches the actual craft then deliberate equip
  ---
  duration_ms: 3.2986
  type: 'test'
  ...
# Subtest: next-step forge and both finite fittings match accepted commands without spending during preview
ok 826 - next-step forge and both finite fittings match accepted commands without spending during preview
  ---
  duration_ms: 2.6211
  type: 'test'
  ...
# Subtest: unequipped bow fitting preview keeps distinct sockets, health and Oren temper
ok 827 - unequipped bow fitting preview keeps distinct sockets, health and Oren temper
  ---
  duration_ms: 1.4506
  type: 'test'
  ...
# Subtest: finished, uncraftable and invalid project IDs have no invented next step
ok 828 - finished, uncraftable and invalid project IDs have no invented next step
  ---
  duration_ms: 1.8946
  type: 'test'
  ...
# Subtest: repeated immutable next-step previews keep XP, all history, cost, vitals and selected socket unchanged
ok 829 - repeated immutable next-step previews keep XP, all history, cost, vitals and selected socket unchanged
  ---
  duration_ms: 88.0467
  type: 'test'
  ...
# Subtest: Oren comparisons explicitly use current XP and do not project or award the separate XP reward
ok 830 - Oren comparisons explicitly use current XP and do not project or award the separate XP reward
  ---
  duration_ms: 13.2445
  type: 'test'
  ...
# Subtest: survey cannot be accepted remotely or before kit, and failed start is atomic
ok 831 - survey cannot be accepted remotely or before kit, and failed start is atomic
  ---
  duration_ms: 5.1252
  type: 'test'
  ...
# Subtest: survey temporarily owns encounters without replaying the once-only quest
ok 832 - survey temporarily owns encounters without replaying the once-only quest
  ---
  duration_ms: 3.325
  type: 'test'
  ...
# Subtest: accepted sample events require run identity, proximity and once-per-run ownership
ok 833 - accepted sample events require run identity, proximity and once-per-run ownership
  ---
  duration_ms: 4.749
  type: 'test'
  ...
# Subtest: actual defeat progresses the active run but creates no story defeat, cache or XP
ok 834 - actual defeat progresses the active run but creates no story defeat, cache or XP
  ---
  duration_ms: 1.1378
  type: 'test'
  ...
# Subtest: each deliberate completed run pays once, including after reload and receipt eviction
ok 835 - each deliberate completed run pays once, including after reload and receipt eviction
  ---
  duration_ms: 6.0489
  type: 'test'
  ...
# Subtest: changed request IDs cannot claim an incomplete run or a stale entitlement
ok 836 - changed request IDs cannot claim an incomplete run or a stale entitlement
  ---
  duration_ms: 58.6879
  type: 'test'
  ...
# Subtest: full ore refuses the entire claim and preserves earned entitlement
ok 837 - full ore refuses the entire claim and preserves earned entitlement
  ---
  duration_ms: 1.7476
  type: 'test'
  ...
# Subtest: full coins refuses the entire claim and preserves earned entitlement
ok 838 - full coins refuses the entire claim and preserves earned entitlement
  ---
  duration_ms: 1.6167
  type: 'test'
  ...
# Subtest: full fiber refuses the entire claim and preserves earned entitlement
ok 839 - full fiber refuses the entire claim and preserves earned entitlement
  ---
  duration_ms: 8.4808
  type: 'test'
  ...
# Subtest: finite fittings consume whole costs, keep equipped identity and preserve sockets
ok 840 - finite fittings consume whole costs, keep equipped identity and preserve sockets
  ---
  duration_ms: 2.3568
  type: 'test'
  ...
# Subtest: invalid, distant, out-of-order and missing-cost fittings never partly spend materials
ok 841 - invalid, distant, out-of-order and missing-cost fittings never partly spend materials
  ---
  duration_ms: 4.6843
  type: 'test'
  ...
# Subtest: improving an unequipped bow never equips it or changes the equipped socket
ok 842 - improving an unequipped bow never equips it or changes the equipped socket
  ---
  duration_ms: 5.1729
  type: 'test'
  ...
# Subtest: fittings affect both real damage paths and leave obstruction rules intact
ok 843 - fittings affect both real damage paths and leave obstruction rules intact
  ---
  duration_ms: 7.6448
  type: 'test'
  ...
# Subtest: present malformed ledgers refuse import instead of resetting paid history
ok 844 - present malformed ledgers refuse import instead of resetting paid history
  ---
  duration_ms: 14.6131
  type: 'test'
  ...
# Subtest: Darric remains at the supported existing anchor beside the real collection approach
ok 845 - Darric remains at the supported existing anchor beside the real collection approach
  ---
  duration_ms: 7.9022
  type: 'test'
  ...
# Subtest: complete actor and actual tool matrices remain finite positive and bounded across every stage
ok 846 - complete actor and actual tool matrices remain finite positive and bounded across every stage
  ---
  duration_ms: 241.1736
  type: 'test'
  ...
# Subtest: both gloved hands meet the real resting handle through every pose and stage
ok 847 - both gloved hands meet the real resting handle through every pose and stage
  ---
  duration_ms: 7.9323
  type: 'test'
  ...
# Subtest: full 3D limb bases connect submitted endpoints instead of rotating only in one plane
ok 848 - full 3D limb bases connect submitted endpoints instead of rotating only in one plane
  ---
  duration_ms: 2.3619
  type: 'test'
  ...
# Subtest: transformed soles meet canonical shallow ground within six millimetres
ok 849 - transformed soles meet canonical shallow ground within six millimetres
  ---
  duration_ms: 0.4754
  type: 'test'
  ...
# Subtest: actual actor and mallet volumes clear collection stance sign and reserved blocks at pose extremes
ok 850 - actual actor and mallet volumes clear collection stance sign and reserved blocks at pose extremes
  ---
  duration_ms: 198.3284
  type: 'test'
  ...
# Subtest: actual mallet head clears body boxes and conservative round bounds through the full posing cycle
ok 851 - actual mallet head clears body boxes and conservative round bounds through the full posing cycle
  ---
  duration_ms: 791.703
  type: 'test'
  ...
# Subtest: three stable individually tallied blocks project release only and twelve flush stones project packing only
ok 852 - three stable individually tallied blocks project release only and twelve flush stones project packing only
  ---
  duration_ms: 3.2493
  type: 'test'
  ...
# Subtest: pure pose uses only supplied simulation time and reduced motion freezes each complete stage
ok 853 - pure pose uses only supplied simulation time and reduced motion freezes each complete stage
  ---
  duration_ms: 7.3834
  type: 'test'
  ...
# Subtest: the pure API owns the nine retained points and two Elderweald residents, with unchanged names and deeply frozen profiles
ok 854 - the pure API owns the nine retained points and two Elderweald residents, with unchanged names and deeply frozen profiles
  ---
  duration_ms: 1.7443
  type: 'test'
  ...
# Subtest: actual production mesh vertices are finite, supported and bounded through real ground height and yaw
ok 855 - actual production mesh vertices are finite, supported and bounded through real ground height and yaw
  ---
  duration_ms: 935.3463
  type: 'test'
  ...
# Subtest: the exact actor meshes stay on current patches and clear authoritative nearby solid boxes
ok 856 - the exact actor meshes stay on current patches and clear authoritative nearby solid boxes
  ---
  duration_ms: 445.9178
  type: 'test'
  ...
# Subtest: actual beam mesh endpoints connect the named limb and tool joints under root transforms
ok 857 - actual beam mesh endpoints connect the named limb and tool joints under root transforms
  ---
  duration_ms: 11.692
  type: 'test'
  ...
# Subtest: each useful tool actually touches its holding palm and has a supported component graph
ok 858 - each useful tool actually touches its holding palm and has a supported component graph
  ---
  duration_ms: 13.6836
  type: 'test'
  ...
# Subtest: Calen alone has source-backed folded wings joined to the real cloak surface and clear of hands and head
ok 859 - Calen alone has source-backed folded wings joined to the real cloak surface and clear of hands and head
  ---
  duration_ms: 27.5092
  type: 'test'
  ...
# Subtest: material combinations, clothing silhouettes and tools are distinct without assigning game classes or ancestry
ok 860 - material combinations, clothing silhouettes and tools are distinct without assigning game classes or ancestry
  ---
  duration_ms: 6.6529
  type: 'test'
  ...
# Subtest: repeated time samples are pure, idle never walks or works, and pause/reduced motion are quiet
ok 861 - repeated time samples are pure, idle never walks or works, and pause/reduced motion are quiet
  ---
  duration_ms: 52.6601
  type: 'test'
  ...
# Subtest: unknown people, invalid anchors or output refuse before any partial mutation
ok 862 - unknown people, invalid anchors or output refuse before any partial mutation
  ---
  duration_ms: 0.6045
  type: 'test'
  ...
# Subtest: adventure 10 and missing optional trails preserve all ten XP boundaries and source input
ok 863 - adventure 10 and missing optional trails preserve all ten XP boundaries and source input
  ---
  duration_ms: 45.1552
  type: 'test'
  ...
# Subtest: current/future schemas refuse missing fields, foreign steps and impossible histories
ok 864 - current/future schemas refuse missing fields, foreign steps and impossible histories
  ---
  duration_ms: 12.8464
  type: 'test'
  ...
# Subtest: trail acceptance and realm fitting require their cross-owner earned histories on import
ok 865 - trail acceptance and realm fitting require their cross-owner earned histories on import
  ---
  duration_ms: 1.5039
  type: 'test'
  ...
# Subtest: acceptance requires the kit, correct realm, physical giver and living dry character
ok 866 - acceptance requires the kit, correct realm, physical giver and living dry character
  ---
  duration_ms: 6.9978
  type: 'test'
  ...
# Subtest: malformed transient XZ and depth cannot qualify a physical trail action
ok 867 - malformed transient XZ and depth cannot qualify a physical trail action
  ---
  duration_ms: 11.4043
  type: 'test'
  ...
# Subtest: accept/step refusal from throwing or unavailable persistence changes no live state
ok 868 - accept/step refusal from throwing or unavailable persistence changes no live state
  ---
  duration_ms: 19.0573
  type: 'test'
  ...
# Subtest: supply preparation is physical, dependency-checked and grants nothing before claim
ok 869 - supply preparation is physical, dependency-checked and grants nothing before claim
  ---
  duration_ms: 6.7645
  type: 'test'
  ...
# Subtest: wet readings need actual depth/body medium and cannot be recorded on the overhead deck
ok 870 - wet readings need actual depth/body medium and cannot be recorded on the overhead deck
  ---
  duration_ms: 4.3592
  type: 'test'
  ...
# Subtest: Bellglass chart works in the actual air court and wrong choices are costless refusals
ok 871 - Bellglass chart works in the actual air court and wrong choices are costless refusals
  ---
  duration_ms: 7.5168
  type: 'test'
  ...
# Subtest: each material slot and currency limit refuses the whole declared claim, then exact capacity succeeds
ok 872 - each material slot and currency limit refuses the whole declared claim, then exact capacity succeeds
  ---
  duration_ms: 22.8202
  type: 'test'
  ...
# Subtest: claim validates/saves the full paid candidate before applying it and retains live owner objects
ok 873 - claim validates/saves the full paid candidate before applying it and retains live owner objects
  ---
  duration_ms: 10.8171
  type: 'test'
  ...
# Subtest: claim clamps XP at 9999 without replacing the retained five-level curve
ok 874 - claim clamps XP at 9999 without replacing the retained five-level curve
  ---
  duration_ms: 8.8285
  type: 'test'
  ...
# Subtest: partial, ready and paid records survive snapshot/reload without accepting or paying again
ok 875 - partial, ready and paid records survive snapshot/reload without accepting or paying again
  ---
  duration_ms: 5.5469
  type: 'test'
  ...
# Subtest: a real in-memory character Store makes quota refusal atomic and pays one saved entitlement
ok 876 - a real in-memory character Store makes quota refusal atomic and pays one saved entitlement
  ---
  duration_ms: 4.7014
  type: 'test'
  ...
# Subtest: a missing saver refuses claim and fitting without recording a false durable success
ok 877 - a missing saver refuses claim and fitting without recording a false durable success
  ---
  duration_ms: 7.5589
  type: 'test'
  ...
# Subtest: managed Store writer and changed-source refusals preserve the complete unpaid trail
ok 878 - managed Store writer and changed-source refusals preserve the complete unpaid trail
  ---
  duration_ms: 10.7301
  type: 'test'
  ...
# Subtest: independent character worlds keep trail claims and the fitting entitlement separate
ok 879 - independent character worlds keep trail claims and the fitting entitlement separate
  ---
  duration_ms: 7.1908
  type: 'test'
  ...
# Subtest: a fitting requires claimed work, an outdoor bench, life, an owned weapon and complete cost
ok 880 - a fitting requires claimed work, an outdoor bench, life, an owned weapon and complete cost
  ---
  duration_ms: 33.5534
  type: 'test'
  ...
# Subtest: finite fitting spends only after persistence and adds exactly three to the selected equipped blade
ok 881 - finite fitting spends only after persistence and adds exactly three to the selected equipped blade
  ---
  duration_ms: 7.197
  type: 'test'
  ...
# Subtest: fitting an unequipped canonical bow never equips it and the one global spend excludes another weapon
ok 882 - fitting an unequipped canonical bow never equips it and the one global spend excludes another weapon
  ---
  duration_ms: 6.0637
  type: 'test'
  ...
# Subtest: returning finite starter/river work, ruby, pinned project, banked XP and weapon behavior survive fitting
ok 883 - returning finite starter/river work, ruby, pinned project, banked XP and weapon behavior survive fitting
  ---
  duration_ms: 4.768
  type: 'test'
  ...
# Subtest: accepted Atlantis pages are readable at home and from another realm after cold reload
ok 884 - accepted Atlantis pages are readable at home and from another realm after cold reload
  ---
  duration_ms: 3.4062
  type: 'test'
  ...
# Subtest: all legal Southern progress snapshots emit bounded supported kinds and finite positive production matrices
ok 885 - all legal Southern progress snapshots emit bounded supported kinds and finite positive production matrices
  ---
  duration_ms: 66.6149
  type: 'test'
  ...
# Subtest: appearance projects acceptance and each true step; the packed job appears only after all supplies and packing
ok 886 - appearance projects acceptance and each true step; the packed job appears only after all supplies and packing
  ---
  duration_ms: 2.9437
  type: 'test'
  ...
# Subtest: Bellglass reveals separate recorded readings, corrected layered chart and fitted marker without erasing the older scale
ok 887 - Bellglass reveals separate recorded readings, corrected layered chart and fitted marker without erasing the older scale
  ---
  duration_ms: 3.3376
  type: 'test'
  ...
# Subtest: actual Earth mesh feet stay on canonical ground and clear walking, task and giver body envelopes
ok 888 - actual Earth mesh feet stay on canonical ground and clear walking, task and giver body envelopes
  ---
  duration_ms: 167.338
  type: 'test'
  ...
# Subtest: actual Bellglass full meshes clear the complete XYZ visitor route, dive blockers and step bodies
ok 889 - actual Bellglass full meshes clear the complete XYZ visitor route, dive blockers and step bodies
  ---
  duration_ms: 11.3913
  type: 'test'
  ...
# Subtest: desk, inclined layered chart, suspended gauge and bed-mounted feet meet their real supports
ok 890 - desk, inclined layered chart, suspended gauge and bed-mounted feet meet their real supports
  ---
  duration_ms: 3.7272
  type: 'test'
  ...
# Subtest: bed, court and suspended-gauge support heights agree with the actual generic scene writer
ok 891 - bed, court and suspended-gauge support heights agree with the actual generic scene writer
  ---
  duration_ms: 7.7148
  type: 'test'
  ...
# Subtest: South work geometry is static across pause, time, reduced motion and both camera settings; all input data stays unchanged
ok 892 - South work geometry is static across pause, time, reduced motion and both camera settings; all input data stays unchanged
  ---
  duration_ms: 21.5432
  type: 'test'
  ...
# Subtest: real trail commands leave the chart unconnected after wrong choice or refused save, then project a committed correction
ok 893 - real trail commands leave the chart unconnected after wrong choice or refused save, then project a committed correction
  ---
  duration_ms: 8.7922
  type: 'test'
  ...
# Subtest: six northern and Cosmos projections retain pinned base output without depending on Git history
ok 894 - six northern and Cosmos projections retain pinned base output without depending on Git history
  ---
  duration_ms: 3.3484
  type: 'test'
  ...
# Subtest: browser global and CommonJS preserve the original interface and add no foreign global authority
ok 895 - browser global and CommonJS preserve the original interface and add no foreign global authority
  ---
  duration_ms: 1.4454
  type: 'test'
  ...
# Subtest: one stable finite definition has supported schema and exact declared payment
ok 896 - one stable finite definition has supported schema and exact declared payment
  ---
  duration_ms: 1.8397
  type: 'test'
  ...
# Subtest: every nested catalogue value is immutable, including target anchors
ok 897 - every nested catalogue value is immutable, including target anchors
  ---
  duration_ms: 0.6115
  type: 'test'
  ...
# Subtest: instrument readings follow the actual authored XZ anchors and strict finite scale
ok 898 - instrument readings follow the actual authored XZ anchors and strict finite scale
  ---
  duration_ms: 0.3393
  type: 'test'
  ...
# Subtest: both optical targets agree with geometry actually submitted by CosmosArt
ok 899 - both optical targets agree with geometry actually submitted by CosmosArt
  ---
  duration_ms: 92.21
  type: 'test'
  ...
# Subtest: giver and all three actions use actual dry floor, radius clearance and line access
ok 900 - giver and all three actions use actual dry floor, radius clearance and line access
  ---
  duration_ms: 1.0596
  type: 'test'
  ...
# Subtest: complete out-and-back circuit follows production segments with dense radius-safe samples
ok 901 - complete out-and-back circuit follows production segments with dense radius-safe samples
  ---
  duration_ms: 47.584
  type: 'test'
  ...
# Subtest: data loading and browser export do not invoke save, simulation, reward or art authority
ok 902 - data loading and browser export do not invoke save, simulation, reward or art authority
  ---
  duration_ms: 20.6917
  type: 'test'
  ...
# Subtest: two real sight stations expose earned comparator preview without mutating the world
ok 903 - two real sight stations expose earned comparator preview without mutating the world
  ---
  duration_ms: 351.7647
  type: 'test'
  ...
# Subtest: misaligned, absent, remote, nonfinite and out-of-scale calibration cannot record or spend
ok 904 - misaligned, absent, remote, nonfinite and out-of-scale calibration cannot record or spend
  ---
  duration_ms: 207.9977
  type: 'test'
  ...
# Subtest: unrecorded dial resets on cold reload; recorded values, prerequisites and once-only claim survive
ok 905 - unrecorded dial resets on cold reload; recorded values, prerequisites and once-only claim survive
  ---
  duration_ms: 947.0203
  type: 'test'
  ...
# Subtest: save refusal leaves an aligned physical comparator retryable and its earned state unchanged
ok 906 - save refusal leaves an aligned physical comparator retryable and its earned state unchanged
  ---
  duration_ms: 84.6928
  type: 'test'
  ...
# Subtest: import refuses fabricated instrument histories while preserving source objects
ok 907 - import refuses fabricated instrument histories while preserving source objects
  ---
  duration_ms: 12.5477
  type: 'test'
  ...
# Subtest: north trails: exact frozen catalogue contract and distinct persistent namespaces
ok 908 - north trails: exact frozen catalogue contract and distinct persistent namespaces
  ---
  duration_ms: 10.9739
  type: 'test'
  ...
# Subtest: Heaven: three independent relay actions, optional real opening and post-defeat physical repair
ok 909 - Heaven: three independent relay actions, optional real opening and post-defeat physical repair
  ---
  duration_ms: 0.3795
  type: 'test'
  ...
# Subtest: Hell: all route safety is required; actual ally arrival follows separate defeat and explicit invitation
ok 910 - Hell: all route safety is required; actual ally arrival follows separate defeat and explicit invitation
  ---
  duration_ms: 0.4676
  type: 'test'
  ...
# Subtest: graph guard detects cycles, unknown prerequisites, optional completion gates and encounter mismatch
ok 911 - graph guard detects cycles, unknown prerequisites, optional completion gates and encounter mismatch
  ---
  duration_ms: 2.4768
  type: 'test'
  ...
# Subtest: heaven: production ground, exact collision and navigation provide every action a giver/home return
ok 912 - heaven: production ground, exact collision and navigation provide every action a giver/home return
  ---
  duration_ms: 1113.6696
  type: 'test'
  ...
# Subtest: heaven: production accepted movement physically walks ordered work and freely returns home
ok 913 - heaven: production accepted movement physically walks ordered work and freely returns home
  ---
  duration_ms: 357.8615
  type: 'test'
  ...
# Subtest: hell: production ground, exact collision and navigation provide every action a giver/home return
ok 914 - hell: production ground, exact collision and navigation provide every action a giver/home return
  ---
  duration_ms: 3969.6088
  type: 'test'
  ...
# Subtest: hell: production accepted movement physically walks ordered work and freely returns home
ok 915 - hell: production accepted movement physically walks ordered work and freely returns home
  ---
  duration_ms: 565.8088
  type: 'test'
  ...
# Subtest: Hell: supported escorted macro route uses a real culvert detour and remains within Refuge at its endpoint
ok 916 - Hell: supported escorted macro route uses a real culvert detour and remains within Refuge at its endpoint
  ---
  duration_ms: 255.7055
  type: 'test'
  ...
# Subtest: catalogue is deterministic inert data in browser and CommonJS hosts, with no save/scene/reward effects
ok 917 - catalogue is deterministic inert data in browser and CommonJS hosts, with no save/scene/reward effects
  ---
  duration_ms: 5.3415
  type: 'test'
  ...
# Subtest: acceptance needs the correct realm, initial kit and physical giver; inspecting/failed actions remain inert
ok 918 - acceptance needs the correct realm, initial kit and physical giver; inspecting/failed actions remain inert
  ---
  duration_ms: 93.6537
  type: 'test'
  ...
# Subtest: interactions require actual proximity and all DAG preparations; combat/escort steps cannot be clicked complete
ok 919 - interactions require actual proximity and all DAG preparations; combat/escort steps cannot be clicked complete
  ---
  duration_ms: 47.5214
  type: 'test'
  ...
# Subtest: strict escort history rejects impossible arrival/checkpoint records while legacy saves migrate without trail credit
ok 920 - strict escort history rejects impossible arrival/checkpoint records while legacy saves migrate without trail credit
  ---
  duration_ms: 2.915
  type: 'test'
  ...
# Subtest: story death accepts only the current actual zero-HP actor; replay has no legacy loot or payout
ok 921 - story death accepts only the current actual zero-HP actor; replay has no legacy loot or payout
  ---
  duration_ms: 37.1845
  type: 'test'
  ...
# Subtest: Heaven closed bearing records no hit; actual pulse recovery is 1.8 and preparation changes a later real opening to 2.6
ok 922 - Heaven closed bearing records no hit; actual pulse recovery is 1.8 and preparation changes a later real opening to 2.6
  ---
  duration_ms: 26.2564
  type: 'test'
  ...
# Subtest: same-room story roster update preserves current enemy HP/intent, real arrow, companion, effects and invincibility
ok 923 - same-room story roster update preserves current enemy HP/intent, real arrow, companion, effects and invincibility
  ---
  duration_ms: 186.3352
  type: 'test'
  ...
# Subtest: missing or refused durable combat saver cannot manufacture a defeat; successful retry records it once
ok 924 - missing or refused durable combat saver cannot manufacture a defeat; successful retry records it once
  ---
  duration_ms: 90.6529
  type: 'test'
  ...
# Subtest: real Neris waits for distance and explicit wait/follow; player-only arrival cannot finish rescue
ok 925 - real Neris waits for distance and explicit wait/follow; player-only arrival cannot finish rescue
  ---
  duration_ms: 225.4923
  type: 'test'
  ...
# Subtest: actual ordinary sentinel death stops escort; cold reload/revive resumes durable safe checkpoint and owns a fresh actor
ok 926 - actual ordinary sentinel death stops escort; cold reload/revive resumes durable safe checkpoint and owns a fresh actor
  ---
  duration_ms: 185.8829
  type: 'test'
  ...
# Subtest: refused checkpoint save stays retryable; actual arrival can only be adopted after saver accepts
ok 927 - refused checkpoint save stays retryable; actual arrival can only be adopted after saver accepts
  ---
  duration_ms: 42.81
  type: 'test'
  ...
# Subtest: explicit assisted extraction is distinct, actual Refuge placement and save-atomic; completion survives unpaid reload
ok 928 - explicit assisted extraction is distinct, actual Refuge placement and save-atomic; completion survives unpaid reload
  ---
  duration_ms: 33.9227
  type: 'test'
  ...
# Subtest: ready claim is physical, atomic, once-only and retained on capacity/save refusal and cold replay
ok 929 - ready claim is physical, atomic, once-only and retained on capacity/save refusal and cold replay
  ---
  duration_ms: 39.0341
  type: 'test'
  ...
# Subtest: finite fitting preserves selected identity, actual prior socket, validated prior pursuit bonus and global once limit
ok 930 - finite fitting preserves selected identity, actual prior socket, validated prior pursuit bonus and global once limit
  ---
  duration_ms: 30.7885
  type: 'test'
  ...
# Subtest: both terms are deeply frozen and browser/CommonJS exports agree without mutable service access
ok 931 - both terms are deeply frozen and browser/CommonJS exports agree without mutable service access
  ---
  duration_ms: 4.1877
  type: 'test'
  ...
# Subtest: stable terms, finite step topology and choice references match the approved data contract
ok 932 - stable terms, finite step topology and choice references match the approved data contract
  ---
  duration_ms: 2.9005
  type: 'test'
  ...
# Subtest: givers retain current canonical point ownership and every dry step has supported collision-free ground
ok 933 - givers retain current canonical point ownership and every dry step has supported collision-free ground
  ---
  duration_ms: 18.0645
  type: 'test'
  ...
# Subtest: the complete dry circuit follows real supported segments and stays outside the optional foe detection radius
ok 934 - the complete dry circuit follows real supported segments and stays outside the optional foe detection radius
  ---
  duration_ms: 80.6763
  type: 'test'
  ...
# Subtest: underwater and air-court anchors agree with actual full-body clearance and character medium
ok 935 - underwater and air-court anchors agree with actual full-body clearance and character medium
  ---
  duration_ms: 16.3906
  type: 'test'
  ...
# Subtest: production depth movement reaches every new anchor through the real doorway and east lane, then exits
ok 936 - production depth movement reaches every new anchor through the real doorway and east lane, then exits
  ---
  duration_ms: 6.9561
  type: 'test'
  ...
# Subtest: the material claim supports an existing recipe without a new item, resource node or weapon stat
ok 937 - the material claim supports an existing recipe without a new item, resource node or weapon stat
  ---
  duration_ms: 0.281
  type: 'test'
  ...
# Subtest: labels distinguish job supplies, physical depth, protected history and finite claimed materials
ok 938 - labels distinguish job supplies, physical depth, protected history and finite claimed materials
  ---
  duration_ms: 0.1751
  type: 'test'
  ...
# Subtest: horizontal reflection keeps every point on its plane fixed
ok 939 - horizontal reflection keeps every point on its plane fixed
  ---
  duration_ms: 1.3739
  type: 'test'
  ...
# Subtest: reflection applied twice restores a point
ok 940 - reflection applied twice restores a point
  ---
  duration_ms: 0.6282
  type: 'test'
  ...
# Subtest: actual render matrix keeps contact UV invariant at many view angles
ok 941 - actual render matrix keeps contact UV invariant at many view angles
  ---
  duration_ms: 2.6774
  type: 'test'
  ...
# Subtest: reflected height changes vertical position but not lateral direction
ok 942 - reflected height changes vertical position but not lateral direction
  ---
  duration_ms: 1.1697
  type: 'test'
  ...
# Subtest: regression specimen detects the previous reflected-lookAt defect
ok 943 - regression specimen detects the previous reflected-lookAt defect
  ---
  duration_ms: 0.7033
  type: 'test'
  ...
# Subtest: non-finite reflection height is rejected
ok 944 - non-finite reflection height is rejected
  ---
  duration_ms: 0.8004
  type: 'test'
  ...
# Subtest: road defaults are distinct records and start without progress
ok 945 - road defaults are distinct records and start without progress
  ---
  duration_ms: 5.4773
  type: 'test'
  ...
# Subtest: all route destinations are on terrain; river and trunks are obstacles
ok 946 - all route destinations are on terrain; river and trunks are obstacles
  ---
  duration_ms: 3.2112
  type: 'test'
  ...
# Subtest: visibility rejects invalid endpoints, extreme inputs, and water crossing
ok 947 - visibility rejects invalid endpoints, extreme inputs, and water crossing
  ---
  duration_ms: 0.6727
  type: 'test'
  ...
# Subtest: consistent completed road validates and all objectives complete
ok 948 - consistent completed road validates and all objectives complete
  ---
  duration_ms: 0.3901
  type: 'test'
  ...
# Subtest: unearned and duplicate facts are rejected rather than reset
ok 949 - unearned and duplicate facts are rejected rather than reset
  ---
  duration_ms: 0.6541
  type: 'test'
  ...
# Subtest: road validation requires story, companion, and encounter prerequisites
ok 950 - road validation requires story, companion, and encounter prerequisites
  ---
  duration_ms: 0.2227
  type: 'test'
  ...
# Subtest: world05 migrates without changing any prior creative/sandbox fields
ok 951 - world05 migrates without changing any prior creative/sandbox fields
  ---
  duration_ms: 130.8203
  type: 'test'
  ...
# Subtest: all supported previous schemas migrate without road wins
ok 952 - all supported previous schemas migrate without road wins
  ---
  duration_ms: 6.7168
  type: 'test'
  ...
# Subtest: adapter migration writes new key and leaves previous key unchanged
ok 953 - adapter migration writes new key and leaves previous key unchanged
  ---
  duration_ms: 4.1221
  type: 'test'
  ...
# Subtest: gate refuses unfinished chapter without mutation
ok 954 - gate refuses unfinished chapter without mutation
  ---
  duration_ms: 22.4901
  type: 'test'
  ...
# Subtest: gate refuses remote and wrong-scene entry
ok 955 - gate refuses remote and wrong-scene entry
  ---
  duration_ms: 13.513
  type: 'test'
  ...
# Subtest: earned gift allows entry and preserves exterior restart
ok 956 - earned gift allows entry and preserves exterior restart
  ---
  duration_ms: 30.6968
  type: 'test'
  ...
# Subtest: normal road return is restricted to southern gate
ok 957 - normal road return is restricted to southern gate
  ---
  duration_ms: 5.4716
  type: 'test'
  ...
# Subtest: road save reopens safely outside with progress retained
ok 958 - road save reopens safely outside with progress retained
  ---
  duration_ms: 4.9466
  type: 'test'
  ...
# Subtest: all map landmarks and encounter origins walkable
ok 959 - all map landmarks and encounter origins walkable
  ---
  duration_ms: 0.5161
  type: 'test'
  ...
# Subtest: river blocks nonbridge crossings and rejects nonfinite coordinates
ok 960 - river blocks nonbridge crossings and rejects nonfinite coordinates
  ---
  duration_ms: 2.9913
  type: 'test'
  ...
# Subtest: boulders cart tower and trunks all participate in collision
ok 961 - boulders cart tower and trunks all participate in collision
  ---
  duration_ms: 0.2309
  type: 'test'
  ...
# Subtest: path crosses bridge instead of cutting across water
ok 962 - path crosses bridge instead of cutting across water
  ---
  duration_ms: 283.6399
  type: 'test'
  ...
# Subtest: dodge does not tunnel through the river
ok 963 - dodge does not tunnel through the river
  ---
  duration_ms: 12.7719
  type: 'test'
  ...
# Subtest: new encounters do not enable village combat
ok 964 - new encounters do not enable village combat
  ---
  duration_ms: 8.4577
  type: 'test'
  ...
# Subtest: melee cannot hit through solid road geometry
ok 965 - melee cannot hit through solid road geometry
  ---
  duration_ms: 19.6787
  type: 'test'
  ...
# Subtest: Seek needs bonded Follow fox and a nearby discoverable scent
ok 966 - Seek needs bonded Follow fox and a nearby discoverable scent
  ---
  duration_ms: 23.0832
  type: 'test'
  ...
# Subtest: discovery only occurs after physical path travel
ok 967 - discovery only occurs after physical path travel
  ---
  duration_ms: 36.0924
  type: 'test'
  ...
# Subtest: Stay cancels pending scent without issuing discovery
ok 968 - Stay cancels pending scent without issuing discovery
  ---
  duration_ms: 22.8404
  type: 'test'
  ...
# Subtest: leaving cancels scent instead of revealing cache remotely
ok 969 - leaving cancels scent instead of revealing cache remotely
  ---
  duration_ms: 6.4501
  type: 'test'
  ...
# Subtest: unrevealed distant or already claimed cache refuses without mutation
ok 970 - unrevealed distant or already claimed cache refuses without mutation
  ---
  duration_ms: 11.9535
  type: 'test'
  ...
# Subtest: cache overflow keeps balances and unclaimed discovery
ok 971 - cache overflow keeps balances and unclaimed discovery
  ---
  duration_ms: 3.5959
  type: 'test'
  ...
# Subtest: cache retry does not duplicate rewards
ok 972 - cache retry does not duplicate rewards
  ---
  duration_ms: 6.5166
  type: 'test'
  ...
# Subtest: repair needs latch prowler ore and proximity
ok 973 - repair needs latch prowler ore and proximity
  ---
  duration_ms: 16.742
  type: 'test'
  ...
# Subtest: repair charges exactly once under any command id
ok 974 - repair charges exactly once under any command id
  ---
  duration_ms: 6.3526
  type: 'test'
  ...
# Subtest: shop refuses unopened remote and wrong-scene trades
ok 975 - shop refuses unopened remote and wrong-scene trades
  ---
  duration_ms: 18.0935
  type: 'test'
  ...
# Subtest: tonic purchase obeys cost capacity and idempotency
ok 976 - tonic purchase obeys cost capacity and idempotency
  ---
  duration_ms: 18.3994
  type: 'test'
  ...
# Subtest: changed trade offer under same id is refused
ok 977 - changed trade offer under same id is refused
  ---
  duration_ms: 5.3556
  type: 'test'
  ...
# Subtest: unique mantle costs 18 and can be equipped not repurchased
ok 978 - unique mantle costs 18 and can be equipped not repurchased
  ---
  duration_ms: 8.2375
  type: 'test'
  ...
# Subtest: insufficient currency preserves equipment and balance
ok 979 - insufficient currency preserves equipment and balance
  ---
  duration_ms: 12.7919
  type: 'test'
  ...
# Subtest: copper sale exact and bounded
ok 980 - copper sale exact and bounded
  ---
  duration_ms: 7.3597
  type: 'test'
  ...
# Subtest: sunberry sale consumes actual sandbox garden produce
ok 981 - sunberry sale consumes actual sandbox garden produce
  ---
  duration_ms: 10.2878
  type: 'test'
  ...
# Subtest: unknown trade never falls through to an offer
ok 982 - unknown trade never falls through to an offer
  ---
  duration_ms: 9.8815
  type: 'test'
  ...
# Subtest: pause freezes scent movement and time and refuses actions
ok 983 - pause freezes scent movement and time and refuses actions
  ---
  duration_ms: 5.0041
  type: 'test'
  ...
# Subtest: charge direction locks during windup rather than tracking evasion
ok 984 - charge direction locks during windup rather than tracking evasion
  ---
  duration_ms: 38.1992
  type: 'test'
  ...
# Subtest: charge sweep respects banks and hits at most once per charge
ok 985 - charge sweep respects banks and hits at most once per charge
  ---
  duration_ms: 32.559
  type: 'test'
  ...
# Subtest: leaving charge lane avoids damage
ok 986 - leaving charge lane avoids damage
  ---
  duration_ms: 10.2736
  type: 'test'
  ...
# Subtest: path follower routes around rock and never enters it
ok 987 - path follower routes around rock and never enters it
  ---
  duration_ms: 7.2624
  type: 'test'
  ...
# Subtest: fox on invalid ground explicitly recalled rather than stranded
ok 988 - fox on invalid ground explicitly recalled rather than stranded
  ---
  duration_ms: 3.4677
  type: 'test'
  ...
# Subtest: beacon requires three encounters and only rewards once
ok 989 - beacon requires three encounters and only rewards once
  ---
  duration_ms: 5.4008
  type: 'test'
  ...
# Subtest: return reward requires cart beacon and actual spring
ok 990 - return reward requires cart beacon and actual spring
  ---
  duration_ms: 13.9564
  type: 'test'
  ...
# Subtest: new equipment and chapter facts survive round trip
ok 991 - new equipment and chapter facts survive round trip
  ---
  duration_ms: 16.6943
  type: 'test'
  ...
# Subtest: inconsistent completion duplicate IDs and hidden cache claims reject
ok 992 - inconsistent completion duplicate IDs and hidden cache claims reject
  ---
  duration_ms: 12.1048
  type: 'test'
  ...
# Subtest: invalid nested road data refuses rather than silently resetting
ok 993 - invalid nested road data refuses rather than silently resetting
  ---
  duration_ms: 1.4128
  type: 'test'
  ...
# Subtest: road defeat permits explicit recovery without erasing quest or inventory
ok 994 - road defeat permits explicit recovery without erasing quest or inventory
  ---
  duration_ms: 2.5994
  type: 'test'
  ...
# Subtest: sandbox starts empty except four seeds and round trips
ok 995 - sandbox starts empty except four seeds and round trips
  ---
  duration_ms: 17.4971
  type: 'test'
  ...
# Subtest: all village resource nodes have a walkable approach
ok 996 - all village resource nodes have a walkable approach
  ---
  duration_ms: 0.6982
  type: 'test'
  ...
# Subtest: rejected gather leaves inventory and resource unchanged
ok 997 - rejected gather leaves inventory and resource unchanged
  ---
  duration_ms: 2.3571
  type: 'test'
  ...
# Subtest: wood takes four hand swings and yields five timber once
ok 998 - wood takes four hand swings and yields five timber once
  ---
  duration_ms: 11.2996
  type: 'test'
  ...
# Subtest: cooldown rejects fast repeated swings without damage
ok 999 - cooldown rejects fast repeated swings without damage
  ---
  duration_ms: 8.3921
  type: 'test'
  ...
# Subtest: axe reduces timber harvest to two swings
ok 1000 - axe reduces timber harvest to two swings
  ---
  duration_ms: 1.4953
  type: 'test'
  ...
# Subtest: fibre supplies actual resource and one seed
ok 1001 - fibre supplies actual resource and one seed
  ---
  duration_ms: 6.3464
  type: 'test'
  ...
# Subtest: resource reappears after active time, not clock slider
ok 1002 - resource reappears after active time, not clock slider
  ---
  duration_ms: 131.9189
  type: 'test'
  ...
# Subtest: pause stops regrowth
ok 1003 - pause stops regrowth
  ---
  duration_ms: 5.1828
  type: 'test'
  ...
# Subtest: craft atomically consumes exact recipe and produces count
ok 1004 - craft atomically consumes exact recipe and produces count
  ---
  duration_ms: 1.7351
  type: 'test'
  ...
# Subtest: insufficient recipe never partially consumes
ok 1005 - insufficient recipe never partially consumes
  ---
  duration_ms: 0.5843
  type: 'test'
  ...
# Subtest: advanced tool requires proximity to workbench
ok 1006 - advanced tool requires proximity to workbench
  ---
  duration_ms: 2.7216
  type: 'test'
  ...
# Subtest: inventory capacity refuses complete recipe before debit
ok 1007 - inventory capacity refuses complete recipe before debit
  ---
  duration_ms: 0.9671
  type: 'test'
  ...
# Subtest: old accepted command cannot be replayed after save reload
ok 1008 - old accepted command cannot be replayed after save reload
  ---
  duration_ms: 4.7339
  type: 'test'
  ...
# Subtest: old refusal is stable inside bounded deduplication window
ok 1009 - old refusal is stable inside bounded deduplication window
  ---
  duration_ms: 0.4323
  type: 'test'
  ...
# Subtest: deduplication ledger is bounded and validated
ok 1010 - deduplication ledger is bounded and validated
  ---
  duration_ms: 4.0297
  type: 'test'
  ...
# Subtest: unknown and prototype inventory properties are refused
ok 1011 - unknown and prototype inventory properties are refused
  ---
  duration_ms: 0.3247
  type: 'test'
  ...
# Subtest: forged negative or non-finite counts are refused
ok 1012 - forged negative or non-finite counts are refused
  ---
  duration_ms: 0.1865
  type: 'test'
  ...
# Subtest: forged bridge and resource rosters are refused
ok 1013 - forged bridge and resource rosters are refused
  ---
  duration_ms: 0.1126
  type: 'test'
  ...
# Subtest: bridge is gated until paid repair
ok 1014 - bridge is gated until paid repair
  ---
  duration_ms: 0.5552
  type: 'test'
  ...
# Subtest: unlocked bridge has a route to the homestead and back
ok 1015 - unlocked bridge has a route to the homestead and back
  ---
  duration_ms: 48.4407
  type: 'test'
  ...
# Subtest: all frontier resources have an accessible approach after repair
ok 1016 - all frontier resources have an accessible approach after repair
  ---
  duration_ms: 0.7167
  type: 'test'
  ...
# Subtest: crystal requires the crafted pick
ok 1017 - crystal requires the crafted pick
  ---
  duration_ms: 0.7233
  type: 'test'
  ...
# Subtest: building only in marked bounds and within reach
ok 1018 - building only in marked bounds and within reach
  ---
  duration_ms: 0.7107
  type: 'test'
  ...
# Subtest: a block on the player is refused without consuming inventory
ok 1019 - a block on the player is refused without consuming inventory
  ---
  duration_ms: 1.0209
  type: 'test'
  ...
# Subtest: gold lane admits deck but rejects blocking wall
ok 1020 - gold lane admits deck but rejects blocking wall
  ---
  duration_ms: 1.7341
  type: 'test'
  ...
# Subtest: actual building changes pathfinding and reclaim restores it
ok 1021 - actual building changes pathfinding and reclaim restores it
  ---
  duration_ms: 3.9699
  type: 'test'
  ...
# Subtest: deck and block layers may coexist; stone stacks to three only
ok 1022 - deck and block layers may coexist; stone stacks to three only
  ---
  duration_ms: 8.151
  type: 'test'
  ...
# Subtest: reclaim returns exactly the topmost crafted item
ok 1023 - reclaim returns exactly the topmost crafted item
  ---
  duration_ms: 5.5977
  type: 'test'
  ...
# Subtest: different furniture cannot overlap the same occupied layer
ok 1024 - different furniture cannot overlap the same occupied layer
  ---
  duration_ms: 1.5066
  type: 'test'
  ...
# Subtest: unsupported stacks and duplicate layers fail import
ok 1025 - unsupported stacks and duplicate layers fail import
  ---
  duration_ms: 3.8378
  type: 'test'
  ...
# Subtest: construction cannot trap a player in a closed enclosure
ok 1026 - construction cannot trap a player in a closed enclosure
  ---
  duration_ms: 3.5693
  type: 'test'
  ...
# Subtest: harvest follows plant, water, growth, then yields food and seeds
ok 1027 - harvest follows plant, water, growth, then yields food and seeds
  ---
  duration_ms: 26.3176
  type: 'test'
  ...
# Subtest: growing bed cannot be recycled to silently lose crop state
ok 1028 - growing bed cannot be recycled to silently lose crop state
  ---
  duration_ms: 1.371
  type: 'test'
  ...
# Subtest: placed workbench unlocks workbench recipes locally
ok 1029 - placed workbench unlocks workbench recipes locally
  ---
  duration_ms: 2.6007
  type: 'test'
  ...
# Subtest: save on unlocked shore preserves player, crops and builds
ok 1030 - save on unlocked shore preserves player, crops and builds
  ---
  duration_ms: 2.6131
  type: 'test'
  ...
# Subtest: version-three save migration preserves creative data, starts clean inventory
ok 1031 - version-three save migration preserves creative data, starts clean inventory
  ---
  duration_ms: 1.2076
  type: 'test'
  ...
# Subtest: migration never overwrites earlier storage key
ok 1032 - migration never overwrites earlier storage key
  ---
  duration_ms: 3.4358
  type: 'test'
  ...
# Subtest: invalid bridge-state save cannot place player beyond locked crossing
ok 1033 - invalid bridge-state save cannot place player beyond locked crossing
  ---
  duration_ms: 0.7583
  type: 'test'
  ...
# Subtest: sandbox rejects gameplay in interiors
ok 1034 - sandbox rejects gameplay in interiors
  ---
  duration_ms: 1.3315
  type: 'test'
  ...
# Subtest: an oversized delta cannot fast-forward the sandbox
ok 1035 - an oversized delta cannot fast-forward the sandbox
  ---
  duration_ms: 0.5585
  type: 'test'
  ...
# Subtest: a full end-to-end milestone fixture is consistent and restorable
ok 1036 - a full end-to-end milestone fixture is consistent and restorable
  ---
  duration_ms: 17.3502
  type: 'test'
  ...
# Subtest: isolated browser and CommonJS export only the pure four-function API
ok 1037 - isolated browser and CommonJS export only the pure four-function API
  ---
  duration_ms: 4.4715
  type: 'test'
  ...
# Subtest: actual displacement drives stride independently of subdivision, speed and chase intent
ok 1038 - actual displacement drives stride independently of subdivision, speed and chase intent
  ---
  duration_ms: 27.36
  type: 'test'
  ...
# Subtest: stopping holds phase, settles legs, and repeated samples do not fabricate motion
ok 1039 - stopping holds phase, settles legs, and repeated samples do not fabricate motion
  ---
  duration_ms: 0.3124
  type: 'test'
  ...
# Subtest: long pauses freeze the full drawable pose and consume skipped placement
ok 1040 - long pauses freeze the full drawable pose and consume skipped placement
  ---
  duration_ms: 2.8655
  type: 'test'
  ...
# Subtest: scene/teleport/clock resets are isolated from source samples
ok 1041 - scene/teleport/clock resets are isolated from source samples
  ---
  duration_ms: 0.2422
  type: 'test'
  ...
# Subtest: only actual windup with finite authoritative duration produces the crouched tell
ok 1042 - only actual windup with finite authoritative duration produces the crouched tell
  ---
  duration_ms: 0.5321
  type: 'test'
  ...
# Subtest: recovery uses actual remaining duration to settle the head without implying success
ok 1043 - recovery uses actual remaining duration to settle the head without implying success
  ---
  duration_ms: 0.2525
  type: 'test'
  ...
# Subtest: reduced motion keeps six-leg gait and authoritative tell but suppresses bob
ok 1044 - reduced motion keeps six-leg gait and authoritative tell but suppresses bob
  ---
  duration_ms: 0.411
  type: 'test'
  ...
# Subtest: six jointed legs use tripod phases, fixed bone lengths and visible swing clearance
ok 1045 - six jointed legs use tripod phases, fixed bone lengths and visible swing clearance
  ---
  duration_ms: 13.3599
  type: 'test'
  ...
# Subtest: actual emitted meshes remain above supplied ground, finite, positive and bounded
ok 1046 - actual emitted meshes remain above supplied ground, finite, positive and bounded
  ---
  duration_ms: 1882.1461
  type: 'test'
  ...
# Subtest: all actual leg skins meet shared anchors at ordinary/named scales and floor/yaw changes
ok 1047 - all actual leg skins meet shared anchors at ordinary/named scales and floor/yaw changes
  ---
  duration_ms: 21.4346
  type: 'test'
  ...
# Subtest: hips, plates and named spine roots attach inside the actual convex carapace
ok 1048 - hips, plates and named spine roots attach inside the actual convex carapace
  ---
  duration_ms: 2.3453
  type: 'test'
  ...
# Subtest: named scale occurs exactly once and unchanged original body envelope is preserved
ok 1049 - named scale occurs exactly once and unchanged original body envelope is preserved
  ---
  duration_ms: 0.4444
  type: 'test'
  ...
# Subtest: confirmed flash color and recoil come only from caller feedback, leaving joints and rules untouched
ok 1050 - confirmed flash color and recoil come only from caller feedback, leaving joints and rules untouched
  ---
  duration_ms: 0.5759
  type: 'test'
  ...
# Subtest: fresh motion/pose/parts and draw preserve all input and existing output records
ok 1051 - fresh motion/pose/parts and draw preserve all input and existing output records
  ---
  duration_ms: 0.8083
  type: 'test'
  ...
# Subtest: malformed placement, recoil or mismatched named pose refuses before output mutation
ok 1052 - malformed placement, recoil or mismatched named pose refuses before output mutation
  ---
  duration_ms: 0.6199
  type: 'test'
  ...
# Subtest: the original immutable room profiles are separate from state and services
ok 1053 - the original immutable room profiles are separate from state and services
  ---
  duration_ms: 8.3581
  type: 'test'
  ...
# Subtest: five roads and actual Atlantis body medium have honest distinct atmosphere
ok 1054 - five roads and actual Atlantis body medium have honest distinct atmosphere
  ---
  duration_ms: 0.7569
  type: 'test'
  ...
# Subtest: quiet state is driven by pause hidden page or actual death while retaining profile identity
ok 1055 - quiet state is driven by pause hidden page or actual death while retaining profile identity
  ---
  duration_ms: 0.2288
  type: 'test'
  ...
# Subtest: only living visible daytime outdoor Earth can chirp; no birds underground or in cosmic realms
ok 1056 - only living visible daytime outdoor Earth can chirp; no birds underground or in cosmic realms
  ---
  duration_ms: 0.2778
  type: 'test'
  ...
# Subtest: bounded graph creates exactly one noise loop and three voices connected only to its own bus
ok 1057 - bounded graph creates exactly one noise loop and three voices connected only to its own bus
  ---
  duration_ms: 5.2118
  type: 'test'
  ...
# Subtest: room transitions schedule a new local mix once, with no per-frame allocation or master mutation
ok 1058 - room transitions schedule a new local mix once, with no per-frame allocation or master mutation
  ---
  duration_ms: 3.8224
  type: 'test'
  ...
# Subtest: pause and hidden changes fade the bus without stopping or replacing composed music master
ok 1059 - pause and hidden changes fade the bus without stopping or replacing composed music master
  ---
  duration_ms: 4.5117
  type: 'test'
  ...
# Subtest: bird cadence requires continuous elapsed frames and never backfills through reload or hidden gaps
ok 1060 - bird cadence requires continuous elapsed frames and never backfills through reload or hidden gaps
  ---
  duration_ms: 0.6889
  type: 'test'
  ...
# Subtest: disposal retires every owned loop and connection once and fences later updates
ok 1061 - disposal retires every owned loop and connection once and fences later updates
  ---
  duration_ms: 0.6118
  type: 'test'
  ...
# Subtest: profile projection does not change caller state or allocate audio authority
ok 1062 - profile projection does not change caller state or allocate audio authority
  ---
  duration_ms: 1.1627
  type: 'test'
  ...
# Subtest: reward blade and bow use actual equipment material in world geometry
ok 1063 - reward blade and bow use actual equipment material in world geometry
  ---
  duration_ms: 220.9391
  type: 'test'
  ...
# Subtest: named warning geometry includes the exact rule-defined strike radius
ok 1064 - named warning geometry includes the exact rule-defined strike radius
  ---
  duration_ms: 42.8249
  type: 'test'
  ...
# Subtest: riverbank rendering enables existing outdoor water and matches collision obstacles
ok 1065 - riverbank rendering enables existing outdoor water and matches collision obstacles
  ---
  duration_ms: 15.4461
  type: 'test'
  ...
# Subtest: new quest state is explicit, versioned and round trips
ok 1066 - new quest state is explicit, versioned and round trips
  ---
  duration_ms: 4.144
  type: 'test'
  ...
# Subtest: version-five adventure migrates without altering existing campaign or creative data
ok 1067 - version-five adventure migrates without altering existing campaign or creative data
  ---
  duration_ms: 10.4802
  type: 'test'
  ...
# Subtest: all banked XP boundaries retain XP and the existing five-level curve
ok 1068 - all banked XP boundaries retain XP and the existing five-level curve
  ---
  duration_ms: 10.7483
  type: 'test'
  ...
# Subtest: acceptance requires kit and actual Oren proximity without campaign consent
ok 1069 - acceptance requires kit and actual Oren proximity without campaign consent
  ---
  duration_ms: 17.6352
  type: 'test'
  ...
# Subtest: acceptance is one explicit event and survives cold reload
ok 1070 - acceptance is one explicit event and survives cold reload
  ---
  duration_ms: 6.8337
  type: 'test'
  ...
# Subtest: pre-acceptance pocket has no quest kills or pickups to backfill
ok 1071 - pre-acceptance pocket has no quest kills or pickups to backfill
  ---
  duration_ms: 3.1625
  type: 'test'
  ...
# Subtest: room dispatch and each objective use real collision-valid routes
ok 1072 - room dispatch and each objective use real collision-valid routes
  ---
  duration_ms: 56.8837
  type: 'test'
  ...
# Subtest: each bundle is unique, proximity checked and never spends ordinary materials
ok 1073 - each bundle is unique, proximity checked and never spends ordinary materials
  ---
  duration_ms: 6.5183
  type: 'test'
  ...
# Subtest: named defeat can precede bundles and stays resolved after returning/re-entry
ok 1074 - named defeat can precede bundles and stays resolved after returning/re-entry
  ---
  duration_ms: 7.7427
  type: 'test'
  ...
# Subtest: incomplete, distant and unknown-reward turn-ins refuse atomically
ok 1075 - incomplete, distant and unknown-reward turn-ins refuse atomically
  ---
  duration_ms: 7.5183
  type: 'test'
  ...
# Subtest: full currency capacity preserves every objective and reward for retry
ok 1076 - full currency capacity preserves every objective and reward for retry
  ---
  duration_ms: 1.4068
  type: 'test'
  ...
# Subtest: oren_sunblade is awarded once, deliberately equipped, and saved with correct mechanics
ok 1077 - oren_sunblade is awarded once, deliberately equipped, and saved with correct mechanics
  ---
  duration_ms: 1.9418
  type: 'test'
  ...
# Subtest: oren_reedbow is awarded once, deliberately equipped, and saved with correct mechanics
ok 1078 - oren_reedbow is awarded once, deliberately equipped, and saved with correct mechanics
  ---
  duration_ms: 8.9965
  type: 'test'
  ...
# Subtest: single veteran temper preserves weapon identity, socket, cadence and health
ok 1079 - single veteran temper preserves weapon identity, socket, cadence and health
  ---
  duration_ms: 3.6115
  type: 'test'
  ...
# Subtest: temper refuses unknown, unowned and armor targets without a partial payout
ok 1080 - temper refuses unknown, unowned and armor targets without a partial payout
  ---
  duration_ms: 9.7538
  type: 'test'
  ...
# Subtest: new bow really launches primary and piercing projectiles with costs and hit events
ok 1081 - new bow really launches primary and piercing projectiles with costs and hit events
  ---
  duration_ms: 12.7595
  type: 'test'
  ...
# Subtest: practice target supports blade and yields no XP, loot, coins or quest progress
ok 1082 - practice target supports blade and yields no XP, loot, coins or quest progress
  ---
  duration_ms: 3.8646
  type: 'test'
  ...
# Subtest: new equipment keeps independent removable socket and validates after reload
ok 1083 - new equipment keeps independent removable socket and validates after reload
  ---
  duration_ms: 6.0626
  type: 'test'
  ...
# Subtest: named tell locks aim and allows both a guarded hit and a movement response
ok 1084 - named tell locks aim and allows both a guarded hit and a movement response
  ---
  duration_ms: 21.8039
  type: 'test'
  ...
# Subtest: save validation rejects impossible quest state and reward combinations
ok 1085 - save validation rejects impossible quest state and reward combinations
  ---
  duration_ms: 3.4362
  type: 'test'
  ...
# Subtest: kit blade sees the actual ordinary tell and Brace halves its resolved hit
ok 1086 - kit blade sees the actual ordinary tell and Brace halves its resolved hit
  ---
  duration_ms: 107.7973
  type: 'test'
  ...
# Subtest: fresh bow sees the actual ordinary tell and Brace halves its resolved hit
ok 1087 - fresh bow sees the actual ordinary tell and Brace halves its resolved hit
  ---
  duration_ms: 126.0262
  type: 'test'
  ...
# Subtest: movement away from the locked ordinary aim avoids its actual impact with the kit
ok 1088 - movement away from the locked ordinary aim avoids its actual impact with the kit
  ---
  duration_ms: 26.7878
  type: 'test'
  ...
# Subtest: fixed ordinary health stays easy for stronger gear without scaling or changing banked XP
ok 1089 - fixed ordinary health stays easy for stronger gear without scaling or changing banked XP
  ---
  duration_ms: 103.6631
  type: 'test'
  ...
# Subtest: ordinary fights stay optional and named threat, rewards, cooldown and weapon distinctions retain their rules
ok 1090 - ordinary fights stay optional and named threat, rewards, cooldown and weapon distinctions retain their rules
  ---
  duration_ms: 1.7727
  type: 'test'
  ...
# Subtest: both decoded maps are required; scene clear neither cancels nor reloads engine maps
ok 1091 - both decoded maps are required; scene clear neither cancels nor reloads engine maps
  ---
  duration_ms: 13.4989
  type: 'test'
  ...
# Subtest: missing maps and incompatible contracts stay usable with untextured fallback
ok 1092 - missing maps and incompatible contracts stay usable with untextured fallback
  ---
  duration_ms: 36.1059
  type: 'test'
  ...
# Subtest: PNG payload type and grayscale header are checked before decoding
ok 1093 - PNG payload type and grayscale header are checked before decoding
  ---
  duration_ms: 5.1965
  type: 'test'
  ...
# Subtest: decode errors and wrong decoded dimensions cancel peers and stale completions
ok 1094 - decode errors and wrong decoded dimensions cancel peers and stale completions
  ---
  duration_ms: 5.4101
  type: 'test'
  ...
# Subtest: failed uploads free temporary maps and restore shared texture/unpack state
ok 1095 - failed uploads free temporary maps and restore shared texture/unpack state
  ---
  duration_ms: 5.3419
  type: 'test'
  ...
# Subtest: map-only disposal invalidates in-flight completions and deletes only owned ready textures
ok 1096 - map-only disposal invalidates in-flight completions and deletes only owned ready textures
  ---
  duration_ms: 6.8056
  type: 'test'
  ...
# Subtest: two engines independently own their decoders and uploaded maps
ok 1097 - two engines independently own their decoders and uploaded maps
  ---
  duration_ms: 1.8445
  type: 'test'
  ...
# Subtest: context loss invalidates images and maps with no restoration or later upload
ok 1098 - context loss invalidates images and maps with no restoration or later upload
  ---
  duration_ms: 3.5867
  type: 'test'
  ...
# Subtest: timber shares exact box geometry and collision extent with complete grain-oriented face UVs
ok 1099 - timber shares exact box geometry and collision extent with complete grain-oriented face UVs
  ---
  duration_ms: 3.2969
  type: 'test'
  ...
# Subtest: material flags stay per batch; reflection uses material while depth and cutaway retain their scope
ok 1100 - material flags stay per batch; reflection uses material while depth and cutaway retain their scope
  ---
  duration_ms: 8.3176
  type: 'test'
  ...
# Subtest: unstarted, absent, unknown and unowned equipment produce no gear
ok 1101 - unstarted, absent, unknown and unowned equipment produce no gear
  ---
  duration_ms: 360.9606
  type: 'test'
  ...
# Subtest: read-only attachment summary reports exactly the rendered grip and actual markers
ok 1102 - read-only attachment summary reports exactly the rendered grip and actual markers
  ---
  duration_ms: 41.9451
  type: 'test'
  ...
# Subtest: a command-earned kit is held at the right palm through actual root yaw and terrain height
ok 1103 - a command-earned kit is held at the right palm through actual root yaw and terrain height
  ---
  duration_ms: 16.2652
  type: 'test'
  ...
# Subtest: curved bow grip and both string segments attach to the two moving palms
ok 1104 - curved bow grip and both string segments attach to the two moving palms
  ---
  duration_ms: 10.4989
  type: 'test'
  ...
# Subtest: ordinary travel stows blade at hip and bow at back without hand-held copies
ok 1105 - ordinary travel stows blade at hip and bow at back without hand-held copies
  ---
  duration_ms: 64.6855
  type: 'test'
  ...
# Subtest: each catalogue weapon preserves its own colour, gem, fittings and separate Oren temper
ok 1106 - each catalogue weapon preserves its own colour, gem, fittings and separate Oren temper
  ---
  duration_ms: 282.3568
  type: 'test'
  ...
# Subtest: markers project only the selected weapon rather than another owned weapon
ok 1107 - markers project only the selected weapon rather than another owned weapon
  ---
  duration_ms: 4.8667
  type: 'test'
  ...
# Subtest: family silhouettes differ within a bounded traveller scale
ok 1108 - family silhouettes differ within a bounded traveller scale
  ---
  duration_ms: 39.302
  type: 'test'
  ...
# Subtest: blade anticipation, recovery and guard keep the grip connected while changing orientation
ok 1109 - blade anticipation, recovery and guard keep the grip connected while changing orientation
  ---
  duration_ms: 4.9311
  type: 'test'
  ...
# Subtest: reduced motion keeps essential palm connections without phase-driven blade flourishes
ok 1110 - reduced motion keeps essential palm connections without phase-driven blade flourishes
  ---
  duration_ms: 7.2226
  type: 'test'
  ...
# Subtest: all equipment transforms stay finite, orthogonal and under forty instances
ok 1111 - all equipment transforms stay finite, orthogonal and under forty instances
  ---
  duration_ms: 45.553
  type: 'test'
  ...
# Subtest: read-only rendering does not create runtime, commands, effects or arrows
ok 1112 - read-only rendering does not create runtime, commands, effects or arrows
  ---
  duration_ms: 4.6186
  type: 'test'
  ...
# Subtest: gathered and command-crafted bow projects the actual equipped item
ok 1113 - gathered and command-crafted bow projects the actual equipped item
  ---
  duration_ms: 90.2289
  type: 'test'
  ...
# Subtest: finite realm collars preserve prior markers and follow the actual blade or curved bow segment
ok 1114 - finite realm collars preserve prior markers and follow the actual blade or curved bow segment
  ---
  duration_ms: 346.7143
  type: 'test'
  ...
# Subtest: queued release joins the actual full windup pose, including submitted blade axis
ok 1115 - queued release joins the actual full windup pose, including submitted blade axis
  ---
  duration_ms: 35.936
  type: 'test'
  ...
# Subtest: direct accepted strikes start at ready and never fabricate a prior windup
ok 1116 - direct accepted strikes start at ready and never fabricate a prior windup
  ---
  duration_ms: 0.835
  type: 'test'
  ...
# Subtest: a bounded cut has intermediate poses and settles without a phase-boundary jump
ok 1117 - a bounded cut has intermediate poses and settles without a phase-boundary jump
  ---
  duration_ms: 5.333
  type: 'test'
  ...
# Subtest: submitted blade basis has no arbitrary roll flips during its complete cut and settle
ok 1118 - submitted blade basis has no arbitrary roll flips during its complete cut and settle
  ---
  duration_ms: 82.4754
  type: 'test'
  ...
# Subtest: actual blade and tip volumes clear the conservative head bounds through the whole attack
ok 1119 - actual blade and tip volumes clear the conservative head bounds through the whole attack
  ---
  duration_ms: 579.0094
  type: 'test'
  ...
# Subtest: body balance is visible above fixed physical feet and quiet in reduced motion
ok 1120 - body balance is visible above fixed physical feet and quiet in reduced motion
  ---
  duration_ms: 24.6878
  type: 'test'
  ...
# Subtest: reduced motion bounds the blade hand cue and suppresses secondary equipment/body sweep
ok 1121 - reduced motion bounds the blade hand cue and suppresses secondary equipment/body sweep
  ---
  duration_ms: 5.96
  type: 'test'
  ...
# Subtest: guard and swim override both release origins without adding a second attack pose
ok 1122 - guard and swim override both release origins without adding a second attack pose
  ---
  duration_ms: 5.4333
  type: 'test'
  ...
# Subtest: rendered palms, balanced torso and canonical gear share one frame through actual world yaw
ok 1123 - rendered palms, balanced torso and canonical gear share one frame through actual world yaw
  ---
  duration_ms: 31.944
  type: 'test'
  ...
# Subtest: carried gear and the held blade sheath remain outside the accepted-release curves
ok 1124 - carried gear and the held blade sheath remain outside the accepted-release curves
  ---
  duration_ms: 13.6964
  type: 'test'
  ...
# Subtest: production autoattack still uses its real queued epoch and accepted manual attack has no fake anticipation
ok 1125 - production autoattack still uses its real queued epoch and accepted manual attack has no fake anticipation
  ---
  duration_ms: 21.2199
  type: 'test'
  ...
# Subtest: CommonJS and browser globals expose the same bounded rig API
ok 1126 - CommonJS and browser globals expose the same bounded rig API
  ---
  duration_ms: 1.5936
  type: 'test'
  ...
# Subtest: gallery stroke keeps limbs connected and reduced motion settles the arms
ok 1127 - gallery stroke keeps limbs connected and reduced motion settles the arms
  ---
  duration_ms: 1.4575
  type: 'test'
  ...
# Subtest: gait phase follows accepted distance and survives frame subdivision
ok 1128 - gait phase follows accepted distance and survives frame subdivision
  ---
  duration_ms: 1.6354
  type: 'test'
  ...
# Subtest: stationary walking intent never drives foot shuffling
ok 1129 - stationary walking intent never drives foot shuffling
  ---
  duration_ms: 0.5665
  type: 'test'
  ...
# Subtest: stopping holds phase and eases the feet into a settled stance
ok 1130 - stopping holds phase and eases the feet into a settled stance
  ---
  duration_ms: 0.4049
  type: 'test'
  ...
# Subtest: repeated samples and long pauses preserve the complete drawable pose
ok 1131 - repeated samples and long pauses preserve the complete drawable pose
  ---
  duration_ms: 2.5492
  type: 'test'
  ...
# Subtest: paused coordinates are consumed without turning skipped travel into steps
ok 1132 - paused coordinates are consumed without turning skipped travel into steps
  ---
  duration_ms: 0.2164
  type: 'test'
  ...
# Subtest: scene changes, teleports and clock discontinuities reset the stance
ok 1133 - scene changes, teleports and clock discontinuities reset the stance
  ---
  duration_ms: 0.2487
  type: 'test'
  ...
# Subtest: reduced motion keeps essential gait and weapon alignment without secondary drift
ok 1134 - reduced motion keeps essential gait and weapon alignment without secondary drift
  ---
  duration_ms: 0.8048
  type: 'test'
  ...
# Subtest: walking has visible foot clearance and preserves fixed limb lengths
ok 1135 - walking has visible foot clearance and preserves fixed limb lengths
  ---
  duration_ms: 2.3413
  type: 'test'
  ...
# Subtest: blade/bow anticipation, recovery and guard are connected and distinct
ok 1136 - blade/bow anticipation, recovery and guard are connected and distinct
  ---
  duration_ms: 1.5207
  type: 'test'
  ...
# Subtest: draw segments actually connect the named joints under root translation and yaw
ok 1137 - draw segments actually connect the named joints under root translation and yaw
  ---
  duration_ms: 3.3583
  type: 'test'
  ...
# Subtest: palette choices and explicitly supplied armor colour are retained
ok 1138 - palette choices and explicitly supplied armor colour are retained
  ---
  duration_ms: 1.8584
  type: 'test'
  ...
# Subtest: all transforms stay finite, actor geometry has no camera authority, and budget stays bounded
ok 1139 - all transforms stay finite, actor geometry has no camera authority, and budget stays bounded
  ---
  duration_ms: 53.0211
  type: 'test'
  ...
# Subtest: malformed numerical motion inputs cannot poison matrices
ok 1140 - malformed numerical motion inputs cannot poison matrices
  ---
  duration_ms: 0.4935
  type: 'test'
  ...
# Subtest: sampling, posing and drawing leave input rules, motion and profiles immutable
ok 1141 - sampling, posing and drawing leave input rules, motion and profiles immutable
  ---
  duration_ms: 1.6116
  type: 'test'
  ...
# Subtest: refused bow transaction preserves every live field and can retry one identical request
ok 1142 - refused bow transaction preserves every live field and can retry one identical request
  ---
  duration_ms: 68.9998
  type: 'test'
  ...
# Subtest: sandbox craft saves materials, output, receipt and journal together
ok 1143 - sandbox craft saves materials, output, receipt and journal together
  ---
  duration_ms: 5.6248
  type: 'test'
  ...
# Subtest: forge cannot spend ore or coins before a durable write
ok 1144 - forge cannot spend ore or coins before a durable write
  ---
  duration_ms: 9.0014
  type: 'test'
  ...
# Subtest: socket replacement and removal preserve loose gems on refusal and return them exactly once
ok 1145 - socket replacement and removal preserve loose gems on refusal and return them exactly once
  ---
  duration_ms: 46.3041
  type: 'test'
  ...
# Subtest: equipping preserves selected equipment on refusal and retains the live combat runtime
ok 1146 - equipping preserves selected equipment on refusal and retains the live combat runtime
  ---
  duration_ms: 6.4331
  type: 'test'
  ...
# Subtest: both finite field-guide fittings save exact costs and keep weapon identity, socket and equipment
ok 1147 - both finite field-guide fittings save exact costs and keep weapon identity, socket and equipment
  ---
  duration_ms: 25.2156
  type: 'test'
  ...
# Subtest: explicit starter oren_sunblade survives refusal and pays its one canonical reward
ok 1148 - explicit starter oren_sunblade survives refusal and pays its one canonical reward
  ---
  duration_ms: 5.5653
  type: 'test'
  ...
# Subtest: explicit starter oren_reedbow survives refusal and pays its one canonical reward
ok 1149 - explicit starter oren_reedbow survives refusal and pays its one canonical reward
  ---
  duration_ms: 4.6396
  type: 'test'
  ...
# Subtest: explicit starter temper survives refusal and pays its one canonical reward
ok 1150 - explicit starter temper survives refusal and pays its one canonical reward
  ---
  duration_ms: 85.8578
  type: 'test'
  ...
# Subtest: completed survey payout is one atomic current-run ledger transition
ok 1151 - completed survey payout is one atomic current-run ledger transition
  ---
  duration_ms: 75.8573
  type: 'test'
  ...
# Subtest: Tessa tonic uses current road context and durably spends exactly one offer
ok 1152 - Tessa tonic uses current road context and durably spends exactly one offer
  ---
  duration_ms: 97.7771
  type: 'test'
  ...
# Subtest: Tessa mantle uses current road context and durably spends exactly one offer
ok 1153 - Tessa mantle uses current road context and durably spends exactly one offer
  ---
  duration_ms: 12.6338
  type: 'test'
  ...
# Subtest: Tessa sell-copper uses current road context and durably spends exactly one offer
ok 1154 - Tessa sell-copper uses current road context and durably spends exactly one offer
  ---
  duration_ms: 26.9076
  type: 'test'
  ...
# Subtest: Tessa sell-berries uses current road context and durably spends exactly one offer
ok 1155 - Tessa sell-berries uses current road context and durably spends exactly one offer
  ---
  duration_ms: 35.8174
  type: 'test'
  ...
# Subtest: Bellweather bench uses actual local position while saving the home checkpoint
ok 1156 - Bellweather bench uses actual local position while saving the home checkpoint
  ---
  duration_ms: 2.6516
  type: 'test'
  ...
# Subtest: source conflict leaves supplies and the other tab saved bytes intact
ok 1157 - source conflict leaves supplies and the other tab saved bytes intact
  ---
  duration_ms: 6.4083
  type: 'test'
  ...
# Subtest: managed character writer rejection keeps current character materials and receipts intact
ok 1158 - managed character writer rejection keeps current character materials and receipts intact
  ---
  duration_ms: 8.5116
  type: 'test'
  ...
# Subtest: thrown saver preserves the full live state and does not reserve the request identity
ok 1159 - thrown saver preserves the full live state and does not reserve the request identity
  ---
  duration_ms: 3.3433
  type: 'test'
  ...
# Subtest: rules refuse wrong benches, insufficient costs, invalid ownership and changed receipt terms before saving
ok 1160 - rules refuse wrong benches, insufficient costs, invalid ownership and changed receipt terms before saving
  ---
  duration_ms: 5.2904
  type: 'test'
  ...
# Subtest: pause policies remain canonical and a saver is always required for a new successful action
ok 1161 - pause policies remain canonical and a saver is always required for a new successful action
  ---
  duration_ms: 2.0124
  type: 'test'
  ...
# Subtest: validation refusal keeps the exact live canonical state and prevents saving
ok 1162 - validation refusal keeps the exact live canonical state and prevents saving
  ---
  duration_ms: 1.1894
  type: 'test'
  ...
# Subtest: only the reviewed state-only economic and finite Earth-story names are accepted
ok 1163 - only the reviewed state-only economic and finite Earth-story names are accepted
  ---
  duration_ms: 1.7285
  type: 'test'
  ...
# Subtest: exactly five finite Earth-story actions join the explicit command set
ok 1164 - exactly five finite Earth-story actions join the explicit command set
  ---
  duration_ms: 0.1357
  type: 'test'
  ...
# Subtest: Earth consent saves before adoption and keeps all live context and actor epochs
ok 1165 - Earth consent saves before adoption and keeps all live context and actor epochs
  ---
  duration_ms: 3.9231
  type: 'test'
  ...
# Subtest: every mill delivery transition survives quota refusal and same-request retry with one cost and payout
ok 1166 - every mill delivery transition survives quota refusal and same-request retry with one cost and payout
  ---
  duration_ms: 37.1499
  type: 'test'
  ...
# Subtest: Earth task prerequisites, cost, source room, local position and pause refuse before saving
ok 1167 - Earth task prerequisites, cost, source room, local position and pause refuse before saving
  ---
  duration_ms: 11.8679
  type: 'test'
  ...
# Subtest: all compatible improvements remain available after the single delivery without a second payout
ok 1168 - all compatible improvements remain available after the single delivery without a second payout
  ---
  duration_ms: 49.092
  type: 'test'
  ...
# Subtest: each Earth payment capacity refusal preserves unpaid work and exact rewards have zero XP
ok 1169 - each Earth payment capacity refusal preserves unpaid work and exact rewards have zero XP
  ---
  duration_ms: 56.701
  type: 'test'
  ...
# Subtest: Earth repair rejects foreign source bytes and keeps the other writer intact
ok 1170 - Earth repair rejects foreign source bytes and keeps the other writer intact
  ---
  duration_ms: 3.7751
  type: 'test'
  ...
# Subtest: managed writer refusal preserves Earth payment and permits a later owned retry
ok 1171 - managed writer refusal preserves Earth payment and permits a later owned retry
  ---
  duration_ms: 15.7396
  type: 'test'
  ...
# Subtest: all new static scenery uses supported finite meshes instead of silent cylinder fallback
ok 1172 - all new static scenery uses supported finite meshes instead of silent cylinder fallback
  ---
  duration_ms: 381.1737
  type: 'test'
  ...
# Subtest: visible solid boxes match canonical body collision footprints and heights
ok 1173 - visible solid boxes match canonical body collision footprints and heights
  ---
  duration_ms: 60.4299
  type: 'test'
  ...
# Subtest: submitted opaque geometry leaves the actual 3D gallery body route clear
ok 1174 - submitted opaque geometry leaves the actual 3D gallery body route clear
  ---
  duration_ms: 40.1081
  type: 'test'
  ...
# Subtest: wet volume under the civic deck retains actual head clearance
ok 1175 - wet volume under the civic deck retains actual head clearance
  ---
  duration_ms: 2.7387
  type: 'test'
  ...
# Subtest: only the canonical air-court ceiling receives preference-controlled roof reveal
ok 1176 - only the canonical air-court ceiling receives preference-controlled roof reveal
  ---
  duration_ms: 38.4829
  type: 'test'
  ...
# Subtest: exact two canonical realms have finite, unique, immutable data and stable work identities
ok 1177 - exact two canonical realms have finite, unique, immutable data and stable work identities
  ---
  duration_ms: 3.0334
  type: 'test'
  ...
# Subtest: module load publishes only its declared API and never reads a simulation or host service
ok 1178 - module load publishes only its declared API and never reads a simulation or host service
  ---
  duration_ms: 2.6547
  type: 'test'
  ...
# Subtest: every entry and interaction anchor has full actor clearance on bounded dry ground
ok 1179 - every entry and interaction anchor has full actor clearance on bounded dry ground
  ---
  duration_ms: 0.9634
  type: 'test'
  ...
# Subtest: both Earth approaches, work loop and optional side routes have analytically continuous ground
ok 1180 - both Earth approaches, work loop and optional side routes have analytically continuous ground
  ---
  duration_ms: 7.7455
  type: 'test'
  ...
# Subtest: Farwake work and the far landing remain connected without diving or a closed civic back wall
ok 1181 - Farwake work and the far landing remain connected without diving or a closed civic back wall
  ---
  duration_ms: 0.6622
  type: 'test'
  ...
# Subtest: bounded gallery route clears physical walls and full body depth, including the real court doorway
ok 1182 - bounded gallery route clears physical walls and full body depth, including the real court doorway
  ---
  duration_ms: 0.394
  type: 'test'
  ...
# Subtest: dive entry and wet exit anchors agree with reachable transfer destinations
ok 1183 - dive entry and wet exit anchors agree with reachable transfer destinations
  ---
  duration_ms: 0.2231
  type: 'test'
  ...
# Subtest: actual decoration is finite, deterministic, bounded and pure across claimed/unclaimed worlds
ok 1184 - actual decoration is finite, deterministic, bounded and pure across claimed/unclaimed worlds
  ---
  duration_ms: 68.4604
  type: 'test'
  ...
# Subtest: roofs and important structural decoration agree with the canonical solid footprints
ok 1185 - roofs and important structural decoration agree with the canonical solid footprints
  ---
  duration_ms: 5.3293
  type: 'test'
  ...
# Subtest: civic side support physically meets the canopy underside across its full length
ok 1186 - civic side support physically meets the canopy underside across its full length
  ---
  duration_ms: 0.4831
  type: 'test'
  ...
# Subtest: bridge timber skins use the real UV mesh, clear every retained joint and stay above only existing deck
ok 1187 - bridge timber skins use the real UV mesh, clear every retained joint and stay above only existing deck
  ---
  duration_ms: 7.1809
  type: 'test'
  ...
# Subtest: narrow field path geometry lies wholly on supported clear ground and door faces remain closed decoration
ok 1188 - narrow field path geometry lies wholly on supported clear ground and door faces remain closed decoration
  ---
  duration_ms: 9.6227
  type: 'test'
  ...
# Subtest: distant ridges use the actual mountain mesh and remain outside Earth rather than becoming false paths
ok 1189 - distant ridges use the actual mountain mesh and remain outside Earth rather than becoming false paths
  ---
  duration_ms: 28.5417
  type: 'test'
  ...
# Subtest: every accepted objective has a validated production path back to its own giver
ok 1190 - every accepted objective has a validated production path back to its own giver
  ---
  duration_ms: 947.9761
  type: 'test'
  ...
# Subtest: blade falls in hell and revives at home with accepted work and belongings retained
ok 1191 - blade falls in hell and revives at home with accepted work and belongings retained
  ---
  duration_ms: 261.4597
  type: 'test'
  ...
# Subtest: bow falls in earthlands and revives at home with accepted work and belongings retained
ok 1192 - bow falls in earthlands and revives at home with accepted work and belongings retained
  ---
  duration_ms: 359.2117
  type: 'test'
  ...
# Subtest: blade earns hell defeat, guarded combat, retreat and free return without legacy rewards
ok 1193 - blade earns hell defeat, guarded combat, retreat and free return without legacy rewards
  ---
  duration_ms: 153.4441
  type: 'test'
  ...
# {"realm":"hell","style":"blade","weapon":"trail_blade","entry":{"x":0,"z":31,"yaw":3.141592653589793},"stage":{"x":44,"z":-82},"battle":{"x":44,"z":-92.9},"refuge":{"x":44,"z":-60},"firstBrace":{"at":47.59999999999943,"aim":{"x":44,"z":-92.9},"windupRemaining":1.05,"hitAfter":1.0499999999999403,"healthBefore":100,"healthAfter":96,"recoveryRemaining":1.1},"firstAttack":{"hits":1,"hp":90,"firstArrowAfter":null,"impacts":[{"after":0.19999999999998863,"before":90,"hp":74}]},"secondBrace":{"at":114.49999999999564,"aim":{"x":44,"z":-92.9},"windupRemaining":1.05,"hitAfter":1.0499999999999403,"healthBefore":100,"healthAfter":96,"recoveryRemaining":1.1},"battleResult":{"hits":6,"hp":90,"firstArrowAfter":null,"impacts":[{"after":0.19999999999998863,"before":90,"hp":74},{"after":0.7999999999999545,"before":74,"hp":58},{"after":1.3999999999999204,"before":58,"hp":42},{"after":1.9999999999998863,"before":42,"hp":26},{"after":2.599999999999852,"before":26,"hp":10},{"after":3.199999999999818,"before":10,"hp":0}]},"tickSeconds":0.05}
# Subtest: bow earns hell defeat, guarded combat, retreat and free return without legacy rewards
ok 1194 - bow earns hell defeat, guarded combat, retreat and free return without legacy rewards
  ---
  duration_ms: 148.8382
  type: 'test'
  ...
# {"realm":"hell","style":"bow","weapon":"trail_bow","entry":{"x":0,"z":31,"yaw":3.141592653589793},"stage":{"x":44,"z":-82},"battle":{"x":44,"z":-90},"refuge":{"x":44,"z":-60},"firstBrace":{"at":99.49999999999649,"aim":{"x":44,"z":-90},"windupRemaining":1.05,"hitAfter":1.0499999999999403,"healthBefore":100,"healthAfter":96,"recoveryRemaining":1.1},"firstAttack":{"hits":1,"hp":90,"firstArrowAfter":0.19999999999998863,"impacts":[{"after":0.3499999999999801,"before":90,"hp":77}]},"secondBrace":{"at":165.65000000000342,"aim":{"x":44,"z":-90},"windupRemaining":1.05,"hitAfter":1.0500000000002387,"healthBefore":100,"healthAfter":96,"recoveryRemaining":1.1},"battleResult":{"hits":7,"hp":90,"firstArrowAfter":0.20000000000004547,"impacts":[{"after":0.3500000000000796,"before":90,"hp":77},{"after":1.1500000000002615,"before":77,"hp":64},{"after":1.9500000000004434,"before":64,"hp":51},{"after":2.7500000000006253,"before":51,"hp":38},{"after":3.550000000000807,"before":38,"hp":25},{"after":4.350000000000989,"before":25,"hp":12},{"after":5.150000000001171,"before":12,"hp":0}]},"tickSeconds":0.05}
# Subtest: blade earns earthlands defeat, guarded combat, retreat and free return without legacy rewards
ok 1195 - blade earns earthlands defeat, guarded combat, retreat and free return without legacy rewards
  ---
  duration_ms: 545.7407
  type: 'test'
  ...
# {"realm":"earthlands","style":"blade","weapon":"trail_blade","entry":{"x":0,"z":104,"yaw":3.141592653589793},"stage":{"x":-29,"z":-8},"battle":{"x":-29,"z":-18.9},"refuge":{"x":0,"z":23},"firstBrace":{"at":51.14999999999923,"aim":{"x":-29,"z":-18.9},"windupRemaining":0.75,"hitAfter":0.7499999999999574,"healthBefore":100,"healthAfter":96,"recoveryRemaining":1.1},"firstAttack":{"hits":1,"hp":72,"firstArrowAfter":null,"impacts":[{"after":0.19999999999998863,"before":72,"hp":56}]},"secondBrace":{"at":127.4499999999949,"aim":{"x":-29,"z":-18.9},"windupRemaining":0.75,"hitAfter":0.75,"healthBefore":100,"healthAfter":96,"recoveryRemaining":1.1},"battleResult":{"hits":5,"hp":72,"firstArrowAfter":null,"impacts":[{"after":0.20000000000004547,"before":72,"hp":56},{"after":0.7500000000001705,"before":56,"hp":40},{"after":1.3000000000002956,"before":40,"hp":24},{"after":1.8500000000004206,"before":24,"hp":8},{"after":2.4000000000005457,"before":8,"hp":0}]},"tickSeconds":0.05}
# Subtest: bow earns earthlands defeat, guarded combat, retreat and free return without legacy rewards
ok 1196 - bow earns earthlands defeat, guarded combat, retreat and free return without legacy rewards
  ---
  duration_ms: 544.2722
  type: 'test'
  ...
# {"realm":"earthlands","style":"bow","weapon":"trail_bow","entry":{"x":0,"z":104,"yaw":3.141592653589793},"stage":{"x":-29,"z":-8},"battle":{"x":-29,"z":-16},"refuge":{"x":0,"z":23},"firstBrace":{"at":101.1499999999964,"aim":{"x":-29,"z":-16},"windupRemaining":0.75,"hitAfter":0.7499999999999574,"healthBefore":100,"healthAfter":96,"recoveryRemaining":1.1},"firstAttack":{"hits":1,"hp":72,"firstArrowAfter":0.19999999999998863,"impacts":[{"after":0.29999999999998295,"before":72,"hp":59}]},"secondBrace":{"at":175.2000000000056,"aim":{"x":-29,"z":-16},"windupRemaining":0.75,"hitAfter":0.7500000000001705,"healthBefore":100,"healthAfter":96,"recoveryRemaining":1.1},"battleResult":{"hits":6,"hp":72,"firstArrowAfter":0.20000000000004547,"impacts":[{"after":0.3000000000000682,"before":72,"hp":59},{"after":1.1000000000002501,"before":59,"hp":46},{"after":1.900000000000432,"before":46,"hp":33},{"after":2.700000000000614,"before":33,"hp":20},{"after":3.500000000000796,"before":20,"hp":7},{"after":4.300000000000978,"before":7,"hp":0}]},"tickSeconds":0.05}
# Subtest: optional journeys migrate old world 9 saves without touching banked XP, choices, home or music
ok 1197 - optional journeys migrate old world 9 saves without touching banked XP, choices, home or music
  ---
  duration_ms: 13.7123
  type: 'test'
  ...
# Subtest: new schema rejects forward, malformed, unknown and impossible claim history
ok 1198 - new schema rejects forward, malformed, unknown and impossible claim history
  ---
  duration_ms: 5.6544
  type: 'test'
  ...
# Subtest: five-light gate is supported and separate from existing lake and Cosmos markers
ok 1199 - five-light gate is supported and separate from existing lake and Cosmos markers
  ---
  duration_ms: 3.6625
  type: 'test'
  ...
# Subtest: travel checkpoints original state, and rejects changed owner, revision, position or ticket
ok 1200 - travel checkpoints original state, and rejects changed owner, revision, position or ticket
  ---
  duration_ms: 12.8564
  type: 'test'
  ...
# Subtest: travel, free return, re-entry and cold reload do not grant or advance accepted work
ok 1201 - travel, free return, re-entry and cold reload do not grant or advance accepted work
  ---
  duration_ms: 5.0554
  type: 'test'
  ...
# Subtest: accepted objectives require physical arrival and current run; repeats remain once-only
ok 1202 - accepted objectives require physical arrival and current run; repeats remain once-only
  ---
  duration_ms: 4.0137
  type: 'test'
  ...
# Subtest: save refusal and capacity-blocked turn-in preserve completed objectives, currency and journal atomically
ok 1203 - save refusal and capacity-blocked turn-in preserve completed objectives, currency and journal atomically
  ---
  duration_ms: 6.3558
  type: 'test'
  ...
# Subtest: claim fences survive changed request IDs, reload, re-entry and intentional smaller repeat runs
ok 1204 - claim fences survive changed request IDs, reload, re-entry and intentional smaller repeat runs
  ---
  duration_ms: 6.347
  type: 'test'
  ...
# Subtest: reward changes only declared fields and retains explicit classes, gear, sockets, XP ceiling and story history
ok 1205 - reward changes only declared fields and retains explicit classes, gear, sockets, XP ceiling and story history
  ---
  duration_ms: 3.5542
  type: 'test'
  ...
# Subtest: only canonical local enemies use local defeat records and never enter legacy loot history
ok 1206 - only canonical local enemies use local defeat records and never enter legacy loot history
  ---
  duration_ms: 3.2947
  type: 'test'
  ...
# Subtest: copied or live enemies cannot manufacture a defeat, and a real defeat preserves the revision ceiling
ok 1207 - copied or live enemies cannot manufacture a defeat, and a real defeat preserves the revision ceiling
  ---
  duration_ms: 2.482
  type: 'test'
  ...
# Subtest: bow targets and actual arrows use new scene ground, while solid cover blocks hits
ok 1208 - bow targets and actual arrows use new scene ground, while solid cover blocks hits
  ---
  duration_ms: 7.2046
  type: 'test'
  ...
# Subtest: skipped active run identities are rejected rather than inventing an unknown payout history
ok 1209 - skipped active run identities are rejected rather than inventing an unknown payout history
  ---
  duration_ms: 0.3887
  type: 'test'
  ...
# Subtest: failure after scene sync restores the original runtime graph as well as position and room
ok 1210 - failure after scene sync restores the original runtime graph as well as position and room
  ---
  duration_ms: 1.6823
  type: 'test'
  ...
# Subtest: every new realm objective can return to its real giver through production navigation
ok 1211 - every new realm objective can return to its real giver through production navigation
  ---
  duration_ms: 486.95
  type: 'test'
  ...
# Subtest: gallery has actual depth, held release, body/camera medium separation and true blocking air-court walls
ok 1212 - gallery has actual depth, held release, body/camera medium separation and true blocking air-court walls
  ---
  duration_ms: 3.6017
  type: 'test'
  ...
# Subtest: companion menu preserves dry waiting position, and an explicit recall uses the dry entry during a dive
ok 1213 - companion menu preserves dry waiting position, and an explicit recall uses the dry entry during a dive
  ---
  duration_ms: 3.9675
  type: 'test'
  ...
# Subtest: isolated IIFE and CommonJS expose only one frozen pure function
ok 1214 - isolated IIFE and CommonJS expose only one frozen pure function
  ---
  duration_ms: 3.3149
  type: 'test'
  ...
# Subtest: actual 955-cell expanded Earth partition reduces to 64 exact rectangles
ok 1215 - actual 955-cell expanded Earth partition reduces to 64 exact rectangles
  ---
  duration_ms: 58.1814
  type: 'test'
  ...
# Subtest: every shared world-ground caller and old Coastward retain exact floor area, owner, color and height
ok 1216 - every shared world-ground caller and old Coastward retain exact floor area, owner, color and height
  ---
  duration_ms: 200.8882
  type: 'test'
  ...
# Subtest: real bridge source boundaries and river void remain separate from bank masses
ok 1217 - real bridge source boundaries and river void remain separate from bank masses
  ---
  duration_ms: 21.9273
  type: 'test'
  ...
# Subtest: Atlantis gallery edge partitions remain exact and no cell crosses camera-medium boundary
ok 1218 - Atlantis gallery edge partitions remain exact and no cell crosses camera-medium boundary
  ---
  duration_ms: 2.294
  type: 'test'
  ...
# Subtest: a labelled untagged Atlantis control demonstrates why caller-owned gallery metadata is required
ok 1219 - a labelled untagged Atlantis control demonstrates why caller-owned gallery metadata is required
  ---
  duration_ms: 2.9024
  type: 'test'
  ...
# Subtest: only complete shared edges merge; holes, corners, tiny gaps and differing metadata remain
ok 1220 - only complete shared edges merge; holes, corners, tiny gaps and differing metadata remain
  ---
  duration_ms: 1.3199
  type: 'test'
  ...
# Subtest: metadata values and arrays are deep-fresh, order-independent and never aliases
ok 1221 - metadata values and arrays are deep-fresh, order-independent and never aliases
  ---
  duration_ms: 0.698
  type: 'test'
  ...
# Subtest: empty input, input permutations and repeated coalescing are deterministic and fresh
ok 1222 - empty input, input permutations and repeated coalescing are deterministic and fresh
  ---
  duration_ms: 81.7545
  type: 'test'
  ...
# Subtest: invalid, overlapping, accessor or nondata records refuse before input mutation
ok 1223 - invalid, overlapping, accessor or nondata records refuse before input mutation
  ---
  duration_ms: 3.5503
  type: 'test'
  ...
# Subtest: actual submitted vertices stay finite and terrain draw work falls without dropping area
ok 1224 - actual submitted vertices stay finite and terrain draw work falls without dropping area
  ---
  duration_ms: 6.2886
  type: 'test'
  ...
# Subtest: heaven: stable contract, finite geometry, pure bounded quest and readable anchors
ok 1225 - heaven: stable contract, finite geometry, pure bounded quest and readable anchors
  ---
  duration_ms: 4.2293
  type: 'test'
  ...
# Subtest: heaven: connected physical ground gives every point and enemy a body-width approach and return
ok 1226 - heaven: connected physical ground gives every point and enemy a body-width approach and return
  ---
  duration_ms: 238.5867
  type: 'test'
  ...
# Subtest: heaven: submitted original art has finite transforms, matched cover, and a modest local instance/triangle budget
ok 1227 - heaven: submitted original art has finite transforms, matched cover, and a modest local instance/triangle budget
  ---
  duration_ms: 108.1079
  type: 'test'
  ...
# Subtest: heaven: decorating is deterministic, owns no scene lifecycle and leaves all source/simulation/inventory state unchanged
ok 1228 - heaven: decorating is deterministic, owns no scene lifecycle and leaves all source/simulation/inventory state unchanged
  ---
  duration_ms: 19.3938
  type: 'test'
  ...
# Subtest: heaven: height supplied by the world caller shifts all local structures, routes and markers coherently
ok 1229 - heaven: height supplied by the world caller shifts all local structures, routes and markers coherently
  ---
  duration_ms: 8.9627
  type: 'test'
  ...
# Subtest: hell: stable contract, finite geometry, pure bounded quest and readable anchors
ok 1230 - hell: stable contract, finite geometry, pure bounded quest and readable anchors
  ---
  duration_ms: 0.4381
  type: 'test'
  ...
# Subtest: hell: connected physical ground gives every point and enemy a body-width approach and return
ok 1231 - hell: connected physical ground gives every point and enemy a body-width approach and return
  ---
  duration_ms: 155.9738
  type: 'test'
  ...
# Subtest: hell: submitted original art has finite transforms, matched cover, and a modest local instance/triangle budget
ok 1232 - hell: submitted original art has finite transforms, matched cover, and a modest local instance/triangle budget
  ---
  duration_ms: 66.3383
  type: 'test'
  ...
# Subtest: hell: decorating is deterministic, owns no scene lifecycle and leaves all source/simulation/inventory state unchanged
ok 1233 - hell: decorating is deterministic, owns no scene lifecycle and leaves all source/simulation/inventory state unchanged
  ---
  duration_ms: 13.7759
  type: 'test'
  ...
# Subtest: hell: height supplied by the world caller shifts all local structures, routes and markers coherently
ok 1234 - hell: height supplied by the world caller shifts all local structures, routes and markers coherently
  ---
  duration_ms: 17.9384
  type: 'test'
  ...
# Subtest: Heaven: both actual causeway/arcade loops fit a traveller without stepping through instrument, columns or workshop
ok 1235 - Heaven: both actual causeway/arcade loops fit a traveller without stepping through instrument, columns or workshop
  ---
  duration_ms: 10.0016
  type: 'test'
  ...
# Subtest: Heaven: distinct narrow route inlays sit on supported paving and the fork remains flat and clear
ok 1236 - Heaven: distinct narrow route inlays sit on supported paving and the fork remains flat and clear
  ---
  duration_ms: 29.2367
  type: 'test'
  ...
# Subtest: Heaven: the cultivated Ruby-fork band has actual native support and leaves routes, solids and interaction approaches clear
ok 1237 - Heaven: the cultivated Ruby-fork band has actual native support and leaves routes, solids and interaction approaches clear
  ---
  duration_ms: 56.118
  type: 'test'
  ...
# Subtest: Heaven: all low blossoms attach to rooted stems and fit their shallow planting beds
ok 1238 - Heaven: all low blossoms attach to rooted stems and fit their shallow planting beds
  ---
  duration_ms: 14.3522
  type: 'test'
  ...
# Subtest: Heaven: cultivated detail has a bounded geometry cost and is identical with reduced motion enabled
ok 1239 - Heaven: cultivated detail has a bounded geometry cost and is identical with reduced motion enabled
  ---
  duration_ms: 13.726
  type: 'test'
  ...
# Subtest: Hell: only the existing Refuge roof slab and patched ribs carry the bounded reveal tag
ok 1240 - Hell: only the existing Refuge roof slab and patched ribs carry the bounded reveal tag
  ---
  duration_ms: 5.9936
  type: 'test'
  ...
# Subtest: Hell: distinct east/west approaches and the free home path avoid the optional sentinel even within an eleven-unit threat pocket
ok 1241 - Hell: distinct east/west approaches and the free home path avoid the optional sentinel even within an eleven-unit threat pocket
  ---
  duration_ms: 115.5344
  type: 'test'
  ...
# Subtest: Module exposes the browser/CommonJS contract and rejects unknown decoration without touching the caller
ok 1242 - Module exposes the browser/CommonJS contract and rejects unknown decoration without touching the caller
  ---
  duration_ms: 0.215
  type: 'test'
  ...
1..1242
# tests 1242
# suites 0
# pass 1242
# fail 0
# cancelled 0
# skipped 0
# todo 0
# duration_ms 11887.0325
