TAP version 13
# Subtest: adventure defaults round trip without equipment or story
ok 1 - adventure defaults round trip without equipment or story
  ---
  duration_ms: 3.4077
  type: 'test'
  ...
# Subtest: v4 migration preserves sandbox, composition, notes, appearance without source mutation
ok 2 - v4 migration preserves sandbox, composition, notes, appearance without source mutation
  ---
  duration_ms: 5.544
  type: 'test'
  ...
# Subtest: realm05 browser key is copied without overwriting previous save
ok 3 - realm05 browser key is copied without overwriting previous save
  ---
  duration_ms: 3.4207
  type: 'test'
  ...
# Subtest: starter supplies require actual workshop proximity
ok 4 - starter supplies require actual workshop proximity
  ---
  duration_ms: 7.7758
  type: 'test'
  ...
# Subtest: starter kit is one claim and equips owned items
ok 5 - starter kit is one claim and equips owned items
  ---
  duration_ms: 0.8452
  type: 'test'
  ...
# Subtest: retry is idempotent while changed terms under same ID are rejected
ok 6 - retry is idempotent while changed terms under same ID are rejected
  ---
  duration_ms: 1.8915
  type: 'test'
  ...
# Subtest: entry requires supplies, repaired crossing, pickaxe and proximity
ok 7 - entry requires supplies, repaired crossing, pickaxe and proximity
  ---
  duration_ms: 0.9085
  type: 'test'
  ...
# Subtest: interior saves retain safe exterior return position
ok 8 - interior saves retain safe exterior return position
  ---
  duration_ms: 1.3117
  type: 'test'
  ...
# Subtest: authored entry, fox and encounter positions are walkable
ok 9 - authored entry, fox and encounter positions are walkable
  ---
  duration_ms: 0.2807
  type: 'test'
  ...
# Subtest: outer walls and NaN cannot be walked through
ok 10 - outer walls and NaN cannot be walked through
  ---
  duration_ms: 0.1925
  type: 'test'
  ...
# Subtest: digging checks scene, tool and reach before mutation
ok 11 - digging checks scene, tool and reach before mutation
  ---
  duration_ms: 1.4322
  type: 'test'
  ...
# Subtest: two actual strikes excavate rock and open a path
ok 12 - two actual strikes excavate rock and open a path
  ---
  duration_ms: 10.437
  type: 'test'
  ...
# Subtest: pick cooldown prevents duplicate immediate strokes
ok 13 - pick cooldown prevents duplicate immediate strokes
  ---
  duration_ms: 7.2674
  type: 'test'
  ...
# Subtest: outer cells refuse excavation
ok 14 - outer cells refuse excavation
  ---
  duration_ms: 0.4654
  type: 'test'
  ...
# Subtest: removed stone cannot pay again
ok 15 - removed stone cannot pay again
  ---
  duration_ms: 4.2238
  type: 'test'
  ...
# Subtest: cold reopening reconstructs excavation but restarts outside
ok 16 - cold reopening reconstructs excavation but restarts outside
  ---
  duration_ms: 3.884
  type: 'test'
  ...
# Subtest: attacks cannot damage distant targets
ok 17 - attacks cannot damage distant targets
  ---
  duration_ms: 0.6287
  type: 'test'
  ...
# Subtest: line of sight blocks attacks through rock
ok 18 - line of sight blocks attacks through rock
  ---
  duration_ms: 0.457
  type: 'test'
  ...
# Subtest: melee decreases health, respects cooldown and creates one defeat/cache
ok 19 - melee decreases health, respects cooldown and creates one defeat/cache
  ---
  duration_ms: 5.0895
  type: 'test'
  ...
# Subtest: sweep consumes stamina only once per cooldown
ok 20 - sweep consumes stamina only once per cooldown
  ---
  duration_ms: 0.9609
  type: 'test'
  ...
# Subtest: insufficient stamina refuses without mutation
ok 21 - insufficient stamina refuses without mutation
  ---
  duration_ms: 1.6049
  type: 'test'
  ...
# Subtest: dodge respects cave collision instead of tunneling
ok 22 - dodge respects cave collision instead of tunneling
  ---
  duration_ms: 0.4495
  type: 'test'
  ...
# Subtest: dodge avoidance protects against imminent impact
ok 23 - dodge avoidance protects against imminent impact
  ---
  duration_ms: 3.86
  type: 'test'
  ...
# Subtest: telegraph hits its declared destination, not a tracking player
ok 24 - telegraph hits its declared destination, not a tracking player
  ---
  duration_ms: 0.9653
  type: 'test'
  ...
# Subtest: failed evasion incurs damage reduced by armor
ok 25 - failed evasion incurs damage reduced by armor
  ---
  duration_ms: 1.3286
  type: 'test'
  ...
# Subtest: pause stops actual timers and combat
ok 26 - pause stops actual timers and combat
  ---
  duration_ms: 1.3422
  type: 'test'
  ...
# Subtest: daylight slider is not a cooldown cheat
ok 27 - daylight slider is not a cooldown cheat
  ---
  duration_ms: 0.5082
  type: 'test'
  ...
# Subtest: healing consumes tonic, caps at maximum and has cooldown
ok 28 - healing consumes tonic, caps at maximum and has cooldown
  ---
  duration_ms: 0.4232
  type: 'test'
  ...
# Subtest: rest requires spring and is not available in combat
ok 29 - rest requires spring and is not available in combat
  ---
  duration_ms: 0.5386
  type: 'test'
  ...
# Subtest: death stops movement and resurrection preserves loot
ok 30 - death stops movement and resurrection preserves loot
  ---
  duration_ms: 0.6069
  type: 'test'
  ...
# Subtest: paused resurrection is possible without resuming time implicitly
ok 31 - paused resurrection is possible without resuming time implicitly
  ---
  duration_ms: 0.4606
  type: 'test'
  ...
# Subtest: living players cannot resurrect for a free teleport
ok 32 - living players cannot resurrect for a free teleport
  ---
  duration_ms: 0.378
  type: 'test'
  ...
# Subtest: loot is proximity checked and cannot be claimed twice
ok 33 - loot is proximity checked and cannot be claimed twice
  ---
  duration_ms: 0.4463
  type: 'test'
  ...
# Subtest: full pouch rejects atomically and preserves cache
ok 34 - full pouch rejects atomically and preserves cache
  ---
  duration_ms: 1.0854
  type: 'test'
  ...
# Subtest: equipment must be owned and goes into the declared slot
ok 35 - equipment must be owned and goes into the declared slot
  ---
  duration_ms: 0.3566
  type: 'test'
  ...
# Subtest: increased health capacity does not heal on equip
ok 36 - increased health capacity does not heal on equip
  ---
  duration_ms: 0.3325
  type: 'test'
  ...
# Subtest: forge consumes exact inputs once
ok 37 - forge consumes exact inputs once
  ---
  duration_ms: 0.4195
  type: 'test'
  ...
# Subtest: forge outside workbench fails without cost
ok 38 - forge outside workbench fails without cost
  ---
  duration_ms: 0.9011
  type: 'test'
  ...
# Subtest: rescue requires proximity and threat clearance
ok 39 - rescue requires proximity and threat clearance
  ---
  duration_ms: 0.4317
  type: 'test'
  ...
# Subtest: companion naming is bounded data and mode is enumerated
ok 40 - companion naming is bounded data and mode is enumerated
  ---
  duration_ms: 0.4612
  type: 'test'
  ...
# Subtest: Stay retains fox in its scene during active session
ok 41 - Stay retains fox in its scene during active session
  ---
  duration_ms: 0.4928
  type: 'test'
  ...
# Subtest: Follow explicitly recalls across a scene boundary
ok 42 - Follow explicitly recalls across a scene boundary
  ---
  duration_ms: 0.5352
  type: 'test'
  ...
# Subtest: defeated enemies stay defeated on re-entry
ok 43 - defeated enemies stay defeated on re-entry
  ---
  duration_ms: 0.4084
  type: 'test'
  ...
# Subtest: unfinished enemies reset on re-entry; partial health is not a win
ok 44 - unfinished enemies reset on re-entry; partial health is not a win
  ---
  duration_ms: 0.2985
  type: 'test'
  ...
# Subtest: relic requires guardian defeat and proximity, with single claim
ok 45 - relic requires guardian defeat and proximity, with single claim
  ---
  duration_ms: 0.3407
  type: 'test'
  ...
# Subtest: envoy requires relic at the spring
ok 46 - envoy requires relic at the spring
  ---
  duration_ms: 1.0742
  type: 'test'
  ...
# Subtest: final choice stays single across command IDs and cold reload
ok 47 - final choice stays single across command IDs and cold reload
  ---
  duration_ms: 0.8696
  type: 'test'
  ...
# Subtest: import rejects negative ore
ok 48 - import rejects negative ore
  ---
  duration_ms: 0.2772
  type: 'test'
  ...
# Subtest: import rejects NaN stamina
ok 49 - import rejects NaN stamina
  ---
  duration_ms: 0.0764
  type: 'test'
  ...
# Subtest: import rejects foreign gear
ok 50 - import rejects foreign gear
  ---
  duration_ms: 0.0708
  type: 'test'
  ...
# Subtest: import rejects non-owned equip
ok 51 - import rejects non-owned equip
  ---
  duration_ms: 0.0767
  type: 'test'
  ...
# Subtest: import rejects duplicate cells
ok 52 - import rejects duplicate cells
  ---
  duration_ms: 0.0603
  type: 'test'
  ...
# Subtest: import rejects outer excavation
ok 53 - import rejects outer excavation
  ---
  duration_ms: 0.0721
  type: 'test'
  ...
# Subtest: import rejects noncanonical cell
ok 54 - import rejects noncanonical cell
  ---
  duration_ms: 0.0688
  type: 'test'
  ...
# Subtest: import rejects relic without defeat
ok 55 - import rejects relic without defeat
  ---
  duration_ms: 0.1093
  type: 'test'
  ...
# Subtest: import rejects gift without envoy
ok 56 - import rejects gift without envoy
  ---
  duration_ms: 0.1258
  type: 'test'
  ...
# Subtest: import rejects oversized name
ok 57 - import rejects oversized name
  ---
  duration_ms: 0.1128
  type: 'test'
  ...
# Subtest: import rejects duplicate drop
ok 58 - import rejects duplicate drop
  ---
  duration_ms: 0.0957
  type: 'test'
  ...
# Subtest: import rejects impossible chips
ok 59 - import rejects impossible chips
  ---
  duration_ms: 0.0735
  type: 'test'
  ...
# Subtest: import rejects excess health
ok 60 - import rejects excess health
  ---
  duration_ms: 0.0854
  type: 'test'
  ...
# Subtest: import rejects foreign enemy
ok 61 - import rejects foreign enemy
  ---
  duration_ms: 0.0632
  type: 'test'
  ...
# Subtest: import rejects unstarted rescue
ok 62 - import rejects unstarted rescue
  ---
  duration_ms: 0.0571
  type: 'test'
  ...
# Subtest: invalid command envelope cannot mutate persistent state
ok 63 - invalid command envelope cannot mutate persistent state
  ---
  duration_ms: 0.7652
  type: 'test'
  ...
# Subtest: prototype-looking item key safely refuses
ok 64 - prototype-looking item key safely refuses
  ---
  duration_ms: 0.6473
  type: 'test'
  ...
# Subtest: circular command data is safely refused
ok 65 - circular command data is safely refused
  ---
  duration_ms: 1.0103
  type: 'test'
  ...
# Subtest: no private memory or credentials enter save
ok 66 - no private memory or credentials enter save
  ---
  duration_ms: 0.7558
  type: 'test'
  ...
# Subtest: version07 raw save migrates without losing road or creative state
ok 67 - version07 raw save migrates without losing road or creative state
  ---
  duration_ms: 8.7682
  type: 'test'
  ...
# Subtest: legacy storage key is copied not overwritten
ok 68 - legacy storage key is copied not overwritten
  ---
  duration_ms: 4.0622
  type: 'test'
  ...
# Subtest: fresh arsenal has no free bows gems or medals
ok 69 - fresh arsenal has no free bows gems or medals
  ---
  duration_ms: 0.3605
  type: 'test'
  ...
# Subtest: gem records reject invalid quantities and unknown fields
ok 70 - gem records reject invalid quantities and unknown fields
  ---
  duration_ms: 12.6329
  type: 'test'
  ...
# Subtest: socket validation needs owned weapon and known gem
ok 71 - socket validation needs owned weapon and known gem
  ---
  duration_ms: 2.6907
  type: 'test'
  ...
# Subtest: medal requires bounded completion time and vice versa
ok 72 - medal requires bounded completion time and vice versa
  ---
  duration_ms: 4.3385
  type: 'test'
  ...
# Subtest: unstarted record cannot mint loose gems or a medal
ok 73 - unstarted record cannot mint loose gems or a medal
  ---
  duration_ms: 0.3891
  type: 'test'
  ...
# Subtest: craft refuses before supplies, remote bench, paused or unknown recipe
ok 74 - craft refuses before supplies, remote bench, paused or unknown recipe
  ---
  duration_ms: 6.2532
  type: 'test'
  ...
# Subtest: bow recipe consumes exact wood fiber stone and creates a unique item
ok 75 - bow recipe consumes exact wood fiber stone and creates a unique item
  ---
  duration_ms: 1.2054
  type: 'test'
  ...
# Subtest: insufficient material on any ingredient causes no partial charge
ok 76 - insufficient material on any ingredient causes no partial charge
  ---
  duration_ms: 2.9263
  type: 'test'
  ...
# Subtest: longbow requires original bow then keeps it and charges exact components
ok 77 - longbow requires original bow then keeps it and charges exact components
  ---
  duration_ms: 1.2037
  type: 'test'
  ...
# Subtest: craft duplicate id never charges twice and changed content is refused
ok 78 - craft duplicate id never charges twice and changed content is refused
  ---
  duration_ms: 1.8325
  type: 'test'
  ...
# Subtest: gem crafting charges correct actual material and currency balances
ok 79 - gem crafting charges correct actual material and currency balances
  ---
  duration_ms: 0.4956
  type: 'test'
  ...
# Subtest: gem capacity, ore and coin refusals are atomic
ok 80 - gem capacity, ore and coin refusals are atomic
  ---
  duration_ms: 2.1865
  type: 'test'
  ...
# Subtest: socket requires actual outdoor workbench and loose gem
ok 81 - socket requires actual outdoor workbench and loose gem
  ---
  duration_ms: 3.2216
  type: 'test'
  ...
# Subtest: fitting replacing reclaiming preserves total gem quantities
ok 82 - fitting replacing reclaiming preserves total gem quantities
  ---
  duration_ms: 0.5313
  type: 'test'
  ...
# Subtest: socket changes stats only for currently equipped weapon
ok 83 - socket changes stats only for currently equipped weapon
  ---
  duration_ms: 0.3833
  type: 'test'
  ...
# Subtest: moonstone raises capacity without healing and removal clamps current HP
ok 84 - moonstone raises capacity without healing and removal clamps current HP
  ---
  duration_ms: 0.4344
  type: 'test'
  ...
# Subtest: socket rejects same setting, wrong slot, foreign weapon, unknown gem
ok 85 - socket rejects same setting, wrong slot, foreign weapon, unknown gem
  ---
  duration_ms: 3.0475
  type: 'test'
  ...
# Subtest: full reclaim pouch prevents swap without consuming new gem
ok 86 - full reclaim pouch prevents swap without consuming new gem
  ---
  duration_ms: 1.4833
  type: 'test'
  ...
# Subtest: socket duplicate cannot charge, reclaim or alter stats twice
ok 87 - socket duplicate cannot charge, reclaim or alter stats twice
  ---
  duration_ms: 0.7934
  type: 'test'
  ...
# Subtest: range entry checks workshop proximity and prepared character
ok 88 - range entry checks workshop proximity and prepared character
  ---
  duration_ms: 1.6929
  type: 'test'
  ...
# Subtest: range collision bounds and pillars affect real walking
ok 89 - range collision bounds and pillars affect real walking
  ---
  duration_ms: 0.8068
  type: 'test'
  ...
# Subtest: range path routes around a pillar, not through it
ok 90 - range path routes around a pillar, not through it
  ---
  duration_ms: 3.646
  type: 'test'
  ...
# Subtest: range south exit requires proximity and restores workshop position
ok 91 - range south exit requires proximity and restores workshop position
  ---
  duration_ms: 1.3574
  type: 'test'
  ...
# Subtest: save inside court restores outside without unfinished arrows or round
ok 92 - save inside court restores outside without unfinished arrows or round
  ---
  duration_ms: 2.0057
  type: 'test'
  ...
# Subtest: bow provides ranged profile while all previous blades keep their reach
ok 93 - bow provides ranged profile while all previous blades keep their reach
  ---
  duration_ms: 1.3655
  type: 'test'
  ...
# Subtest: bows refuse village shots and blades refuse practice target attacks
ok 94 - bows refuse village shots and blades refuse practice target attacks
  ---
  duration_ms: 2.6194
  type: 'test'
  ...
# Subtest: launch spends exact stamina and damage is delayed until actual travel
ok 95 - launch spends exact stamina and damage is delayed until actual travel
  ---
  duration_ms: 4.5034
  type: 'test'
  ...
# Subtest: cooldown and low stamina refusals do not consume resources
ok 96 - cooldown and low stamina refusals do not consume resources
  ---
  duration_ms: 3.2307
  type: 'test'
  ...
# Subtest: unknown out of range and obstructed targets do not launch
ok 97 - unknown out of range and obstructed targets do not launch
  ---
  duration_ms: 2.2953
  type: 'test'
  ...
# Subtest: arrow direction is fixed and can miss a moving enemy
ok 98 - arrow direction is fixed and can miss a moving enemy
  ---
  duration_ms: 1.3941
  type: 'test'
  ...
# Subtest: damage snapshots the launch gear, not later equipped weapon
ok 99 - damage snapshots the launch gear, not later equipped weapon
  ---
  duration_ms: 1.1162
  type: 'test'
  ...
# Subtest: incoming arrow grants timed enemy awareness at current world time
ok 100 - incoming arrow grants timed enemy awareness at current world time
  ---
  duration_ms: 0.8154
  type: 'test'
  ...
# Subtest: line trace chooses first target regardless of requested target order
ok 101 - line trace chooses first target regardless of requested target order
  ---
  duration_ms: 0.1997
  type: 'test'
  ...
# Subtest: wall precedes targets behind it and already-hit ids are ignored
ok 102 - wall precedes targets behind it and already-hit ids are ignored
  ---
  duration_ms: 0.1084
  type: 'test'
  ...
# Subtest: swept segments catch a target between endpoints
ok 103 - swept segments catch a target between endpoints
  ---
  duration_ms: 0.0803
  type: 'test'
  ...
# Subtest: degenerate and invalid geometry is bounded
ok 104 - degenerate and invalid geometry is bounded
  ---
  duration_ms: 0.4504
  type: 'test'
  ...
# Subtest: projectiles cross road water but not real obstacles
ok 105 - projectiles cross road water but not real obstacles
  ---
  duration_ms: 0.5968
  type: 'test'
  ...
# Subtest: mine stone and court pillars stop arrows
ok 106 - mine stone and court pillars stop arrows
  ---
  duration_ms: 1.0027
  type: 'test'
  ...
# Subtest: piercing light can hit at most two bodies and each at most once
ok 107 - piercing light can hit at most two bodies and each at most once
  ---
  duration_ms: 0.9379
  type: 'test'
  ...
# Subtest: ordinary arrow only hits first intervening target
ok 108 - ordinary arrow only hits first intervening target
  ---
  duration_ms: 0.7479
  type: 'test'
  ...
# Subtest: leaving and dying discard transient arrows
ok 109 - leaving and dying discard transient arrows
  ---
  duration_ms: 0.7878
  type: 'test'
  ...
# Subtest: no arrow follows an enemy forever
ok 110 - no arrow follows an enemy forever
  ---
  duration_ms: 1.5452
  type: 'test'
  ...
# Subtest: a fired arrow reaching zero HP creates one ordinary cache and XP result
ok 111 - a fired arrow reaching zero HP creates one ordinary cache and XP result
  ---
  duration_ms: 0.8473
  type: 'test'
  ...
# Subtest: target motion is reproducible and only the sun moves
ok 112 - target motion is reproducible and only the sun moves
  ---
  duration_ms: 0.1812
  type: 'test'
  ...
# Subtest: round requires range and bow and cannot restart a running clock
ok 113 - round requires range and bow and cannot restart a running clock
  ---
  duration_ms: 2.0028
  type: 'test'
  ...
# Subtest: practice arrows hit real targets without XP harm defeat or loot
ok 114 - practice arrows hit real targets without XP harm defeat or loot
  ---
  duration_ms: 3.3549
  type: 'test'
  ...
# Subtest: untimed target hits cannot mint a practice reward
ok 115 - untimed target hits cannot mint a practice reward
  ---
  duration_ms: 0.6801
  type: 'test'
  ...
# Subtest: known-answer six hits award one medal five coins one amber
ok 116 - known-answer six hits award one medal five coins one amber
  ---
  duration_ms: 0.9698
  type: 'test'
  ...
# Subtest: repeated completed rounds improve best but never pay again
ok 117 - repeated completed rounds improve best but never pay again
  ---
  duration_ms: 1.7524
  type: 'test'
  ...
# Subtest: longer round preserves faster recorded time
ok 118 - longer round preserves faster recorded time
  ---
  duration_ms: 0.7058
  type: 'test'
  ...
# Subtest: partial hits and timeout have no reward; new round starts empty
ok 119 - partial hits and timeout have no reward; new round starts empty
  ---
  duration_ms: 14.6503
  type: 'test'
  ...
# Subtest: pause freezes timer projectile and moving target
ok 120 - pause freezes timer projectile and moving target
  ---
  duration_ms: 2.6776
  type: 'test'
  ...
# Subtest: daylight adjustment does not advance practice clock
ok 121 - daylight adjustment does not advance practice clock
  ---
  duration_ms: 0.5125
  type: 'test'
  ...
# Subtest: round stop preserves prior medal and clears arrows
ok 122 - round stop preserves prior medal and clears arrows
  ---
  duration_ms: 1.0308
  type: 'test'
  ...
# Subtest: reward overflow does not mark medal or partly pay
ok 123 - reward overflow does not mark medal or partly pay
  ---
  duration_ms: 0.6052
  type: 'test'
  ...
# Subtest: saved medal sockets and health validate in a cold restart
ok 124 - saved medal sockets and health validate in a cold restart
  ---
  duration_ms: 1.1553
  type: 'test'
  ...
# Subtest: equipped amber modifies actual fox damage, unequipped amber does not
ok 125 - equipped amber modifies actual fox damage, unequipped amber does not
  ---
  duration_ms: 1.7099
  type: 'test'
  ...
# Subtest: Realm08 world migrates to current schema without changing supported content
ok 126 - Realm08 world migrates to current schema without changing supported content
  ---
  duration_ms: 9.5511
  type: 'test'
  ...
# Subtest: fresh beacon contains no earned alignment or free story completion
ok 127 - fresh beacon contains no earned alignment or free story completion
  ---
  duration_ms: 0.2778
  type: 'test'
  ...
# Subtest: beacon import rejects version
ok 128 - beacon import rejects version
  ---
  duration_ms: 0.464
  type: 'test'
  ...
# Subtest: beacon import rejects missingSoul
ok 129 - beacon import rejects missingSoul
  ---
  duration_ms: 0.4569
  type: 'test'
  ...
# Subtest: beacon import rejects badStatus
ok 130 - beacon import rejects badStatus
  ---
  duration_ms: 0.4344
  type: 'test'
  ...
# Subtest: beacon import rejects badCounts
ok 131 - beacon import rejects badCounts
  ---
  duration_ms: 0.3536
  type: 'test'
  ...
# Subtest: beacon import rejects unknownRoute
ok 132 - beacon import rejects unknownRoute
  ---
  duration_ms: 0.2693
  type: 'test'
  ...
# Subtest: beacon import rejects unearnedCompletion
ok 133 - beacon import rejects unearnedCompletion
  ---
  duration_ms: 0.3189
  type: 'test'
  ...
# Subtest: beacon import rejects rewardEarly
ok 134 - beacon import rejects rewardEarly
  ---
  duration_ms: 0.3419
  type: 'test'
  ...
# Subtest: beacon import rejects graceEarly
ok 135 - beacon import rejects graceEarly
  ---
  duration_ms: 0.3507
  type: 'test'
  ...
# Subtest: beacon import rejects negativeRadiance
ok 136 - beacon import rejects negativeRadiance
  ---
  duration_ms: 0.2893
  type: 'test'
  ...
# Subtest: beacon import rejects corruptionNoHistory
ok 137 - beacon import rejects corruptionNoHistory
  ---
  duration_ms: 0.3227
  type: 'test'
  ...
# Subtest: beacon import rejects falsePower
ok 138 - beacon import rejects falsePower
  ---
  duration_ms: 0.3621
  type: 'test'
  ...
# Subtest: beacon import rejects fakeScar
ok 139 - beacon import rejects fakeScar
  ---
  duration_ms: 0.2347
  type: 'test'
  ...
# Subtest: beacon import rejects duplicatedScars
ok 140 - beacon import rejects duplicatedScars
  ---
  duration_ms: 0.2463
  type: 'test'
  ...
# Subtest: beacon import rejects unearnedRelic
ok 141 - beacon import rejects unearnedRelic
  ---
  duration_ms: 0.2165
  type: 'test'
  ...
# Subtest: beacon import rejects nonintegerAttempts
ok 142 - beacon import rejects nonintegerAttempts
  ---
  duration_ms: 0.2162
  type: 'test'
  ...
# Subtest: beacon opening requires story and physical scene
ok 143 - beacon opening requires story and physical scene
  ---
  duration_ms: 16.8715
  type: 'test'
  ...
# Subtest: answer at beacon settles an unreported chapter II exactly once
ok 144 - answer at beacon settles an unreported chapter II exactly once
  ---
  duration_ms: 4.4685
  type: 'test'
  ...
# Subtest: arrival has three actual valid paths and does not start combat automatically
ok 145 - arrival has three actual valid paths and does not start combat automatically
  ---
  duration_ms: 9.3691
  type: 'test'
  ...
# Subtest: cannot accept Grace or start battle during the descent
ok 146 - cannot accept Grace or start battle during the descent
  ---
  duration_ms: 5.1906
  type: 'test'
  ...
# Subtest: Grace is optional and a deliberate single claim
ok 147 - Grace is optional and a deliberate single claim
  ---
  duration_ms: 6.5369
  type: 'test'
  ...
# Subtest: first defense can start without accepting a Grace
ok 148 - first defense can start without accepting a Grace
  ---
  duration_ms: 8.5144
  type: 'test'
  ...
# Subtest: new events never insert their IDs into ordinary defeat or cache persistence
ok 149 - new events never insert their IDs into ordinary defeat or cache persistence
  ---
  duration_ms: 4.9417
  type: 'test'
  ...
# Subtest: complete waves opens exactly one reward, replaying request cannot double pay
ok 150 - complete waves opens exactly one reward, replaying request cannot double pay
  ---
  duration_ms: 63.7846
  type: 'test'
  ...
# Subtest: full pouch refuses defense reward atomically
ok 151 - full pouch refuses defense reward atomically
  ---
  duration_ms: 129.1678
  type: 'test'
  ...
# Subtest: ordinary failure is recoverable and protects completed content
ok 152 - ordinary failure is recoverable and protects completed content
  ---
  duration_ms: 8.0421
  type: 'test'
  ...
# Subtest: withdrawal loses the encounter but a reload does not invent a win
ok 153 - withdrawal loses the encounter but a reload does not invent a win
  ---
  duration_ms: 6.2481
  type: 'test'
  ...
# Subtest: pause stops arrival movement, enemy windups, ward and timers
ok 154 - pause stops arrival movement, enemy windups, ward and timers
  ---
  duration_ms: 10.4597
  type: 'test'
  ...
# Subtest: repair spends actual stamina, obeys position cooldown and maximum
ok 155 - repair spends actual stamina, obeys position cooldown and maximum
  ---
  duration_ms: 13.8002
  type: 'test'
  ...
# Subtest: Oren repairs, Mara reveals and Ilan replenishes stamina on active schedules
ok 156 - Oren repairs, Mara reveals and Ilan replenishes stamina on active schedules
  ---
  duration_ms: 4.7961
  type: 'test'
  ...
# Subtest: passive presence is not a guaranteed defense win
ok 157 - passive presence is not a guaranteed defense win
  ---
  duration_ms: 73.5876
  type: 'test'
  ...
# Subtest: attempt cap refuses before healing or spending resources
ok 158 - attempt cap refuses before healing or spending resources
  ---
  duration_ms: 7.1849
  type: 'test'
  ...
# Subtest: cinder is an explicit exclusive choice and acceptance does not corrupt
ok 159 - cinder is an explicit exclusive choice and acceptance does not corrupt
  ---
  duration_ms: 72.3149
  type: 'test'
  ...
# Subtest: sealing a cinder imposes neither power nor corruption
ok 160 - sealing a cinder imposes neither power nor corruption
  ---
  duration_ms: 66.2007
  type: 'test'
  ...
# Subtest: replay rewards and failures cannot damage a completed chapter
ok 161 - replay rewards and failures cannot damage a completed chapter
  ---
  duration_ms: 78.9417
  type: 'test'
  ...
# Subtest: future route records do not teleport or unlock nonexistent geography
ok 162 - future route records do not teleport or unlock nonexistent geography
  ---
  duration_ms: 61.3301
  type: 'test'
  ...
# Subtest: target cycling is nearest-first, reversible and never starts attacking
ok 163 - target cycling is nearest-first, reversible and never starts attacking
  ---
  duration_ms: 2.2462
  type: 'test'
  ...
# Subtest: hidden dead and very distant targets are not selectable
ok 164 - hidden dead and very distant targets are not selectable
  ---
  duration_ms: 4.6809
  type: 'test'
  ...
# Subtest: autoattack repeatedly uses real cooldowns without moving the player
ok 165 - autoattack repeatedly uses real cooldowns without moving the player
  ---
  duration_ms: 2.4115
  type: 'test'
  ...
# Subtest: out of range autoattack waits rather than walking or spending stamina
ok 166 - out of range autoattack waits rather than walking or spending stamina
  ---
  duration_ms: 1.7511
  type: 'test'
  ...
# Subtest: selected target death stops autoattack instead of pulling a new foe
ok 167 - selected target death stops autoattack instead of pulling a new foe
  ---
  duration_ms: 2.0341
  type: 'test'
  ...
# Subtest: clear target, scene changes and restart never retain autoattack
ok 168 - clear target, scene changes and restart never retain autoattack
  ---
  duration_ms: 2.7067
  type: 'test'
  ...
# Subtest: Brace halves guarded damage for its actual timed window
ok 169 - Brace halves guarded damage for its actual timed window
  ---
  duration_ms: 4.7469
  type: 'test'
  ...
# Subtest: Brace refuses insufficient stamina without charging a cooldown
ok 170 - Brace refuses insufficient stamina without charging a cooldown
  ---
  duration_ms: 2.8715
  type: 'test'
  ...
# Subtest: Briar reveals a cloaked foe, exposes and interrupts a locked windup
ok 171 - Briar reveals a cloaked foe, exposes and interrupts a locked windup
  ---
  duration_ms: 4.6645
  type: 'test'
  ...
# Subtest: Briar Stay prevents the companion skill
ok 172 - Briar Stay prevents the companion skill
  ---
  duration_ms: 2.3285
  type: 'test'
  ...
# Subtest: Aegis is a finite barrier, not immortality, and needs accepted Grace
ok 173 - Aegis is a finite barrier, not immortality, and needs accepted Grace
  ---
  duration_ms: 8.529
  type: 'test'
  ...
# Subtest: Cinder health cost is nonlethal and its scar is persistent but not repeated
ok 174 - Cinder health cost is nonlethal and its scar is persistent but not repeated
  ---
  duration_ms: 69.4185
  type: 'test'
  ...
# Subtest: renouncing the cinder removes power and present corruption, not its history
ok 175 - renouncing the cinder removes power and present corruption, not its history
  ---
  duration_ms: 67.8204
  type: 'test'
  ...
# Subtest: choice switching never grants damage by itself or silently starts PvP
ok 176 - choice switching never grants damage by itself or silently starts PvP
  ---
  duration_ms: 3.4751
  type: 'test'
  ...
# Subtest: mutation receipts protect identical retries and reject changed choices
ok 177 - mutation receipts protect identical retries and reject changed choices
  ---
  duration_ms: 5.876
  type: 'test'
  ...
# Subtest: first target selected after a scene change survives the next tick
ok 178 - first target selected after a scene change survives the next tick
  ---
  duration_ms: 3.7506
  type: 'test'
  ...
# Subtest: rail eligibility preserves every reviewed bridge transform, color and mesh
ok 179 - rail eligibility preserves every reviewed bridge transform, color and mesh
  ---
  duration_ms: 6.0806
  type: 'test'
  ...
# Subtest: rail visibility uniform resets per batch and remains off in reflection, other realms and off-span
ok 180 - rail visibility uniform resets per batch and remains off in reflection, other realms and off-span
  ---
  duration_ms: 1.3359
  type: 'test'
  ...
# Subtest: bridge floor is a continuous narrow supported corridor; flanking water rejects movement and picking
ok 181 - bridge floor is a continuous narrow supported corridor; flanking water rejects movement and picking
  ---
  duration_ms: 415.3577
  type: 'test'
  ...
# Subtest: fresh and returning movement crosses both banks and retains canonical ownership
ok 182 - fresh and returning movement crosses both banks and retains canonical ownership
  ---
  duration_ms: 67.75
  type: 'test'
  ...
# Subtest: bridge pieces respect finite budgets, floor, open rails and per-pier water contact
ok 183 - bridge pieces respect finite budgets, floor, open rails and per-pier water contact
  ---
  duration_ms: 1.1465
  type: 'test'
  ...
# Subtest: vault is actual finite open elliptic geometry, not a filled box or floating ring
ok 184 - vault is actual finite open elliptic geometry, not a filled box or floating ring
  ---
  duration_ms: 3.6272
  type: 'test'
  ...
# Subtest: Earth submits the bridge instead of terrain columns inside its water span
ok 185 - Earth submits the bridge instead of terrain columns inside its water span
  ---
  duration_ms: 19.58
  type: 'test'
  ...
# Subtest: asymmetric mountain mesh is bounded finite original ground rather than cone peaks
ok 186 - asymmetric mountain mesh is bounded finite original ground rather than cone peaks
  ---
  duration_ms: 2.2718
  type: 'test'
  ...
# Subtest: world cloud basis preserves the exact reflected VP horizontal handedness in both cameras
ok 187 - world cloud basis preserves the exact reflected VP horizontal handedness in both cameras
  ---
  duration_ms: 0.623
  type: 'test'
  ...
# Subtest: rock skirt has outward finite faces, a straight upper seam and submerged irregular lower edge
ok 188 - rock skirt has outward finite faces, a straight upper seam and submerged irregular lower edge
  ---
  duration_ms: 1.3286
  type: 'test'
  ...
# Subtest: actual shoreline world triangles leave vaults and supported walking floor clear without fake flat ground
ok 189 - actual shoreline world triangles leave vaults and supported walking floor clear without fake flat ground
  ---
  duration_ms: 27.702
  type: 'test'
  ...
# Subtest: mountain spacing leaves three receding layers and fits the existing scenery budget
ok 190 - mountain spacing leaves three receding layers and fits the existing scenery budget
  ---
  duration_ms: 1.2072
  type: 'test'
  ...
# Subtest: old world migrates empty bridge work without changing old fields
ok 191 - old world migrates empty bridge work without changing old fields
  ---
  duration_ms: 8.963
  type: 'test'
  ...
# Subtest: future/null/impossible bridge records refuse instead of discarding history
ok 192 - future/null/impossible bridge records refuse instead of discarding history
  ---
  duration_ms: 0.3738
  type: 'test'
  ...
# Subtest: acceptance checks kit/proximity and synchronous durability without mutations
ok 193 - acceptance checks kit/proximity and synchronous durability without mutations
  ---
  duration_ms: 19.9688
  type: 'test'
  ...
# Subtest: shelter completed unpaid work is atomic, retryable and paid exactly once
ok 194 - shelter completed unpaid work is atomic, retryable and paid exactly once
  ---
  duration_ms: 17.3895
  type: 'test'
  ...
# Subtest: river-lookout completed unpaid work is atomic, retryable and paid exactly once
ok 195 - river-lookout completed unpaid work is atomic, retryable and paid exactly once
  ---
  duration_ms: 14.5526
  type: 'test'
  ...
# Subtest: work anchors and the living worker remain on full-body supported ground
ok 196 - work anchors and the living worker remain on full-body supported ground
  ---
  duration_ms: 25.4076
  type: 'test'
  ...
# Subtest: claimed community work teaches a single deliberate home board
ok 197 - claimed community work teaches a single deliberate home board
  ---
  duration_ms: 8.4293
  type: 'test'
  ...
# Subtest: blocked-side work, stale requests and unavailable characters preserve every byte and write
ok 198 - blocked-side work, stale requests and unavailable characters preserve every byte and write
  ---
  duration_ms: 9.1269
  type: 'test'
  ...
# Subtest: fitted fixtures, worker and record are read-only, seated and grounded
ok 199 - fitted fixtures, worker and record are read-only, seated and grounded
  ---
  duration_ms: 17.9862
  type: 'test'
  ...
# Subtest: working stop differs from resting stop and the supported actor loop freezes while paused
ok 200 - working stop differs from resting stop and the supported actor loop freezes while paused
  ---
  duration_ms: 95.0662
  type: 'test'
  ...
# Subtest: global/CommonJS expose only a frozen pure planner
ok 201 - global/CommonJS expose only a frozen pure planner
  ---
  duration_ms: 1.6659
  type: 'test'
  ...
# Subtest: actual Hearthwater and Coastward midpoint plans retain the existing adventure framing
ok 202 - actual Hearthwater and Coastward midpoint plans retain the existing adventure framing
  ---
  duration_ms: 1.6138
  type: 'test'
  ...
# Subtest: all actual diorama styles retain half nine and relative zoom without switching preset or FOV
ok 203 - all actual diorama styles retain half nine and relative zoom without switching preset or FOV
  ---
  duration_ms: 1.0691
  type: 'test'
  ...
# Subtest: canonical bank joins remain frameable at each actual deck end
ok 204 - canonical bank joins remain frameable at each actual deck end
  ---
  duration_ms: 0.2859
  type: 'test'
  ...
# Subtest: supported ground just beyond each deck refuses framing rather than extending bridge identity
ok 205 - supported ground just beyond each deck refuses framing rather than extending bridge identity
  ---
  duration_ms: 0.2556
  type: 'test'
  ...
# Subtest: Hearthwater physical foot support rejects the visible-deck fringe and retains valid inner edge
ok 206 - Hearthwater physical foot support rejects the visible-deck fringe and retains valid inner edge
  ---
  duration_ms: 0.2075
  type: 'test'
  ...
# Subtest: Coastward framing obeys actual full-actor rail exclusion even inside the supported patch
ok 207 - Coastward framing obeys actual full-actor rail exclusion even inside the supported patch
  ---
  duration_ms: 0.3812
  type: 'test'
  ...
# Subtest: actual supported off-bridge work and roads refuse without any planned camera fields
ok 208 - actual supported off-bridge work and roads refuse without any planned camera fields
  ---
  duration_ms: 0.2685
  type: 'test'
  ...
# Subtest: synthetic malformed input/presets/diving/base widths refuse with fresh readable results
ok 209 - synthetic malformed input/presets/diving/base widths refuse with fresh readable results
  ---
  duration_ms: 0.3904
  type: 'test'
  ...
# Subtest: plans ignore health and extra authority objects, preserve frozen inputs and return fresh views
ok 210 - plans ignore health and extra authority objects, preserve frozen inputs and return fresh views
  ---
  duration_ms: 0.4638
  type: 'test'
  ...
# Subtest: synthetic missing/malformed canonical data refuse safely before exposing a view
ok 211 - synthetic missing/malformed canonical data refuse safely before exposing a view
  ---
  duration_ms: 3.1377
  type: 'test'
  ...
# Subtest: per-view preferences roundtrip without changing progression or creative content
ok 212 - per-view preferences roundtrip without changing progression or creative content
  ---
  duration_ms: 10.4896
  type: 'test'
  ...
# Subtest: old camera preferences acquire empty view memory and keep their selected mode
ok 213 - old camera preferences acquire empty view memory and keep their selected mode
  ---
  duration_ms: 1.0814
  type: 'test'
  ...
# Subtest: invalid optional view profiles cannot inject nonfinite camera state or discard valid peers
ok 214 - invalid optional view profiles cannot inject nonfinite camera state or discard valid peers
  ---
  duration_ms: 1.0851
  type: 'test'
  ...
# Subtest: unknown view-memory versions fall back while keeping ordinary settings and saves
ok 215 - unknown view-memory versions fall back while keeping ordinary settings and saves
  ---
  duration_ms: 0.7671
  type: 'test'
  ...
# Subtest: perspective has depth and the requested vertical field of view
ok 216 - perspective has depth and the requested vertical field of view
  ---
  duration_ms: 1.0703
  type: 'test'
  ...
# Subtest: production picking inverts ground projection across orbit, FOV and aspect
ok 217 - production picking inverts ground projection across orbit, FOV and aspect
  ---
  duration_ms: 2.8194
  type: 'test'
  ...
# Subtest: perspective sky and behind-camera points never become movement destinations
ok 218 - perspective sky and behind-camera points never become movement destinations
  ---
  duration_ms: 0.2295
  type: 'test'
  ...
# Subtest: obstruction sweep pulls in before a wall, ignores a clear ray and handles a grazing near plane
ok 219 - obstruction sweep pulls in before a wall, ignores a clear ray and handles a grazing near plane
  ---
  duration_ms: 0.3987
  type: 'test'
  ...
# Subtest: perspective water reflection retains contact UV and actual world mirror
ok 220 - perspective water reflection retains contact UV and actual world mirror
  ---
  duration_ms: 0.3774
  type: 'test'
  ...
# Subtest: presentation preferences roundtrip without modifying old progression or creative state
ok 221 - presentation preferences roundtrip without modifying old progression or creative state
  ---
  duration_ms: 11.9402
  type: 'test'
  ...
# Subtest: clearance bounds preserve rotated wall extents and explicitly exclude foliage and low ground
ok 222 - clearance bounds preserve rotated wall extents and explicitly exclude foliage and low ground
  ---
  duration_ms: 0.5288
  type: 'test'
  ...
# Subtest: clearance sees opted-in dynamic construction and keeps actor batches out
ok 223 - clearance sees opted-in dynamic construction and keeps actor batches out
  ---
  duration_ms: 0.449
  type: 'test'
  ...
# Subtest: explicit realm walls keep camera clearance below the legacy floor cutoff
ok 224 - explicit realm walls keep camera clearance below the legacy floor cutoff
  ---
  duration_ms: 0.2751
  type: 'test'
  ...
# Subtest: legacy load leaves every stored byte untouched until explicit character creation
ok 225 - legacy load leaves every stored byte untouched until explicit character creation
  ---
  duration_ms: 16.746
  type: 'test'
  ...
# Subtest: switching saves outgoing state and restores complete independent characters
ok 226 - switching saves outgoing state and restores complete independent characters
  ---
  duration_ms: 7.1276
  type: 'test'
  ...
# Subtest: quota failures never switch identity, spend state, or create partial slots
ok 227 - quota failures never switch identity, spend state, or create partial slots
  ---
  duration_ms: 4.3435
  type: 'test'
  ...
# Subtest: imports copy a validated character into a new slot and full capacity is atomic
ok 228 - imports copy a validated character into a new slot and full capacity is atomic
  ---
  duration_ms: 9.2933
  type: 'test'
  ...
# Subtest: deletion requires the exact inactive target name and never reuses its identity
ok 229 - deletion requires the exact inactive target name and never reuses its identity
  ---
  duration_ms: 9.3594
  type: 'test'
  ...
# Subtest: stale UI revisions and external storage changes refuse mutations
ok 230 - stale UI revisions and external storage changes refuse mutations
  ---
  duration_ms: 2.1078
  type: 'test'
  ...
# Subtest: a present corrupt library cannot silently restore or overwrite an old world
ok 231 - a present corrupt library cannot silently restore or overwrite an old world
  ---
  duration_ms: 0.3402
  type: 'test'
  ...
# Subtest: managed writes require ownership of the browser editing lock
ok 232 - managed writes require ownership of the browser editing lock
  ---
  duration_ms: 1.2017
  type: 'test'
  ...
# Subtest: a legacy tab detects another writer before save, migration, or explicit replacement
ok 233 - a legacy tab detects another writer before save, migration, or explicit replacement
  ---
  duration_ms: 0.8051
  type: 'test'
  ...
# Subtest: invalid imported state and invalid library identities reject before any write
ok 234 - invalid imported state and invalid library identities reject before any write
  ---
  duration_ms: 3.1794
  type: 'test'
  ...
# Subtest: failed legacy replacement retains the loaded runtime and original bytes
ok 235 - failed legacy replacement retains the loaded runtime and original bytes
  ---
  duration_ms: 1.0802
  type: 'test'
  ...
# Subtest: editing lock is held until release and a competing owner must retry explicitly
ok 236 - editing lock is held until release and a competing owner must retry explicitly
  ---
  duration_ms: 5.0844
  type: 'test'
  ...
# Subtest: version6 migrates to current schema with no inferred class and all banked XP intact
ok 237 - version6 migrates to current schema with no inferred class and all banked XP intact
  ---
  duration_ms: 22.127
  type: 'test'
  ...
# Subtest: class choice requires kit, proximity, known ID and explicit confirmation atomically
ok 238 - class choice requires kit, proximity, known ID and explicit confirmation atomically
  ---
  duration_ms: 15.2966
  type: 'test'
  ...
# Subtest: hunter is deliberate, one-time, reloadable and grants no gear/history/XP
ok 239 - hunter is deliberate, one-time, reloadable and grants no gear/history/XP
  ---
  duration_ms: 2.4586
  type: 'test'
  ...
# Subtest: magician is deliberate, one-time, reloadable and grants no gear/history/XP
ok 240 - magician is deliberate, one-time, reloadable and grants no gear/history/XP
  ---
  duration_ms: 2.5499
  type: 'test'
  ...
# Subtest: invalid class state and impossible unstarted class are refused
ok 241 - invalid class state and impossible unstarted class are refused
  ---
  duration_ms: 0.8706
  type: 'test'
  ...
# Subtest: technique refuses unassigned, wrong scene, pause, death and absent target
ok 242 - technique refuses unassigned, wrong scene, pause, death and absent target
  ---
  duration_ms: 7.0217
  type: 'test'
  ...
# Subtest: hunter validates range, LOS, stamina and durable cooldown before paying
ok 243 - hunter validates range, LOS, stamina and durable cooldown before paying
  ---
  duration_ms: 5.4269
  type: 'test'
  ...
# Subtest: magician validates range, LOS, stamina and durable cooldown before paying
ok 244 - magician validates range, LOS, stamina and durable cooldown before paying
  ---
  duration_ms: 5.1192
  type: 'test'
  ...
# Subtest: hunter marks without a hit and only the next actual blade impact gains bounded damage
ok 245 - hunter marks without a hit and only the next actual blade impact gains bounded damage
  ---
  duration_ms: 1.0382
  type: 'test'
  ...
# Subtest: hunter mark is not consumed by another target, companion or soul damage
ok 246 - hunter mark is not consumed by another target, companion or soul damage
  ---
  duration_ms: 0.7552
  type: 'test'
  ...
# Subtest: bow mark follows swept collision, with no payout on a missed arrow
ok 247 - bow mark follows swept collision, with no payout on a missed arrow
  ---
  duration_ms: 1.6461
  type: 'test'
  ...
# Subtest: an obstructed arrow cannot consume mark or make confirmed-hit feedback
ok 248 - an obstructed arrow cannot consume mark or make confirmed-hit feedback
  ---
  duration_ms: 0.7361
  type: 'test'
  ...
# Subtest: marks expire and cannot cross scene, run identity or reload
ok 249 - marks expire and cannot cross scene, run identity or reload
  ---
  duration_ms: 1.5054
  type: 'test'
  ...
# Subtest: magician creates one actual damage event, faces target and never spawns an arrow
ok 250 - magician creates one actual damage event, faces target and never spawns an arrow
  ---
  duration_ms: 0.5897
  type: 'test'
  ...
# Subtest: class techniques do not earn the archery medal and leave weapon family free
ok 251 - class techniques do not earn the archery medal and leave weapon family free
  ---
  duration_ms: 1.7821
  type: 'test'
  ...
# Subtest: Coastward skirts are bounded deterministic static instances in one shared mesh kind
ok 252 - Coastward skirts are bounded deterministic static instances in one shared mesh kind
  ---
  duration_ms: 66.4814
  type: 'test'
  ...
# Subtest: every actual upper seam meets rendered grass underside on a real exposed union boundary
ok 253 - every actual upper seam meets rendered grass underside on a real exposed union boundary
  ---
  duration_ms: 19.7949
  type: 'test'
  ...
# Subtest: actual skirt triangles remain below every supported foot plane and sink all lower edge vertices
ok 254 - actual skirt triangles remain below every supported foot plane and sink all lower edge vertices
  ---
  duration_ms: 19.5844
  type: 'test'
  ...
# Subtest: all exposed surface normals retain their positive outward and upward orientation after transformation
ok 255 - all exposed surface normals retain their positive outward and upward orientation after transformation
  ---
  duration_ms: 8.0913
  type: 'test'
  ...
# Subtest: bridge sides remain open and all actual full-body routes stay above decorative geometry
ok 256 - bridge sides remain open and all actual full-body routes stay above decorative geometry
  ---
  duration_ms: 812.0277
  type: 'test'
  ...
# Subtest: normal submission adds skirts only to Coastward and never changes canonical definitions or saves
ok 257 - normal submission adds skirts only to Coastward and never changes canonical definitions or saves
  ---
  duration_ms: 100.0899
  type: 'test'
  ...
# Subtest: joining and subdividing equal-height source cells introduces no interior skirt or duplicate seam
ok 258 - joining and subdividing equal-height source cells introduces no interior skirt or duplicate seam
  ---
  duration_ms: 0.3768
  type: 'test'
  ...
# Subtest: the new woodland floor is actual traversable ground linking both original lanes
ok 259 - the new woodland floor is actual traversable ground linking both original lanes
  ---
  duration_ms: 3.2396
  type: 'test'
  ...
# Subtest: smooth bank surface vertices share normals across triangle joins without changing the old rock mesh
ok 260 - smooth bank surface vertices share normals across triangle joins without changing the old rock mesh
  ---
  duration_ms: 2.2054
  type: 'test'
  ...
# Subtest: only existing channel posts and four approach lamps join the main-view cutaway aperture
ok 261 - only existing channel posts and four approach lamps join the main-view cutaway aperture
  ---
  duration_ms: 90.9873
  type: 'test'
  ...
# Subtest: browser and CommonJS expose the same pure interface without foreign global mutation
ok 262 - browser and CommonJS expose the same pure interface without foreign global mutation
  ---
  duration_ms: 3.1834
  type: 'test'
  ...
# Subtest: all three canonical buildings have bounded deterministic original exterior parts
ok 263 - all three canonical buildings have bounded deterministic original exterior parts
  ---
  duration_ms: 14.9178
  type: 'test'
  ...
# Subtest: roof shells and framing follow actual parent extents and meet the roof profile
ok 264 - roof shells and framing follow actual parent extents and meet the roof profile
  ---
  duration_ms: 1.312
  type: 'test'
  ...
# Subtest: timber matrices are positive orthonormal and local grain meets declared endpoints
ok 265 - timber matrices are positive orthonormal and local grain meets declared endpoints
  ---
  duration_ms: 2.7401
  type: 'test'
  ...
# Subtest: body-height facade stays within existing collision clearance, eaves remain overhead
ok 266 - body-height facade stays within existing collision clearance, eaves remain overhead
  ---
  duration_ms: 14.4555
  type: 'test'
  ...
# Subtest: actual emitted geometry leaves all authored public routes and task actors clear
ok 267 - actual emitted geometry leaves all authored public routes and task actors clear
  ---
  duration_ms: 335.3194
  type: 'test'
  ...
# Subtest: all opaque dressing inherits house cutaway tags without camera or body authority
ok 268 - all opaque dressing inherits house cutaway tags without camera or body authority
  ---
  duration_ms: 1.6274
  type: 'test'
  ...
# Subtest: changed parent positions and supplied floor heights move dressing rather than hard-code geography
ok 269 - changed parent positions and supplied floor heights move dressing rather than hard-code geography
  ---
  duration_ms: 1.8617
  type: 'test'
  ...
# Subtest: decoration writes only computed geometry and leaves definitions and simulation untouched
ok 270 - decoration writes only computed geometry and leaves definitions and simulation untouched
  ---
  duration_ms: 3.0566
  type: 'test'
  ...
# Subtest: malformed parents or height refuse before any writer mutation
ok 271 - malformed parents or height refuse before any writer mutation
  ---
  duration_ms: 1.8556
  type: 'test'
  ...
# Subtest: isolated global/CommonJS expose only the frozen pure woodland API
ok 272 - isolated global/CommonJS expose only the frozen pure woodland API
  ---
  duration_ms: 2.8883
  type: 'test'
  ...
# Subtest: ten actual parents receive deterministic mixed canopy within the total budget
ok 273 - ten actual parents receive deterministic mixed canopy within the total budget
  ---
  duration_ms: 6.2067
  type: 'test'
  ...
# Subtest: every actual mesh/basis is finite, positive and parent-tagged without new camera/body authority
ok 274 - every actual mesh/basis is finite, positive and parent-tagged without new camera/body authority
  ---
  duration_ms: 50.4072
  type: 'test'
  ...
# Subtest: actual bark faces intersect the unchanged trunk while low roots stay supported and close
ok 275 - actual bark faces intersect the unchanged trunk while low roots stay supported and close
  ---
  duration_ms: 6.3482
  type: 'test'
  ...
# Subtest: rising branches meet the trunk, timber grain endpoints and opaque crown volumes
ok 276 - rising branches meet the trunk, timber grain endpoints and opaque crown volumes
  ---
  duration_ms: 5.5853
  type: 'test'
  ...
# Subtest: upper and lower crown meshes overlap into coherent crowns at the CPU rest pose
ok 277 - upper and lower crown meshes overlap into coherent crowns at the CPU rest pose
  ---
  duration_ms: 1.9917
  type: 'test'
  ...
# Subtest: all route full-body envelopes stay clear including conservative crown wind bounds
ok 278 - all route full-body envelopes stay clear including conservative crown wind bounds
  ---
  duration_ms: 42.8501
  type: 'test'
  ...
# Subtest: high opaque art clears a full actor and canopy spread stays bounded by actual parents
ok 279 - high opaque art clears a full actor and canopy spread stays bounded by actual parents
  ---
  duration_ms: 34.2452
  type: 'test'
  ...
# Subtest: reserved wind envelope matches current source path and only foliage opts in
ok 280 - reserved wind envelope matches current source path and only foliage opts in
  ---
  duration_ms: 1.1084
  type: 'test'
  ...
# Subtest: parent and supplied-height changes move every part without hard-coded coordinates
ok 281 - parent and supplied-height changes move every part without hard-coded coordinates
  ---
  duration_ms: 2.1352
  type: 'test'
  ...
# Subtest: decorate appends only fresh geometry and never reads simulation/progression
ok 282 - decorate appends only fresh geometry and never reads simulation/progression
  ---
  duration_ms: 4.4404
  type: 'test'
  ...
# Subtest: missing/duplicate/malformed parents or unsupported heights refuse before writer mutation
ok 283 - missing/duplicate/malformed parents or unsupported heights refuse before writer mutation
  ---
  duration_ms: 2.0516
  type: 'test'
  ...
# Subtest: selected real-time strike and recovery status retain their actual timer without writes
ok 284 - selected real-time strike and recovery status retain their actual timer without writes
  ---
  duration_ms: 28.941
  type: 'test'
  ...
# Subtest: owner-aware warning charge
ok 285 - owner-aware warning charge
  ---
  duration_ms: 1.0336
  type: 'test'
  ...
# Subtest: owner-aware warning bell-outer
ok 286 - owner-aware warning bell-outer
  ---
  duration_ms: 0.6905
  type: 'test'
  ...
# Subtest: owner-aware warning bell-inner
ok 287 - owner-aware warning bell-inner
  ---
  duration_ms: 1.6611
  type: 'test'
  ...
# Subtest: owner-aware warning ward
ok 288 - owner-aware warning ward
  ---
  duration_ms: 0.9521
  type: 'test'
  ...
# Subtest: owner-aware warning strike
ok 289 - owner-aware warning strike
  ---
  duration_ms: 0.7912
  type: 'test'
  ...
# Subtest: active charge is untimed and distinct from its preceding warning and later opening
ok 290 - active charge is untimed and distinct from its preceding warning and later opening
  ---
  duration_ms: 0.8129
  type: 'test'
  ...
# Subtest: clears cue at idle
ok 291 - clears cue at idle
  ---
  duration_ms: 0.6883
  type: 'test'
  ...
# Subtest: clears cue at pursue
ok 292 - clears cue at pursue
  ---
  duration_ms: 2.1902
  type: 'test'
  ...
# Subtest: clears cue at return
ok 293 - clears cue at return
  ---
  duration_ms: 0.7849
  type: 'test'
  ...
# Subtest: clears cue at practice
ok 294 - clears cue at practice
  ---
  duration_ms: 0.486
  type: 'test'
  ...
# Subtest: clears cue at hidden
ok 295 - clears cue at hidden
  ---
  duration_ms: 0.4434
  type: 'test'
  ...
# Subtest: clears cue at defeated
ok 296 - clears cue at defeated
  ---
  duration_ms: 0.4078
  type: 'test'
  ...
# Subtest: clears cue at unselected
ok 297 - clears cue at unselected
  ---
  duration_ms: 0.3911
  type: 'test'
  ...
# Subtest: clears cue at far
ok 298 - clears cue at far
  ---
  duration_ms: 0.4571
  type: 'test'
  ...
# Subtest: clears cue at paused
ok 299 - clears cue at paused
  ---
  duration_ms: 0.3802
  type: 'test'
  ...
# Subtest: clears cue at dead-player
ok 300 - clears cue at dead-player
  ---
  duration_ms: 0.4114
  type: 'test'
  ...
# Subtest: clears cue at noncombat
ok 301 - clears cue at noncombat
  ---
  duration_ms: 0.5282
  type: 'test'
  ...
# Subtest: clears cue at invalid-timer
ok 302 - clears cue at invalid-timer
  ---
  duration_ms: 0.4241
  type: 'test'
  ...
# Subtest: clears cue at expired-timer
ok 303 - clears cue at expired-timer
  ---
  duration_ms: 0.391
  type: 'test'
  ...
# Subtest: clears cue at unknown-ring
ok 304 - clears cue at unknown-ring
  ---
  duration_ms: 0.3625
  type: 'test'
  ...
# Subtest: clears cue at missing-aim
ok 305 - clears cue at missing-aim
  ---
  duration_ms: 0.7257
  type: 'test'
  ...
# Subtest: clears cue at unknown-charge
ok 306 - clears cue at unknown-charge
  ---
  duration_ms: 0.3431
  type: 'test'
  ...
# Subtest: clears cue at unknown-owner
ok 307 - clears cue at unknown-owner
  ---
  duration_ms: 0.334
  type: 'test'
  ...
# Subtest: clears cue at invalid-event-kind
ok 308 - clears cue at invalid-event-kind
  ---
  duration_ms: 0.3247
  type: 'test'
  ...
# Subtest: clears cue at invalid-bell-kind
ok 309 - clears cue at invalid-bell-kind
  ---
  duration_ms: 0.2053
  type: 'test'
  ...
# Subtest: opening cue never promises weapon readiness across reach, stamina or obstruction
ok 310 - opening cue never promises weapon readiness across reach, stamina or obstruction
  ---
  duration_ms: 0.9955
  type: 'test'
  ...
# Subtest: blade anticipates then repeatedly hits at its actual cadence, without walking
ok 311 - blade anticipates then repeatedly hits at its actual cadence, without walking
  ---
  duration_ms: 31.7542
  type: 'test'
  ...
# Subtest: bow anticipates then repeatedly hits at its actual cadence, without walking
ok 312 - bow anticipates then repeatedly hits at its actual cadence, without walking
  ---
  duration_ms: 10.0493
  type: 'test'
  ...
# Subtest: pending attack cancels on stop
ok 313 - pending attack cancels on stop
  ---
  duration_ms: 1.5474
  type: 'test'
  ...
# Subtest: pending attack cancels on range
ok 314 - pending attack cancels on range
  ---
  duration_ms: 1.2504
  type: 'test'
  ...
# Subtest: pending attack cancels on target
ok 315 - pending attack cancels on target
  ---
  duration_ms: 4.0037
  type: 'test'
  ...
# Subtest: pending attack cancels on pause
ok 316 - pending attack cancels on pause
  ---
  duration_ms: 1.3021
  type: 'test'
  ...
# Subtest: pending attack cancels on death
ok 317 - pending attack cancels on death
  ---
  duration_ms: 1.1159
  type: 'test'
  ...
# Subtest: blocked arrow has no confirmed hit number or hit reaction
ok 318 - blocked arrow has no confirmed hit number or hit reaction
  ---
  duration_ms: 1.7222
  type: 'test'
  ...
# Subtest: projectile that misses moving target cannot create confirmed feedback
ok 319 - projectile that misses moving target cannot create confirmed feedback
  ---
  duration_ms: 2.0863
  type: 'test'
  ...
# Subtest: confirmed hit stamps the damaged target once and scene change clears transient feedback
ok 320 - confirmed hit stamps the damaged target once and scene change clears transient feedback
  ---
  duration_ms: 2.6491
  type: 'test'
  ...
# Subtest: explicit close-target framing faces the living foe without mutating input
ok 321 - explicit close-target framing faces the living foe without mutating input
  ---
  duration_ms: 1.0997
  type: 'test'
  ...
# Subtest: framing retains valid farther zoom and bounds eligibility to declared12m
ok 322 - framing retains valid farther zoom and bounds eligibility to declared12m
  ---
  duration_ms: 0.2335
  type: 'test'
  ...
# Subtest: no wrong-view, invalid, dead, hidden, coincident or stale actor framing
ok 323 - no wrong-view, invalid, dead, hidden, coincident or stale actor framing
  ---
  duration_ms: 0.3394
  type: 'test'
  ...
# Subtest: very close foe deliberately widens framing for a lane behind the player
ok 324 - very close foe deliberately widens framing for a lane behind the player
  ---
  duration_ms: 0.1524
  type: 'test'
  ...
# Subtest: unobstructed flat close lane and body project above a desktop action bar at45to80FOV
ok 325 - unobstructed flat close lane and body project above a desktop action bar at45to80FOV
  ---
  duration_ms: 4.8682
  type: 'test'
  ...
# Subtest: isolated browser global and CommonJS expose the same bounded pure API
ok 326 - isolated browser global and CommonJS expose the same bounded pure API
  ---
  duration_ms: 8.0429
  type: 'test'
  ...
# Subtest: gait phase follows actual displacement and is independent of sampling subdivision/speed
ok 327 - gait phase follows actual displacement and is independent of sampling subdivision/speed
  ---
  duration_ms: 1.4082
  type: 'test'
  ...
# Subtest: stationary blocked intent cannot trot and stopping settles without advancing stride
ok 328 - stationary blocked intent cannot trot and stopping settles without advancing stride
  ---
  duration_ms: 1.4994
  type: 'test'
  ...
# Subtest: repeated samples and long pauses preserve the full pose; paused travel is consumed
ok 329 - repeated samples and long pauses preserve the full pose; paused travel is consumed
  ---
  duration_ms: 3.8898
  type: 'test'
  ...
# Subtest: scene, teleport and clock discontinuities reset gait without mutating previous samples
ok 330 - scene, teleport and clock discontinuities reset gait without mutating previous samples
  ---
  duration_ms: 0.6158
  type: 'test'
  ...
# Subtest: injured unbonded Briar is completely still and has no bond collar
ok 331 - injured unbonded Briar is completely still and has no bond collar
  ---
  duration_ms: 0.8155
  type: 'test'
  ...
# Subtest: reduced motion retains all four essential legs while suppressing time-driven secondary drift
ok 332 - reduced motion retains all four essential legs while suppressing time-driven secondary drift
  ---
  duration_ms: 0.3806
  type: 'test'
  ...
# Subtest: diagonal trot has visible clearance, fixed leg lengths and no paw below supplied ground
ok 333 - diagonal trot has visible clearance, fixed leg lengths and no paw below supplied ground
  ---
  duration_ms: 2854.5468
  type: 'test'
  ...
# Subtest: actual bone transforms meet shared joints through every authored pose and placement
ok 334 - actual bone transforms meet shared joints through every authored pose and placement
  ---
  duration_ms: 12.219
  type: 'test'
  ...
# Subtest: tail segments overlap at shared anchors and cream tip remains attached
ok 335 - tail segments overlap at shared anchors and cream tip remains attached
  ---
  duration_ms: 3.1532
  type: 'test'
  ...
# Subtest: familiar teal collar touches the neck and head details stay in a shared articulated frame
ok 336 - familiar teal collar touches the neck and head details stay in a shared articulated frame
  ---
  duration_ms: 1.329
  type: 'test'
  ...
# Subtest: inner ear patches stay on and within the actual outer-ear front facets
ok 337 - inner ear patches stay on and within the actual outer-ear front facets
  ---
  duration_ms: 10.839
  type: 'test'
  ...
# Subtest: all actual mesh transforms are finite, positive and bounded for all part kinds
ok 338 - all actual mesh transforms are finite, positive and bounded for all part kinds
  ---
  duration_ms: 408.4877
  type: 'test'
  ...
# Subtest: pure pose/draw never changes placement, motion, supplied state or existing output entries
ok 339 - pure pose/draw never changes placement, motion, supplied state or existing output entries
  ---
  duration_ms: 1.3309
  type: 'test'
  ...
# Subtest: invalid or mismatched actual placement refuses before any partial draw
ok 340 - invalid or mismatched actual placement refuses before any partial draw
  ---
  duration_ms: 0.735
  type: 'test'
  ...
# Subtest: fresh world is valid and round trips
ok 341 - fresh world is valid and round trips
  ---
  duration_ms: 9.3552
  type: 'test'
  ...
# Subtest: seeded world decoration is repeatable
ok 342 - seeded world decoration is repeatable
  ---
  duration_ms: 0.4004
  type: 'test'
  ...
# Subtest: water and nonfinite ground are not walkable
ok 343 - water and nonfinite ground are not walkable
  ---
  duration_ms: 0.1356
  type: 'test'
  ...
# Subtest: buildings and the spring are obstacles
ok 344 - buildings and the spring are obstacles
  ---
  duration_ms: 0.1204
  type: 'test'
  ...
# Subtest: every landmark has walkable admission
ok 345 - every landmark has walkable admission
  ---
  duration_ms: 0.2398
  type: 'test'
  ...
# Subtest: all 121 landmark routes exist and sampled segments avoid obstacles
ok 346 - all 121 landmark routes exist and sampled segments avoid obstacles
  ---
  duration_ms: 2229.3066
  type: 'test'
  ...
# Subtest: click movement arrives without overshooting
ok 347 - click movement arrives without overshooting
  ---
  duration_ms: 14.2955
  type: 'test'
  ...
# Subtest: manual motion is bounded at terrain edge
ok 348 - manual motion is bounded at terrain edge
  ---
  duration_ms: 7.5366
  type: 'test'
  ...
# Subtest: invalid move does not replace current route
ok 349 - invalid move does not replace current route
  ---
  duration_ms: 1.1774
  type: 'test'
  ...
# Subtest: invalid tick cannot corrupt time
ok 350 - invalid tick cannot corrupt time
  ---
  duration_ms: 1.0977
  type: 'test'
  ...
# Subtest: pause stops simulation
ok 351 - pause stops simulation
  ---
  duration_ms: 1.6623
  type: 'test'
  ...
# Subtest: time flow setting stops only the clock
ok 352 - time flow setting stops only the clock
  ---
  duration_ms: 2.9579
  type: 'test'
  ...
# Subtest: day rolls over with a new event
ok 353 - day rolls over with a new event
  ---
  duration_ms: 36.1927
  type: 'test'
  ...
# Subtest: all three share home during supper
ok 354 - all three share home during supper
  ---
  duration_ms: 0.2419
  type: 'test'
  ...
# Subtest: daytime projects have different destinations
ok 355 - daytime projects have different destinations
  ---
  duration_ms: 0.1396
  type: 'test'
  ...
# Subtest: routines travel to the shared house
ok 356 - routines travel to the shared house
  ---
  duration_ms: 40.5769
  type: 'test'
  ...
# Subtest: enter requires proximity
ok 357 - enter requires proximity
  ---
  duration_ms: 0.7627
  type: 'test'
  ...
# Subtest: enter, save and leave preserve outside position
ok 358 - enter, save and leave preserve outside position
  ---
  duration_ms: 4.6268
  type: 'test'
  ...
# Subtest: interior table and walls collide
ok 359 - interior table and walls collide
  ---
  duration_ms: 0.2102
  type: 'test'
  ...
# Subtest: non-interior locations cannot be entered
ok 360 - non-interior locations cannot be entered
  ---
  duration_ms: 0.3369
  type: 'test'
  ...
# Subtest: planting requires being in the garden
ok 361 - planting requires being in the garden
  ---
  duration_ms: 0.6186
  type: 'test'
  ...
# Subtest: twelve flowers are bounded and recoverable
ok 362 - twelve flowers are bounded and recoverable
  ---
  duration_ms: 5.8296
  type: 'test'
  ...
# Subtest: duplicate accepted command does not duplicate a note
ok 363 - duplicate accepted command does not duplicate a note
  ---
  duration_ms: 0.8994
  type: 'test'
  ...
# Subtest: same id with changed payload conflicts
ok 364 - same id with changed payload conflicts
  ---
  duration_ms: 0.4478
  type: 'test'
  ...
# Subtest: duplicate refusal remains refusal
ok 365 - duplicate refusal remains refusal
  ---
  duration_ms: 3.4877
  type: 'test'
  ...
# Subtest: notes are data, not markup
ok 366 - notes are data, not markup
  ---
  duration_ms: 0.4099
  type: 'test'
  ...
# Subtest: notebook enforces length and capacity
ok 367 - notebook enforces length and capacity
  ---
  duration_ms: 0.3786
  type: 'test'
  ...
# Subtest: authored conversation records encounter without a network request
ok 368 - authored conversation records encounter without a network request
  ---
  duration_ms: 0.2953
  type: 'test'
  ...
# Subtest: unknown resident is rejected
ok 369 - unknown resident is rejected
  ---
  duration_ms: 0.1959
  type: 'test'
  ...
# Subtest: journal retains 200 ordered entries
ok 370 - journal retains 200 ordered entries
  ---
  duration_ms: 0.7778
  type: 'test'
  ...
# Subtest: save and load accept acknowledged storage
ok 371 - save and load accept acknowledged storage
  ---
  duration_ms: 1.4638
  type: 'test'
  ...
# Subtest: quota refusal is not a saved success
ok 372 - quota refusal is not a saved success
  ---
  duration_ms: 0.7556
  type: 'test'
  ...
# Subtest: corrupt storage is preserved rather than overwritten on load
ok 373 - corrupt storage is preserved rather than overwritten on load
  ---
  duration_ms: 0.2075
  type: 'test'
  ...
# Subtest: import rejects invalid locations and malformed versions
ok 374 - import rejects invalid locations and malformed versions
  ---
  duration_ms: 1.3102
  type: 'test'
  ...
# Subtest: import roster is exact and extra prototype properties are discarded
ok 375 - import roster is exact and extra prototype properties are discarded
  ---
  duration_ms: 1.0587
  type: 'test'
  ...
# Subtest: import cannot enable audio and rejects invalid event sequence
ok 376 - import cannot enable audio and rejects invalid event sequence
  ---
  duration_ms: 0.6378
  type: 'test'
  ...
# Subtest: both ground approaches connect arrival to occupied observatory with radius clearance
ok 377 - both ground approaches connect arrival to occupied observatory with radius clearance
  ---
  duration_ms: 115.8994
  type: 'test'
  ...
# Subtest: entry saves the exact source before changing scenes, and reload returns to that source
ok 378 - entry saves the exact source before changing scenes, and reload returns to that source
  ---
  duration_ms: 20.5947
  type: 'test'
  ...
# Subtest: a failed save or unavailable scene refuses travel atomically
ok 379 - a failed save or unavailable scene refuses travel atomically
  ---
  duration_ms: 3.7141
  type: 'test'
  ...
# Subtest: stale character, revision, simulation, position and cancelled tickets cannot enter
ok 380 - stale character, revision, simulation, position and cancelled tickets cannot enter
  ---
  duration_ms: 1.4392
  type: 'test'
  ...
# Subtest: scene build failure restores the source and a consumed ticket cannot retry
ok 381 - scene build failure restores the source and a consumed ticket cannot retry
  ---
  duration_ms: 1.7866
  type: 'test'
  ...
# Subtest: fall recovery recalls to safe ground and normal return works from the far end
ok 382 - fall recovery recalls to safe ground and normal return works from the far end
  ---
  duration_ms: 1.887
  type: 'test'
  ...
# Subtest: height-aware ray picks real support and refuses sky, the ridge and cover
ok 383 - height-aware ray picks real support and refuses sky, the ridge and cover
  ---
  duration_ms: 20.4778
  type: 'test'
  ...
# Subtest: manual walking slides along boundaries without crossing unsupported corner segments
ok 384 - manual walking slides along boundaries without crossing unsupported corner segments
  ---
  duration_ms: 17.272
  type: 'test'
  ...
# Subtest: all original scores have bounded notes and serialize exactly
ok 385 - all original scores have bounded notes and serialize exactly
  ---
  duration_ms: 4.2249
  type: 'test'
  ...
# Subtest: tempo, voice, dimensions and boolean impostors rejected
ok 386 - tempo, voice, dimensions and boolean impostors rejected
  ---
  duration_ms: 0.6665
  type: 'test'
  ...
# Subtest: scores discard imported authority and execution fields
ok 387 - scores discard imported authority and execution fields
  ---
  duration_ms: 0.2187
  type: 'test'
  ...
# Subtest: unknown composition does not silently substitute another
ok 388 - unknown composition does not silently substitute another
  ---
  duration_ms: 0.1512
  type: 'test'
  ...
# Subtest: score revision compare-and-swap refuses stale changes atomically
ok 389 - score revision compare-and-swap refuses stale changes atomically
  ---
  duration_ms: 24.5051
  type: 'test'
  ...
# Subtest: accepted score edit increments revision and survives cold reconstruction
ok 390 - accepted score edit increments revision and survives cold reconstruction
  ---
  duration_ms: 3.9297
  type: 'test'
  ...
# Subtest: invalid score command does not partially change title or revision
ok 391 - invalid score command does not partially change title or revision
  ---
  duration_ms: 3.2245
  type: 'test'
  ...
# Subtest: duplicate score edit is not applied twice
ok 392 - duplicate score edit is not applied twice
  ---
  duration_ms: 0.6688
  type: 'test'
  ...
# Subtest: version-two import preserves old notes, flowers and user coordinates
ok 393 - version-two import preserves old notes, flowers and user coordinates
  ---
  duration_ms: 3.2289
  type: 'test'
  ...
# Subtest: legacy localStorage is read but never overwritten by a v3 save
ok 394 - legacy localStorage is read but never overwritten by a v3 save
  ---
  duration_ms: 3.4404
  type: 'test'
  ...
# Subtest: corrupt v3 does not fall back to and overwrite an older save
ok 395 - corrupt v3 does not fall back to and overwrite an older save
  ---
  duration_ms: 0.3293
  type: 'test'
  ...
# Subtest: default retreat is schema-valid and entry is clear
ok 396 - default retreat is schema-valid and entry is clear
  ---
  duration_ms: 0.26
  type: 'test'
  ...
# Subtest: new island is connected while the water alongside bridge is not walkable
ok 397 - new island is connected while the water alongside bridge is not walkable
  ---
  duration_ms: 28.1709
  type: 'test'
  ...
# Subtest: all new destinations are reachable without jumping over obstacles
ok 398 - all new destinations are reachable without jumping over obstacles
  ---
  duration_ms: 32.1657
  type: 'test'
  ...
# Subtest: retreat opens, closes and saves the outside return position
ok 399 - retreat opens, closes and saves the outside return position
  ---
  duration_ms: 47.8491
  type: 'test'
  ...
# Subtest: placement is a real collision obstacle
ok 400 - placement is a real collision obstacle
  ---
  duration_ms: 0.3043
  type: 'test'
  ...
# Subtest: rotated furniture footprint rotates with the mesh contract
ok 401 - rotated furniture footprint rotates with the mesh contract
  ---
  duration_ms: 0.6274
  type: 'test'
  ...
# Subtest: rug is visible furniture but not a blocking volume
ok 402 - rug is visible furniture but not a blocking volume
  ---
  duration_ms: 0.161
  type: 'test'
  ...
# Subtest: duplicate slots, unknown types, invalid rotations and palettes rejected
ok 403 - duplicate slots, unknown types, invalid rotations and palettes rejected
  ---
  duration_ms: 0.2772
  type: 'test'
  ...
# Subtest: edit, undo and redo retain monotonic layout revisions
ok 404 - edit, undo and redo retain monotonic layout revisions
  ---
  duration_ms: 0.622
  type: 'test'
  ...
# Subtest: stale layout mutation leaves full state unchanged
ok 405 - stale layout mutation leaves full state unchanged
  ---
  duration_ms: 1.3321
  type: 'test'
  ...
# Subtest: furniture cannot be placed on the visitor
ok 406 - furniture cannot be placed on the visitor
  ---
  duration_ms: 2.8878
  type: 'test'
  ...
# Subtest: every furniture kind in every slot preserves an entry escape route
ok 407 - every furniture kind in every slot preserves an entry escape route
  ---
  duration_ms: 3.4115
  type: 'test'
  ...
# Subtest: visitor appearance and exact name are exportable data
ok 408 - visitor appearance and exact name are exportable data
  ---
  duration_ms: 2.0066
  type: 'test'
  ...
# Subtest: invalid appearance refuses unknown indexes and does not mutate
ok 409 - invalid appearance refuses unknown indexes and does not mutate
  ---
  duration_ms: 1.1369
  type: 'test'
  ...
# Subtest: family gathering requires proximity to real stage
ok 410 - family gathering requires proximity to real stage
  ---
  duration_ms: 0.3177
  type: 'test'
  ...
# Subtest: gathering routes three inhabitants rather than teleporting
ok 411 - gathering routes three inhabitants rather than teleporting
  ---
  duration_ms: 35.4771
  type: 'test'
  ...
# Subtest: gathering expires and does not resume as a false persisted performance
ok 412 - gathering expires and does not resume as a false persisted performance
  ---
  duration_ms: 54.7464
  type: 'test'
  ...
# Subtest: event timing matches 16 eighth-notes and MIDI two-bar length
ok 413 - event timing matches 16 eighth-notes and MIDI two-bar length
  ---
  duration_ms: 0.6375
  type: 'test'
  ...
# Subtest: all voices synthesize finite stereo data and bounded peaks
ok 414 - all voices synthesize finite stereo data and bounded peaks
  ---
  duration_ms: 173.096
  type: 'test'
  ...
# Subtest: an empty score produces actual silence, not a hidden soundtrack
ok 415 - an empty score produces actual silence, not a hidden soundtrack
  ---
  duration_ms: 4.1759
  type: 'test'
  ...
# Subtest: synthesized output is reproducible for identical scores
ok 416 - synthesized output is reproducible for identical scores
  ---
  duration_ms: 84.6593
  type: 'test'
  ...
# Subtest: different edited notes change actual rendered audio
ok 417 - different edited notes change actual rendered audio
  ---
  duration_ms: 85.9832
  type: 'test'
  ...
# Subtest: WAV header, byte length and final samples are correct
ok 418 - WAV header, byte length and final samples are correct
  ---
  duration_ms: 45.2394
  type: 'test'
  ...
# Subtest: WAV encoder refuses malformed or nonfinite channels
ok 419 - WAV encoder refuses malformed or nonfinite channels
  ---
  duration_ms: 0.2683
  type: 'test'
  ...
# Subtest: MIDI has one type-zero track, valid length, tempo and end marker
ok 420 - MIDI has one type-zero track, valid length, tempo and end marker
  ---
  duration_ms: 0.7221
  type: 'test'
  ...
# Subtest: 09 save migrates without mutating original or losing chapters
ok 421 - 09 save migrates without mutating original or losing chapters
  ---
  duration_ms: 12.4079
  type: 'test'
  ...
# Subtest: new world has no free entry, equipment, attunement or chapter rewards
ok 422 - new world has no free entry, equipment, attunement or chapter rewards
  ---
  duration_ms: 0.475
  type: 'test'
  ...
# Subtest: strict crossing save rejects wrongVersion
ok 423 - strict crossing save rejects wrongVersion
  ---
  duration_ms: 2.1191
  type: 'test'
  ...
# Subtest: strict crossing save rejects missingField
ok 424 - strict crossing save rejects missingField
  ---
  duration_ms: 0.6431
  type: 'test'
  ...
# Subtest: strict crossing save rejects nonbool
ok 425 - strict crossing save rejects nonbool
  ---
  duration_ms: 0.4298
  type: 'test'
  ...
# Subtest: strict crossing save rejects unvisitedAttune
ok 426 - strict crossing save rejects unvisitedAttune
  ---
  duration_ms: 0.4159
  type: 'test'
  ...
# Subtest: strict crossing save rejects unvisitedProject
ok 427 - strict crossing save rejects unvisitedProject
  ---
  duration_ms: 0.3228
  type: 'test'
  ...
# Subtest: strict crossing save rejects unknownProject
ok 428 - strict crossing save rejects unknownProject
  ---
  duration_ms: 0.3359
  type: 'test'
  ...
# Subtest: strict crossing save rejects duplicateProject
ok 429 - strict crossing save rejects duplicateProject
  ---
  duration_ms: 1.1951
  type: 'test'
  ...
# Subtest: strict crossing save rejects earlyRepair
ok 430 - strict crossing save rejects earlyRepair
  ---
  duration_ms: 0.464
  type: 'test'
  ...
# Subtest: strict crossing save rejects earlyComplete
ok 431 - strict crossing save rejects earlyComplete
  ---
  duration_ms: 0.4391
  type: 'test'
  ...
# Subtest: strict crossing save rejects earlyReward
ok 432 - strict crossing save rejects earlyReward
  ---
  duration_ms: 0.3076
  type: 'test'
  ...
# Subtest: entry requires the defended beacon and actual gate location
ok 433 - entry requires the defended beacon and actual gate location
  ---
  duration_ms: 33.8169
  type: 'test'
  ...
# Subtest: entry resets target/auto and gives no items or health
ok 434 - entry resets target/auto and gives no items or health
  ---
  duration_ms: 2.511
  type: 'test'
  ...
# Subtest: all named places, bells, encounter homes, clapper and entry are reachable
ok 435 - all named places, bells, encounter homes, clapper and entry are reachable
  ---
  duration_ms: 96.6905
  type: 'test'
  ...
# Subtest: buildings and outer bounds stop walking and arrows
ok 436 - buildings and outer bounds stop walking and arrows
  ---
  duration_ms: 0.3717
  type: 'test'
  ...
# Subtest: stream blocks walking except bridge but not travelling arrows
ok 437 - stream blocks walking except bridge but not travelling arrows
  ---
  duration_ms: 2.2503
  type: 'test'
  ...
# Subtest: outdoor construction and gathering cannot mutate village geography
ok 438 - outdoor construction and gathering cannot mutate village geography
  ---
  duration_ms: 2.3674
  type: 'test'
  ...
# Subtest: public forge is a true workbench; components cost actual material
ok 439 - public forge is a true workbench; components cost actual material
  ---
  duration_ms: 1.6379
  type: 'test'
  ...
# Subtest: meeting and clue require local proximity and are single claim
ok 440 - meeting and clue require local proximity and are single claim
  ---
  duration_ms: 9.6958
  type: 'test'
  ...
# Subtest: Briar search has real location, bond, follow and route prerequisites
ok 441 - Briar search has real location, bond, follow and route prerequisites
  ---
  duration_ms: 41.447
  type: 'test'
  ...
# Subtest: manual close inspection works when Briar stays behind
ok 442 - manual close inspection works when Briar stays behind
  ---
  duration_ms: 6.9864
  type: 'test'
  ...
# Subtest: search pause keeps discovery and companion motion frozen
ok 443 - search pause keeps discovery and companion motion frozen
  ---
  duration_ms: 8.2063
  type: 'test'
  ...
# Subtest: new guardian uses distinct ring and circle impact rules
ok 444 - new guardian uses distinct ring and circle impact rules
  ---
  duration_ms: 0.2707
  type: 'test'
  ...
# Subtest: wide ring rewards entering center; next tell alternates to inner strike
ok 445 - wide ring rewards entering center; next tell alternates to inner strike
  ---
  duration_ms: 132.4
  type: 'test'
  ...
# Subtest: new encounters are targetable and respond to real autoattack
ok 446 - new encounters are targetable and respond to real autoattack
  ---
  duration_ms: 53.2944
  type: 'test'
  ...
# Subtest: clear event caches pay the new roster once and persist separately
ok 447 - clear event caches pay the new roster once and persist separately
  ---
  duration_ms: 6.9638
  type: 'test'
  ...
# Subtest: bell repair requires clapper and all three clearances
ok 448 - bell repair requires clapper and all three clearances
  ---
  duration_ms: 2.6522
  type: 'test'
  ...
# Subtest: wrong bell order restarts sequence without taking inventory
ok 449 - wrong bell order restarts sequence without taking inventory
  ---
  duration_ms: 3.0665
  type: 'test'
  ...
# Subtest: bell cannot be played remotely or faster than its cooldown
ok 450 - bell cannot be played remotely or faster than its cooldown
  ---
  duration_ms: 9.1603
  type: 'test'
  ...
# Subtest: three local ordered tones complete the bell but not the reward
ok 451 - three local ordered tones complete the bell but not the reward
  ---
  duration_ms: 5.582
  type: 'test'
  ...
# Subtest: Rowan reward is atomic, local and cannot be duplicated
ok 452 - Rowan reward is atomic, local and cannot be duplicated
  ---
  duration_ms: 11.7298
  type: 'test'
  ...
# Subtest: free bell playing after completion cannot reset quest or pay loot
ok 453 - free bell playing after completion cannot reset quest or pay loot
  ---
  duration_ms: 7.0078
  type: 'test'
  ...
# Subtest: tone entry is transient; repair, kills and clues survive reload
ok 454 - tone entry is transient; repair, kills and clues survive reload
  ---
  duration_ms: 5.2991
  type: 'test'
  ...
# Subtest: merchant exchanges fail cleanly when funds, quantities or scope fail
ok 455 - merchant exchanges fail cleanly when funds, quantities or scope fail
  ---
  duration_ms: 10.825
  type: 'test'
  ...
# Subtest: merchant armor retains proper slot and does not heal on purchase/equip
ok 456 - merchant armor retains proper slot and does not heal on purchase/equip
  ---
  duration_ms: 2.8568
  type: 'test'
  ...
# Subtest: ore and berries exchange deduct exactly, overflow is refused
ok 457 - ore and berries exchange deduct exactly, overflow is refused
  ---
  duration_ms: 3.0005
  type: 'test'
  ...
# Subtest: inn restores actual vitals and denies service outside its porch
ok 458 - inn restores actual vitals and denies service outside its porch
  ---
  duration_ms: 2.421
  type: 'test'
  ...
# Subtest: common works deduct actual materials once and preserve home layout
ok 459 - common works deduct actual materials once and preserve home layout
  ---
  duration_ms: 4.003
  type: 'test'
  ...
# Subtest: commission failure leaves supplies and flags untouched
ok 460 - commission failure leaves supplies and flags untouched
  ---
  duration_ms: 5.0617
  type: 'test'
  ...
# Subtest: waystone needs discovery and physical origin, does not heal or charge
ok 461 - waystone needs discovery and physical origin, does not heal or charge
  ---
  duration_ms: 15.1891
  type: 'test'
  ...
# Subtest: unattuned village cannot be fast-travelled to
ok 462 - unattuned village cannot be fast-travelled to
  ---
  duration_ms: 2.7934
  type: 'test'
  ...
# Subtest: travel refuses active attack modes and beacon assault
ok 463 - travel refuses active attack modes and beacon assault
  ---
  duration_ms: 5.1711
  type: 'test'
  ...
# Subtest: ordinary departure is local and preserves progress
ok 464 - ordinary departure is local and preserves progress
  ---
  duration_ms: 3.1732
  type: 'test'
  ...
# Subtest: same command receipt cannot be repurposed or pay twice
ok 465 - same command receipt cannot be repurposed or pay twice
  ---
  duration_ms: 4.5293
  type: 'test'
  ...
# Subtest: defeat recovery preserves crossing facts and revives outside
ok 466 - defeat recovery preserves crossing facts and revives outside
  ---
  duration_ms: 9.0615
  type: 'test'
  ...
# Subtest: cutaway preference is persisted and old migration defaults on
ok 467 - cutaway preference is persisted and old migration defaults on
  ---
  duration_ms: 1.8438
  type: 'test'
  ...
# Subtest: Fenna retains exact supported rule-adjacent anchors and does not invent consent
ok 468 - Fenna retains exact supported rule-adjacent anchors and does not invent consent
  ---
  duration_ms: 13.876
  type: 'test'
  ...
# Subtest: confirmed arrival alone opens the load, and payment cannot redraw or repay it
ok 469 - confirmed arrival alone opens the load, and payment cannot redraw or repay it
  ---
  duration_ms: 4.1515
  type: 'test'
  ...
# Subtest: bounded complete drover and cart transforms remain positive and finite
ok 470 - bounded complete drover and cart transforms remain positive and finite
  ---
  duration_ms: 283.9334
  type: 'test'
  ...
# Subtest: rope grasp shares the actual coil frame, with connected upper and lower arms
ok 471 - rope grasp shares the actual coil frame, with connected upper and lower arms
  ---
  duration_ms: 12.4462
  type: 'test'
  ...
# Subtest: feet and four cart wheel rims meet actual terrain at both existing sites
ok 472 - feet and four cart wheel rims meet actual terrain at both existing sites
  ---
  duration_ms: 2.2157
  type: 'test'
  ...
# Subtest: short cart shafts stay clear of the established gathering cloth approach
ok 473 - short cart shafts stay clear of the established gathering cloth approach
  ---
  duration_ms: 0.6154
  type: 'test'
  ...
# Subtest: cart shafts cannot pass through Fenna at either existing waiting or delivered stance
ok 474 - cart shafts cannot pass through Fenna at either existing waiting or delivered stance
  ---
  duration_ms: 9.4575
  type: 'test'
  ...
# Subtest: sampling has no hidden clock, and reduced motion holds a connected complete pose
ok 475 - sampling has no hidden clock, and reduced motion holds a connected complete pose
  ---
  duration_ms: 11.9826
  type: 'test'
  ...
# Subtest: entry requires resolved delivery and physical field table; unpaid arrival is eligible
ok 476 - entry requires resolved delivery and physical field table; unpaid arrival is eligible
  ---
  duration_ms: 35.9887
  type: 'test'
  ...
# Subtest: table and all marks have real connected, walkable approaches
ok 477 - table and all marks have real connected, walkable approaches
  ---
  duration_ms: 317.5493
  type: 'test'
  ...
# Subtest: no pre-accept backfill; each accepted physical observation occurs once
ok 478 - no pre-accept backfill; each accepted physical observation occurs once
  ---
  duration_ms: 28.7599
  type: 'test'
  ...
# Subtest: table comparison rejects missing clues, obstructed or distant approach and malformed bearings atomically
ok 479 - table comparison rejects missing clues, obstructed or distant approach and malformed bearings atomically
  ---
  duration_ms: 29.2195
  type: 'test'
  ...
# Subtest: axis 0 and honest old-road preserve every reward and earlier system
ok 480 - axis 0 and honest old-road preserve every reward and earlier system
  ---
  duration_ms: 7.1435
  type: 'test'
  ...
# Subtest: axis 0 and honest waterworks preserve every reward and earlier system
ok 481 - axis 0 and honest waterworks preserve every reward and earlier system
  ---
  duration_ms: 6.0571
  type: 'test'
  ...
# Subtest: axis 180 and honest old-road preserve every reward and earlier system
ok 482 - axis 180 and honest old-road preserve every reward and earlier system
  ---
  duration_ms: 5.2769
  type: 'test'
  ...
# Subtest: axis 180 and honest waterworks preserve every reward and earlier system
ok 483 - axis 180 and honest waterworks preserve every reward and earlier system
  ---
  duration_ms: 37.8246
  type: 'test'
  ...
# Subtest: each accepted, partly observed, compared and recorded stage survives reload
ok 484 - each accepted, partly observed, compared and recorded stage survives reload
  ---
  duration_ms: 13.5547
  type: 'test'
  ...
# Subtest: schema8 migration preserves unpaid delivery and all prior fields at XP boundaries without changing input
ok 485 - schema8 migration preserves unpaid delivery and all prior fields at XP boundaries without changing input
  ---
  duration_ms: 30.82
  type: 'test'
  ...
# Subtest: missing, future, unknown and inconsistent notes refuse without erasing state
ok 486 - missing, future, unknown and inconsistent notes refuse without erasing state
  ---
  duration_ms: 7.6462
  type: 'test'
  ...
# Subtest: array-coerced interpretation cannot masquerade as a stable ID in a completed save
ok 487 - array-coerced interpretation cannot masquerade as a stable ID in a completed save
  ---
  duration_ms: 1.1664
  type: 'test'
  ...
# Subtest: inspection and declined job create no progress; acceptance needs kit and proximity
ok 488 - inspection and declined job create no progress; acceptance needs kit and proximity
  ---
  duration_ms: 47.4006
  type: 'test'
  ...
# Subtest: every task uses supported reachable Earth ground
ok 489 - every task uses supported reachable Earth ground
  ---
  duration_ms: 1036.1163
  type: 'test'
  ...
# Subtest: mill prerequisites and timber cost are atomic and charged once
ok 490 - mill prerequisites and timber cost are atomic and charged once
  ---
  duration_ms: 4.4508
  type: 'test'
  ...
# Subtest: mill completes with one finite payout and no gear, XP or chapter changes
ok 491 - mill completes with one finite payout and no gear, XP or chapter changes
  ---
  duration_ms: 2.4919
  type: 'test'
  ...
# Subtest: quarry completes with one finite payout and no gear, XP or chapter changes
ok 492 - quarry completes with one finite payout and no gear, XP or chapter changes
  ---
  duration_ms: 1.9598
  type: 'test'
  ...
# Subtest: detour completes with one finite payout and no gear, XP or chapter changes
ok 493 - detour completes with one finite payout and no gear, XP or chapter changes
  ---
  duration_ms: 2.4888
  type: 'test'
  ...
# Subtest: quarry and detour never consume personal materials; both observations precede lane marking
ok 494 - quarry and detour never consume personal materials; both observations precede lane marking
  ---
  duration_ms: 1.0855
  type: 'test'
  ...
# Subtest: full ore refuses entire payout and preserves completed entitlement
ok 495 - full ore refuses entire payout and preserves completed entitlement
  ---
  duration_ms: 1.6132
  type: 'test'
  ...
# Subtest: full coins refuses entire payout and preserves completed entitlement
ok 496 - full coins refuses entire payout and preserves completed entitlement
  ---
  duration_ms: 1.4486
  type: 'test'
  ...
# Subtest: full fiber refuses entire payout and preserves completed entitlement
ok 497 - full fiber refuses entire payout and preserves completed entitlement
  ---
  duration_ms: 1.6846
  type: 'test'
  ...
# Subtest: all durable stages survive canonical reload with no implicit rewards or reacceptance
ok 498 - all durable stages survive canonical reload with no implicit rewards or reacceptance
  ---
  duration_ms: 13.133
  type: 'test'
  ...
# Subtest: schema7 migration preserves banked XP and every older canonical field without mutating input
ok 499 - schema7 migration preserves banked XP and every older canonical field without mutating input
  ---
  duration_ms: 9.2821
  type: 'test'
  ...
# Subtest: current-schema missing, future and inconsistent story state refuses instead of erasing
ok 500 - current-schema missing, future and inconsistent story state refuses instead of erasing
  ---
  duration_ms: 8.5747
  type: 'test'
  ...
# Subtest: other improvements remain available after claim without replaying delivery or payment
ok 501 - other improvements remain available after claim without replaying delivery or payment
  ---
  duration_ms: 1.406
  type: 'test'
  ...
# Subtest: new trail marker does not steal the existing Lantern Pier interaction radius
ok 502 - new trail marker does not steal the existing Lantern Pier interaction radius
  ---
  duration_ms: 7.2585
  type: 'test'
  ...
# Subtest: orchard and ridge approaches connect the lake to Bellweather west road
ok 503 - orchard and ridge approaches connect the lake to Bellweather west road
  ---
  duration_ms: 105.5925
  type: 'test'
  ...
# Subtest: entry saves exact lake checkpoint and transient Earth room never becomes persisted position
ok 504 - entry saves exact lake checkpoint and transient Earth room never becomes persisted position
  ---
  duration_ms: 16.6877
  type: 'test'
  ...
# Subtest: travel refusal and scene failure are atomic
ok 505 - travel refusal and scene failure are atomic
  ---
  duration_ms: 3.5897
  type: 'test'
  ...
# Subtest: stale character, revision, position and cancellation cannot enter
ok 506 - stale character, revision, position and cancellation cannot enter
  ---
  duration_ms: 1.77
  type: 'test'
  ...
# Subtest: fall recovery uses supported entry and return works from the far road
ok 507 - fall recovery uses supported entry and return works from the far road
  ---
  duration_ms: 3.6383
  type: 'test'
  ...
# Subtest: height-aware surface pick accepts ground and refuses watercourse, solids and sky
ok 508 - height-aware surface pick accepts ground and refuses watercourse, solids and sky
  ---
  duration_ms: 17.9415
  type: 'test'
  ...
# Subtest: manual movement slides without crossing unsupported segments
ok 509 - manual movement slides without crossing unsupported segments
  ---
  duration_ms: 29.6222
  type: 'test'
  ...
# Subtest: the grounded brute pursues outside its short physical sweep instead of striking remotely
ok 510 - the grounded brute pursues outside its short physical sweep instead of striking remotely
  ---
  duration_ms: 23.1831
  type: 'test'
  ...
# Subtest: warning locks the physical lane; turning and moving later cannot chase the target
ok 511 - warning locks the physical lane; turning and moving later cannot chase the target
  ---
  duration_ms: 13.0425
  type: 'test'
  ...
# Subtest: contact hits inside the locked lane exactly once, Brace halves actual damage
ok 512 - contact hits inside the locked lane exactly once, Brace halves actual damage
  ---
  duration_ms: 31.7464
  type: 'test'
  ...
# Subtest: the full warning has no early contact and the full recovery remains an attack-free opening
ok 513 - the full warning has no early contact and the full recovery remains an attack-free opening
  ---
  duration_ms: 15.5345
  type: 'test'
  ...
# Subtest: footprint rotates in world space, includes body edge and excludes sides/rear/far
ok 514 - footprint rotates in world space, includes body edge and excludes sides/rear/far
  ---
  duration_ms: 1.4088
  type: 'test'
  ...
# Subtest: only exact accepted encounter identities use a bank sweep, generic sentinels keep their owner
ok 515 - only exact accepted encounter identities use a bank sweep, generic sentinels keep their owner
  ---
  duration_ms: 0.9392
  type: 'test'
  ...
# Subtest: pause freezes warning and damage; returning/free-home removes transient strike
ok 516 - pause freezes warning and damage; returning/free-home removes transient strike
  ---
  duration_ms: 1.6668
  type: 'test'
  ...
# Subtest: selected threat names the actual sweep and recovery without writing progression
ok 517 - selected threat names the actual sweep and recovery without writing progression
  ---
  duration_ms: 18.2033
  type: 'test'
  ...
# Subtest: a real wall blocks contact even when the player body lies within the sweep
ok 518 - a real wall blocks contact even when the player body lies within the sweep
  ---
  duration_ms: 8.1627
  type: 'test'
  ...
# Subtest: visible warning follows locked frame; reduced motion keeps the complete rectangle and no moving deadline
ok 519 - visible warning follows locked frame; reduced motion keeps the complete rectangle and no moving deadline
  ---
  duration_ms: 0.8139
  type: 'test'
  ...
# Subtest: saved clearance stages only the first brace; a new patrol does not inherit a cleared inspection tag
ok 520 - saved clearance stages only the first brace; a new patrol does not inherit a cleared inspection tag
  ---
  duration_ms: 3.3487
  type: 'test'
  ...
# Subtest: refused actual defeat saves leave no clearance or supplied kit and can be retried
ok 521 - refused actual defeat saves leave no clearance or supplied kit and can be retried
  ---
  duration_ms: 5.7652
  type: 'test'
  ...
# PASS deep-frozen finite catalogue and branch allocations
# PASS stable finite IDs, physical anchors, and required ordered DAG
# PASS only optional missing world ledger migrates to fresh
# PASS all story subsets enforce real prerequisites, allocation, acceptance and claim
# PASS patrol accepted identity is exactly lastClaim plus one and follows its own DAG
# PASS progress exposes only reachable next actions and both physical choices without mutation
# PASS required binding validates canonical owned weapons, exact shape and paired nulls
# PASS bonus follows selected equipped weapon and never mutates HP, sockets or old fittings
# PASS enemy catalogue is accepted-phase/run-qualified and never a legacy payout
# PASS Core contract either fails closed before integration or saves before live adoption
# PASS real Core migrates Adventure11 only and rejects missing/current/future/crossfield records
# PASS real integrated anchor support and objective-to-giver production paths
# PASS accepted physical actions enforce kit, realm, proximity, branch and DAG
# PASS complete payment capacity rejects every overflowing currency/material before saver
# PASS successful physical work confirms the completed action and keeps payment unclaimed
# PASS ready payment survives refused and throwing durable savers, then cap-bound XP pays zero once
# PASS defeat requires actual accepted actor identity and zero HP; refused death recovers one HP
# PASS same-room accepted roster changes preserve actual live HP, projectiles and combat state
# PASS patrol stale accept/step/claim cannot start or pay a different run
# PASS binding costs/once-only/owned station/health and equipment state are atomic
# {"status":"passed","checks":20,"method":"pure schema/topology/bonus and explicitly labelled adversarial fixtures; physical production journey separate"}
# Subtest: D:\\07-GAMES\\Firstlight\\authoring\\bridge-moment\\tests\\earth_expedition.test.cjs
ok 28 - D:\\07-GAMES\\Firstlight\\authoring\\bridge-moment\\tests\\earth_expedition.test.cjs
  ---
  duration_ms: 2716.6108
  type: 'test'
  ...
# Subtest: installed brace actually contacts the east wall outer face and clears the open passage
ok 523 - installed brace actually contacts the east wall outer face and clears the open passage
  ---
  duration_ms: 5.5097
  type: 'test'
  ...
# Subtest: delivered boards rest on the real glade rack and stack without unsupported gaps
ok 524 - delivered boards rest on the real glade rack and stack without unsupported gaps
  ---
  duration_ms: 152.6604
  type: 'test'
  ...
# Subtest: managed allocation material rests on ground and connects its prepared bands
ok 525 - managed allocation material rests on ground and connects its prepared bands
  ---
  duration_ms: 1.3035
  type: 'test'
  ...
# Subtest: both shape-valid allocation histories project only their recorded steps and explicit claim
ok 526 - both shape-valid allocation histories project only their recorded steps and explicit claim
  ---
  duration_ms: 33.9484
  type: 'test'
  ...
# Subtest: worksite actual mesh stays supported and full-body routes/choice/work/foe anchors remain clear
ok 527 - worksite actual mesh stays supported and full-body routes/choice/work/foe anchors remain clear
  ---
  duration_ms: 372.8281
  type: 'test'
  ...
# Subtest: grounded board/posts and shallow readable record layers keep connected construction
ok 528 - grounded board/posts and shallow readable record layers keep connected construction
  ---
  duration_ms: 1.568
  type: 'test'
  ...
# Subtest: actual static caller emits coalesced floor, unchanged seventy banks and one box per physical solid
ok 529 - actual static caller emits coalesced floor, unchanged seventy banks and one box per physical solid
  ---
  duration_ms: 287.5244
  type: 'test'
  ...
# Subtest: worn path quads use actual support and undergrowth intersects soil without blocking bodies
ok 530 - worn path quads use actual support and undergrowth intersects soil without blocking bodies
  ---
  duration_ms: 565.9071
  type: 'test'
  ...
# Subtest: binding attaches to actual production rig across every weapon/carry/combat/reduced-motion phase and preserves older parts
ok 531 - binding attaches to actual production rig across every weapon/carry/combat/reduced-motion phase and preserves older parts
  ---
  duration_ms: 1925.007
  type: 'test'
  ...
# Subtest: binding presentation belongs only to an actual selected owned item, never another character or equipped item
ok 532 - binding presentation belongs only to an actual selected owned item, never another character or equipped item
  ---
  duration_ms: 1.4529
  type: 'test'
  ...
# Subtest: actual WorldArt dynamic timber caller submits recorded work and resets scene/fog ownership
ok 533 - actual WorldArt dynamic timber caller submits recorded work and resets scene/fog ownership
  ---
  duration_ms: 55.0713
  type: 'test'
  ...
# Subtest: production fog frame has finite translation-relative focus, no non-Earth ownership and strict guards
ok 534 - production fog frame has finite translation-relative focus, no non-Earth ownership and strict guards
  ---
  duration_ms: 11.9767
  type: 'test'
  ...
# Subtest: borrowed kit belongs to exact active inspection, restores its checked form and never backfills paid runs
ok 535 - borrowed kit belongs to exact active inspection, restores its checked form and never backfills paid runs
  ---
  duration_ms: 6.4587
  type: 'test'
  ...
# Subtest: isolated global-script/CommonJS export a dependency-free frozen appearance API only
ok 536 - isolated global-script/CommonJS export a dependency-free frozen appearance API only
  ---
  duration_ms: 5.1195
  type: 'test'
  ...
# Subtest: only actual windup and recovery timers produce the grounded combat posture
ok 537 - only actual windup and recovery timers produce the grounded combat posture
  ---
  duration_ms: 4.9963
  type: 'test'
  ...
# Subtest: stationary chase intent, pause and elapsed time never fabricate trot, attack results or recoil
ok 538 - stationary chase intent, pause and elapsed time never fabricate trot, attack results or recoil
  ---
  duration_ms: 19.6832
  type: 'test'
  ...
# Subtest: actual triangle bounds stay grounded, finite, compact and inside the existing tell radius
ok 539 - actual triangle bounds stay grounded, finite, compact and inside the existing tell radius
  ---
  duration_ms: 1186.9535
  type: 'test'
  ...
# Subtest: four articulated legs connect actual body, knee meshes and grounded hooves
ok 540 - four articulated legs connect actual body, knee meshes and grounded hooves
  ---
  duration_ms: 34.2319
  type: 'test'
  ...
# Subtest: head, muzzle, tusks, ridge and tail have actual attached mesh anchors
ok 541 - head, muzzle, tusks, ridge and tail have actual attached mesh anchors
  ---
  duration_ms: 72.302
  type: 'test'
  ...
# Subtest: world root applies translation, supplied support and actual yaw exactly once
ok 542 - world root applies translation, supplied support and actual yaw exactly once
  ---
  duration_ms: 7.7033
  type: 'test'
  ...
# Subtest: confirmed flash changes colors only, and all records are fresh read-only projections
ok 543 - confirmed flash changes colors only, and all records are fresh read-only projections
  ---
  duration_ms: 1.565
  type: 'test'
  ...
# Subtest: invalid placements/durations/modes and unwritable outputs refuse before partial emission
ok 544 - invalid placements/durations/modes and unwritable outputs refuse before partial emission
  ---
  duration_ms: 13.7375
  type: 'test'
  ...
# Subtest: actual expedition root encounters retain exact rules and physical anchors after pure art projection
ok 545 - actual expedition root encounters retain exact rules and physical anchors after pure art projection
  ---
  duration_ms: 242.4472
  type: 'test'
  ...
# Subtest: production first-story and patrol roster actors from synthetic histories dispatch exactly once
ok 546 - production first-story and patrol roster actors from synthetic histories dispatch exactly once
  ---
  duration_ms: 54.0123
  type: 'test'
  ...
# Subtest: unrelated actual mine and world sentinels retain the five-part original golden control
ok 547 - unrelated actual mine and world sentinels retain the five-part original golden control
  ---
  duration_ms: 8.4101
  type: 'test'
  ...
# Subtest: wrong step, missing/unknown/prefixed/suffixed quest, wrong kind and absent terms do not dispatch
ok 548 - wrong step, missing/unknown/prefixed/suffixed quest, wrong kind and absent terms do not dispatch
  ---
  duration_ms: 14.4898
  type: 'test'
  ...
# Subtest: dead root actor keeps existing dead suppression without warning or target emissions
ok 549 - dead root actor keeps existing dead suppression without warning or target emissions
  ---
  duration_ms: 3.352
  type: 'test'
  ...
# Subtest: nonzero yaw, support height and actual confirmed-hit recoil are submitted exactly once
ok 550 - nonzero yaw, support height and actual confirmed-hit recoil are submitted exactly once
  ---
  duration_ms: 20.1261
  type: 'test'
  ...
# Subtest: future, missing, expired and reduced-motion hit samples add no recoil
ok 551 - future, missing, expired and reduced-motion hit samples add no recoil
  ---
  duration_ms: 13.9496
  type: 'test'
  ...
# Subtest: actual flash lifetime recolors only the selected beast geometry
ok 552 - actual flash lifetime recolors only the selected beast geometry
  ---
  duration_ms: 5.5906
  type: 'test'
  ...
# Subtest: locked sweep and actor target ring stay outside confirmed body recoil; old distant ring is absent
ok 553 - locked sweep and actor target ring stay outside confirmed body recoil; old distant ring is absent
  ---
  duration_ms: 4.5929
  type: 'test'
  ...
# Subtest: root-only diorama health bar follows actual ground while generic bar retains its original height
ok 554 - root-only diorama health bar follows actual ground while generic bar retains its original height
  ---
  duration_ms: 6.5285
  type: 'test'
  ...
# Subtest: actual paused caller ignores unrelated render time and preserves source state and timer-driven posture
ok 555 - actual paused caller ignores unrelated render time and preserves source state and timer-driven posture
  ---
  duration_ms: 19.2378
  type: 'test'
  ...
# Subtest: the actual caller retains distance gait for one enemy and stops it through pause and recovery
ok 556 - the actual caller retains distance gait for one enemy and stops it through pause and recovery
  ---
  duration_ms: 2.5472
  type: 'test'
  ...
# PASS only existing exact person identities and frozen API are exported
# PASS unknown people refuse without aliasing protected/old residents or deriving a speaker from input
# PASS fresh optional presentation neither accepts work nor assumes a prior visit or repair
# PASS every accepted story stage and both retained choices have short deterministic quiet readings
# PASS all story subsets reject false prerequisite, allocation and claim histories before composing speech
# PASS unpaid deliveries recognize the actual allocation and require a separate explicit camp claim
# PASS only claimed stories recognize exact paid currency/materials and existing support, without guessing XP or current balance
# PASS active and ready patrol readings preserve first repair, allocation and exact run without claiming new payment
# PASS paid patrol and finite record boundary do not promise another repair or an unavailable next circuit
# PASS binding recognition follows canonical committed record, never equipment, inventory or a granted new option
# PASS specific route and encounter advice matches current anchors and distinct real weapon constraints
# PASS presentation leaves an entire production world and its accepted/paid/bound records byte-identical
# PASS browser IIFE and CommonJS return identical pure readings with no DOM or runtime globals
# PASS CommonJS canonical lookup remains pure when the already-loaded Adventure global is absent
# Earth expedition dialogue: 14 focused cases passed; 318 frozen output checks. Synthetic presentation fixtures, not native dialogue or earned progression.
# Subtest: D:\\07-GAMES\\Firstlight\\authoring\\bridge-moment\\tests\\earth_expedition_dialogue.test.cjs
ok 32 - D:\\07-GAMES\\Firstlight\\authoring\\bridge-moment\\tests\\earth_expedition_dialogue.test.cjs
  ---
  duration_ms: 295.8118
  type: 'test'
  ...
# PASS completed unpaid patrol gives one current return instruction
# PASS patrol terms and accepted final action remember either actual allocation
# PASS old ready run claim refusal retains its checked kit and successful claim settles it once
# PASS fresh invitation exposes both exact allocations, fixed danger, binding cost and deliberate consent
# PASS actual RPG dispatch gives near expedition priority and closing clears an unspent preview
# PASS missing optional ledger migrates to read-only fresh UI while malformed/current/future records never reach it
# PASS real UI delegates acceptance and physical branch work; remote, premature and forged defeat clicks grant nothing
# PASS all valid story stages expose only current DAG routes; legend never performs remote work
# PASS walk dispatch is current-route filtered, physically supported and never grants objective credit
# PASS ready UI requires explicit local claim and preserves complete reward on save refusal
# PASS rendered patrol metadata fences stale accept/work/claim including missing and malformed run fields
# PASS production comparison retains bow behavior, socket, current XP and earlier fits without auto-equipping
# PASS binding preview refuses changed character, simulation, adventure revision and weapon; cancellation spends nothing
# PASS real CharacterStore saver refuses an external write between binding preview and confirmation atomically
# PASS explicit binding confirmation spends once at actual station, leaves equipment/HP/XP and socket intact
# PASS capped and near-cap acceptance cards disclose actual credit and real claim agrees
# PASS actual RPG tick leaves expedition ready/paid/patrol tracker last over concurrent survey and trail
# PASS hydrated expedition restores over an older pinned project once, then respects manual tracking
# PASS actual app applyWorld restore selects accepted or ready expedition and active patrol without losing history
# PASS actual app worldContext installs synchronous savers on fresh restored Sim before active expedition combat
# Earth expedition CPU UI: 20/20 cases passed; 0 failed.
# Subtest: D:\\07-GAMES\\Firstlight\\authoring\\bridge-moment\\tests\\earth_expedition_ui.test.cjs
ok 33 - D:\\07-GAMES\\Firstlight\\authoring\\bridge-moment\\tests\\earth_expedition_ui.test.cjs
  ---
  duration_ms: 762.036
  type: 'test'
  ...
# Subtest: orchard worksite crossing preserves outer save checkpoint and returns to the orchard
ok 559 - orchard worksite crossing preserves outer save checkpoint and returns to the orchard
  ---
  duration_ms: 46.5878
  type: 'test'
  ...
# Subtest: initial kit and physical orchard arrival are required; the scene cannot bypass old chapter gates
ok 560 - initial kit and physical orchard arrival are required; the scene cannot bypass old chapter gates
  ---
  duration_ms: 2.189
  type: 'test'
  ...
# Subtest: worksite travel write and construction failures preserve the exact active source
ok 561 - worksite travel write and construction failures preserve the exact active source
  ---
  duration_ms: 5.9898
  type: 'test'
  ...
# Subtest: worksite preview rejects stale identity, source revision, source position and simulation
ok 562 - worksite preview rejects stale identity, source revision, source position and simulation
  ---
  duration_ms: 4.081
  type: 'test'
  ...
# Subtest: river exit only returns to Earth for an active Earth trip; the old workshop route is unchanged
ok 563 - river exit only returns to Earth for an active Earth trip; the old workshop route is unchanged
  ---
  duration_ms: 1.2872
  type: 'test'
  ...
# Subtest: a completed unclaimed survey, class cooldown and companion survive both route boundaries
ok 564 - a completed unclaimed survey, class cooldown and companion survive both route boundaries
  ---
  duration_ms: 10.6689
  type: 'test'
  ...
# Subtest: death recovery from the connected worksite clears all transient route state
ok 565 - death recovery from the connected worksite clears all transient route state
  ---
  duration_ms: 2.2686
  type: 'test'
  ...
# Subtest: browser return protocol rolls back failed construction with live encounter state intact
ok 566 - browser return protocol rolls back failed construction with live encounter state intact
  ---
  duration_ms: 11.1453
  type: 'test'
  ...
# Subtest: Oren supplies earned through the orchard persist without consuming ordinary materials
ok 567 - Oren supplies earned through the orchard persist without consuming ordinary materials
  ---
  duration_ms: 11.589
  type: 'test'
  ...
# Subtest: Earth scenery cannot overlap walking ground or the close third-person camera corridor
ok 568 - Earth scenery cannot overlap walking ground or the close third-person camera corridor
  ---
  duration_ms: 23.5683
  type: 'test'
  ...
# Subtest: Cosmos invitation labels belong only to the valley, never Earth or the riverbank
ok 569 - Cosmos invitation labels belong only to the valley, never Earth or the riverbank
  ---
  duration_ms: 1.7167
  type: 'test'
  ...
# Subtest: captured terrain, field random sequence, static scenery, camera solids and bridge remain byte-identical to PR33
ok 570 - captured terrain, field random sequence, static scenery, camera solids and bridge remain byte-identical to PR33
  ---
  duration_ms: 23.4365
  type: 'test'
  ...
# Subtest: nine bounded tapering rock sections dress thirty-six actual grass strips in the existing batch
ok 571 - nine bounded tapering rock sections dress thirty-six actual grass strips in the existing batch
  ---
  duration_ms: 11.4962
  type: 'test'
  ...
# Subtest: upper rock seam matches every transformed grass underside rather than canonical edge height
ok 572 - upper rock seam matches every transformed grass underside rather than canonical edge height
  ---
  duration_ms: 11.3309
  type: 'test'
  ...
# Subtest: orthogonal positive bases preserve renderer normals without a shear shortcut
ok 573 - orthogonal positive bases preserve renderer normals without a shear shortcut
  ---
  duration_ms: 9.2312
  type: 'test'
  ...
# Subtest: every actual slope vertex stays outside ground below the lip and within measured endpoint margin
ok 574 - every actual slope vertex stays outside ground below the lip and within measured endpoint margin
  ---
  duration_ms: 19.5559
  type: 'test'
  ...
# Subtest: actual non-cap faces have outward normals and never create a horizontal walking shelf
ok 575 - actual non-cap faces have outward normals and never create a horizontal walking shelf
  ---
  duration_ms: 10.4542
  type: 'test'
  ...
# Subtest: actual adjacent cap planes retain overlap at every exposed height, not only the top endpoints
ok 576 - actual adjacent cap planes retain overlap at every exposed height, not only the top endpoints
  ---
  duration_ms: 8.9439
  type: 'test'
  ...
# Subtest: near-edge road movement and old task approaches survive while outside ground and picking stay refused
ok 577 - near-edge road movement and old task approaches survive while outside ground and picking stay refused
  ---
  duration_ms: 71.8521
  type: 'test'
  ...
# Subtest: projection never mutates its source strips and is independent of simulation time or task state
ok 578 - projection never mutates its source strips and is independent of simulation time or task state
  ---
  duration_ms: 8.3419
  type: 'test'
  ...
# Subtest: Rill native diorama approach clears the former foreground canopy with a detecting old-placement control
ok 579 - Rill native diorama approach clears the former foreground canopy with a detecting old-placement control
  ---
  duration_ms: 24.3367
  type: 'test'
  ...
# Subtest: camp low diorama ray clears the moved stands and detects the intermediate blocking placement
ok 580 - camp low diorama ray clears the moved stands and detects the intermediate blocking placement
  ---
  duration_ms: 4.3368
  type: 'test'
  ...
# Subtest: isolated global/CommonJS expose only the pure API and recursively frozen authority data
ok 581 - isolated global/CommonJS expose only the pure API and recursively frozen authority data
  ---
  duration_ms: 3.0709
  type: 'test'
  ...
# Subtest: extension IDs appear exactly once and installed production retains the physical contract
ok 582 - extension IDs appear exactly once and installed production retains the physical contract
  ---
  duration_ms: 8.1894
  type: 'test'
  ...
# Subtest: broad connected floor footprint and all solids are finite, bounded and supported
ok 583 - broad connected floor footprint and all solids are finite, bounded and supported
  ---
  duration_ms: 6.6855
  type: 'test'
  ...
# Subtest: all intended legs and old routes use the actual production full-radius support/solid rules
ok 584 - all intended legs and old routes use the actual production full-radius support/solid rules
  ---
  duration_ms: 41.6939
  type: 'test'
  ...
# Subtest: bridge crosses a real four-metre river gap with open centered approaches
ok 585 - bridge crosses a real four-metre river gap with open centered approaches
  ---
  duration_ms: 4.8225
  type: 'test'
  ...
# Subtest: root passage and enemy side pockets preserve free return routes and supported reading/support anchors
ok 586 - root passage and enemy side pockets preserve free return routes and supported reading/support anchors
  ---
  duration_ms: 2.5852
  type: 'test'
  ...
# Subtest: deterministic bounded tier geometry never changes frozen physical data or accesses state
ok 587 - deterministic bounded tier geometry never changes frozen physical data or accesses state
  ---
  duration_ms: 21.8028
  type: 'test'
  ...
# Subtest: actual submitted mesh transforms are finite, positive, orthogonal and supported-kind compatible
ok 588 - actual submitted mesh transforms are finite, positive, orthogonal and supported-kind compatible
  ---
  duration_ms: 260.7141
  type: 'test'
  ...
# Subtest: every ground-detail vertex rests on actual land and low roots remain within parent clearance
ok 589 - every ground-detail vertex rests on actual land and low roots remain within parent clearance
  ---
  duration_ms: 451.3378
  type: 'test'
  ...
# Subtest: actual opaque mesh envelopes clear every full-body route and task/NPC/encounter anchor
ok 590 - actual opaque mesh envelopes clear every full-body route and task/NPC/encounter anchor
  ---
  duration_ms: 3282.6971
  type: 'test'
  ...
# Subtest: branches intersect their parent and actual crown volume, with a bounded existing shader envelope
ok 591 - branches intersect their parent and actual crown volume, with a bounded existing shader envelope
  ---
  duration_ms: 8.1838
  type: 'test'
  ...
# Subtest: overlapping opaque crowns form connected rest silhouettes instead of detached floating clusters
ok 592 - overlapping opaque crowns form connected rest silhouettes instead of detached floating clusters
  ---
  duration_ms: 4.7688
  type: 'test'
  ...
# Subtest: overhead crown and shelter parts follow cutaway while collision/camera authority is unchanged
ok 593 - overhead crown and shelter parts follow cutaway while collision/camera authority is unchanged
  ---
  duration_ms: 45.3118
  type: 'test'
  ...
# Subtest: schema 9 migrates non-destructively with an unaccepted invitation
ok 594 - schema 9 migrates non-destructively with an unaccepted invitation
  ---
  duration_ms: 18.4658
  type: 'test'
  ...
# Subtest: missing current record and forward schema are refused
ok 595 - missing current record and forward schema are refused
  ---
  duration_ms: 3.7914
  type: 'test'
  ...
# Subtest: arrival not payment opens the invitation
ok 596 - arrival not payment opens the invitation
  ---
  duration_ms: 14.9067
  type: 'test'
  ...
# Subtest: supported places are reachable by actual pathfinder
ok 597 - supported places are reachable by actual pathfinder
  ---
  duration_ms: 4.6019
  type: 'test'
  ...
# Subtest: all arrangements complete silently without economy, score or campaign changes
ok 598 - all arrangements complete silently without economy, score or campaign changes
  ---
  duration_ms: 5.1835
  type: 'test'
  ...
# Subtest: early or unknown actions change nothing
ok 599 - early or unknown actions change nothing
  ---
  duration_ms: 4.0625
  type: 'test'
  ...
# Subtest: prototype and non-string choices are refused atomically
ok 600 - prototype and non-string choices are refused atomically
  ---
  duration_ms: 8.0203
  type: 'test'
  ...
# Subtest: completion cannot be repeated after receipt eviction
ok 601 - completion cannot be repeated after receipt eviction
  ---
  duration_ms: 3.161
  type: 'test'
  ...
# Subtest: changed terms cannot reuse an accepted command identity
ok 602 - changed terms cannot reuse an accepted command identity
  ---
  duration_ms: 1.3357
  type: 'test'
  ...
# Subtest: paused, fallen and revision-saturated characters cannot progress
ok 603 - paused, fallen and revision-saturated characters cannot progress
  ---
  duration_ms: 3.1975
  type: 'test'
  ...
# Subtest: malformed durable combinations do not load
ok 604 - malformed durable combinations do not load
  ---
  duration_ms: 0.5583
  type: 'test'
  ...
# Subtest: original arrangements are deterministic, finite, stereo and bounded
ok 605 - original arrangements are deterministic, finite, stereo and bounded
  ---
  duration_ms: 574.7335
  type: 'test'
  ...
# Subtest: full schema9 world migration preserves unpaid delivery, personal creations and every XP boundary
ok 606 - full schema9 world migration preserves unpaid delivery, personal creations and every XP boundary
  ---
  duration_ms: 12.1212
  type: 'test'
  ...
# Subtest: native character library migrates each world without sharing the table memory
ok 607 - native character library migrates each world without sharing the table memory
  ---
  duration_ms: 3.4832
  type: 'test'
  ...
# Subtest: forward adventure saves stay refused by native storage and leave exact bytes intact
ok 608 - forward adventure saves stay refused by native storage and leave exact bytes intact
  ---
  duration_ms: 1.3267
  type: 'test'
  ...
# Subtest: the actual drawn tabletop is reachable and supports the gathering interaction
ok 609 - the actual drawn tabletop is reachable and supports the gathering interaction
  ---
  duration_ms: 2.1457
  type: 'test'
  ...
# Subtest: prepared cloth and the actual Earth tabletop share one reachable location
ok 610 - prepared cloth and the actual Earth tabletop share one reachable location
  ---
  duration_ms: 25.3307
  type: 'test'
  ...
# Subtest: silent completion: mill; cloth→lantern→stand
ok 611 - silent completion: mill; cloth→lantern→stand
  ---
  duration_ms: 6.2098
  type: 'test'
  ...
# Subtest: silent completion: mill; cloth→stand→lantern
ok 612 - silent completion: mill; cloth→stand→lantern
  ---
  duration_ms: 1.7793
  type: 'test'
  ...
# Subtest: silent completion: mill; lantern→cloth→stand
ok 613 - silent completion: mill; lantern→cloth→stand
  ---
  duration_ms: 1.6734
  type: 'test'
  ...
# Subtest: silent completion: mill; lantern→stand→cloth
ok 614 - silent completion: mill; lantern→stand→cloth
  ---
  duration_ms: 0.8562
  type: 'test'
  ...
# Subtest: silent completion: mill; stand→cloth→lantern
ok 615 - silent completion: mill; stand→cloth→lantern
  ---
  duration_ms: 1.2343
  type: 'test'
  ...
# Subtest: silent completion: mill; stand→lantern→cloth
ok 616 - silent completion: mill; stand→lantern→cloth
  ---
  duration_ms: 1.4592
  type: 'test'
  ...
# Subtest: silent completion: quarry; cloth→lantern→stand
ok 617 - silent completion: quarry; cloth→lantern→stand
  ---
  duration_ms: 0.7062
  type: 'test'
  ...
# Subtest: silent completion: quarry; cloth→stand→lantern
ok 618 - silent completion: quarry; cloth→stand→lantern
  ---
  duration_ms: 0.9508
  type: 'test'
  ...
# Subtest: silent completion: quarry; lantern→cloth→stand
ok 619 - silent completion: quarry; lantern→cloth→stand
  ---
  duration_ms: 0.7308
  type: 'test'
  ...
# Subtest: silent completion: quarry; lantern→stand→cloth
ok 620 - silent completion: quarry; lantern→stand→cloth
  ---
  duration_ms: 0.7437
  type: 'test'
  ...
# Subtest: silent completion: quarry; stand→cloth→lantern
ok 621 - silent completion: quarry; stand→cloth→lantern
  ---
  duration_ms: 1.4253
  type: 'test'
  ...
# Subtest: silent completion: quarry; stand→lantern→cloth
ok 622 - silent completion: quarry; stand→lantern→cloth
  ---
  duration_ms: 0.7635
  type: 'test'
  ...
# Subtest: silent completion: detour; cloth→lantern→stand
ok 623 - silent completion: detour; cloth→lantern→stand
  ---
  duration_ms: 0.5435
  type: 'test'
  ...
# Subtest: silent completion: detour; cloth→stand→lantern
ok 624 - silent completion: detour; cloth→stand→lantern
  ---
  duration_ms: 1.3812
  type: 'test'
  ...
# Subtest: silent completion: detour; lantern→cloth→stand
ok 625 - silent completion: detour; lantern→cloth→stand
  ---
  duration_ms: 0.4515
  type: 'test'
  ...
# Subtest: silent completion: detour; lantern→stand→cloth
ok 626 - silent completion: detour; lantern→stand→cloth
  ---
  duration_ms: 0.577
  type: 'test'
  ...
# Subtest: silent completion: detour; stand→cloth→lantern
ok 627 - silent completion: detour; stand→cloth→lantern
  ---
  duration_ms: 1.8019
  type: 'test'
  ...
# Subtest: silent completion: detour; stand→lantern→cloth
ok 628 - silent completion: detour; stand→lantern→cloth
  ---
  duration_ms: 0.4637
  type: 'test'
  ...
# Subtest: new table never captures unpaid-delivery interaction on the overlap edge
ok 629 - new table never captures unpaid-delivery interaction on the overlap edge
  ---
  duration_ms: 0.6308
  type: 'test'
  ...
# Subtest: finished preparation relinquishes its contextual interaction
ok 630 - finished preparation relinquishes its contextual interaction
  ---
  duration_ms: 0.4768
  type: 'test'
  ...
# Subtest: arrival is a boolean fact, not arbitrary truthy data
ok 631 - arrival is a boolean fact, not arbitrary truthy data
  ---
  duration_ms: 0.1013
  type: 'test'
  ...
# Subtest: missing arrival cannot grant invitation
ok 632 - missing arrival cannot grant invitation
  ---
  duration_ms: 0.1219
  type: 'test'
  ...
# Subtest: invalid choice refuses without mutation: null
ok 633 - invalid choice refuses without mutation: null
  ---
  duration_ms: 0.48
  type: 'test'
  ...
# Subtest: invalid choice refuses without mutation: 1
ok 634 - invalid choice refuses without mutation: 1
  ---
  duration_ms: 0.6707
  type: 'test'
  ...
# Subtest: invalid choice refuses without mutation: ["mill"]
ok 635 - invalid choice refuses without mutation: ["mill"]
  ---
  duration_ms: 0.3494
  type: 'test'
  ...
# Subtest: invalid choice refuses without mutation: {}
ok 636 - invalid choice refuses without mutation: {}
  ---
  duration_ms: 0.4118
  type: 'test'
  ...
# Subtest: invalid choice refuses without mutation: "constructor"
ok 637 - invalid choice refuses without mutation: "constructor"
  ---
  duration_ms: 0.4742
  type: 'test'
  ...
# Subtest: invalid choice refuses without mutation: "__proto__"
ok 638 - invalid choice refuses without mutation: "__proto__"
  ---
  duration_ms: 0.7124
  type: 'test'
  ...
# Subtest: invalid choice refuses without mutation: "unknown"
ok 639 - invalid choice refuses without mutation: "unknown"
  ---
  duration_ms: 0.4082
  type: 'test'
  ...
# Subtest: distant or wrong-scene acceptance cannot mutate state
ok 640 - distant or wrong-scene acceptance cannot mutate state
  ---
  duration_ms: 0.234
  type: 'test'
  ...
# Subtest: distant or wrong-scene acceptance cannot mutate state
ok 641 - distant or wrong-scene acceptance cannot mutate state
  ---
  duration_ms: 0.154
  type: 'test'
  ...
# Subtest: distant or wrong-scene acceptance cannot mutate state
ok 642 - distant or wrong-scene acceptance cannot mutate state
  ---
  duration_ms: 0.1674
  type: 'test'
  ...
# Subtest: impossible saved gathering is refused
ok 643 - impossible saved gathering is refused
  ---
  duration_ms: 0.3086
  type: 'test'
  ...
# Subtest: impossible saved gathering is refused
ok 644 - impossible saved gathering is refused
  ---
  duration_ms: 0.0857
  type: 'test'
  ...
# Subtest: impossible saved gathering is refused
ok 645 - impossible saved gathering is refused
  ---
  duration_ms: 0.0856
  type: 'test'
  ...
# Subtest: impossible saved gathering is refused
ok 646 - impossible saved gathering is refused
  ---
  duration_ms: 0.0613
  type: 'test'
  ...
# Subtest: impossible saved gathering is refused
ok 647 - impossible saved gathering is refused
  ---
  duration_ms: 0.0627
  type: 'test'
  ...
# Subtest: stop is safe even when an audio node already disconnected
ok 648 - stop is safe even when an audio node already disconnected
  ---
  duration_ms: 240.1029
  type: 'test'
  ...
# Subtest: suspended context starts no source until resume succeeds
ok 649 - suspended context starts no source until resume succeeds
  ---
  duration_ms: 230.2682
  type: 'test'
  ...
# Subtest: stopping while resume is pending prevents late music
ok 650 - stopping while resume is pending prevents late music
  ---
  duration_ms: 0.2486
  type: 'test'
  ...
# Subtest: a newer preview cannot be replaced by an older resume completion
ok 651 - a newer preview cannot be replaced by an older resume completion
  ---
  duration_ms: 224.5103
  type: 'test'
  ...
# Subtest: denied resume resolves false with no source or unhandled rejection
ok 652 - denied resume resolves false with no source or unhandled rejection
  ---
  duration_ms: 0.6185
  type: 'test'
  ...
# Subtest: failed source startup cleans every newly created node
ok 653 - failed source startup cleans every newly created node
  ---
  duration_ms: 255.19
  type: 'test'
  ...
# Subtest: owner eligibility is rechecked after a delayed resume
ok 654 - owner eligibility is rechecked after a delayed resume
  ---
  duration_ms: 0.3418
  type: 'test'
  ...
# Subtest: an ended callback from an old source cannot stop new audio
ok 655 - an ended callback from an old source cannot stop new audio
  ---
  duration_ms: 496.4749
  type: 'test'
  ...
# Subtest: deterministic, finite, stereo music: mill
ok 656 - deterministic, finite, stereo music: mill
  ---
  duration_ms: 141.1044
  type: 'test'
  ...
# Subtest: deterministic, finite, stereo music: quarry
ok 657 - deterministic, finite, stereo music: quarry
  ---
  duration_ms: 124.2487
  type: 'test'
  ...
# Subtest: deterministic, finite, stereo music: detour
ok 658 - deterministic, finite, stereo music: detour
  ---
  duration_ms: 122.5548
  type: 'test'
  ...
# Subtest: absent homeHistory migrates to empty v1 without replaying claimed knowledge or prior fields
ok 659 - absent homeHistory migrates to empty v1 without replaying claimed knowledge or prior fields
  ---
  duration_ms: 23.4582
  type: 'test'
  ...
# Subtest: null, future, unknown, duplicate and malformed ledgers refuse instead of clearing
ok 660 - null, future, unknown, duplicate and malformed ledgers refuse instead of clearing
  ---
  duration_ms: 0.4434
  type: 'test'
  ...
# Subtest: a prior acceptance or complete unpaid work never grants ownership
ok 661 - a prior acceptance or complete unpaid work never grants ownership
  ---
  duration_ms: 3.6801
  type: 'test'
  ...
# Subtest: pin is independent of equipment projects and accepting story or work
ok 662 - pin is independent of equipment projects and accepting story or work
  ---
  duration_ms: 3.252
  type: 'test'
  ...
# Subtest: memory-cuttings validates costs before spending and saves before adopting once-only ownership
ok 663 - memory-cuttings validates costs before spending and saves before adopting once-only ownership
  ---
  duration_ms: 8.5336
  type: 'test'
  ...
# Subtest: memory-cuttings missing material, wrong bench, paused/dead owner and stale revision leave exact state
ok 664 - memory-cuttings missing material, wrong bench, paused/dead owner and stale revision leave exact state
  ---
  duration_ms: 7.9271
  type: 'test'
  ...
# Subtest: memory-cuttings unowned and duplicate placements reject through save, direct decorate and forged history
ok 665 - memory-cuttings unowned and duplicate placements reject through save, direct decorate and forged history
  ---
  duration_ms: 4.0629
  type: 'test'
  ...
# Subtest: memory-cuttings deliberate move/remove and undo/redo save refusal keep history and costs atomic
ok 666 - memory-cuttings deliberate move/remove and undo/redo save refusal keep history and costs atomic
  ---
  duration_ms: 14.4362
  type: 'test'
  ...
# Subtest: memory-cuttings original geometry is bounded by its declared floor footprint in all rotations
ok 667 - memory-cuttings original geometry is bounded by its declared floor footprint in all rotations
  ---
  duration_ms: 1.1095
  type: 'test'
  ...
# Subtest: memory-refuge validates costs before spending and saves before adopting once-only ownership
ok 668 - memory-refuge validates costs before spending and saves before adopting once-only ownership
  ---
  duration_ms: 6.9993
  type: 'test'
  ...
# Subtest: memory-refuge missing material, wrong bench, paused/dead owner and stale revision leave exact state
ok 669 - memory-refuge missing material, wrong bench, paused/dead owner and stale revision leave exact state
  ---
  duration_ms: 6.9244
  type: 'test'
  ...
# Subtest: memory-refuge unowned and duplicate placements reject through save, direct decorate and forged history
ok 670 - memory-refuge unowned and duplicate placements reject through save, direct decorate and forged history
  ---
  duration_ms: 3.1272
  type: 'test'
  ...
# Subtest: memory-refuge deliberate move/remove and undo/redo save refusal keep history and costs atomic
ok 671 - memory-refuge deliberate move/remove and undo/redo save refusal keep history and costs atomic
  ---
  duration_ms: 10.3972
  type: 'test'
  ...
# Subtest: memory-refuge original geometry is bounded by its declared floor footprint in all rotations
ok 672 - memory-refuge original geometry is bounded by its declared floor footprint in all rotations
  ---
  duration_ms: 0.9778
  type: 'test'
  ...
# Subtest: memory-bellglass validates costs before spending and saves before adopting once-only ownership
ok 673 - memory-bellglass validates costs before spending and saves before adopting once-only ownership
  ---
  duration_ms: 9.9796
  type: 'test'
  ...
# Subtest: memory-bellglass missing material, wrong bench, paused/dead owner and stale revision leave exact state
ok 674 - memory-bellglass missing material, wrong bench, paused/dead owner and stale revision leave exact state
  ---
  duration_ms: 8.5476
  type: 'test'
  ...
# Subtest: memory-bellglass unowned and duplicate placements reject through save, direct decorate and forged history
ok 675 - memory-bellglass unowned and duplicate placements reject through save, direct decorate and forged history
  ---
  duration_ms: 3.469
  type: 'test'
  ...
# Subtest: memory-bellglass deliberate move/remove and undo/redo save refusal keep history and costs atomic
ok 676 - memory-bellglass deliberate move/remove and undo/redo save refusal keep history and costs atomic
  ---
  duration_ms: 12.3394
  type: 'test'
  ...
# Subtest: memory-bellglass original geometry is bounded by its declared floor footprint in all rotations
ok 677 - memory-bellglass original geometry is bounded by its declared floor footprint in all rotations
  ---
  duration_ms: 0.2417
  type: 'test'
  ...
# Subtest: memory-farroad validates costs before spending and saves before adopting once-only ownership
ok 678 - memory-farroad validates costs before spending and saves before adopting once-only ownership
  ---
  duration_ms: 8.925
  type: 'test'
  ...
# Subtest: memory-farroad missing material, wrong bench, paused/dead owner and stale revision leave exact state
ok 679 - memory-farroad missing material, wrong bench, paused/dead owner and stale revision leave exact state
  ---
  duration_ms: 12.4606
  type: 'test'
  ...
# Subtest: memory-farroad unowned and duplicate placements reject through save, direct decorate and forged history
ok 680 - memory-farroad unowned and duplicate placements reject through save, direct decorate and forged history
  ---
  duration_ms: 2.2474
  type: 'test'
  ...
# Subtest: memory-farroad deliberate move/remove and undo/redo save refusal keep history and costs atomic
ok 681 - memory-farroad deliberate move/remove and undo/redo save refusal keep history and costs atomic
  ---
  duration_ms: 7.4368
  type: 'test'
  ...
# Subtest: memory-farroad original geometry is bounded by its declared floor footprint in all rotations
ok 682 - memory-farroad original geometry is bounded by its declared floor footprint in all rotations
  ---
  duration_ms: 0.1878
  type: 'test'
  ...
# Subtest: memory-crossing validates costs before spending and saves before adopting once-only ownership
ok 683 - memory-crossing validates costs before spending and saves before adopting once-only ownership
  ---
  duration_ms: 3.8389
  type: 'test'
  ...
# Subtest: memory-crossing missing material, wrong bench, paused/dead owner and stale revision leave exact state
ok 684 - memory-crossing missing material, wrong bench, paused/dead owner and stale revision leave exact state
  ---
  duration_ms: 5.0026
  type: 'test'
  ...
# Subtest: memory-crossing unowned and duplicate placements reject through save, direct decorate and forged history
ok 685 - memory-crossing unowned and duplicate placements reject through save, direct decorate and forged history
  ---
  duration_ms: 2.2015
  type: 'test'
  ...
# Subtest: memory-crossing deliberate move/remove and undo/redo save refusal keep history and costs atomic
ok 686 - memory-crossing deliberate move/remove and undo/redo save refusal keep history and costs atomic
  ---
  duration_ms: 9.5546
  type: 'test'
  ...
# Subtest: memory-crossing original geometry is bounded by its declared floor footprint in all rotations
ok 687 - memory-crossing original geometry is bounded by its declared floor footprint in all rotations
  ---
  duration_ms: 0.2631
  type: 'test'
  ...
# Subtest: inside placement uses actual body position while durable snapshot keeps its home checkpoint
ok 688 - inside placement uses actual body position while durable snapshot keeps its home checkpoint
  ---
  duration_ms: 2.9234
  type: 'test'
  ...
# Subtest: one of each occupies four chosen slots with no extra power or campaign payout
ok 689 - one of each occupies four chosen slots with no extra power or campaign payout
  ---
  duration_ms: 6.3934
  type: 'test'
  ...
# Subtest: pending placement cannot transfer to another character with identical ownership and revision
ok 690 - pending placement cannot transfer to another character with identical ownership and revision
  ---
  duration_ms: 3.4553
  type: 'test'
  ...
# Subtest: all five trails distinguish unaccepted, active, ready and claimed saved facts
ok 691 - all five trails distinguish unaccepted, active, ready and claimed saved facts
  ---
  duration_ms: 22.1519
  type: 'test'
  ...
# Subtest: eligible work lists preparations, never a later locked encounter or optional work as required
ok 692 - eligible work lists preparations, never a later locked encounter or optional work as required
  ---
  duration_ms: 3.5158
  type: 'test'
  ...
# Subtest: one realm can retain a once-only trail and a separate repeat survey run without merging fees
ok 693 - one realm can retain a once-only trail and a separate repeat survey run without merging fees
  ---
  duration_ms: 1.6311
  type: 'test'
  ...
# Subtest: unpaid completion stays ahead of other work and paid trails have no next action
ok 694 - unpaid completion stays ahead of other work and paid trails have no next action
  ---
  duration_ms: 1.4446
  type: 'test'
  ...
# Subtest: journal and road statuses remain pure and never construct an escort actor
ok 695 - journal and road statuses remain pure and never construct an escort actor
  ---
  duration_ms: 2.5233
  type: 'test'
  ...
# Subtest: home journal retains exact fees, giver, progress and explicitly separate survey identity
ok 696 - home journal retains exact fees, giver, progress and explicitly separate survey identity
  ---
  duration_ms: 1.0485
  type: 'test'
  ...
# Subtest: empty journal gives a deliberate road entry and preserves campaign ordering below it
ok 697 - empty journal gives a deliberate road entry and preserves campaign ordering below it
  ---
  duration_ms: 0.6552
  type: 'test'
  ...
# Subtest: claim control is absent before completion and present only at the actual ready giver
ok 698 - claim control is absent before completion and present only at the actual ready giver
  ---
  duration_ms: 3.5866
  type: 'test'
  ...
# Subtest: survey claim control also requires its own complete current run at the correct separate giver
ok 699 - survey claim control also requires its own complete current run at the correct separate giver
  ---
  duration_ms: 1.3754
  type: 'test'
  ...
# Subtest: a recorded or prerequisite-locked dry route refuses stale controls without walking
ok 700 - a recorded or prerequisite-locked dry route refuses stale controls without walking
  ---
  duration_ms: 1.0279
  type: 'test'
  ...
# Subtest: a route uses the restored current simulation, refusing a previous character trail id
ok 701 - a route uses the restored current simulation, refusing a previous character trail id
  ---
  duration_ms: 1.2926
  type: 'test'
  ...
# Subtest: water, air-court and escort routes give guidance without impossible dry walks
ok 702 - water, air-court and escort routes give guidance without impossible dry walks
  ---
  duration_ms: 0.8106
  type: 'test'
  ...
# Subtest: available-action map legend routes dry work but names gallery controls instead of walking underwater
ok 703 - available-action map legend routes dry work but names gallery controls instead of walking underwater
  ---
  duration_ms: 9.3837
  type: 'test'
  ...
# Subtest: Road marker navigation uses the current realm return point and refuses unrelated or wet rooms
ok 704 - Road marker navigation uses the current realm return point and refuses unrelated or wet rooms
  ---
  duration_ms: 4.3771
  type: 'test'
  ...
# Subtest: road cards show claimed trails and current repeat runs as distinct records
ok 705 - road cards show claimed trails and current repeat runs as distinct records
  ---
  duration_ms: 6.2356
  type: 'test'
  ...
# Subtest: a brute with real displacement has alternating lifted and planted hooves
ok 706 - a brute with real displacement has alternating lifted and planted hooves
  ---
  duration_ms: 2.0614
  type: 'test'
  ...
# Subtest: brute hooves follow the actual animated leg endpoints without changing its world
ok 707 - brute hooves follow the actual animated leg endpoints without changing its world
  ---
  duration_ms: 3.9131
  type: 'test'
  ...
# Subtest: traveler cloth, skin and leather retain distinct physical material responses
ok 708 - traveler cloth, skin and leather retain distinct physical material responses
  ---
  duration_ms: 2.6612
  type: 'test'
  ...
# Subtest: only real bow anticipation carries a visible nocked shaft, removed on release
ok 709 - only real bow anticipation carries a visible nocked shaft, removed on release
  ---
  duration_ms: 30.2963
  type: 'test'
  ...
# Subtest: bow grip, string nock and anticipated shaft face the actual root shot direction
ok 710 - bow grip, string nock and anticipated shaft face the actual root shot direction
  ---
  duration_ms: 34.2855
  type: 'test'
  ...
# Subtest: the bow draw sleeve centers clear the fitted torso through anticipation and guard
ok 711 - the bow draw sleeve centers clear the fitted torso through anticipation and guard
  ---
  duration_ms: 2.135
  type: 'test'
  ...
# Subtest: older world9 migrates optional localLife1 without altering existing histories
ok 712 - older world9 migrates optional localLife1 without altering existing histories
  ---
  duration_ms: 21.3511
  type: 'test'
  ...
# Subtest: current malformed/future local work refuses rather than resetting progress
ok 713 - current malformed/future local work refuses rather than resetting progress
  ---
  duration_ms: 0.9432
  type: 'test'
  ...
# Subtest: the new local ledger does not extend or rewrite the old five trail definitions
ok 714 - the new local ledger does not extend or rewrite the old five trail definitions
  ---
  duration_ms: 0.5837
  type: 'test'
  ...
# Subtest: heaven-propagation-bed-v1 rejects offsite acceptance, invalid arrangement and absent prerequisite atomically
ok 715 - heaven-propagation-bed-v1 rejects offsite acceptance, invalid arrangement and absent prerequisite atomically
  ---
  duration_ms: 20.4786
  type: 'test'
  ...
# Subtest: heaven-propagation-bed-v1 channel physical work, durable candidate refusal and exact one payout
ok 716 - heaven-propagation-bed-v1 channel physical work, durable candidate refusal and exact one payout
  ---
  duration_ms: 45.439
  type: 'test'
  ...
# Subtest: heaven-propagation-bed-v1 wick physical work, durable candidate refusal and exact one payout
ok 717 - heaven-propagation-bed-v1 wick physical work, durable candidate refusal and exact one payout
  ---
  duration_ms: 18.2631
  type: 'test'
  ...
# Subtest: hell-refuge-water-v1 rejects offsite acceptance, invalid arrangement and absent prerequisite atomically
ok 718 - hell-refuge-water-v1 rejects offsite acceptance, invalid arrangement and absent prerequisite atomically
  ---
  duration_ms: 10.3612
  type: 'test'
  ...
# Subtest: hell-refuge-water-v1 cartridge physical work, durable candidate refusal and exact one payout
ok 719 - hell-refuge-water-v1 cartridge physical work, durable candidate refusal and exact one payout
  ---
  duration_ms: 15.0697
  type: 'test'
  ...
# Subtest: hell-refuge-water-v1 hand-filter physical work, durable candidate refusal and exact one payout
ok 720 - hell-refuge-water-v1 hand-filter physical work, durable candidate refusal and exact one payout
  ---
  duration_ms: 14.5191
  type: 'test'
  ...
# Subtest: atlantis-bellglass-lamp-v1 rejects offsite acceptance, invalid arrangement and absent prerequisite atomically
ok 721 - atlantis-bellglass-lamp-v1 rejects offsite acceptance, invalid arrangement and absent prerequisite atomically
  ---
  duration_ms: 2.99
  type: 'test'
  ...
# Subtest: atlantis-bellglass-lamp-v1 approach physical work, durable candidate refusal and exact one payout
ok 722 - atlantis-bellglass-lamp-v1 approach physical work, durable candidate refusal and exact one payout
  ---
  duration_ms: 12.1626
  type: 'test'
  ...
# Subtest: atlantis-bellglass-lamp-v1 desk physical work, durable candidate refusal and exact one payout
ok 723 - atlantis-bellglass-lamp-v1 desk physical work, durable candidate refusal and exact one payout
  ---
  duration_ms: 9.9058
  type: 'test'
  ...
# Subtest: cosmos-drawing-shelf-v1 rejects offsite acceptance, invalid arrangement and absent prerequisite atomically
ok 724 - cosmos-drawing-shelf-v1 rejects offsite acceptance, invalid arrangement and absent prerequisite atomically
  ---
  duration_ms: 2.5052
  type: 'test'
  ...
# Subtest: cosmos-drawing-shelf-v1 route physical work, durable candidate refusal and exact one payout
ok 725 - cosmos-drawing-shelf-v1 route physical work, durable candidate refusal and exact one payout
  ---
  duration_ms: 25.413
  type: 'test'
  ...
# Subtest: cosmos-drawing-shelf-v1 sheltered physical work, durable candidate refusal and exact one payout
ok 726 - cosmos-drawing-shelf-v1 sheltered physical work, durable candidate refusal and exact one payout
  ---
  duration_ms: 15.2732
  type: 'test'
  ...
# Subtest: dry sites and both selected Heaven beds retain full canonical foot support
ok 727 - dry sites and both selected Heaven beds retain full canonical foot support
  ---
  duration_ms: 1.3816
  type: 'test'
  ...
# Subtest: Atlantis work requires actual gallery body depth and medium
ok 728 - Atlantis work requires actual gallery body depth and medium
  ---
  duration_ms: 4.2723
  type: 'test'
  ...
# Subtest: material capacity and 9999 XP boundary retain whole-payment atomicity
ok 729 - material capacity and 9999 XP boundary retain whole-payment atomicity
  ---
  duration_ms: 2.8292
  type: 'test'
  ...
# Subtest: new art reads accepted state, emits finite supported shapes and preserves canonical state
ok 730 - new art reads accepted state, emits finite supported shapes and preserves canonical state
  ---
  duration_ms: 13.6726
  type: 'test'
  ...
# Subtest: both fitted Cosmos arrangements clear the production bench backrest
ok 731 - both fitted Cosmos arrangements clear the production bench backrest
  ---
  duration_ms: 4.521
  type: 'test'
  ...
# Subtest: legacy Cosmos presentation is handed over only after explicit local acceptance
ok 732 - legacy Cosmos presentation is handed over only after explicit local acceptance
  ---
  duration_ms: 3.4926
  type: 'test'
  ...
# Subtest: gate lift is a pure projection of the existing saved repair
ok 733 - gate lift is a pure projection of the existing saved repair
  ---
  duration_ms: 5.3088
  type: 'test'
  ...
# Subtest: five separated timber planks have positive connected transforms and vertical grain
ok 734 - five separated timber planks have positive connected transforms and vertical grain
  ---
  duration_ms: 0.5404
  type: 'test'
  ...
# Subtest: jammed and repaired hardware differ without becoming navigation or camera authorities
ok 735 - jammed and repaired hardware differ without becoming navigation or camera authorities
  ---
  duration_ms: 0.3804
  type: 'test'
  ...
# Subtest: rack stays engaged with the fixed pinion in both leaf positions
ok 736 - rack stays engaged with the fixed pinion in both leaf positions
  ---
  duration_ms: 0.2371
  type: 'test'
  ...
# Subtest: fixed frame stays around the established bank anchor with three mapped members
ok 737 - fixed frame stays around the established bank anchor with three mapped members
  ---
  duration_ms: 0.6748
  type: 'test'
  ...
# Subtest: gate projection remains bounded to 29 moving parts and five timber instances
ok 738 - gate projection remains bounded to 29 moving parts and five timber instances
  ---
  duration_ms: 0.2913
  type: 'test'
  ...
# Subtest: Ansel keeps the exact Earth resident anchor and excludes navigation/camera ownership
ok 739 - Ansel keeps the exact Earth resident anchor and excludes navigation/camera ownership
  ---
  duration_ms: 8.5814
  type: 'test'
  ...
# Subtest: bounded body and tool transforms remain finite and positive through the full work cycle
ok 740 - bounded body and tool transforms remain finite and positive through the full work cycle
  ---
  duration_ms: 48.0602
  type: 'test'
  ...
# Subtest: both hands belong to the actual square frame throughout inspection
ok 741 - both hands belong to the actual square frame throughout inspection
  ---
  duration_ms: 1.7705
  type: 'test'
  ...
# Subtest: proper 3D segments connect both elbows, hands and legs without cross-body gaps
ok 742 - proper 3D segments connect both elbows, hands and legs without cross-body gaps
  ---
  duration_ms: 0.8384
  type: 'test'
  ...
# Subtest: feet meet the supplied ground and the square has a real right angle
ok 743 - feet meet the supplied ground and the square has a real right angle
  ---
  duration_ms: 0.3824
  type: 'test'
  ...
# Subtest: pure sampling changes only with supplied time and reduced motion keeps one complete stance
ok 744 - pure sampling changes only with supplied time and reduced motion keeps one complete stance
  ---
  duration_ms: 2.2877
  type: 'test'
  ...
# Subtest: creative presentation tick preserves sandbox blueprint and grid
ok 745 - creative presentation tick preserves sandbox blueprint and grid
  ---
  duration_ms: 10.4241
  type: 'test'
  ...
# Subtest: creative tick still clears its own stale playing and room-selection fields
ok 746 - creative tick still clears its own stale playing and room-selection fields
  ---
  duration_ms: 2.8042
  type: 'test'
  ...
# Subtest: selected slot and active music never replace another presentation owner
ok 747 - selected slot and active music never replace another presentation owner
  ---
  duration_ms: 2.526
  type: 'test'
  ...
# Subtest: placement confirmation stays disabled before a tile is selected
ok 748 - placement confirmation stays disabled before a tile is selected
  ---
  duration_ms: 6.0594
  type: 'test'
  ...
# Subtest: explicit survey acceptance uses kit and the next expected sequence
ok 749 - explicit survey acceptance uses kit and the next expected sequence
  ---
  duration_ms: 31.8276
  type: 'test'
  ...
# Subtest: older saves acquire empty project data without changing XP or creative work
ok 750 - older saves acquire empty project data without changing XP or creative work
  ---
  duration_ms: 16.3222
  type: 'test'
  ...
# Subtest: a pin is a persisted attainable choice, not ownership or campaign consent
ok 751 - a pin is a persisted attainable choice, not ownership or campaign consent
  ---
  duration_ms: 26.6641
  type: 'test'
  ...
# Subtest: guide projects real craft sources and honest comparisons for an unowned weapon
ok 752 - guide projects real craft sources and honest comparisons for an unowned weapon
  ---
  duration_ms: 2.1512
  type: 'test'
  ...
# Subtest: next-step preview resolves the Ashwood prerequisite separately from the longbow target
ok 753 - next-step preview resolves the Ashwood prerequisite separately from the longbow target
  ---
  duration_ms: 1.372
  type: 'test'
  ...
# Subtest: each prerequisite and target preview matches the actual craft then deliberate equip
ok 754 - each prerequisite and target preview matches the actual craft then deliberate equip
  ---
  duration_ms: 3.3082
  type: 'test'
  ...
# Subtest: next-step forge and both finite fittings match accepted commands without spending during preview
ok 755 - next-step forge and both finite fittings match accepted commands without spending during preview
  ---
  duration_ms: 3.0372
  type: 'test'
  ...
# Subtest: unequipped bow fitting preview keeps distinct sockets, health and Oren temper
ok 756 - unequipped bow fitting preview keeps distinct sockets, health and Oren temper
  ---
  duration_ms: 2.0425
  type: 'test'
  ...
# Subtest: finished, uncraftable and invalid project IDs have no invented next step
ok 757 - finished, uncraftable and invalid project IDs have no invented next step
  ---
  duration_ms: 1.4039
  type: 'test'
  ...
# Subtest: repeated immutable next-step previews keep XP, all history, cost, vitals and selected socket unchanged
ok 758 - repeated immutable next-step previews keep XP, all history, cost, vitals and selected socket unchanged
  ---
  duration_ms: 5.0433
  type: 'test'
  ...
# Subtest: Oren comparisons explicitly use current XP and do not project or award the separate XP reward
ok 759 - Oren comparisons explicitly use current XP and do not project or award the separate XP reward
  ---
  duration_ms: 37.3769
  type: 'test'
  ...
# Subtest: survey cannot be accepted remotely or before kit, and failed start is atomic
ok 760 - survey cannot be accepted remotely or before kit, and failed start is atomic
  ---
  duration_ms: 5.4846
  type: 'test'
  ...
# Subtest: survey temporarily owns encounters without replaying the once-only quest
ok 761 - survey temporarily owns encounters without replaying the once-only quest
  ---
  duration_ms: 3.3488
  type: 'test'
  ...
# Subtest: accepted sample events require run identity, proximity and once-per-run ownership
ok 762 - accepted sample events require run identity, proximity and once-per-run ownership
  ---
  duration_ms: 6.2407
  type: 'test'
  ...
# Subtest: actual defeat progresses the active run but creates no story defeat, cache or XP
ok 763 - actual defeat progresses the active run but creates no story defeat, cache or XP
  ---
  duration_ms: 1.5417
  type: 'test'
  ...
# Subtest: each deliberate completed run pays once, including after reload and receipt eviction
ok 764 - each deliberate completed run pays once, including after reload and receipt eviction
  ---
  duration_ms: 5.0576
  type: 'test'
  ...
# Subtest: changed request IDs cannot claim an incomplete run or a stale entitlement
ok 765 - changed request IDs cannot claim an incomplete run or a stale entitlement
  ---
  duration_ms: 2.1622
  type: 'test'
  ...
# Subtest: full ore refuses the entire claim and preserves earned entitlement
ok 766 - full ore refuses the entire claim and preserves earned entitlement
  ---
  duration_ms: 1.7742
  type: 'test'
  ...
# Subtest: full coins refuses the entire claim and preserves earned entitlement
ok 767 - full coins refuses the entire claim and preserves earned entitlement
  ---
  duration_ms: 4.1085
  type: 'test'
  ...
# Subtest: full fiber refuses the entire claim and preserves earned entitlement
ok 768 - full fiber refuses the entire claim and preserves earned entitlement
  ---
  duration_ms: 2.5045
  type: 'test'
  ...
# Subtest: finite fittings consume whole costs, keep equipped identity and preserve sockets
ok 769 - finite fittings consume whole costs, keep equipped identity and preserve sockets
  ---
  duration_ms: 2.4949
  type: 'test'
  ...
# Subtest: invalid, distant, out-of-order and missing-cost fittings never partly spend materials
ok 770 - invalid, distant, out-of-order and missing-cost fittings never partly spend materials
  ---
  duration_ms: 2.2443
  type: 'test'
  ...
# Subtest: improving an unequipped bow never equips it or changes the equipped socket
ok 771 - improving an unequipped bow never equips it or changes the equipped socket
  ---
  duration_ms: 0.3425
  type: 'test'
  ...
# Subtest: fittings affect both real damage paths and leave obstruction rules intact
ok 772 - fittings affect both real damage paths and leave obstruction rules intact
  ---
  duration_ms: 20.6793
  type: 'test'
  ...
# Subtest: present malformed ledgers refuse import instead of resetting paid history
ok 773 - present malformed ledgers refuse import instead of resetting paid history
  ---
  duration_ms: 17.3266
  type: 'test'
  ...
# Subtest: Darric remains at the supported existing anchor beside the real collection approach
ok 774 - Darric remains at the supported existing anchor beside the real collection approach
  ---
  duration_ms: 4.7661
  type: 'test'
  ...
# Subtest: complete actor and actual tool matrices remain finite positive and bounded across every stage
ok 775 - complete actor and actual tool matrices remain finite positive and bounded across every stage
  ---
  duration_ms: 104.061
  type: 'test'
  ...
# Subtest: both gloved hands meet the real resting handle through every pose and stage
ok 776 - both gloved hands meet the real resting handle through every pose and stage
  ---
  duration_ms: 6.4703
  type: 'test'
  ...
# Subtest: full 3D limb bases connect submitted endpoints instead of rotating only in one plane
ok 777 - full 3D limb bases connect submitted endpoints instead of rotating only in one plane
  ---
  duration_ms: 0.859
  type: 'test'
  ...
# Subtest: transformed soles meet canonical shallow ground within six millimetres
ok 778 - transformed soles meet canonical shallow ground within six millimetres
  ---
  duration_ms: 0.5554
  type: 'test'
  ...
# Subtest: actual actor and mallet volumes clear collection stance sign and reserved blocks at pose extremes
ok 779 - actual actor and mallet volumes clear collection stance sign and reserved blocks at pose extremes
  ---
  duration_ms: 58.5239
  type: 'test'
  ...
# Subtest: actual mallet head clears body boxes and conservative round bounds through the full posing cycle
ok 780 - actual mallet head clears body boxes and conservative round bounds through the full posing cycle
  ---
  duration_ms: 566.3369
  type: 'test'
  ...
# Subtest: three stable individually tallied blocks project release only and twelve flush stones project packing only
ok 781 - three stable individually tallied blocks project release only and twelve flush stones project packing only
  ---
  duration_ms: 3.9791
  type: 'test'
  ...
# Subtest: pure pose uses only supplied simulation time and reduced motion freezes each complete stage
ok 782 - pure pose uses only supplied simulation time and reduced motion freezes each complete stage
  ---
  duration_ms: 11.4412
  type: 'test'
  ...
# Subtest: the pure API owns the nine retained points and two Elderweald residents, with unchanged names and deeply frozen profiles
ok 783 - the pure API owns the nine retained points and two Elderweald residents, with unchanged names and deeply frozen profiles
  ---
  duration_ms: 5.0648
  type: 'test'
  ...
# Subtest: actual production mesh vertices are finite, supported and bounded through real ground height and yaw
ok 784 - actual production mesh vertices are finite, supported and bounded through real ground height and yaw
  ---
  duration_ms: 518.3
  type: 'test'
  ...
# Subtest: the exact actor meshes stay on current patches and clear authoritative nearby solid boxes
ok 785 - the exact actor meshes stay on current patches and clear authoritative nearby solid boxes
  ---
  duration_ms: 396.7568
  type: 'test'
  ...
# Subtest: actual beam mesh endpoints connect the named limb and tool joints under root transforms
ok 786 - actual beam mesh endpoints connect the named limb and tool joints under root transforms
  ---
  duration_ms: 5.9391
  type: 'test'
  ...
# Subtest: each useful tool actually touches its holding palm and has a supported component graph
ok 787 - each useful tool actually touches its holding palm and has a supported component graph
  ---
  duration_ms: 15.314
  type: 'test'
  ...
# Subtest: Calen alone has source-backed folded wings joined to the real cloak surface and clear of hands and head
ok 788 - Calen alone has source-backed folded wings joined to the real cloak surface and clear of hands and head
  ---
  duration_ms: 28.9669
  type: 'test'
  ...
# Subtest: material combinations, clothing silhouettes and tools are distinct without assigning game classes or ancestry
ok 789 - material combinations, clothing silhouettes and tools are distinct without assigning game classes or ancestry
  ---
  duration_ms: 2.9612
  type: 'test'
  ...
# Subtest: repeated time samples are pure, idle never walks or works, and pause/reduced motion are quiet
ok 790 - repeated time samples are pure, idle never walks or works, and pause/reduced motion are quiet
  ---
  duration_ms: 66.1799
  type: 'test'
  ...
# Subtest: unknown people, invalid anchors or output refuse before any partial mutation
ok 791 - unknown people, invalid anchors or output refuse before any partial mutation
  ---
  duration_ms: 0.7497
  type: 'test'
  ...
# Subtest: adventure 10 and missing optional trails preserve all ten XP boundaries and source input
ok 792 - adventure 10 and missing optional trails preserve all ten XP boundaries and source input
  ---
  duration_ms: 48.3553
  type: 'test'
  ...
# Subtest: current/future schemas refuse missing fields, foreign steps and impossible histories
ok 793 - current/future schemas refuse missing fields, foreign steps and impossible histories
  ---
  duration_ms: 16.0331
  type: 'test'
  ...
# Subtest: trail acceptance and realm fitting require their cross-owner earned histories on import
ok 794 - trail acceptance and realm fitting require their cross-owner earned histories on import
  ---
  duration_ms: 1.795
  type: 'test'
  ...
# Subtest: acceptance requires the kit, correct realm, physical giver and living dry character
ok 795 - acceptance requires the kit, correct realm, physical giver and living dry character
  ---
  duration_ms: 11.159
  type: 'test'
  ...
# Subtest: malformed transient XZ and depth cannot qualify a physical trail action
ok 796 - malformed transient XZ and depth cannot qualify a physical trail action
  ---
  duration_ms: 16.9226
  type: 'test'
  ...
# Subtest: accept/step refusal from throwing or unavailable persistence changes no live state
ok 797 - accept/step refusal from throwing or unavailable persistence changes no live state
  ---
  duration_ms: 19.4213
  type: 'test'
  ...
# Subtest: supply preparation is physical, dependency-checked and grants nothing before claim
ok 798 - supply preparation is physical, dependency-checked and grants nothing before claim
  ---
  duration_ms: 7.4069
  type: 'test'
  ...
# Subtest: wet readings need actual depth/body medium and cannot be recorded on the overhead deck
ok 799 - wet readings need actual depth/body medium and cannot be recorded on the overhead deck
  ---
  duration_ms: 5.3257
  type: 'test'
  ...
# Subtest: Bellglass chart works in the actual air court and wrong choices are costless refusals
ok 800 - Bellglass chart works in the actual air court and wrong choices are costless refusals
  ---
  duration_ms: 6.8033
  type: 'test'
  ...
# Subtest: each material slot and currency limit refuses the whole declared claim, then exact capacity succeeds
ok 801 - each material slot and currency limit refuses the whole declared claim, then exact capacity succeeds
  ---
  duration_ms: 20.3227
  type: 'test'
  ...
# Subtest: claim validates/saves the full paid candidate before applying it and retains live owner objects
ok 802 - claim validates/saves the full paid candidate before applying it and retains live owner objects
  ---
  duration_ms: 12.2024
  type: 'test'
  ...
# Subtest: claim clamps XP at 9999 without replacing the retained five-level curve
ok 803 - claim clamps XP at 9999 without replacing the retained five-level curve
  ---
  duration_ms: 5.8914
  type: 'test'
  ...
# Subtest: partial, ready and paid records survive snapshot/reload without accepting or paying again
ok 804 - partial, ready and paid records survive snapshot/reload without accepting or paying again
  ---
  duration_ms: 4.9129
  type: 'test'
  ...
# Subtest: a real in-memory character Store makes quota refusal atomic and pays one saved entitlement
ok 805 - a real in-memory character Store makes quota refusal atomic and pays one saved entitlement
  ---
  duration_ms: 6.6775
  type: 'test'
  ...
# Subtest: a missing saver refuses claim and fitting without recording a false durable success
ok 806 - a missing saver refuses claim and fitting without recording a false durable success
  ---
  duration_ms: 44.2458
  type: 'test'
  ...
# Subtest: managed Store writer and changed-source refusals preserve the complete unpaid trail
ok 807 - managed Store writer and changed-source refusals preserve the complete unpaid trail
  ---
  duration_ms: 12.7437
  type: 'test'
  ...
# Subtest: independent character worlds keep trail claims and the fitting entitlement separate
ok 808 - independent character worlds keep trail claims and the fitting entitlement separate
  ---
  duration_ms: 5.8867
  type: 'test'
  ...
# Subtest: a fitting requires claimed work, an outdoor bench, life, an owned weapon and complete cost
ok 809 - a fitting requires claimed work, an outdoor bench, life, an owned weapon and complete cost
  ---
  duration_ms: 46.6688
  type: 'test'
  ...
# Subtest: finite fitting spends only after persistence and adds exactly three to the selected equipped blade
ok 810 - finite fitting spends only after persistence and adds exactly three to the selected equipped blade
  ---
  duration_ms: 14.1716
  type: 'test'
  ...
# Subtest: fitting an unequipped canonical bow never equips it and the one global spend excludes another weapon
ok 811 - fitting an unequipped canonical bow never equips it and the one global spend excludes another weapon
  ---
  duration_ms: 8.7555
  type: 'test'
  ...
# Subtest: returning finite starter/river work, ruby, pinned project, banked XP and weapon behavior survive fitting
ok 812 - returning finite starter/river work, ruby, pinned project, banked XP and weapon behavior survive fitting
  ---
  duration_ms: 4.8145
  type: 'test'
  ...
# Subtest: accepted Atlantis pages are readable at home and from another realm after cold reload
ok 813 - accepted Atlantis pages are readable at home and from another realm after cold reload
  ---
  duration_ms: 10.1761
  type: 'test'
  ...
# Subtest: all legal Southern progress snapshots emit bounded supported kinds and finite positive production matrices
ok 814 - all legal Southern progress snapshots emit bounded supported kinds and finite positive production matrices
  ---
  duration_ms: 74.4532
  type: 'test'
  ...
# Subtest: appearance projects acceptance and each true step; the packed job appears only after all supplies and packing
ok 815 - appearance projects acceptance and each true step; the packed job appears only after all supplies and packing
  ---
  duration_ms: 3.5082
  type: 'test'
  ...
# Subtest: Bellglass reveals separate recorded readings, corrected layered chart and fitted marker without erasing the older scale
ok 816 - Bellglass reveals separate recorded readings, corrected layered chart and fitted marker without erasing the older scale
  ---
  duration_ms: 4.4973
  type: 'test'
  ...
# Subtest: actual Earth mesh feet stay on canonical ground and clear walking, task and giver body envelopes
ok 817 - actual Earth mesh feet stay on canonical ground and clear walking, task and giver body envelopes
  ---
  duration_ms: 166.9101
  type: 'test'
  ...
# Subtest: actual Bellglass full meshes clear the complete XYZ visitor route, dive blockers and step bodies
ok 818 - actual Bellglass full meshes clear the complete XYZ visitor route, dive blockers and step bodies
  ---
  duration_ms: 45.4872
  type: 'test'
  ...
# Subtest: desk, inclined layered chart, suspended gauge and bed-mounted feet meet their real supports
ok 819 - desk, inclined layered chart, suspended gauge and bed-mounted feet meet their real supports
  ---
  duration_ms: 5.4059
  type: 'test'
  ...
# Subtest: bed, court and suspended-gauge support heights agree with the actual generic scene writer
ok 820 - bed, court and suspended-gauge support heights agree with the actual generic scene writer
  ---
  duration_ms: 33.2502
  type: 'test'
  ...
# Subtest: South work geometry is static across pause, time, reduced motion and both camera settings; all input data stays unchanged
ok 821 - South work geometry is static across pause, time, reduced motion and both camera settings; all input data stays unchanged
  ---
  duration_ms: 27.6753
  type: 'test'
  ...
# Subtest: real trail commands leave the chart unconnected after wrong choice or refused save, then project a committed correction
ok 822 - real trail commands leave the chart unconnected after wrong choice or refused save, then project a committed correction
  ---
  duration_ms: 9.3632
  type: 'test'
  ...
# Subtest: six northern and Cosmos projections retain pinned base output without depending on Git history
ok 823 - six northern and Cosmos projections retain pinned base output without depending on Git history
  ---
  duration_ms: 4.6133
  type: 'test'
  ...
# Subtest: browser global and CommonJS preserve the original interface and add no foreign global authority
ok 824 - browser global and CommonJS preserve the original interface and add no foreign global authority
  ---
  duration_ms: 2.2847
  type: 'test'
  ...
# Subtest: one stable finite definition has supported schema and exact declared payment
ok 825 - one stable finite definition has supported schema and exact declared payment
  ---
  duration_ms: 1.5374
  type: 'test'
  ...
# Subtest: every nested catalogue value is immutable, including target anchors
ok 826 - every nested catalogue value is immutable, including target anchors
  ---
  duration_ms: 0.476
  type: 'test'
  ...
# Subtest: instrument readings follow the actual authored XZ anchors and strict finite scale
ok 827 - instrument readings follow the actual authored XZ anchors and strict finite scale
  ---
  duration_ms: 0.3249
  type: 'test'
  ...
# Subtest: both optical targets agree with geometry actually submitted by CosmosArt
ok 828 - both optical targets agree with geometry actually submitted by CosmosArt
  ---
  duration_ms: 35.6415
  type: 'test'
  ...
# Subtest: giver and all three actions use actual dry floor, radius clearance and line access
ok 829 - giver and all three actions use actual dry floor, radius clearance and line access
  ---
  duration_ms: 0.8929
  type: 'test'
  ...
# Subtest: complete out-and-back circuit follows production segments with dense radius-safe samples
ok 830 - complete out-and-back circuit follows production segments with dense radius-safe samples
  ---
  duration_ms: 29.0669
  type: 'test'
  ...
# Subtest: data loading and browser export do not invoke save, simulation, reward or art authority
ok 831 - data loading and browser export do not invoke save, simulation, reward or art authority
  ---
  duration_ms: 7.7132
  type: 'test'
  ...
# Subtest: two real sight stations expose earned comparator preview without mutating the world
ok 832 - two real sight stations expose earned comparator preview without mutating the world
  ---
  duration_ms: 148.8307
  type: 'test'
  ...
# Subtest: misaligned, absent, remote, nonfinite and out-of-scale calibration cannot record or spend
ok 833 - misaligned, absent, remote, nonfinite and out-of-scale calibration cannot record or spend
  ---
  duration_ms: 186.4299
  type: 'test'
  ...
# Subtest: unrecorded dial resets on cold reload; recorded values, prerequisites and once-only claim survive
ok 834 - unrecorded dial resets on cold reload; recorded values, prerequisites and once-only claim survive
  ---
  duration_ms: 772.0632
  type: 'test'
  ...
# Subtest: save refusal leaves an aligned physical comparator retryable and its earned state unchanged
ok 835 - save refusal leaves an aligned physical comparator retryable and its earned state unchanged
  ---
  duration_ms: 84.6984
  type: 'test'
  ...
# Subtest: import refuses fabricated instrument histories while preserving source objects
ok 836 - import refuses fabricated instrument histories while preserving source objects
  ---
  duration_ms: 10.5552
  type: 'test'
  ...
# Subtest: north trails: exact frozen catalogue contract and distinct persistent namespaces
ok 837 - north trails: exact frozen catalogue contract and distinct persistent namespaces
  ---
  duration_ms: 12.4748
  type: 'test'
  ...
# Subtest: Heaven: three independent relay actions, optional real opening and post-defeat physical repair
ok 838 - Heaven: three independent relay actions, optional real opening and post-defeat physical repair
  ---
  duration_ms: 0.4573
  type: 'test'
  ...
# Subtest: Hell: all route safety is required; actual ally arrival follows separate defeat and explicit invitation
ok 839 - Hell: all route safety is required; actual ally arrival follows separate defeat and explicit invitation
  ---
  duration_ms: 0.5359
  type: 'test'
  ...
# Subtest: graph guard detects cycles, unknown prerequisites, optional completion gates and encounter mismatch
ok 840 - graph guard detects cycles, unknown prerequisites, optional completion gates and encounter mismatch
  ---
  duration_ms: 3.9131
  type: 'test'
  ...
# Subtest: heaven: production ground, exact collision and navigation provide every action a giver/home return
ok 841 - heaven: production ground, exact collision and navigation provide every action a giver/home return
  ---
  duration_ms: 1255.7713
  type: 'test'
  ...
# Subtest: heaven: production accepted movement physically walks ordered work and freely returns home
ok 842 - heaven: production accepted movement physically walks ordered work and freely returns home
  ---
  duration_ms: 300.2428
  type: 'test'
  ...
# Subtest: hell: production ground, exact collision and navigation provide every action a giver/home return
ok 843 - hell: production ground, exact collision and navigation provide every action a giver/home return
  ---
  duration_ms: 3128.3392
  type: 'test'
  ...
# Subtest: hell: production accepted movement physically walks ordered work and freely returns home
ok 844 - hell: production accepted movement physically walks ordered work and freely returns home
  ---
  duration_ms: 493.9304
  type: 'test'
  ...
# Subtest: Hell: supported escorted macro route uses a real culvert detour and remains within Refuge at its endpoint
ok 845 - Hell: supported escorted macro route uses a real culvert detour and remains within Refuge at its endpoint
  ---
  duration_ms: 229.1324
  type: 'test'
  ...
# Subtest: catalogue is deterministic inert data in browser and CommonJS hosts, with no save/scene/reward effects
ok 846 - catalogue is deterministic inert data in browser and CommonJS hosts, with no save/scene/reward effects
  ---
  duration_ms: 4.9836
  type: 'test'
  ...
# Subtest: acceptance needs the correct realm, initial kit and physical giver; inspecting/failed actions remain inert
ok 847 - acceptance needs the correct realm, initial kit and physical giver; inspecting/failed actions remain inert
  ---
  duration_ms: 51.8616
  type: 'test'
  ...
# Subtest: interactions require actual proximity and all DAG preparations; combat/escort steps cannot be clicked complete
ok 848 - interactions require actual proximity and all DAG preparations; combat/escort steps cannot be clicked complete
  ---
  duration_ms: 9.9582
  type: 'test'
  ...
# Subtest: strict escort history rejects impossible arrival/checkpoint records while legacy saves migrate without trail credit
ok 849 - strict escort history rejects impossible arrival/checkpoint records while legacy saves migrate without trail credit
  ---
  duration_ms: 2.9423
  type: 'test'
  ...
# Subtest: story death accepts only the current actual zero-HP actor; replay has no legacy loot or payout
ok 850 - story death accepts only the current actual zero-HP actor; replay has no legacy loot or payout
  ---
  duration_ms: 38.5327
  type: 'test'
  ...
# Subtest: Heaven closed bearing records no hit; actual pulse recovery is 1.8 and preparation changes a later real opening to 2.6
ok 851 - Heaven closed bearing records no hit; actual pulse recovery is 1.8 and preparation changes a later real opening to 2.6
  ---
  duration_ms: 13.1099
  type: 'test'
  ...
# Subtest: same-room story roster update preserves current enemy HP/intent, real arrow, companion, effects and invincibility
ok 852 - same-room story roster update preserves current enemy HP/intent, real arrow, companion, effects and invincibility
  ---
  duration_ms: 179.4237
  type: 'test'
  ...
# Subtest: missing or refused durable combat saver cannot manufacture a defeat; successful retry records it once
ok 853 - missing or refused durable combat saver cannot manufacture a defeat; successful retry records it once
  ---
  duration_ms: 30.5243
  type: 'test'
  ...
# Subtest: real Neris waits for distance and explicit wait/follow; player-only arrival cannot finish rescue
ok 854 - real Neris waits for distance and explicit wait/follow; player-only arrival cannot finish rescue
  ---
  duration_ms: 189.6989
  type: 'test'
  ...
# Subtest: actual ordinary sentinel death stops escort; cold reload/revive resumes durable safe checkpoint and owns a fresh actor
ok 855 - actual ordinary sentinel death stops escort; cold reload/revive resumes durable safe checkpoint and owns a fresh actor
  ---
  duration_ms: 128.3314
  type: 'test'
  ...
# Subtest: refused checkpoint save stays retryable; actual arrival can only be adopted after saver accepts
ok 856 - refused checkpoint save stays retryable; actual arrival can only be adopted after saver accepts
  ---
  duration_ms: 22.5792
  type: 'test'
  ...
# Subtest: explicit assisted extraction is distinct, actual Refuge placement and save-atomic; completion survives unpaid reload
ok 857 - explicit assisted extraction is distinct, actual Refuge placement and save-atomic; completion survives unpaid reload
  ---
  duration_ms: 13.0664
  type: 'test'
  ...
# Subtest: ready claim is physical, atomic, once-only and retained on capacity/save refusal and cold replay
ok 858 - ready claim is physical, atomic, once-only and retained on capacity/save refusal and cold replay
  ---
  duration_ms: 35.0554
  type: 'test'
  ...
# Subtest: finite fitting preserves selected identity, actual prior socket, validated prior pursuit bonus and global once limit
ok 859 - finite fitting preserves selected identity, actual prior socket, validated prior pursuit bonus and global once limit
  ---
  duration_ms: 39.1092
  type: 'test'
  ...
# Subtest: both terms are deeply frozen and browser/CommonJS exports agree without mutable service access
ok 860 - both terms are deeply frozen and browser/CommonJS exports agree without mutable service access
  ---
  duration_ms: 3.9336
  type: 'test'
  ...
# Subtest: stable terms, finite step topology and choice references match the approved data contract
ok 861 - stable terms, finite step topology and choice references match the approved data contract
  ---
  duration_ms: 1.0224
  type: 'test'
  ...
# Subtest: givers retain current canonical point ownership and every dry step has supported collision-free ground
ok 862 - givers retain current canonical point ownership and every dry step has supported collision-free ground
  ---
  duration_ms: 7.2693
  type: 'test'
  ...
# Subtest: the complete dry circuit follows real supported segments and stays outside the optional foe detection radius
ok 863 - the complete dry circuit follows real supported segments and stays outside the optional foe detection radius
  ---
  duration_ms: 83.8293
  type: 'test'
  ...
# Subtest: underwater and air-court anchors agree with actual full-body clearance and character medium
ok 864 - underwater and air-court anchors agree with actual full-body clearance and character medium
  ---
  duration_ms: 37.996
  type: 'test'
  ...
# Subtest: production depth movement reaches every new anchor through the real doorway and east lane, then exits
ok 865 - production depth movement reaches every new anchor through the real doorway and east lane, then exits
  ---
  duration_ms: 4.0499
  type: 'test'
  ...
# Subtest: the material claim supports an existing recipe without a new item, resource node or weapon stat
ok 866 - the material claim supports an existing recipe without a new item, resource node or weapon stat
  ---
  duration_ms: 0.3894
  type: 'test'
  ...
# Subtest: labels distinguish job supplies, physical depth, protected history and finite claimed materials
ok 867 - labels distinguish job supplies, physical depth, protected history and finite claimed materials
  ---
  duration_ms: 0.2087
  type: 'test'
  ...
# Subtest: horizontal reflection keeps every point on its plane fixed
ok 868 - horizontal reflection keeps every point on its plane fixed
  ---
  duration_ms: 2.0628
  type: 'test'
  ...
# Subtest: reflection applied twice restores a point
ok 869 - reflection applied twice restores a point
  ---
  duration_ms: 0.4637
  type: 'test'
  ...
# Subtest: actual render matrix keeps contact UV invariant at many view angles
ok 870 - actual render matrix keeps contact UV invariant at many view angles
  ---
  duration_ms: 2.5639
  type: 'test'
  ...
# Subtest: reflected height changes vertical position but not lateral direction
ok 871 - reflected height changes vertical position but not lateral direction
  ---
  duration_ms: 0.8292
  type: 'test'
  ...
# Subtest: regression specimen detects the previous reflected-lookAt defect
ok 872 - regression specimen detects the previous reflected-lookAt defect
  ---
  duration_ms: 0.1982
  type: 'test'
  ...
# Subtest: non-finite reflection height is rejected
ok 873 - non-finite reflection height is rejected
  ---
  duration_ms: 0.2865
  type: 'test'
  ...
# Subtest: road defaults are distinct records and start without progress
ok 874 - road defaults are distinct records and start without progress
  ---
  duration_ms: 17.9571
  type: 'test'
  ...
# Subtest: all route destinations are on terrain; river and trunks are obstacles
ok 875 - all route destinations are on terrain; river and trunks are obstacles
  ---
  duration_ms: 9.86
  type: 'test'
  ...
# Subtest: visibility rejects invalid endpoints, extreme inputs, and water crossing
ok 876 - visibility rejects invalid endpoints, extreme inputs, and water crossing
  ---
  duration_ms: 1.9097
  type: 'test'
  ...
# Subtest: consistent completed road validates and all objectives complete
ok 877 - consistent completed road validates and all objectives complete
  ---
  duration_ms: 0.5938
  type: 'test'
  ...
# Subtest: unearned and duplicate facts are rejected rather than reset
ok 878 - unearned and duplicate facts are rejected rather than reset
  ---
  duration_ms: 2.8826
  type: 'test'
  ...
# Subtest: road validation requires story, companion, and encounter prerequisites
ok 879 - road validation requires story, companion, and encounter prerequisites
  ---
  duration_ms: 0.2897
  type: 'test'
  ...
# Subtest: world05 migrates without changing any prior creative/sandbox fields
ok 880 - world05 migrates without changing any prior creative/sandbox fields
  ---
  duration_ms: 20.7106
  type: 'test'
  ...
# Subtest: all supported previous schemas migrate without road wins
ok 881 - all supported previous schemas migrate without road wins
  ---
  duration_ms: 6.6073
  type: 'test'
  ...
# Subtest: adapter migration writes new key and leaves previous key unchanged
ok 882 - adapter migration writes new key and leaves previous key unchanged
  ---
  duration_ms: 2.0839
  type: 'test'
  ...
# Subtest: gate refuses unfinished chapter without mutation
ok 883 - gate refuses unfinished chapter without mutation
  ---
  duration_ms: 7.7701
  type: 'test'
  ...
# Subtest: gate refuses remote and wrong-scene entry
ok 884 - gate refuses remote and wrong-scene entry
  ---
  duration_ms: 6.5971
  type: 'test'
  ...
# Subtest: earned gift allows entry and preserves exterior restart
ok 885 - earned gift allows entry and preserves exterior restart
  ---
  duration_ms: 1.7436
  type: 'test'
  ...
# Subtest: normal road return is restricted to southern gate
ok 886 - normal road return is restricted to southern gate
  ---
  duration_ms: 2.977
  type: 'test'
  ...
# Subtest: road save reopens safely outside with progress retained
ok 887 - road save reopens safely outside with progress retained
  ---
  duration_ms: 1.9152
  type: 'test'
  ...
# Subtest: all map landmarks and encounter origins walkable
ok 888 - all map landmarks and encounter origins walkable
  ---
  duration_ms: 0.2805
  type: 'test'
  ...
# Subtest: river blocks nonbridge crossings and rejects nonfinite coordinates
ok 889 - river blocks nonbridge crossings and rejects nonfinite coordinates
  ---
  duration_ms: 0.2372
  type: 'test'
  ...
# Subtest: boulders cart tower and trunks all participate in collision
ok 890 - boulders cart tower and trunks all participate in collision
  ---
  duration_ms: 0.9312
  type: 'test'
  ...
# Subtest: path crosses bridge instead of cutting across water
ok 891 - path crosses bridge instead of cutting across water
  ---
  duration_ms: 31.8337
  type: 'test'
  ...
# Subtest: dodge does not tunnel through the river
ok 892 - dodge does not tunnel through the river
  ---
  duration_ms: 3.2112
  type: 'test'
  ...
# Subtest: new encounters do not enable village combat
ok 893 - new encounters do not enable village combat
  ---
  duration_ms: 2.9954
  type: 'test'
  ...
# Subtest: melee cannot hit through solid road geometry
ok 894 - melee cannot hit through solid road geometry
  ---
  duration_ms: 2.668
  type: 'test'
  ...
# Subtest: Seek needs bonded Follow fox and a nearby discoverable scent
ok 895 - Seek needs bonded Follow fox and a nearby discoverable scent
  ---
  duration_ms: 7.7126
  type: 'test'
  ...
# Subtest: discovery only occurs after physical path travel
ok 896 - discovery only occurs after physical path travel
  ---
  duration_ms: 38.9481
  type: 'test'
  ...
# Subtest: Stay cancels pending scent without issuing discovery
ok 897 - Stay cancels pending scent without issuing discovery
  ---
  duration_ms: 18.1015
  type: 'test'
  ...
# Subtest: leaving cancels scent instead of revealing cache remotely
ok 898 - leaving cancels scent instead of revealing cache remotely
  ---
  duration_ms: 6.1913
  type: 'test'
  ...
# Subtest: unrevealed distant or already claimed cache refuses without mutation
ok 899 - unrevealed distant or already claimed cache refuses without mutation
  ---
  duration_ms: 13.5282
  type: 'test'
  ...
# Subtest: cache overflow keeps balances and unclaimed discovery
ok 900 - cache overflow keeps balances and unclaimed discovery
  ---
  duration_ms: 3.9001
  type: 'test'
  ...
# Subtest: cache retry does not duplicate rewards
ok 901 - cache retry does not duplicate rewards
  ---
  duration_ms: 2.8561
  type: 'test'
  ...
# Subtest: repair needs latch prowler ore and proximity
ok 902 - repair needs latch prowler ore and proximity
  ---
  duration_ms: 5.213
  type: 'test'
  ...
# Subtest: repair charges exactly once under any command id
ok 903 - repair charges exactly once under any command id
  ---
  duration_ms: 2.0498
  type: 'test'
  ...
# Subtest: shop refuses unopened remote and wrong-scene trades
ok 904 - shop refuses unopened remote and wrong-scene trades
  ---
  duration_ms: 6.6145
  type: 'test'
  ...
# Subtest: tonic purchase obeys cost capacity and idempotency
ok 905 - tonic purchase obeys cost capacity and idempotency
  ---
  duration_ms: 2.3867
  type: 'test'
  ...
# Subtest: changed trade offer under same id is refused
ok 906 - changed trade offer under same id is refused
  ---
  duration_ms: 1.9136
  type: 'test'
  ...
# Subtest: unique mantle costs 18 and can be equipped not repurchased
ok 907 - unique mantle costs 18 and can be equipped not repurchased
  ---
  duration_ms: 5.1355
  type: 'test'
  ...
# Subtest: insufficient currency preserves equipment and balance
ok 908 - insufficient currency preserves equipment and balance
  ---
  duration_ms: 3.8698
  type: 'test'
  ...
# Subtest: copper sale exact and bounded
ok 909 - copper sale exact and bounded
  ---
  duration_ms: 2.2507
  type: 'test'
  ...
# Subtest: sunberry sale consumes actual sandbox garden produce
ok 910 - sunberry sale consumes actual sandbox garden produce
  ---
  duration_ms: 1.9183
  type: 'test'
  ...
# Subtest: unknown trade never falls through to an offer
ok 911 - unknown trade never falls through to an offer
  ---
  duration_ms: 4.13
  type: 'test'
  ...
# Subtest: pause freezes scent movement and time and refuses actions
ok 912 - pause freezes scent movement and time and refuses actions
  ---
  duration_ms: 3.1265
  type: 'test'
  ...
# Subtest: charge direction locks during windup rather than tracking evasion
ok 913 - charge direction locks during windup rather than tracking evasion
  ---
  duration_ms: 50.7939
  type: 'test'
  ...
# Subtest: charge sweep respects banks and hits at most once per charge
ok 914 - charge sweep respects banks and hits at most once per charge
  ---
  duration_ms: 29.0794
  type: 'test'
  ...
# Subtest: leaving charge lane avoids damage
ok 915 - leaving charge lane avoids damage
  ---
  duration_ms: 8.1833
  type: 'test'
  ...
# Subtest: path follower routes around rock and never enters it
ok 916 - path follower routes around rock and never enters it
  ---
  duration_ms: 5.1807
  type: 'test'
  ...
# Subtest: fox on invalid ground explicitly recalled rather than stranded
ok 917 - fox on invalid ground explicitly recalled rather than stranded
  ---
  duration_ms: 2.3203
  type: 'test'
  ...
# Subtest: beacon requires three encounters and only rewards once
ok 918 - beacon requires three encounters and only rewards once
  ---
  duration_ms: 3.6016
  type: 'test'
  ...
# Subtest: return reward requires cart beacon and actual spring
ok 919 - return reward requires cart beacon and actual spring
  ---
  duration_ms: 3.2156
  type: 'test'
  ...
# Subtest: new equipment and chapter facts survive round trip
ok 920 - new equipment and chapter facts survive round trip
  ---
  duration_ms: 2.5036
  type: 'test'
  ...
# Subtest: inconsistent completion duplicate IDs and hidden cache claims reject
ok 921 - inconsistent completion duplicate IDs and hidden cache claims reject
  ---
  duration_ms: 4.1039
  type: 'test'
  ...
# Subtest: invalid nested road data refuses rather than silently resetting
ok 922 - invalid nested road data refuses rather than silently resetting
  ---
  duration_ms: 0.5005
  type: 'test'
  ...
# Subtest: road defeat permits explicit recovery without erasing quest or inventory
ok 923 - road defeat permits explicit recovery without erasing quest or inventory
  ---
  duration_ms: 1.2682
  type: 'test'
  ...
# Subtest: sandbox starts empty except four seeds and round trips
ok 924 - sandbox starts empty except four seeds and round trips
  ---
  duration_ms: 9.1645
  type: 'test'
  ...
# Subtest: all village resource nodes have a walkable approach
ok 925 - all village resource nodes have a walkable approach
  ---
  duration_ms: 0.3862
  type: 'test'
  ...
# Subtest: rejected gather leaves inventory and resource unchanged
ok 926 - rejected gather leaves inventory and resource unchanged
  ---
  duration_ms: 12.4003
  type: 'test'
  ...
# Subtest: wood takes four hand swings and yields five timber once
ok 927 - wood takes four hand swings and yields five timber once
  ---
  duration_ms: 32.2559
  type: 'test'
  ...
# Subtest: cooldown rejects fast repeated swings without damage
ok 928 - cooldown rejects fast repeated swings without damage
  ---
  duration_ms: 1.0615
  type: 'test'
  ...
# Subtest: axe reduces timber harvest to two swings
ok 929 - axe reduces timber harvest to two swings
  ---
  duration_ms: 1.0462
  type: 'test'
  ...
# Subtest: fibre supplies actual resource and one seed
ok 930 - fibre supplies actual resource and one seed
  ---
  duration_ms: 0.5644
  type: 'test'
  ...
# Subtest: resource reappears after active time, not clock slider
ok 931 - resource reappears after active time, not clock slider
  ---
  duration_ms: 68.4162
  type: 'test'
  ...
# Subtest: pause stops regrowth
ok 932 - pause stops regrowth
  ---
  duration_ms: 1.1833
  type: 'test'
  ...
# Subtest: craft atomically consumes exact recipe and produces count
ok 933 - craft atomically consumes exact recipe and produces count
  ---
  duration_ms: 1.0061
  type: 'test'
  ...
# Subtest: insufficient recipe never partially consumes
ok 934 - insufficient recipe never partially consumes
  ---
  duration_ms: 0.85
  type: 'test'
  ...
# Subtest: advanced tool requires proximity to workbench
ok 935 - advanced tool requires proximity to workbench
  ---
  duration_ms: 0.6356
  type: 'test'
  ...
# Subtest: inventory capacity refuses complete recipe before debit
ok 936 - inventory capacity refuses complete recipe before debit
  ---
  duration_ms: 0.4875
  type: 'test'
  ...
# Subtest: old accepted command cannot be replayed after save reload
ok 937 - old accepted command cannot be replayed after save reload
  ---
  duration_ms: 1.2665
  type: 'test'
  ...
# Subtest: old refusal is stable inside bounded deduplication window
ok 938 - old refusal is stable inside bounded deduplication window
  ---
  duration_ms: 0.4334
  type: 'test'
  ...
# Subtest: deduplication ledger is bounded and validated
ok 939 - deduplication ledger is bounded and validated
  ---
  duration_ms: 2.1584
  type: 'test'
  ...
# Subtest: unknown and prototype inventory properties are refused
ok 940 - unknown and prototype inventory properties are refused
  ---
  duration_ms: 0.3478
  type: 'test'
  ...
# Subtest: forged negative or non-finite counts are refused
ok 941 - forged negative or non-finite counts are refused
  ---
  duration_ms: 0.2134
  type: 'test'
  ...
# Subtest: forged bridge and resource rosters are refused
ok 942 - forged bridge and resource rosters are refused
  ---
  duration_ms: 0.1511
  type: 'test'
  ...
# Subtest: bridge is gated until paid repair
ok 943 - bridge is gated until paid repair
  ---
  duration_ms: 0.5138
  type: 'test'
  ...
# Subtest: unlocked bridge has a route to the homestead and back
ok 944 - unlocked bridge has a route to the homestead and back
  ---
  duration_ms: 32.9715
  type: 'test'
  ...
# Subtest: all frontier resources have an accessible approach after repair
ok 945 - all frontier resources have an accessible approach after repair
  ---
  duration_ms: 1.0103
  type: 'test'
  ...
# Subtest: crystal requires the crafted pick
ok 946 - crystal requires the crafted pick
  ---
  duration_ms: 1.1311
  type: 'test'
  ...
# Subtest: building only in marked bounds and within reach
ok 947 - building only in marked bounds and within reach
  ---
  duration_ms: 1.1215
  type: 'test'
  ...
# Subtest: a block on the player is refused without consuming inventory
ok 948 - a block on the player is refused without consuming inventory
  ---
  duration_ms: 0.5498
  type: 'test'
  ...
# Subtest: gold lane admits deck but rejects blocking wall
ok 949 - gold lane admits deck but rejects blocking wall
  ---
  duration_ms: 1.8181
  type: 'test'
  ...
# Subtest: actual building changes pathfinding and reclaim restores it
ok 950 - actual building changes pathfinding and reclaim restores it
  ---
  duration_ms: 3.0828
  type: 'test'
  ...
# Subtest: deck and block layers may coexist; stone stacks to three only
ok 951 - deck and block layers may coexist; stone stacks to three only
  ---
  duration_ms: 5.9872
  type: 'test'
  ...
# Subtest: reclaim returns exactly the topmost crafted item
ok 952 - reclaim returns exactly the topmost crafted item
  ---
  duration_ms: 2.2489
  type: 'test'
  ...
# Subtest: different furniture cannot overlap the same occupied layer
ok 953 - different furniture cannot overlap the same occupied layer
  ---
  duration_ms: 0.9775
  type: 'test'
  ...
# Subtest: unsupported stacks and duplicate layers fail import
ok 954 - unsupported stacks and duplicate layers fail import
  ---
  duration_ms: 2.6944
  type: 'test'
  ...
# Subtest: construction cannot trap a player in a closed enclosure
ok 955 - construction cannot trap a player in a closed enclosure
  ---
  duration_ms: 1.8996
  type: 'test'
  ...
# Subtest: harvest follows plant, water, growth, then yields food and seeds
ok 956 - harvest follows plant, water, growth, then yields food and seeds
  ---
  duration_ms: 26.4101
  type: 'test'
  ...
# Subtest: growing bed cannot be recycled to silently lose crop state
ok 957 - growing bed cannot be recycled to silently lose crop state
  ---
  duration_ms: 1.1702
  type: 'test'
  ...
# Subtest: placed workbench unlocks workbench recipes locally
ok 958 - placed workbench unlocks workbench recipes locally
  ---
  duration_ms: 1.6441
  type: 'test'
  ...
# Subtest: save on unlocked shore preserves player, crops and builds
ok 959 - save on unlocked shore preserves player, crops and builds
  ---
  duration_ms: 2.0828
  type: 'test'
  ...
# Subtest: version-three save migration preserves creative data, starts clean inventory
ok 960 - version-three save migration preserves creative data, starts clean inventory
  ---
  duration_ms: 1.5776
  type: 'test'
  ...
# Subtest: migration never overwrites earlier storage key
ok 961 - migration never overwrites earlier storage key
  ---
  duration_ms: 1.6986
  type: 'test'
  ...
# Subtest: invalid bridge-state save cannot place player beyond locked crossing
ok 962 - invalid bridge-state save cannot place player beyond locked crossing
  ---
  duration_ms: 0.8667
  type: 'test'
  ...
# Subtest: sandbox rejects gameplay in interiors
ok 963 - sandbox rejects gameplay in interiors
  ---
  duration_ms: 0.4414
  type: 'test'
  ...
# Subtest: an oversized delta cannot fast-forward the sandbox
ok 964 - an oversized delta cannot fast-forward the sandbox
  ---
  duration_ms: 0.5701
  type: 'test'
  ...
# Subtest: a full end-to-end milestone fixture is consistent and restorable
ok 965 - a full end-to-end milestone fixture is consistent and restorable
  ---
  duration_ms: 14.3947
  type: 'test'
  ...
# Subtest: isolated browser and CommonJS export only the pure four-function API
ok 966 - isolated browser and CommonJS export only the pure four-function API
  ---
  duration_ms: 3.3612
  type: 'test'
  ...
# Subtest: actual displacement drives stride independently of subdivision, speed and chase intent
ok 967 - actual displacement drives stride independently of subdivision, speed and chase intent
  ---
  duration_ms: 2.6296
  type: 'test'
  ...
# Subtest: stopping holds phase, settles legs, and repeated samples do not fabricate motion
ok 968 - stopping holds phase, settles legs, and repeated samples do not fabricate motion
  ---
  duration_ms: 0.3107
  type: 'test'
  ...
# Subtest: long pauses freeze the full drawable pose and consume skipped placement
ok 969 - long pauses freeze the full drawable pose and consume skipped placement
  ---
  duration_ms: 4.731
  type: 'test'
  ...
# Subtest: scene/teleport/clock resets are isolated from source samples
ok 970 - scene/teleport/clock resets are isolated from source samples
  ---
  duration_ms: 0.307
  type: 'test'
  ...
# Subtest: only actual windup with finite authoritative duration produces the crouched tell
ok 971 - only actual windup with finite authoritative duration produces the crouched tell
  ---
  duration_ms: 0.6286
  type: 'test'
  ...
# Subtest: recovery uses actual remaining duration to settle the head without implying success
ok 972 - recovery uses actual remaining duration to settle the head without implying success
  ---
  duration_ms: 0.2868
  type: 'test'
  ...
# Subtest: reduced motion keeps six-leg gait and authoritative tell but suppresses bob
ok 973 - reduced motion keeps six-leg gait and authoritative tell but suppresses bob
  ---
  duration_ms: 0.5763
  type: 'test'
  ...
# Subtest: six jointed legs use tripod phases, fixed bone lengths and visible swing clearance
ok 974 - six jointed legs use tripod phases, fixed bone lengths and visible swing clearance
  ---
  duration_ms: 4.566
  type: 'test'
  ...
# Subtest: actual emitted meshes remain above supplied ground, finite, positive and bounded
ok 975 - actual emitted meshes remain above supplied ground, finite, positive and bounded
  ---
  duration_ms: 1487.961
  type: 'test'
  ...
# Subtest: all actual leg skins meet shared anchors at ordinary/named scales and floor/yaw changes
ok 976 - all actual leg skins meet shared anchors at ordinary/named scales and floor/yaw changes
  ---
  duration_ms: 15.5216
  type: 'test'
  ...
# Subtest: hips, plates and named spine roots attach inside the actual convex carapace
ok 977 - hips, plates and named spine roots attach inside the actual convex carapace
  ---
  duration_ms: 2.2193
  type: 'test'
  ...
# Subtest: named scale occurs exactly once and unchanged original body envelope is preserved
ok 978 - named scale occurs exactly once and unchanged original body envelope is preserved
  ---
  duration_ms: 0.5332
  type: 'test'
  ...
# Subtest: confirmed flash color and recoil come only from caller feedback, leaving joints and rules untouched
ok 979 - confirmed flash color and recoil come only from caller feedback, leaving joints and rules untouched
  ---
  duration_ms: 0.532
  type: 'test'
  ...
# Subtest: fresh motion/pose/parts and draw preserve all input and existing output records
ok 980 - fresh motion/pose/parts and draw preserve all input and existing output records
  ---
  duration_ms: 2.1631
  type: 'test'
  ...
# Subtest: malformed placement, recoil or mismatched named pose refuses before output mutation
ok 981 - malformed placement, recoil or mismatched named pose refuses before output mutation
  ---
  duration_ms: 1.1956
  type: 'test'
  ...
# Subtest: the original immutable room profiles are separate from state and services
ok 982 - the original immutable room profiles are separate from state and services
  ---
  duration_ms: 3.332
  type: 'test'
  ...
# Subtest: five roads and actual Atlantis body medium have honest distinct atmosphere
ok 983 - five roads and actual Atlantis body medium have honest distinct atmosphere
  ---
  duration_ms: 0.5967
  type: 'test'
  ...
# Subtest: quiet state is driven by pause hidden page or actual death while retaining profile identity
ok 984 - quiet state is driven by pause hidden page or actual death while retaining profile identity
  ---
  duration_ms: 0.2341
  type: 'test'
  ...
# Subtest: only living visible daytime outdoor Earth can chirp; no birds underground or in cosmic realms
ok 985 - only living visible daytime outdoor Earth can chirp; no birds underground or in cosmic realms
  ---
  duration_ms: 0.2813
  type: 'test'
  ...
# Subtest: bounded graph creates exactly one noise loop and three voices connected only to its own bus
ok 986 - bounded graph creates exactly one noise loop and three voices connected only to its own bus
  ---
  duration_ms: 3.2539
  type: 'test'
  ...
# Subtest: room transitions schedule a new local mix once, with no per-frame allocation or master mutation
ok 987 - room transitions schedule a new local mix once, with no per-frame allocation or master mutation
  ---
  duration_ms: 1.5454
  type: 'test'
  ...
# Subtest: pause and hidden changes fade the bus without stopping or replacing composed music master
ok 988 - pause and hidden changes fade the bus without stopping or replacing composed music master
  ---
  duration_ms: 1.0546
  type: 'test'
  ...
# Subtest: bird cadence requires continuous elapsed frames and never backfills through reload or hidden gaps
ok 989 - bird cadence requires continuous elapsed frames and never backfills through reload or hidden gaps
  ---
  duration_ms: 0.5586
  type: 'test'
  ...
# Subtest: disposal retires every owned loop and connection once and fences later updates
ok 990 - disposal retires every owned loop and connection once and fences later updates
  ---
  duration_ms: 0.8032
  type: 'test'
  ...
# Subtest: profile projection does not change caller state or allocate audio authority
ok 991 - profile projection does not change caller state or allocate audio authority
  ---
  duration_ms: 0.6269
  type: 'test'
  ...
# Subtest: reward blade and bow use actual equipment material in world geometry
ok 992 - reward blade and bow use actual equipment material in world geometry
  ---
  duration_ms: 33.1545
  type: 'test'
  ...
# Subtest: named warning geometry includes the exact rule-defined strike radius
ok 993 - named warning geometry includes the exact rule-defined strike radius
  ---
  duration_ms: 5.2431
  type: 'test'
  ...
# Subtest: riverbank rendering enables existing outdoor water and matches collision obstacles
ok 994 - riverbank rendering enables existing outdoor water and matches collision obstacles
  ---
  duration_ms: 3.439
  type: 'test'
  ...
# Subtest: new quest state is explicit, versioned and round trips
ok 995 - new quest state is explicit, versioned and round trips
  ---
  duration_ms: 4.3333
  type: 'test'
  ...
# Subtest: version-five adventure migrates without altering existing campaign or creative data
ok 996 - version-five adventure migrates without altering existing campaign or creative data
  ---
  duration_ms: 11.7091
  type: 'test'
  ...
# Subtest: all banked XP boundaries retain XP and the existing five-level curve
ok 997 - all banked XP boundaries retain XP and the existing five-level curve
  ---
  duration_ms: 1.3721
  type: 'test'
  ...
# Subtest: acceptance requires kit and actual Oren proximity without campaign consent
ok 998 - acceptance requires kit and actual Oren proximity without campaign consent
  ---
  duration_ms: 13.1054
  type: 'test'
  ...
# Subtest: acceptance is one explicit event and survives cold reload
ok 999 - acceptance is one explicit event and survives cold reload
  ---
  duration_ms: 3.6593
  type: 'test'
  ...
# Subtest: pre-acceptance pocket has no quest kills or pickups to backfill
ok 1000 - pre-acceptance pocket has no quest kills or pickups to backfill
  ---
  duration_ms: 2.4328
  type: 'test'
  ...
# Subtest: room dispatch and each objective use real collision-valid routes
ok 1001 - room dispatch and each objective use real collision-valid routes
  ---
  duration_ms: 31.6593
  type: 'test'
  ...
# Subtest: each bundle is unique, proximity checked and never spends ordinary materials
ok 1002 - each bundle is unique, proximity checked and never spends ordinary materials
  ---
  duration_ms: 6.5473
  type: 'test'
  ...
# Subtest: named defeat can precede bundles and stays resolved after returning/re-entry
ok 1003 - named defeat can precede bundles and stays resolved after returning/re-entry
  ---
  duration_ms: 1.9502
  type: 'test'
  ...
# Subtest: incomplete, distant and unknown-reward turn-ins refuse atomically
ok 1004 - incomplete, distant and unknown-reward turn-ins refuse atomically
  ---
  duration_ms: 3.1299
  type: 'test'
  ...
# Subtest: full currency capacity preserves every objective and reward for retry
ok 1005 - full currency capacity preserves every objective and reward for retry
  ---
  duration_ms: 3.0975
  type: 'test'
  ...
# Subtest: oren_sunblade is awarded once, deliberately equipped, and saved with correct mechanics
ok 1006 - oren_sunblade is awarded once, deliberately equipped, and saved with correct mechanics
  ---
  duration_ms: 8.7935
  type: 'test'
  ...
# Subtest: oren_reedbow is awarded once, deliberately equipped, and saved with correct mechanics
ok 1007 - oren_reedbow is awarded once, deliberately equipped, and saved with correct mechanics
  ---
  duration_ms: 1.8741
  type: 'test'
  ...
# Subtest: single veteran temper preserves weapon identity, socket, cadence and health
ok 1008 - single veteran temper preserves weapon identity, socket, cadence and health
  ---
  duration_ms: 1.0885
  type: 'test'
  ...
# Subtest: temper refuses unknown, unowned and armor targets without a partial payout
ok 1009 - temper refuses unknown, unowned and armor targets without a partial payout
  ---
  duration_ms: 3.1121
  type: 'test'
  ...
# Subtest: new bow really launches primary and piercing projectiles with costs and hit events
ok 1010 - new bow really launches primary and piercing projectiles with costs and hit events
  ---
  duration_ms: 8.7031
  type: 'test'
  ...
# Subtest: practice target supports blade and yields no XP, loot, coins or quest progress
ok 1011 - practice target supports blade and yields no XP, loot, coins or quest progress
  ---
  duration_ms: 1.1652
  type: 'test'
  ...
# Subtest: new equipment keeps independent removable socket and validates after reload
ok 1012 - new equipment keeps independent removable socket and validates after reload
  ---
  duration_ms: 3.0775
  type: 'test'
  ...
# Subtest: named tell locks aim and allows both a guarded hit and a movement response
ok 1013 - named tell locks aim and allows both a guarded hit and a movement response
  ---
  duration_ms: 19.5967
  type: 'test'
  ...
# Subtest: save validation rejects impossible quest state and reward combinations
ok 1014 - save validation rejects impossible quest state and reward combinations
  ---
  duration_ms: 6.182
  type: 'test'
  ...
# Subtest: kit blade sees the actual ordinary tell and Brace halves its resolved hit
ok 1015 - kit blade sees the actual ordinary tell and Brace halves its resolved hit
  ---
  duration_ms: 60.5565
  type: 'test'
  ...
# Subtest: fresh bow sees the actual ordinary tell and Brace halves its resolved hit
ok 1016 - fresh bow sees the actual ordinary tell and Brace halves its resolved hit
  ---
  duration_ms: 66.729
  type: 'test'
  ...
# Subtest: movement away from the locked ordinary aim avoids its actual impact with the kit
ok 1017 - movement away from the locked ordinary aim avoids its actual impact with the kit
  ---
  duration_ms: 12.387
  type: 'test'
  ...
# Subtest: fixed ordinary health stays easy for stronger gear without scaling or changing banked XP
ok 1018 - fixed ordinary health stays easy for stronger gear without scaling or changing banked XP
  ---
  duration_ms: 14.5768
  type: 'test'
  ...
# Subtest: ordinary fights stay optional and named threat, rewards, cooldown and weapon distinctions retain their rules
ok 1019 - ordinary fights stay optional and named threat, rewards, cooldown and weapon distinctions retain their rules
  ---
  duration_ms: 1.5409
  type: 'test'
  ...
# Subtest: both decoded maps are required; scene clear neither cancels nor reloads engine maps
ok 1020 - both decoded maps are required; scene clear neither cancels nor reloads engine maps
  ---
  duration_ms: 43.3106
  type: 'test'
  ...
# Subtest: missing maps and incompatible contracts stay usable with untextured fallback
ok 1021 - missing maps and incompatible contracts stay usable with untextured fallback
  ---
  duration_ms: 13.1111
  type: 'test'
  ...
# Subtest: PNG payload type and grayscale header are checked before decoding
ok 1022 - PNG payload type and grayscale header are checked before decoding
  ---
  duration_ms: 1.9865
  type: 'test'
  ...
# Subtest: decode errors and wrong decoded dimensions cancel peers and stale completions
ok 1023 - decode errors and wrong decoded dimensions cancel peers and stale completions
  ---
  duration_ms: 2.8047
  type: 'test'
  ...
# Subtest: failed uploads free temporary maps and restore shared texture/unpack state
ok 1024 - failed uploads free temporary maps and restore shared texture/unpack state
  ---
  duration_ms: 2.7754
  type: 'test'
  ...
# Subtest: map-only disposal invalidates in-flight completions and deletes only owned ready textures
ok 1025 - map-only disposal invalidates in-flight completions and deletes only owned ready textures
  ---
  duration_ms: 18.9555
  type: 'test'
  ...
# Subtest: two engines independently own their decoders and uploaded maps
ok 1026 - two engines independently own their decoders and uploaded maps
  ---
  duration_ms: 4.4386
  type: 'test'
  ...
# Subtest: context loss invalidates images and maps with no restoration or later upload
ok 1027 - context loss invalidates images and maps with no restoration or later upload
  ---
  duration_ms: 4.1576
  type: 'test'
  ...
# Subtest: timber shares exact box geometry and collision extent with complete grain-oriented face UVs
ok 1028 - timber shares exact box geometry and collision extent with complete grain-oriented face UVs
  ---
  duration_ms: 2.2006
  type: 'test'
  ...
# Subtest: material flags stay per batch; reflection uses material while depth and cutaway retain their scope
ok 1029 - material flags stay per batch; reflection uses material while depth and cutaway retain their scope
  ---
  duration_ms: 3.5225
  type: 'test'
  ...
# Subtest: unstarted, absent, unknown and unowned equipment produce no gear
ok 1030 - unstarted, absent, unknown and unowned equipment produce no gear
  ---
  duration_ms: 60.0427
  type: 'test'
  ...
# Subtest: read-only attachment summary reports exactly the rendered grip and actual markers
ok 1031 - read-only attachment summary reports exactly the rendered grip and actual markers
  ---
  duration_ms: 26.8242
  type: 'test'
  ...
# Subtest: a command-earned kit is held at the right palm through actual root yaw and terrain height
ok 1032 - a command-earned kit is held at the right palm through actual root yaw and terrain height
  ---
  duration_ms: 6.5025
  type: 'test'
  ...
# Subtest: curved bow grip and both string segments attach to the two moving palms
ok 1033 - curved bow grip and both string segments attach to the two moving palms
  ---
  duration_ms: 6.5823
  type: 'test'
  ...
# Subtest: ordinary travel stows blade at hip and bow at back without hand-held copies
ok 1034 - ordinary travel stows blade at hip and bow at back without hand-held copies
  ---
  duration_ms: 45.4639
  type: 'test'
  ...
# Subtest: each catalogue weapon preserves its own colour, gem, fittings and separate Oren temper
ok 1035 - each catalogue weapon preserves its own colour, gem, fittings and separate Oren temper
  ---
  duration_ms: 207.3165
  type: 'test'
  ...
# Subtest: markers project only the selected weapon rather than another owned weapon
ok 1036 - markers project only the selected weapon rather than another owned weapon
  ---
  duration_ms: 4.0666
  type: 'test'
  ...
# Subtest: family silhouettes differ within a bounded traveller scale
ok 1037 - family silhouettes differ within a bounded traveller scale
  ---
  duration_ms: 31.217
  type: 'test'
  ...
# Subtest: blade anticipation, recovery and guard keep the grip connected while changing orientation
ok 1038 - blade anticipation, recovery and guard keep the grip connected while changing orientation
  ---
  duration_ms: 5.5409
  type: 'test'
  ...
# Subtest: reduced motion keeps essential palm connections without phase-driven blade flourishes
ok 1039 - reduced motion keeps essential palm connections without phase-driven blade flourishes
  ---
  duration_ms: 6.9887
  type: 'test'
  ...
# Subtest: all equipment transforms stay finite, orthogonal and under forty instances
ok 1040 - all equipment transforms stay finite, orthogonal and under forty instances
  ---
  duration_ms: 55.6051
  type: 'test'
  ...
# Subtest: read-only rendering does not create runtime, commands, effects or arrows
ok 1041 - read-only rendering does not create runtime, commands, effects or arrows
  ---
  duration_ms: 4.5924
  type: 'test'
  ...
# Subtest: gathered and command-crafted bow projects the actual equipped item
ok 1042 - gathered and command-crafted bow projects the actual equipped item
  ---
  duration_ms: 91.0029
  type: 'test'
  ...
# Subtest: finite realm collars preserve prior markers and follow the actual blade or curved bow segment
ok 1043 - finite realm collars preserve prior markers and follow the actual blade or curved bow segment
  ---
  duration_ms: 359.857
  type: 'test'
  ...
# Subtest: queued release joins the actual full windup pose, including submitted blade axis
ok 1044 - queued release joins the actual full windup pose, including submitted blade axis
  ---
  duration_ms: 78.4033
  type: 'test'
  ...
# Subtest: direct accepted strikes start at ready and never fabricate a prior windup
ok 1045 - direct accepted strikes start at ready and never fabricate a prior windup
  ---
  duration_ms: 1.3389
  type: 'test'
  ...
# Subtest: a bounded cut has intermediate poses and settles without a phase-boundary jump
ok 1046 - a bounded cut has intermediate poses and settles without a phase-boundary jump
  ---
  duration_ms: 8.897
  type: 'test'
  ...
# Subtest: submitted blade basis has no arbitrary roll flips during its complete cut and settle
ok 1047 - submitted blade basis has no arbitrary roll flips during its complete cut and settle
  ---
  duration_ms: 111.7631
  type: 'test'
  ...
# Subtest: actual blade and tip volumes clear the conservative head bounds through the whole attack
ok 1048 - actual blade and tip volumes clear the conservative head bounds through the whole attack
  ---
  duration_ms: 449.2431
  type: 'test'
  ...
# Subtest: body balance is visible above fixed physical feet and quiet in reduced motion
ok 1049 - body balance is visible above fixed physical feet and quiet in reduced motion
  ---
  duration_ms: 25.878
  type: 'test'
  ...
# Subtest: reduced motion bounds the blade hand cue and suppresses secondary equipment/body sweep
ok 1050 - reduced motion bounds the blade hand cue and suppresses secondary equipment/body sweep
  ---
  duration_ms: 4.2665
  type: 'test'
  ...
# Subtest: guard and swim override both release origins without adding a second attack pose
ok 1051 - guard and swim override both release origins without adding a second attack pose
  ---
  duration_ms: 4.7587
  type: 'test'
  ...
# Subtest: rendered palms, balanced torso and canonical gear share one frame through actual world yaw
ok 1052 - rendered palms, balanced torso and canonical gear share one frame through actual world yaw
  ---
  duration_ms: 22.1977
  type: 'test'
  ...
# Subtest: carried gear and the held blade sheath remain outside the accepted-release curves
ok 1053 - carried gear and the held blade sheath remain outside the accepted-release curves
  ---
  duration_ms: 11.1259
  type: 'test'
  ...
# Subtest: production autoattack still uses its real queued epoch and accepted manual attack has no fake anticipation
ok 1054 - production autoattack still uses its real queued epoch and accepted manual attack has no fake anticipation
  ---
  duration_ms: 19.4048
  type: 'test'
  ...
# Subtest: CommonJS and browser globals expose the same bounded rig API
ok 1055 - CommonJS and browser globals expose the same bounded rig API
  ---
  duration_ms: 1.7742
  type: 'test'
  ...
# Subtest: gallery stroke keeps limbs connected and reduced motion settles the arms
ok 1056 - gallery stroke keeps limbs connected and reduced motion settles the arms
  ---
  duration_ms: 1.5768
  type: 'test'
  ...
# Subtest: gait phase follows accepted distance and survives frame subdivision
ok 1057 - gait phase follows accepted distance and survives frame subdivision
  ---
  duration_ms: 1.9801
  type: 'test'
  ...
# Subtest: stationary walking intent never drives foot shuffling
ok 1058 - stationary walking intent never drives foot shuffling
  ---
  duration_ms: 0.5842
  type: 'test'
  ...
# Subtest: stopping holds phase and eases the feet into a settled stance
ok 1059 - stopping holds phase and eases the feet into a settled stance
  ---
  duration_ms: 0.3931
  type: 'test'
  ...
# Subtest: repeated samples and long pauses preserve the complete drawable pose
ok 1060 - repeated samples and long pauses preserve the complete drawable pose
  ---
  duration_ms: 2.4387
  type: 'test'
  ...
# Subtest: paused coordinates are consumed without turning skipped travel into steps
ok 1061 - paused coordinates are consumed without turning skipped travel into steps
  ---
  duration_ms: 0.1723
  type: 'test'
  ...
# Subtest: scene changes, teleports and clock discontinuities reset the stance
ok 1062 - scene changes, teleports and clock discontinuities reset the stance
  ---
  duration_ms: 0.2089
  type: 'test'
  ...
# Subtest: reduced motion keeps essential gait and weapon alignment without secondary drift
ok 1063 - reduced motion keeps essential gait and weapon alignment without secondary drift
  ---
  duration_ms: 0.7564
  type: 'test'
  ...
# Subtest: walking has visible foot clearance and preserves fixed limb lengths
ok 1064 - walking has visible foot clearance and preserves fixed limb lengths
  ---
  duration_ms: 2.6388
  type: 'test'
  ...
# Subtest: blade/bow anticipation, recovery and guard are connected and distinct
ok 1065 - blade/bow anticipation, recovery and guard are connected and distinct
  ---
  duration_ms: 1.3745
  type: 'test'
  ...
# Subtest: draw segments actually connect the named joints under root translation and yaw
ok 1066 - draw segments actually connect the named joints under root translation and yaw
  ---
  duration_ms: 3.6521
  type: 'test'
  ...
# Subtest: palette choices and explicitly supplied armor colour are retained
ok 1067 - palette choices and explicitly supplied armor colour are retained
  ---
  duration_ms: 1.9001
  type: 'test'
  ...
# Subtest: all transforms stay finite, actor geometry has no camera authority, and budget stays bounded
ok 1068 - all transforms stay finite, actor geometry has no camera authority, and budget stays bounded
  ---
  duration_ms: 50.0824
  type: 'test'
  ...
# Subtest: malformed numerical motion inputs cannot poison matrices
ok 1069 - malformed numerical motion inputs cannot poison matrices
  ---
  duration_ms: 0.7819
  type: 'test'
  ...
# Subtest: sampling, posing and drawing leave input rules, motion and profiles immutable
ok 1070 - sampling, posing and drawing leave input rules, motion and profiles immutable
  ---
  duration_ms: 0.8946
  type: 'test'
  ...
# Subtest: refused bow transaction preserves every live field and can retry one identical request
ok 1071 - refused bow transaction preserves every live field and can retry one identical request
  ---
  duration_ms: 47.5108
  type: 'test'
  ...
# Subtest: sandbox craft saves materials, output, receipt and journal together
ok 1072 - sandbox craft saves materials, output, receipt and journal together
  ---
  duration_ms: 4.4956
  type: 'test'
  ...
# Subtest: forge cannot spend ore or coins before a durable write
ok 1073 - forge cannot spend ore or coins before a durable write
  ---
  duration_ms: 4.7333
  type: 'test'
  ...
# Subtest: socket replacement and removal preserve loose gems on refusal and return them exactly once
ok 1074 - socket replacement and removal preserve loose gems on refusal and return them exactly once
  ---
  duration_ms: 13.2441
  type: 'test'
  ...
# Subtest: equipping preserves selected equipment on refusal and retains the live combat runtime
ok 1075 - equipping preserves selected equipment on refusal and retains the live combat runtime
  ---
  duration_ms: 4.7211
  type: 'test'
  ...
# Subtest: both finite field-guide fittings save exact costs and keep weapon identity, socket and equipment
ok 1076 - both finite field-guide fittings save exact costs and keep weapon identity, socket and equipment
  ---
  duration_ms: 10.4428
  type: 'test'
  ...
# Subtest: explicit starter oren_sunblade survives refusal and pays its one canonical reward
ok 1077 - explicit starter oren_sunblade survives refusal and pays its one canonical reward
  ---
  duration_ms: 13.1493
  type: 'test'
  ...
# Subtest: explicit starter oren_reedbow survives refusal and pays its one canonical reward
ok 1078 - explicit starter oren_reedbow survives refusal and pays its one canonical reward
  ---
  duration_ms: 8.2145
  type: 'test'
  ...
# Subtest: explicit starter temper survives refusal and pays its one canonical reward
ok 1079 - explicit starter temper survives refusal and pays its one canonical reward
  ---
  duration_ms: 5.1222
  type: 'test'
  ...
# Subtest: completed survey payout is one atomic current-run ledger transition
ok 1080 - completed survey payout is one atomic current-run ledger transition
  ---
  duration_ms: 6.003
  type: 'test'
  ...
# Subtest: Tessa tonic uses current road context and durably spends exactly one offer
ok 1081 - Tessa tonic uses current road context and durably spends exactly one offer
  ---
  duration_ms: 9.7158
  type: 'test'
  ...
# Subtest: Tessa mantle uses current road context and durably spends exactly one offer
ok 1082 - Tessa mantle uses current road context and durably spends exactly one offer
  ---
  duration_ms: 8.1128
  type: 'test'
  ...
# Subtest: Tessa sell-copper uses current road context and durably spends exactly one offer
ok 1083 - Tessa sell-copper uses current road context and durably spends exactly one offer
  ---
  duration_ms: 6.9447
  type: 'test'
  ...
# Subtest: Tessa sell-berries uses current road context and durably spends exactly one offer
ok 1084 - Tessa sell-berries uses current road context and durably spends exactly one offer
  ---
  duration_ms: 7.1712
  type: 'test'
  ...
# Subtest: Bellweather bench uses actual local position while saving the home checkpoint
ok 1085 - Bellweather bench uses actual local position while saving the home checkpoint
  ---
  duration_ms: 1.7464
  type: 'test'
  ...
# Subtest: source conflict leaves supplies and the other tab saved bytes intact
ok 1086 - source conflict leaves supplies and the other tab saved bytes intact
  ---
  duration_ms: 2.934
  type: 'test'
  ...
# Subtest: managed character writer rejection keeps current character materials and receipts intact
ok 1087 - managed character writer rejection keeps current character materials and receipts intact
  ---
  duration_ms: 3.9812
  type: 'test'
  ...
# Subtest: thrown saver preserves the full live state and does not reserve the request identity
ok 1088 - thrown saver preserves the full live state and does not reserve the request identity
  ---
  duration_ms: 2.3878
  type: 'test'
  ...
# Subtest: rules refuse wrong benches, insufficient costs, invalid ownership and changed receipt terms before saving
ok 1089 - rules refuse wrong benches, insufficient costs, invalid ownership and changed receipt terms before saving
  ---
  duration_ms: 4.212
  type: 'test'
  ...
# Subtest: pause policies remain canonical and a saver is always required for a new successful action
ok 1090 - pause policies remain canonical and a saver is always required for a new successful action
  ---
  duration_ms: 1.6227
  type: 'test'
  ...
# Subtest: validation refusal keeps the exact live canonical state and prevents saving
ok 1091 - validation refusal keeps the exact live canonical state and prevents saving
  ---
  duration_ms: 1.064
  type: 'test'
  ...
# Subtest: only the reviewed state-only economic and finite Earth-story names are accepted
ok 1092 - only the reviewed state-only economic and finite Earth-story names are accepted
  ---
  duration_ms: 2.8558
  type: 'test'
  ...
# Subtest: exactly five finite Earth-story actions join the explicit command set
ok 1093 - exactly five finite Earth-story actions join the explicit command set
  ---
  duration_ms: 3.7907
  type: 'test'
  ...
# Subtest: Earth consent saves before adoption and keeps all live context and actor epochs
ok 1094 - Earth consent saves before adoption and keeps all live context and actor epochs
  ---
  duration_ms: 14.164
  type: 'test'
  ...
# Subtest: every mill delivery transition survives quota refusal and same-request retry with one cost and payout
ok 1095 - every mill delivery transition survives quota refusal and same-request retry with one cost and payout
  ---
  duration_ms: 29.3807
  type: 'test'
  ...
# Subtest: Earth task prerequisites, cost, source room, local position and pause refuse before saving
ok 1096 - Earth task prerequisites, cost, source room, local position and pause refuse before saving
  ---
  duration_ms: 12.3254
  type: 'test'
  ...
# Subtest: all compatible improvements remain available after the single delivery without a second payout
ok 1097 - all compatible improvements remain available after the single delivery without a second payout
  ---
  duration_ms: 28.7169
  type: 'test'
  ...
# Subtest: each Earth payment capacity refusal preserves unpaid work and exact rewards have zero XP
ok 1098 - each Earth payment capacity refusal preserves unpaid work and exact rewards have zero XP
  ---
  duration_ms: 26.1852
  type: 'test'
  ...
# Subtest: Earth repair rejects foreign source bytes and keeps the other writer intact
ok 1099 - Earth repair rejects foreign source bytes and keeps the other writer intact
  ---
  duration_ms: 3.2936
  type: 'test'
  ...
# Subtest: managed writer refusal preserves Earth payment and permits a later owned retry
ok 1100 - managed writer refusal preserves Earth payment and permits a later owned retry
  ---
  duration_ms: 14.3153
  type: 'test'
  ...
# Subtest: all new static scenery uses supported finite meshes instead of silent cylinder fallback
ok 1101 - all new static scenery uses supported finite meshes instead of silent cylinder fallback
  ---
  duration_ms: 437.4416
  type: 'test'
  ...
# Subtest: visible solid boxes match canonical body collision footprints and heights
ok 1102 - visible solid boxes match canonical body collision footprints and heights
  ---
  duration_ms: 67.972
  type: 'test'
  ...
# Subtest: submitted opaque geometry leaves the actual 3D gallery body route clear
ok 1103 - submitted opaque geometry leaves the actual 3D gallery body route clear
  ---
  duration_ms: 39.5306
  type: 'test'
  ...
# Subtest: wet volume under the civic deck retains actual head clearance
ok 1104 - wet volume under the civic deck retains actual head clearance
  ---
  duration_ms: 3.0263
  type: 'test'
  ...
# Subtest: only the canonical air-court ceiling receives preference-controlled roof reveal
ok 1105 - only the canonical air-court ceiling receives preference-controlled roof reveal
  ---
  duration_ms: 50.777
  type: 'test'
  ...
# Subtest: exact two canonical realms have finite, unique, immutable data and stable work identities
ok 1106 - exact two canonical realms have finite, unique, immutable data and stable work identities
  ---
  duration_ms: 4.6495
  type: 'test'
  ...
# Subtest: module load publishes only its declared API and never reads a simulation or host service
ok 1107 - module load publishes only its declared API and never reads a simulation or host service
  ---
  duration_ms: 9.0868
  type: 'test'
  ...
# Subtest: every entry and interaction anchor has full actor clearance on bounded dry ground
ok 1108 - every entry and interaction anchor has full actor clearance on bounded dry ground
  ---
  duration_ms: 1.1142
  type: 'test'
  ...
# Subtest: both Earth approaches, work loop and optional side routes have analytically continuous ground
ok 1109 - both Earth approaches, work loop and optional side routes have analytically continuous ground
  ---
  duration_ms: 10.0078
  type: 'test'
  ...
# Subtest: Farwake work and the far landing remain connected without diving or a closed civic back wall
ok 1110 - Farwake work and the far landing remain connected without diving or a closed civic back wall
  ---
  duration_ms: 1.0721
  type: 'test'
  ...
# Subtest: bounded gallery route clears physical walls and full body depth, including the real court doorway
ok 1111 - bounded gallery route clears physical walls and full body depth, including the real court doorway
  ---
  duration_ms: 0.8162
  type: 'test'
  ...
# Subtest: dive entry and wet exit anchors agree with reachable transfer destinations
ok 1112 - dive entry and wet exit anchors agree with reachable transfer destinations
  ---
  duration_ms: 0.3374
  type: 'test'
  ...
# Subtest: actual decoration is finite, deterministic, bounded and pure across claimed/unclaimed worlds
ok 1113 - actual decoration is finite, deterministic, bounded and pure across claimed/unclaimed worlds
  ---
  duration_ms: 115.5447
  type: 'test'
  ...
# Subtest: roofs and important structural decoration agree with the canonical solid footprints
ok 1114 - roofs and important structural decoration agree with the canonical solid footprints
  ---
  duration_ms: 6.2007
  type: 'test'
  ...
# Subtest: civic side support physically meets the canopy underside across its full length
ok 1115 - civic side support physically meets the canopy underside across its full length
  ---
  duration_ms: 0.6007
  type: 'test'
  ...
# Subtest: bridge timber skins use the real UV mesh, clear every retained joint and stay above only existing deck
ok 1116 - bridge timber skins use the real UV mesh, clear every retained joint and stay above only existing deck
  ---
  duration_ms: 7.4957
  type: 'test'
  ...
# Subtest: narrow field path geometry lies wholly on supported clear ground and door faces remain closed decoration
ok 1117 - narrow field path geometry lies wholly on supported clear ground and door faces remain closed decoration
  ---
  duration_ms: 14.1438
  type: 'test'
  ...
# Subtest: distant ridges use the actual mountain mesh and remain outside Earth rather than becoming false paths
ok 1118 - distant ridges use the actual mountain mesh and remain outside Earth rather than becoming false paths
  ---
  duration_ms: 36.0681
  type: 'test'
  ...
# Subtest: every accepted objective has a validated production path back to its own giver
ok 1119 - every accepted objective has a validated production path back to its own giver
  ---
  duration_ms: 597.5281
  type: 'test'
  ...
# Subtest: blade falls in hell and revives at home with accepted work and belongings retained
ok 1120 - blade falls in hell and revives at home with accepted work and belongings retained
  ---
  duration_ms: 170.3106
  type: 'test'
  ...
# Subtest: bow falls in earthlands and revives at home with accepted work and belongings retained
ok 1121 - bow falls in earthlands and revives at home with accepted work and belongings retained
  ---
  duration_ms: 282.1196
  type: 'test'
  ...
# Subtest: blade earns hell defeat, guarded combat, retreat and free return without legacy rewards
ok 1122 - blade earns hell defeat, guarded combat, retreat and free return without legacy rewards
  ---
  duration_ms: 96.2011
  type: 'test'
  ...
# {"realm":"hell","style":"blade","weapon":"trail_blade","entry":{"x":0,"z":31,"yaw":3.141592653589793},"stage":{"x":44,"z":-82},"battle":{"x":44,"z":-92.9},"refuge":{"x":44,"z":-60},"firstBrace":{"at":47.59999999999943,"aim":{"x":44,"z":-92.9},"windupRemaining":1.05,"hitAfter":1.0499999999999403,"healthBefore":100,"healthAfter":96,"recoveryRemaining":1.1},"firstAttack":{"hits":1,"hp":90,"firstArrowAfter":null,"impacts":[{"after":0.19999999999998863,"before":90,"hp":74}]},"secondBrace":{"at":114.49999999999564,"aim":{"x":44,"z":-92.9},"windupRemaining":1.05,"hitAfter":1.0499999999999403,"healthBefore":100,"healthAfter":96,"recoveryRemaining":1.1},"battleResult":{"hits":6,"hp":90,"firstArrowAfter":null,"impacts":[{"after":0.19999999999998863,"before":90,"hp":74},{"after":0.7999999999999545,"before":74,"hp":58},{"after":1.3999999999999204,"before":58,"hp":42},{"after":1.9999999999998863,"before":42,"hp":26},{"after":2.599999999999852,"before":26,"hp":10},{"after":3.199999999999818,"before":10,"hp":0}]},"tickSeconds":0.05}
# Subtest: bow earns hell defeat, guarded combat, retreat and free return without legacy rewards
ok 1123 - bow earns hell defeat, guarded combat, retreat and free return without legacy rewards
  ---
  duration_ms: 87.9324
  type: 'test'
  ...
# {"realm":"hell","style":"bow","weapon":"trail_bow","entry":{"x":0,"z":31,"yaw":3.141592653589793},"stage":{"x":44,"z":-82},"battle":{"x":44,"z":-90},"refuge":{"x":44,"z":-60},"firstBrace":{"at":99.49999999999649,"aim":{"x":44,"z":-90},"windupRemaining":1.05,"hitAfter":1.0499999999999403,"healthBefore":100,"healthAfter":96,"recoveryRemaining":1.1},"firstAttack":{"hits":1,"hp":90,"firstArrowAfter":0.19999999999998863,"impacts":[{"after":0.3499999999999801,"before":90,"hp":77}]},"secondBrace":{"at":165.65000000000342,"aim":{"x":44,"z":-90},"windupRemaining":1.05,"hitAfter":1.0500000000002387,"healthBefore":100,"healthAfter":96,"recoveryRemaining":1.1},"battleResult":{"hits":7,"hp":90,"firstArrowAfter":0.20000000000004547,"impacts":[{"after":0.3500000000000796,"before":90,"hp":77},{"after":1.1500000000002615,"before":77,"hp":64},{"after":1.9500000000004434,"before":64,"hp":51},{"after":2.7500000000006253,"before":51,"hp":38},{"after":3.550000000000807,"before":38,"hp":25},{"after":4.350000000000989,"before":25,"hp":12},{"after":5.150000000001171,"before":12,"hp":0}]},"tickSeconds":0.05}
# Subtest: blade earns earthlands defeat, guarded combat, retreat and free return without legacy rewards
ok 1124 - blade earns earthlands defeat, guarded combat, retreat and free return without legacy rewards
  ---
  duration_ms: 352.5425
  type: 'test'
  ...
# {"realm":"earthlands","style":"blade","weapon":"trail_blade","entry":{"x":0,"z":104,"yaw":3.141592653589793},"stage":{"x":-29,"z":-8},"battle":{"x":-29,"z":-18.9},"refuge":{"x":0,"z":23},"firstBrace":{"at":51.14999999999923,"aim":{"x":-29,"z":-18.9},"windupRemaining":0.75,"hitAfter":0.7499999999999574,"healthBefore":100,"healthAfter":96,"recoveryRemaining":1.1},"firstAttack":{"hits":1,"hp":72,"firstArrowAfter":null,"impacts":[{"after":0.19999999999998863,"before":72,"hp":56}]},"secondBrace":{"at":127.4499999999949,"aim":{"x":-29,"z":-18.9},"windupRemaining":0.75,"hitAfter":0.75,"healthBefore":100,"healthAfter":96,"recoveryRemaining":1.1},"battleResult":{"hits":5,"hp":72,"firstArrowAfter":null,"impacts":[{"after":0.20000000000004547,"before":72,"hp":56},{"after":0.7500000000001705,"before":56,"hp":40},{"after":1.3000000000002956,"before":40,"hp":24},{"after":1.8500000000004206,"before":24,"hp":8},{"after":2.4000000000005457,"before":8,"hp":0}]},"tickSeconds":0.05}
# Subtest: bow earns earthlands defeat, guarded combat, retreat and free return without legacy rewards
ok 1125 - bow earns earthlands defeat, guarded combat, retreat and free return without legacy rewards
  ---
  duration_ms: 422.0937
  type: 'test'
  ...
# {"realm":"earthlands","style":"bow","weapon":"trail_bow","entry":{"x":0,"z":104,"yaw":3.141592653589793},"stage":{"x":-29,"z":-8},"battle":{"x":-29,"z":-16},"refuge":{"x":0,"z":23},"firstBrace":{"at":101.1499999999964,"aim":{"x":-29,"z":-16},"windupRemaining":0.75,"hitAfter":0.7499999999999574,"healthBefore":100,"healthAfter":96,"recoveryRemaining":1.1},"firstAttack":{"hits":1,"hp":72,"firstArrowAfter":0.19999999999998863,"impacts":[{"after":0.29999999999998295,"before":72,"hp":59}]},"secondBrace":{"at":175.2000000000056,"aim":{"x":-29,"z":-16},"windupRemaining":0.75,"hitAfter":0.7500000000001705,"healthBefore":100,"healthAfter":96,"recoveryRemaining":1.1},"battleResult":{"hits":6,"hp":72,"firstArrowAfter":0.20000000000004547,"impacts":[{"after":0.3000000000000682,"before":72,"hp":59},{"after":1.1000000000002501,"before":59,"hp":46},{"after":1.900000000000432,"before":46,"hp":33},{"after":2.700000000000614,"before":33,"hp":20},{"after":3.500000000000796,"before":20,"hp":7},{"after":4.300000000000978,"before":7,"hp":0}]},"tickSeconds":0.05}
# Subtest: optional journeys migrate old world 9 saves without touching banked XP, choices, home or music
ok 1126 - optional journeys migrate old world 9 saves without touching banked XP, choices, home or music
  ---
  duration_ms: 10.61
  type: 'test'
  ...
# Subtest: new schema rejects forward, malformed, unknown and impossible claim history
ok 1127 - new schema rejects forward, malformed, unknown and impossible claim history
  ---
  duration_ms: 15.1259
  type: 'test'
  ...
# Subtest: five-light gate is supported and separate from existing lake and Cosmos markers
ok 1128 - five-light gate is supported and separate from existing lake and Cosmos markers
  ---
  duration_ms: 10.135
  type: 'test'
  ...
# Subtest: travel checkpoints original state, and rejects changed owner, revision, position or ticket
ok 1129 - travel checkpoints original state, and rejects changed owner, revision, position or ticket
  ---
  duration_ms: 15.4176
  type: 'test'
  ...
# Subtest: travel, free return, re-entry and cold reload do not grant or advance accepted work
ok 1130 - travel, free return, re-entry and cold reload do not grant or advance accepted work
  ---
  duration_ms: 4.0592
  type: 'test'
  ...
# Subtest: accepted objectives require physical arrival and current run; repeats remain once-only
ok 1131 - accepted objectives require physical arrival and current run; repeats remain once-only
  ---
  duration_ms: 4.2086
  type: 'test'
  ...
# Subtest: save refusal and capacity-blocked turn-in preserve completed objectives, currency and journal atomically
ok 1132 - save refusal and capacity-blocked turn-in preserve completed objectives, currency and journal atomically
  ---
  duration_ms: 6.275
  type: 'test'
  ...
# Subtest: claim fences survive changed request IDs, reload, re-entry and intentional smaller repeat runs
ok 1133 - claim fences survive changed request IDs, reload, re-entry and intentional smaller repeat runs
  ---
  duration_ms: 6.3667
  type: 'test'
  ...
# Subtest: reward changes only declared fields and retains explicit classes, gear, sockets, XP ceiling and story history
ok 1134 - reward changes only declared fields and retains explicit classes, gear, sockets, XP ceiling and story history
  ---
  duration_ms: 3.3417
  type: 'test'
  ...
# Subtest: only canonical local enemies use local defeat records and never enter legacy loot history
ok 1135 - only canonical local enemies use local defeat records and never enter legacy loot history
  ---
  duration_ms: 3.5565
  type: 'test'
  ...
# Subtest: copied or live enemies cannot manufacture a defeat, and a real defeat preserves the revision ceiling
ok 1136 - copied or live enemies cannot manufacture a defeat, and a real defeat preserves the revision ceiling
  ---
  duration_ms: 2.0487
  type: 'test'
  ...
# Subtest: bow targets and actual arrows use new scene ground, while solid cover blocks hits
ok 1137 - bow targets and actual arrows use new scene ground, while solid cover blocks hits
  ---
  duration_ms: 8.6171
  type: 'test'
  ...
# Subtest: skipped active run identities are rejected rather than inventing an unknown payout history
ok 1138 - skipped active run identities are rejected rather than inventing an unknown payout history
  ---
  duration_ms: 0.2387
  type: 'test'
  ...
# Subtest: failure after scene sync restores the original runtime graph as well as position and room
ok 1139 - failure after scene sync restores the original runtime graph as well as position and room
  ---
  duration_ms: 1.4777
  type: 'test'
  ...
# Subtest: every new realm objective can return to its real giver through production navigation
ok 1140 - every new realm objective can return to its real giver through production navigation
  ---
  duration_ms: 425.036
  type: 'test'
  ...
# Subtest: gallery has actual depth, held release, body/camera medium separation and true blocking air-court walls
ok 1141 - gallery has actual depth, held release, body/camera medium separation and true blocking air-court walls
  ---
  duration_ms: 3.003
  type: 'test'
  ...
# Subtest: companion menu preserves dry waiting position, and an explicit recall uses the dry entry during a dive
ok 1142 - companion menu preserves dry waiting position, and an explicit recall uses the dry entry during a dive
  ---
  duration_ms: 2.1548
  type: 'test'
  ...
# Subtest: isolated IIFE and CommonJS expose only one frozen pure function
ok 1143 - isolated IIFE and CommonJS expose only one frozen pure function
  ---
  duration_ms: 2.7956
  type: 'test'
  ...
# Subtest: actual 955-cell expanded Earth partition reduces to 64 exact rectangles
ok 1144 - actual 955-cell expanded Earth partition reduces to 64 exact rectangles
  ---
  duration_ms: 54.6402
  type: 'test'
  ...
# Subtest: every shared world-ground caller and old Coastward retain exact floor area, owner, color and height
ok 1145 - every shared world-ground caller and old Coastward retain exact floor area, owner, color and height
  ---
  duration_ms: 55.3331
  type: 'test'
  ...
# Subtest: real bridge source boundaries and river void remain separate from bank masses
ok 1146 - real bridge source boundaries and river void remain separate from bank masses
  ---
  duration_ms: 12.0722
  type: 'test'
  ...
# Subtest: Atlantis gallery edge partitions remain exact and no cell crosses camera-medium boundary
ok 1147 - Atlantis gallery edge partitions remain exact and no cell crosses camera-medium boundary
  ---
  duration_ms: 3.7961
  type: 'test'
  ...
# Subtest: a labelled untagged Atlantis control demonstrates why caller-owned gallery metadata is required
ok 1148 - a labelled untagged Atlantis control demonstrates why caller-owned gallery metadata is required
  ---
  duration_ms: 4.1461
  type: 'test'
  ...
# Subtest: only complete shared edges merge; holes, corners, tiny gaps and differing metadata remain
ok 1149 - only complete shared edges merge; holes, corners, tiny gaps and differing metadata remain
  ---
  duration_ms: 2.1479
  type: 'test'
  ...
# Subtest: metadata values and arrays are deep-fresh, order-independent and never aliases
ok 1150 - metadata values and arrays are deep-fresh, order-independent and never aliases
  ---
  duration_ms: 0.7987
  type: 'test'
  ...
# Subtest: empty input, input permutations and repeated coalescing are deterministic and fresh
ok 1151 - empty input, input permutations and repeated coalescing are deterministic and fresh
  ---
  duration_ms: 53.8416
  type: 'test'
  ...
# Subtest: invalid, overlapping, accessor or nondata records refuse before input mutation
ok 1152 - invalid, overlapping, accessor or nondata records refuse before input mutation
  ---
  duration_ms: 2.4936
  type: 'test'
  ...
# Subtest: actual submitted vertices stay finite and terrain draw work falls without dropping area
ok 1153 - actual submitted vertices stay finite and terrain draw work falls without dropping area
  ---
  duration_ms: 10.5273
  type: 'test'
  ...
# Subtest: heaven: stable contract, finite geometry, pure bounded quest and readable anchors
ok 1154 - heaven: stable contract, finite geometry, pure bounded quest and readable anchors
  ---
  duration_ms: 14.1929
  type: 'test'
  ...
# Subtest: heaven: connected physical ground gives every point and enemy a body-width approach and return
ok 1155 - heaven: connected physical ground gives every point and enemy a body-width approach and return
  ---
  duration_ms: 246.0501
  type: 'test'
  ...
# Subtest: heaven: submitted original art has finite transforms, matched cover, and a modest local instance/triangle budget
ok 1156 - heaven: submitted original art has finite transforms, matched cover, and a modest local instance/triangle budget
  ---
  duration_ms: 116.6053
  type: 'test'
  ...
# Subtest: heaven: decorating is deterministic, owns no scene lifecycle and leaves all source/simulation/inventory state unchanged
ok 1157 - heaven: decorating is deterministic, owns no scene lifecycle and leaves all source/simulation/inventory state unchanged
  ---
  duration_ms: 18.8307
  type: 'test'
  ...
# Subtest: heaven: height supplied by the world caller shifts all local structures, routes and markers coherently
ok 1158 - heaven: height supplied by the world caller shifts all local structures, routes and markers coherently
  ---
  duration_ms: 11.164
  type: 'test'
  ...
# Subtest: hell: stable contract, finite geometry, pure bounded quest and readable anchors
ok 1159 - hell: stable contract, finite geometry, pure bounded quest and readable anchors
  ---
  duration_ms: 0.538
  type: 'test'
  ...
# Subtest: hell: connected physical ground gives every point and enemy a body-width approach and return
ok 1160 - hell: connected physical ground gives every point and enemy a body-width approach and return
  ---
  duration_ms: 131.5502
  type: 'test'
  ...
# Subtest: hell: submitted original art has finite transforms, matched cover, and a modest local instance/triangle budget
ok 1161 - hell: submitted original art has finite transforms, matched cover, and a modest local instance/triangle budget
  ---
  duration_ms: 46.1317
  type: 'test'
  ...
# Subtest: hell: decorating is deterministic, owns no scene lifecycle and leaves all source/simulation/inventory state unchanged
ok 1162 - hell: decorating is deterministic, owns no scene lifecycle and leaves all source/simulation/inventory state unchanged
  ---
  duration_ms: 10.8614
  type: 'test'
  ...
# Subtest: hell: height supplied by the world caller shifts all local structures, routes and markers coherently
ok 1163 - hell: height supplied by the world caller shifts all local structures, routes and markers coherently
  ---
  duration_ms: 10.2098
  type: 'test'
  ...
# Subtest: Heaven: both actual causeway/arcade loops fit a traveller without stepping through instrument, columns or workshop
ok 1164 - Heaven: both actual causeway/arcade loops fit a traveller without stepping through instrument, columns or workshop
  ---
  duration_ms: 9.9063
  type: 'test'
  ...
# Subtest: Heaven: distinct narrow route inlays sit on supported paving and the fork remains flat and clear
ok 1165 - Heaven: distinct narrow route inlays sit on supported paving and the fork remains flat and clear
  ---
  duration_ms: 28.4838
  type: 'test'
  ...
# Subtest: Heaven: the cultivated Ruby-fork band has actual native support and leaves routes, solids and interaction approaches clear
ok 1166 - Heaven: the cultivated Ruby-fork band has actual native support and leaves routes, solids and interaction approaches clear
  ---
  duration_ms: 57.7545
  type: 'test'
  ...
# Subtest: Heaven: all low blossoms attach to rooted stems and fit their shallow planting beds
ok 1167 - Heaven: all low blossoms attach to rooted stems and fit their shallow planting beds
  ---
  duration_ms: 11.4532
  type: 'test'
  ...
# Subtest: Heaven: cultivated detail has a bounded geometry cost and is identical with reduced motion enabled
ok 1168 - Heaven: cultivated detail has a bounded geometry cost and is identical with reduced motion enabled
  ---
  duration_ms: 11.3661
  type: 'test'
  ...
# Subtest: Hell: only the existing Refuge roof slab and patched ribs carry the bounded reveal tag
ok 1169 - Hell: only the existing Refuge roof slab and patched ribs carry the bounded reveal tag
  ---
  duration_ms: 4.7835
  type: 'test'
  ...
# Subtest: Hell: distinct east/west approaches and the free home path avoid the optional sentinel even within an eleven-unit threat pocket
ok 1170 - Hell: distinct east/west approaches and the free home path avoid the optional sentinel even within an eleven-unit threat pocket
  ---
  duration_ms: 97.7235
  type: 'test'
  ...
# Subtest: Module exposes the browser/CommonJS contract and rejects unknown decoration without touching the caller
ok 1171 - Module exposes the browser/CommonJS contract and rejects unknown decoration without touching the caller
  ---
  duration_ms: 0.3341
  type: 'test'
  ...
1..1171
# tests 1171
# suites 0
# pass 1171
# fail 0
# cancelled 0
# skipped 0
# todo 0
# duration_ms 6581.4192
