PASS blade · at most six isolated profile families
PASS blade · exact frozen actual HTML served
PASS blade · actual WebGL2 renderer
PASS blade · requested renderer observed
PASS blade · visible import adds a character and preserves original legacy save bytes
PASS blade · actual all12 prior claims and unaccepted native import
PASS blade · stage reached and completed: import
PASS blade · whole production body path is supported: Oren · workshop
PASS blade · actual movement and combat keep traveller alive
PASS blade · actual supported walk leg: Oren · workshop
PASS blade · actual movement and combat keep traveller alive
PASS blade · actual supported walk leg: Oren · workshop
PASS blade · actual movement and combat keep traveller alive
PASS blade · actual supported walk leg: Oren · workshop
PASS blade · actual movement and combat keep traveller alive
PASS blade · actual supported walk leg: Oren · workshop
PASS blade · actual movement and combat keep traveller alive
PASS blade · actual supported walk leg: Oren · workshop
PASS blade · actual movement and combat keep traveller alive
PASS blade · actual supported walk leg: Oren · workshop
PASS blade · actual movement and combat keep traveller alive
PASS blade · actual supported walk leg: Oren · workshop
PASS blade · actual movement and combat keep traveller alive
PASS blade · actual supported walk leg: Oren · workshop
PASS blade · actual movement and combat keep traveller alive
PASS blade · actual supported walk leg: Oren · workshop
PASS blade · production walking reaches Oren · workshop
PASS blade · separate native acceptance
PASS blade · stage reached and completed: accept
PASS blade · native current-view action saves accepted
PASS blade · exact full native world persisted accepted
PASS blade · accepted preserves the full other original native character slot value
PASS blade · exact frozen actual HTML served
PASS blade · actual WebGL2 renderer
PASS blade · requested renderer observed
PASS blade · whole Chromium restart loads exact bytes accepted
PASS blade · actual cold load preserves owners/payment/kit accepted
PASS blade · accepted cold load preserves the full other original native character slot value
PASS blade · native companion choice retained stay
PASS blade · production route is accepted for actual five-light entry marker
PASS blade · whole production body path is supported: actual five-light entry marker
PASS blade · actual movement and combat keep traveller alive
PASS blade · actual supported walk leg: actual five-light entry marker
PASS blade · actual movement and combat keep traveller alive
PASS blade · actual supported walk leg: actual five-light entry marker
PASS blade · actual movement and combat keep traveller alive
PASS blade · actual supported walk leg: actual five-light entry marker
PASS blade · actual movement and combat keep traveller alive
PASS blade · actual supported walk leg: actual five-light entry marker
PASS blade · actual movement and combat keep traveller alive
PASS blade · actual supported walk leg: actual five-light entry marker
PASS blade · actual movement and combat keep traveller alive
PASS blade · actual supported walk leg: actual five-light entry marker
PASS blade · actual movement and combat keep traveller alive
PASS blade · actual supported walk leg: actual five-light entry marker
PASS blade · actual movement and combat keep traveller alive
PASS blade · actual supported walk leg: actual five-light entry marker
PASS blade · actual movement and combat keep traveller alive
PASS blade · actual supported walk leg: actual five-light entry marker
PASS blade · production walking reaches actual five-light entry marker
PASS blade · physical arrival has no actor teleport for actual five-light entry marker
PASS blade · native explicit crossing reaches Earth road
PASS blade · native map names physical return route
PASS blade · map reading has no progress
PASS blade · no manual defeat/choice/arrival control
PASS blade · whole production body path is supported: Compare the returned bridge record
PASS blade · actual movement and combat keep traveller alive
PASS blade · actual supported walk leg: Compare the returned bridge record
PASS blade · actual movement and combat keep traveller alive
PASS blade · actual supported walk leg: Compare the returned bridge record
PASS blade · actual movement and combat keep traveller alive
PASS blade · actual supported walk leg: Compare the returned bridge record
PASS blade · actual movement and combat keep traveller alive
PASS blade · actual supported walk leg: Compare the returned bridge record
PASS blade · actual movement and combat keep traveller alive
PASS blade · actual supported walk leg: Compare the returned bridge record
PASS blade · actual movement and combat keep traveller alive
PASS blade · actual supported walk leg: Compare the returned bridge record
PASS blade · actual movement and combat keep traveller alive
PASS blade · actual supported walk leg: Compare the returned bridge record
PASS blade · actual movement and combat keep traveller alive
PASS blade · actual supported walk leg: Compare the returned bridge record
PASS blade · actual movement and combat keep traveller alive
PASS blade · actual supported walk leg: Compare the returned bridge record
PASS blade · actual movement and combat keep traveller alive
PASS blade · actual supported walk leg: Compare the returned bridge record
PASS blade · production walking reaches Compare the returned bridge record
PASS blade · physical native action records bridge-record
PASS blade · physical work pays no independent fee
PASS blade · no manual defeat/choice/arrival control
PASS blade · whole production body path is supported: Compare Merren’s local register
PASS blade · actual movement and combat keep traveller alive
PASS blade · actual supported walk leg: Compare Merren’s local register
PASS blade · actual movement and combat keep traveller alive
PASS blade · actual supported walk leg: Compare Merren’s local register
PASS blade · actual movement and combat keep traveller alive
PASS blade · actual supported walk leg: Compare Merren’s local register
PASS blade · actual movement and combat keep traveller alive
PASS blade · actual supported walk leg: Compare Merren’s local register
PASS blade · actual movement and combat keep traveller alive
PASS blade · actual supported walk leg: Compare Merren’s local register
PASS blade · actual movement and combat keep traveller alive
PASS blade · actual supported walk leg: Compare Merren’s local register
PASS blade · actual movement and combat keep traveller alive
PASS blade · actual supported walk leg: Compare Merren’s local register
PASS blade · actual movement and combat keep traveller alive
PASS blade · actual supported walk leg: Compare Merren’s local register
PASS blade · actual movement and combat keep traveller alive
PASS blade · actual supported walk leg: Compare Merren’s local register
PASS blade · actual movement and combat keep traveller alive
PASS blade · actual supported walk leg: Compare Merren’s local register
PASS blade · actual movement and combat keep traveller alive
PASS blade · actual supported walk leg: Compare Merren’s local register
PASS blade · actual movement and combat keep traveller alive
PASS blade · actual supported walk leg: Compare Merren’s local register
PASS blade · actual movement and combat keep traveller alive
PASS blade · actual supported walk leg: Compare Merren’s local register
PASS blade · actual movement and combat keep traveller alive
PASS blade · actual supported walk leg: Compare Merren’s local register
PASS blade · actual movement and combat keep traveller alive
PASS blade · actual supported walk leg: Compare Merren’s local register
PASS blade · actual movement and combat keep traveller alive
PASS blade · actual supported walk leg: Compare Merren’s local register
PASS blade · actual movement and combat keep traveller alive
PASS blade · actual supported walk leg: Compare Merren’s local register
PASS blade · actual movement and combat keep traveller alive
PASS blade · actual supported walk leg: Compare Merren’s local register
PASS blade · actual movement and combat keep traveller alive
PASS blade · actual supported walk leg: Compare Merren’s local register
PASS blade · actual movement and combat keep traveller alive
PASS blade · actual supported walk leg: Compare Merren’s local register
PASS blade · actual movement and combat keep traveller alive
PASS blade · actual supported walk leg: Compare Merren’s local register
PASS blade · actual movement and combat keep traveller alive
PASS blade · actual supported walk leg: Compare Merren’s local register
PASS blade · actual movement and combat keep traveller alive
PASS blade · actual supported walk leg: Compare Merren’s local register
PASS blade · actual movement and combat keep traveller alive
PASS blade · actual supported walk leg: Compare Merren’s local register
PASS blade · actual movement and combat keep traveller alive
PASS blade · actual supported walk leg: Compare Merren’s local register
PASS blade · actual movement and combat keep traveller alive
PASS blade · actual supported walk leg: Compare Merren’s local register
PASS blade · actual movement and combat keep traveller alive
PASS blade · actual supported walk leg: Compare Merren’s local register
PASS blade · actual movement and combat keep traveller alive
PASS blade · actual supported walk leg: Compare Merren’s local register
PASS blade · actual movement and combat keep traveller alive
PASS blade · actual supported walk leg: Compare Merren’s local register
PASS blade · actual movement and combat keep traveller alive
PASS blade · actual supported walk leg: Compare Merren’s local register
PASS blade · actual movement and combat keep traveller alive
PASS blade · actual supported walk leg: Compare Merren’s local register
PASS blade · actual movement and combat keep traveller alive
PASS blade · actual supported walk leg: Compare Merren’s local register
PASS blade · actual movement and combat keep traveller alive
PASS blade · actual supported walk leg: Compare Merren’s local register
PASS blade · actual movement and combat keep traveller alive
PASS blade · actual supported walk leg: Compare Merren’s local register
PASS blade · actual movement and combat keep traveller alive
PASS blade · actual supported walk leg: Compare Merren’s local register
PASS blade · actual movement and combat keep traveller alive
PASS blade · actual supported walk leg: Compare Merren’s local register
PASS blade · actual movement and combat keep traveller alive
PASS blade · actual supported walk leg: Compare Merren’s local register
PASS blade · actual movement and combat keep traveller alive
PASS blade · actual supported walk leg: Compare Merren’s local register
PASS blade · actual movement and combat keep traveller alive
PASS blade · actual supported walk leg: Compare Merren’s local register
PASS blade · actual movement and combat keep traveller alive
PASS blade · actual supported walk leg: Compare Merren’s local register
PASS blade · actual movement and combat keep traveller alive
PASS blade · actual supported walk leg: Compare Merren’s local register
PASS blade · actual movement and combat keep traveller alive
PASS blade · actual supported walk leg: Compare Merren’s local register
PASS blade · actual movement and combat keep traveller alive
PASS blade · actual supported walk leg: Compare Merren’s local register
PASS blade · actual movement and combat keep traveller alive
PASS blade · actual supported walk leg: Compare Merren’s local register
PASS blade · actual movement and combat keep traveller alive
PASS blade · actual supported walk leg: Compare Merren’s local register
PASS blade · actual movement and combat keep traveller alive
PASS blade · actual supported walk leg: Compare Merren’s local register
PASS blade · actual movement and combat keep traveller alive
PASS blade · actual supported walk leg: Compare Merren’s local register
PASS blade · actual movement and combat keep traveller alive
PASS blade · actual supported walk leg: Compare Merren’s local register
PASS blade · actual movement and combat keep traveller alive
PASS blade · actual supported walk leg: Compare Merren’s local register
PASS blade · actual movement and combat keep traveller alive
PASS blade · actual supported walk leg: Compare Merren’s local register
PASS blade · actual movement and combat keep traveller alive
PASS blade · actual supported walk leg: Compare Merren’s local register
PASS blade · actual movement and combat keep traveller alive
PASS blade · actual supported walk leg: Compare Merren’s local register
PASS blade · actual movement and combat keep traveller alive
PASS blade · actual supported walk leg: Compare Merren’s local register
PASS blade · actual movement and combat keep traveller alive
PASS blade · actual supported walk leg: Compare Merren’s local register
PASS blade · actual movement and combat keep traveller alive
PASS blade · actual supported walk leg: Compare Merren’s local register
PASS blade · actual movement and combat keep traveller alive
PASS blade · actual supported walk leg: Compare Merren’s local register
PASS blade · actual movement and combat keep traveller alive
PASS blade · actual supported walk leg: Compare Merren’s local register
PASS blade · actual movement and combat keep traveller alive
PASS blade · actual supported walk leg: Compare Merren’s local register
PASS blade · actual movement and combat keep traveller alive
PASS blade · actual supported walk leg: Compare Merren’s local register
PASS blade · actual movement and combat keep traveller alive
PASS blade · actual supported walk leg: Compare Merren’s local register
PASS blade · actual movement and combat keep traveller alive
PASS blade · actual supported walk leg: Compare Merren’s local register
PASS blade · actual movement and combat keep traveller alive
PASS blade · actual supported walk leg: Compare Merren’s local register
PASS blade · actual movement and combat keep traveller alive
PASS blade · actual supported walk leg: Compare Merren’s local register
PASS blade · actual movement and combat keep traveller alive
PASS blade · actual supported walk leg: Compare Merren’s local register
PASS blade · actual movement and combat keep traveller alive
PASS blade · actual supported walk leg: Compare Merren’s local register
PASS blade · actual movement and combat keep traveller alive
PASS blade · actual supported walk leg: Compare Merren’s local register
PASS blade · actual movement and combat keep traveller alive
PASS blade · actual supported walk leg: Compare Merren’s local register
PASS blade · actual movement and combat keep traveller alive
PASS blade · actual supported walk leg: Compare Merren’s local register
PASS blade · actual movement and combat keep traveller alive
PASS blade · actual supported walk leg: Compare Merren’s local register
PASS blade · actual movement and combat keep traveller alive
PASS blade · actual supported walk leg: Compare Merren’s local register
PASS blade · actual movement and combat keep traveller alive
PASS blade · actual supported walk leg: Compare Merren’s local register
PASS blade · actual movement and combat keep traveller alive
PASS blade · actual supported walk leg: Compare Merren’s local register
PASS blade · actual movement and combat keep traveller alive
PASS blade · actual supported walk leg: Compare Merren’s local register
PASS blade · actual movement and combat keep traveller alive
PASS blade · actual supported walk leg: Compare Merren’s local register
PASS blade · actual movement and combat keep traveller alive
PASS blade · actual supported walk leg: Compare Merren’s local register
PASS blade · actual movement and combat keep traveller alive
PASS blade · actual supported walk leg: Compare Merren’s local register
PASS blade · actual movement and combat keep traveller alive
PASS blade · actual supported walk leg: Compare Merren’s local register
PASS blade · actual movement and combat keep traveller alive
PASS blade · actual supported walk leg: Compare Merren’s local register
PASS blade · actual movement and combat keep traveller alive
PASS blade · actual supported walk leg: Compare Merren’s local register
PASS blade · actual movement and combat keep traveller alive
PASS blade · actual supported walk leg: Compare Merren’s local register
PASS blade · actual movement and combat keep traveller alive
PASS blade · actual supported walk leg: Compare Merren’s local register
PASS blade · actual movement and combat keep traveller alive
PASS blade · actual supported walk leg: Compare Merren’s local register
PASS blade · actual movement and combat keep traveller alive
PASS blade · actual supported walk leg: Compare Merren’s local register
PASS blade · actual movement and combat keep traveller alive
PASS blade · actual supported walk leg: Compare Merren’s local register
PASS blade · actual movement and combat keep traveller alive
PASS blade · actual supported walk leg: Compare Merren’s local register
PASS blade · actual movement and combat keep traveller alive
PASS blade · actual supported walk leg: Compare Merren’s local register
PASS blade · actual movement and combat keep traveller alive
PASS blade · actual supported walk leg: Compare Merren’s local register
PASS blade · actual movement and combat keep traveller alive
PASS blade · actual supported walk leg: Compare Merren’s local register
PASS blade · actual movement and combat keep traveller alive
PASS blade · actual supported walk leg: Compare Merren’s local register
PASS blade · actual movement and combat keep traveller alive
PASS blade · actual supported walk leg: Compare Merren’s local register
PASS blade · actual movement and combat keep traveller alive
PASS blade · actual supported walk leg: Compare Merren’s local register
PASS blade · actual movement and combat keep traveller alive
PASS blade · actual supported walk leg: Compare Merren’s local register
PASS blade · actual movement and combat keep traveller alive
PASS blade · actual supported walk leg: Compare Merren’s local register
PASS blade · actual movement and combat keep traveller alive
PASS blade · actual supported walk leg: Compare Merren’s local register
PASS blade · actual movement and combat keep traveller alive
PASS blade · actual supported walk leg: Compare Merren’s local register
PASS blade · actual movement and combat keep traveller alive
PASS blade · actual supported walk leg: Compare Merren’s local register
PASS blade · actual movement and combat keep traveller alive
PASS blade · actual supported walk leg: Compare Merren’s local register
PASS blade · actual movement and combat keep traveller alive
PASS blade · actual supported walk leg: Compare Merren’s local register
PASS blade · actual movement and combat keep traveller alive
PASS blade · actual supported walk leg: Compare Merren’s local register
PASS blade · actual movement and combat keep traveller alive
PASS blade · actual supported walk leg: Compare Merren’s local register
PASS blade · actual movement and combat keep traveller alive
PASS blade · actual supported walk leg: Compare Merren’s local register
PASS blade · actual movement and combat keep traveller alive
PASS blade · actual supported walk leg: Compare Merren’s local register
PASS blade · actual movement and combat keep traveller alive
PASS blade · actual supported walk leg: Compare Merren’s local register
PASS blade · actual movement and combat keep traveller alive
PASS blade · actual supported walk leg: Compare Merren’s local register
PASS blade · actual movement and combat keep traveller alive
PASS blade · actual supported walk leg: Compare Merren’s local register
PASS blade · actual movement and combat keep traveller alive
PASS blade · actual supported walk leg: Compare Merren’s local register
PASS blade · actual movement and combat keep traveller alive
PASS blade · actual supported walk leg: Compare Merren’s local register
PASS blade · actual movement and combat keep traveller alive
PASS blade · actual supported walk leg: Compare Merren’s local register
PASS blade · actual movement and combat keep traveller alive
PASS blade · actual supported walk leg: Compare Merren’s local register
PASS blade · actual movement and combat keep traveller alive
PASS blade · actual supported walk leg: Compare Merren’s local register
PASS blade · actual movement and combat keep traveller alive
PASS blade · actual supported walk leg: Compare Merren’s local register
PASS blade · actual movement and combat keep traveller alive
PASS blade · actual supported walk leg: Compare Merren’s local register
PASS blade · actual movement and combat keep traveller alive
PASS blade · actual supported walk leg: Compare Merren’s local register
PASS blade · actual movement and combat keep traveller alive
PASS blade · actual supported walk leg: Compare Merren’s local register
PASS blade · actual movement and combat keep traveller alive
PASS blade · actual supported walk leg: Compare Merren’s local register
PASS blade · actual movement and combat keep traveller alive
PASS blade · actual supported walk leg: Compare Merren’s local register
PASS blade · actual movement and combat keep traveller alive
PASS blade · actual supported walk leg: Compare Merren’s local register
PASS blade · actual movement and combat keep traveller alive
PASS blade · actual supported walk leg: Compare Merren’s local register
PASS blade · actual movement and combat keep traveller alive
PASS blade · actual supported walk leg: Compare Merren’s local register
PASS blade · actual movement and combat keep traveller alive
PASS blade · actual supported walk leg: Compare Merren’s local register
PASS blade · actual movement and combat keep traveller alive
PASS blade · actual supported walk leg: Compare Merren’s local register
PASS blade · actual movement and combat keep traveller alive
PASS blade · actual supported walk leg: Compare Merren’s local register
PASS blade · actual movement and combat keep traveller alive
PASS blade · actual supported walk leg: Compare Merren’s local register
PASS blade · actual movement and combat keep traveller alive
PASS blade · actual supported walk leg: Compare Merren’s local register
PASS blade · actual movement and combat keep traveller alive
PASS blade · actual supported walk leg: Compare Merren’s local register
PASS blade · actual movement and combat keep traveller alive
PASS blade · actual supported walk leg: Compare Merren’s local register
PASS blade · actual movement and combat keep traveller alive
PASS blade · actual supported walk leg: Compare Merren’s local register
PASS blade · actual movement and combat keep traveller alive
PASS blade · actual supported walk leg: Compare Merren’s local register
PASS blade · actual movement and combat keep traveller alive
PASS blade · actual supported walk leg: Compare Merren’s local register
PASS blade · actual movement and combat keep traveller alive
PASS blade · actual supported walk leg: Compare Merren’s local register
PASS blade · actual movement and combat keep traveller alive
PASS blade · actual supported walk leg: Compare Merren’s local register
PASS blade · actual movement and combat keep traveller alive
PASS blade · actual supported walk leg: Compare Merren’s local register
PASS blade · actual movement and combat keep traveller alive
PASS blade · actual supported walk leg: Compare Merren’s local register
PASS blade · actual movement and combat keep traveller alive
PASS blade · actual supported walk leg: Compare Merren’s local register
PASS blade · actual movement and combat keep traveller alive
PASS blade · actual supported walk leg: Compare Merren’s local register
PASS blade · actual movement and combat keep traveller alive
PASS blade · actual supported walk leg: Compare Merren’s local register
PASS blade · actual movement and combat keep traveller alive
PASS blade · actual supported walk leg: Compare Merren’s local register
PASS blade · actual movement and combat keep traveller alive
PASS blade · actual supported walk leg: Compare Merren’s local register
PASS blade · actual movement and combat keep traveller alive
PASS blade · actual supported walk leg: Compare Merren’s local register
PASS blade · actual movement and combat keep traveller alive
PASS blade · actual supported walk leg: Compare Merren’s local register
PASS blade · actual movement and combat keep traveller alive
PASS blade · actual supported walk leg: Compare Merren’s local register
PASS blade · actual movement and combat keep traveller alive
PASS blade · actual supported walk leg: Compare Merren’s local register
PASS blade · actual movement and combat keep traveller alive
PASS blade · actual supported walk leg: Compare Merren’s local register
PASS blade · actual movement and combat keep traveller alive
PASS blade · actual supported walk leg: Compare Merren’s local register
PASS blade · actual movement and combat keep traveller alive
PASS blade · actual supported walk leg: Compare Merren’s local register
PASS blade · actual movement and combat keep traveller alive
PASS blade · actual supported walk leg: Compare Merren’s local register
PASS blade · actual movement and combat keep traveller alive
PASS blade · actual supported walk leg: Compare Merren’s local register
PASS blade · actual movement and combat keep traveller alive
PASS blade · actual supported walk leg: Compare Merren’s local register
PASS blade · actual movement and combat keep traveller alive
PASS blade · actual supported walk leg: Compare Merren’s local register
PASS blade · actual movement and combat keep traveller alive
PASS blade · actual supported walk leg: Compare Merren’s local register
PASS blade · actual movement and combat keep traveller alive
PASS blade · actual supported walk leg: Compare Merren’s local register
PASS blade · actual movement and combat keep traveller alive
PASS blade · actual supported walk leg: Compare Merren’s local register
PASS blade · actual movement and combat keep traveller alive
PASS blade · actual supported walk leg: Compare Merren’s local register
PASS blade · actual movement and combat keep traveller alive
PASS blade · actual supported walk leg: Compare Merren’s local register
PASS blade · actual movement and combat keep traveller alive
PASS blade · actual supported walk leg: Compare Merren’s local register
PASS blade · actual movement and combat keep traveller alive
PASS blade · actual supported walk leg: Compare Merren’s local register
PASS blade · actual movement and combat keep traveller alive
PASS blade · actual supported walk leg: Compare Merren’s local register
PASS blade · actual movement and combat keep traveller alive
PASS blade · actual supported walk leg: Compare Merren’s local register
PASS blade · actual movement and combat keep traveller alive
PASS blade · actual supported walk leg: Compare Merren’s local register
PASS blade · actual movement and combat keep traveller alive
PASS blade · actual supported walk leg: Compare Merren’s local register
PASS blade · actual movement and combat keep traveller alive
PASS blade · actual supported walk leg: Compare Merren’s local register
PASS blade · actual movement and combat keep traveller alive
PASS blade · actual supported walk leg: Compare Merren’s local register
PASS blade · actual movement and combat keep traveller alive
PASS blade · actual supported walk leg: Compare Merren’s local register
PASS blade · actual movement and combat keep traveller alive
PASS blade · actual supported walk leg: Compare Merren’s local register
PASS blade · actual movement and combat keep traveller alive
PASS blade · actual supported walk leg: Compare Merren’s local register
PASS blade · actual movement and combat keep traveller alive
PASS blade · actual supported walk leg: Compare Merren’s local register
PASS blade · actual movement and combat keep traveller alive
PASS blade · actual supported walk leg: Compare Merren’s local register
PASS blade · actual movement and combat keep traveller alive
PASS blade · actual supported walk leg: Compare Merren’s local register
PASS blade · actual movement and combat keep traveller alive
PASS blade · actual supported walk leg: Compare Merren’s local register
PASS blade · actual movement and combat keep traveller alive
PASS blade · actual supported walk leg: Compare Merren’s local register
PASS blade · actual movement and combat keep traveller alive
PASS blade · actual supported walk leg: Compare Merren’s local register
PASS blade · actual movement and combat keep traveller alive
PASS blade · actual supported walk leg: Compare Merren’s local register
PASS blade · actual movement and combat keep traveller alive
PASS blade · actual supported walk leg: Compare Merren’s local register
PASS blade · actual movement and combat keep traveller alive
PASS blade · actual supported walk leg: Compare Merren’s local register
PASS blade · actual movement and combat keep traveller alive
PASS blade · actual supported walk leg: Compare Merren’s local register
PASS blade · production walking reaches Compare Merren’s local register
PASS blade · physical native action records register-record
PASS blade · physical work pays no independent fee
PASS blade · no manual defeat/choice/arrival control
PASS blade · whole production body path is supported: Inspect the portable junction claim
PASS blade · actual movement and combat keep traveller alive
PASS blade · actual supported walk leg: Inspect the portable junction claim
PASS blade · actual movement and combat keep traveller alive
PASS blade · actual supported walk leg: Inspect the portable junction claim
PASS blade · actual movement and combat keep traveller alive
PASS blade · actual supported walk leg: Inspect the portable junction claim
PASS blade · actual movement and combat keep traveller alive
PASS blade · actual supported walk leg: Inspect the portable junction claim
PASS blade · actual movement and combat keep traveller alive
PASS blade · actual supported walk leg: Inspect the portable junction claim
PASS blade · actual movement and combat keep traveller alive
PASS blade · actual supported walk leg: Inspect the portable junction claim
PASS blade · actual movement and combat keep traveller alive
PASS blade · actual supported walk leg: Inspect the portable junction claim
PASS blade · actual movement and combat keep traveller alive
PASS blade · actual supported walk leg: Inspect the portable junction claim
PASS blade · actual movement and combat keep traveller alive
PASS blade · actual supported walk leg: Inspect the portable junction claim
PASS blade · actual movement and combat keep traveller alive
PASS blade · actual supported walk leg: Inspect the portable junction claim
PASS blade · actual movement and combat keep traveller alive
PASS blade · actual supported walk leg: Inspect the portable junction claim
PASS blade · actual movement and combat keep traveller alive
PASS blade · actual supported walk leg: Inspect the portable junction claim
PASS blade · actual movement and combat keep traveller alive
PASS blade · actual supported walk leg: Inspect the portable junction claim
PASS blade · actual movement and combat keep traveller alive
PASS blade · actual supported walk leg: Inspect the portable junction claim
PASS blade · actual movement and combat keep traveller alive
PASS blade · actual supported walk leg: Inspect the portable junction claim
PASS blade · actual movement and combat keep traveller alive
PASS blade · actual supported walk leg: Inspect the portable junction claim
PASS blade · actual movement and combat keep traveller alive
PASS blade · actual supported walk leg: Inspect the portable junction claim
PASS blade · actual movement and combat keep traveller alive
PASS blade · actual supported walk leg: Inspect the portable junction claim
PASS blade · actual movement and combat keep traveller alive
PASS blade · actual supported walk leg: Inspect the portable junction claim
PASS blade · actual movement and combat keep traveller alive
PASS blade · actual supported walk leg: Inspect the portable junction claim
PASS blade · actual movement and combat keep traveller alive
PASS blade · actual supported walk leg: Inspect the portable junction claim
PASS blade · actual movement and combat keep traveller alive
PASS blade · actual supported walk leg: Inspect the portable junction claim
PASS blade · actual movement and combat keep traveller alive
PASS blade · actual supported walk leg: Inspect the portable junction claim
PASS blade · actual movement and combat keep traveller alive
PASS blade · actual supported walk leg: Inspect the portable junction claim
PASS blade · actual movement and combat keep traveller alive
PASS blade · actual supported walk leg: Inspect the portable junction claim
PASS blade · actual movement and combat keep traveller alive
PASS blade · actual supported walk leg: Inspect the portable junction claim
PASS blade · actual movement and combat keep traveller alive
PASS blade · actual supported walk leg: Inspect the portable junction claim
PASS blade · actual movement and combat keep traveller alive
PASS blade · actual supported walk leg: Inspect the portable junction claim
PASS blade · actual movement and combat keep traveller alive
PASS blade · actual supported walk leg: Inspect the portable junction claim
PASS blade · actual movement and combat keep traveller alive
PASS blade · actual supported walk leg: Inspect the portable junction claim
PASS blade · actual movement and combat keep traveller alive
PASS blade · actual supported walk leg: Inspect the portable junction claim
PASS blade · actual movement and combat keep traveller alive
PASS blade · actual supported walk leg: Inspect the portable junction claim
PASS blade · actual movement and combat keep traveller alive
PASS blade · actual supported walk leg: Inspect the portable junction claim
PASS blade · actual movement and combat keep traveller alive
PASS blade · actual supported walk leg: Inspect the portable junction claim
PASS blade · actual movement and combat keep traveller alive
PASS blade · actual supported walk leg: Inspect the portable junction claim
PASS blade · actual movement and combat keep traveller alive
PASS blade · actual supported walk leg: Inspect the portable junction claim
PASS blade · actual movement and combat keep traveller alive
PASS blade · actual supported walk leg: Inspect the portable junction claim
PASS blade · production walking reaches Inspect the portable junction claim
PASS blade · physical native action records inspect-claim
PASS blade · physical work pays no independent fee
PASS blade · actual camera projection adventure
PASS blade · causal actual pixels and exact restoration west-relay-isolated adventure
PASS blade · actual camera projection adventure
PASS blade · causal actual pixels and exact restoration east-relay-isolated adventure
PASS blade · actual camera projection follow
PASS blade · causal actual pixels and exact restoration west-relay-isolated follow
PASS blade · actual camera projection follow
PASS blade · causal actual pixels and exact restoration east-relay-isolated follow
PASS blade · whole production body path is supported: Place the supplied warning screen
PASS blade · actual movement and combat keep traveller alive
PASS blade · actual supported walk leg: Place the supplied warning screen
PASS blade · actual movement and combat keep traveller alive
PASS blade · actual supported walk leg: Place the supplied warning screen
PASS blade · actual movement and combat keep traveller alive
PASS blade · actual supported walk leg: Place the supplied warning screen
PASS blade · actual movement and combat keep traveller alive
PASS blade · actual supported walk leg: Place the supplied warning screen
PASS blade · actual movement and combat keep traveller alive
PASS blade · actual supported walk leg: Place the supplied warning screen
PASS blade · actual movement and combat keep traveller alive
PASS blade · actual supported walk leg: Place the supplied warning screen
PASS blade · actual movement and combat keep traveller alive
PASS blade · actual supported walk leg: Place the supplied warning screen
PASS blade · actual movement and combat keep traveller alive
PASS blade · actual supported walk leg: Place the supplied warning screen
PASS blade · actual movement and combat keep traveller alive
PASS blade · actual supported walk leg: Place the supplied warning screen
PASS blade · actual movement and combat keep traveller alive
PASS blade · actual supported walk leg: Place the supplied warning screen
PASS blade · production walking reaches Place the supplied warning screen
PASS blade · actual camera projection adventure
PASS blade · causal actual pixels and exact restoration supplied-screen adventure
PASS blade · actual camera projection follow
PASS blade · causal actual pixels and exact restoration supplied-screen follow
PASS blade · no manual defeat/choice/arrival control
PASS blade · whole production body path is supported: Isolate the west claim relay
PASS blade · actual movement and combat keep traveller alive
PASS blade · actual supported walk leg: Isolate the west claim relay
PASS blade · actual movement and combat keep traveller alive
PASS blade · actual supported walk leg: Isolate the west claim relay
PASS blade · actual movement and combat keep traveller alive
PASS blade · actual supported walk leg: Isolate the west claim relay
PASS blade · actual movement and combat keep traveller alive
PASS blade · actual supported walk leg: Isolate the west claim relay
PASS blade · actual movement and combat keep traveller alive
PASS blade · actual supported walk leg: Isolate the west claim relay
PASS blade · actual movement and combat keep traveller alive
PASS blade · actual supported walk leg: Isolate the west claim relay
PASS blade · actual movement and combat keep traveller alive
PASS blade · actual supported walk leg: Isolate the west claim relay
PASS blade · actual movement and combat keep traveller alive
PASS blade · actual supported walk leg: Isolate the west claim relay
PASS blade · actual movement and combat keep traveller alive
PASS blade · actual supported walk leg: Isolate the west claim relay
PASS blade · actual movement and combat keep traveller alive
PASS blade · actual supported walk leg: Isolate the west claim relay
PASS blade · actual movement and combat keep traveller alive
PASS blade · actual supported walk leg: Isolate the west claim relay
PASS blade · actual movement and combat keep traveller alive
PASS blade · actual supported walk leg: Isolate the west claim relay
PASS blade · actual movement and combat keep traveller alive
PASS blade · actual supported walk leg: Isolate the west claim relay
PASS blade · actual movement and combat keep traveller alive
PASS blade · actual supported walk leg: Isolate the west claim relay
PASS blade · actual movement and combat keep traveller alive
PASS blade · actual supported walk leg: Isolate the west claim relay
PASS blade · actual movement and combat keep traveller alive
PASS blade · actual supported walk leg: Isolate the west claim relay
PASS blade · actual movement and combat keep traveller alive
PASS blade · actual supported walk leg: Isolate the west claim relay
PASS blade · production walking reaches Isolate the west claim relay
PASS blade · physical native action records west-relay-isolated
PASS blade · physical work pays no independent fee
PASS blade · no manual defeat/choice/arrival control
PASS blade · whole production body path is supported: Isolate the east claim relay
PASS blade · actual movement and combat keep traveller alive
PASS blade · actual supported walk leg: Isolate the east claim relay
PASS blade · actual movement and combat keep traveller alive
PASS blade · actual supported walk leg: Isolate the east claim relay
PASS blade · actual movement and combat keep traveller alive
PASS blade · actual supported walk leg: Isolate the east claim relay
PASS blade · actual movement and combat keep traveller alive
PASS blade · actual supported walk leg: Isolate the east claim relay
PASS blade · actual movement and combat keep traveller alive
PASS blade · actual supported walk leg: Isolate the east claim relay
PASS blade · actual movement and combat keep traveller alive
PASS blade · actual supported walk leg: Isolate the east claim relay
PASS blade · actual movement and combat keep traveller alive
PASS blade · actual supported walk leg: Isolate the east claim relay
PASS blade · actual movement and combat keep traveller alive
PASS blade · actual supported walk leg: Isolate the east claim relay
PASS blade · actual movement and combat keep traveller alive
PASS blade · actual supported walk leg: Isolate the east claim relay
PASS blade · actual movement and combat keep traveller alive
PASS blade · actual supported walk leg: Isolate the east claim relay
PASS blade · actual movement and combat keep traveller alive
PASS blade · actual supported walk leg: Isolate the east claim relay
PASS blade · actual movement and combat keep traveller alive
PASS blade · actual supported walk leg: Isolate the east claim relay
PASS blade · actual movement and combat keep traveller alive
PASS blade · actual supported walk leg: Isolate the east claim relay
PASS blade · actual movement and combat keep traveller alive
PASS blade · actual supported walk leg: Isolate the east claim relay
PASS blade · actual movement and combat keep traveller alive
PASS blade · actual supported walk leg: Isolate the east claim relay
PASS blade · production walking reaches Isolate the east claim relay
PASS blade · physical native action records east-relay-isolated
PASS blade · physical work pays no independent fee
PASS blade · stage reached and completed: relays
PASS blade · native current-view action saves ordered-relays
PASS blade · exact full native world persisted ordered-relays
PASS blade · ordered-relays preserves the full other original native character slot value
PASS blade · exact frozen actual HTML served
PASS blade · actual WebGL2 renderer
PASS blade · requested renderer observed
PASS blade · whole Chromium restart loads exact bytes ordered-relays
PASS blade · actual cold load preserves owners/payment/kit ordered-relays
PASS blade · ordered-relays cold load preserves the full other original native character slot value
PASS blade · production route is accepted for actual five-light entry marker
PASS blade · whole production body path is supported: actual five-light entry marker
PASS blade · actual movement and combat keep traveller alive
PASS blade · actual supported walk leg: actual five-light entry marker
PASS blade · production walking reaches actual five-light entry marker
PASS blade · physical arrival has no actor teleport for actual five-light entry marker
PASS blade · native explicit crossing reaches Earth road
PASS blade · no manual defeat/choice/arrival control
PASS blade · whole production body path is supported: Challenge the Regent’s local seizure
PASS blade · actual movement and combat keep traveller alive
PASS blade · actual supported walk leg: Challenge the Regent’s local seizure
PASS blade · actual movement and combat keep traveller alive
PASS blade · actual supported walk leg: Challenge the Regent’s local seizure
PASS blade · actual movement and combat keep traveller alive
PASS blade · actual supported walk leg: Challenge the Regent’s local seizure
PASS blade · actual movement and combat keep traveller alive
PASS blade · actual supported walk leg: Challenge the Regent’s local seizure
PASS blade · actual movement and combat keep traveller alive
PASS blade · actual supported walk leg: Challenge the Regent’s local seizure
PASS blade · actual movement and combat keep traveller alive
PASS blade · actual supported walk leg: Challenge the Regent’s local seizure
PASS blade · actual movement and combat keep traveller alive
PASS blade · actual supported walk leg: Challenge the Regent’s local seizure
PASS blade · actual movement and combat keep traveller alive
PASS blade · actual supported walk leg: Challenge the Regent’s local seizure
PASS blade · actual movement and combat keep traveller alive
PASS blade · actual supported walk leg: Challenge the Regent’s local seizure
PASS blade · actual movement and combat keep traveller alive
PASS blade · actual supported walk leg: Challenge the Regent’s local seizure
PASS blade · actual movement and combat keep traveller alive
PASS blade · actual supported walk leg: Challenge the Regent’s local seizure
PASS blade · actual movement and combat keep traveller alive
PASS blade · actual supported walk leg: Challenge the Regent’s local seizure
PASS blade · actual movement and combat keep traveller alive
PASS blade · actual supported walk leg: Challenge the Regent’s local seizure
PASS blade · actual movement and combat keep traveller alive
PASS blade · actual supported walk leg: Challenge the Regent’s local seizure
PASS blade · actual movement and combat keep traveller alive
PASS blade · actual supported walk leg: Challenge the Regent’s local seizure
PASS blade · actual movement and combat keep traveller alive
PASS blade · actual supported walk leg: Challenge the Regent’s local seizure
PASS blade · actual movement and combat keep traveller alive
PASS blade · actual supported walk leg: Challenge the Regent’s local seizure
PASS blade · actual movement and combat keep traveller alive
PASS blade · actual supported walk leg: Challenge the Regent’s local seizure
PASS blade · actual movement and combat keep traveller alive
PASS blade · actual supported walk leg: Challenge the Regent’s local seizure
PASS blade · actual movement and combat keep traveller alive
PASS blade · actual supported walk leg: Challenge the Regent’s local seizure
PASS blade · actual movement and combat keep traveller alive
PASS blade · actual supported walk leg: Challenge the Regent’s local seizure
PASS blade · actual movement and combat keep traveller alive
PASS blade · actual supported walk leg: Challenge the Regent’s local seizure
PASS blade · actual movement and combat keep traveller alive
PASS blade · actual supported walk leg: Challenge the Regent’s local seizure
PASS blade · actual movement and combat keep traveller alive
PASS blade · actual supported walk leg: Challenge the Regent’s local seizure
PASS blade · actual movement and combat keep traveller alive
PASS blade · actual supported walk leg: Challenge the Regent’s local seizure
PASS blade · actual movement and combat keep traveller alive
PASS blade · actual supported walk leg: Challenge the Regent’s local seizure
PASS blade · actual movement and combat keep traveller alive
PASS blade · actual supported walk leg: Challenge the Regent’s local seizure
PASS blade · actual movement and combat keep traveller alive
PASS blade · actual supported walk leg: Challenge the Regent’s local seizure
PASS blade · actual movement and combat keep traveller alive
PASS blade · actual supported walk leg: Challenge the Regent’s local seizure
PASS blade · actual movement and combat keep traveller alive
PASS blade · actual supported walk leg: Challenge the Regent’s local seizure
PASS blade · actual movement and combat keep traveller alive
PASS blade · actual supported walk leg: Challenge the Regent’s local seizure
PASS blade · actual movement and combat keep traveller alive
PASS blade · actual supported walk leg: Challenge the Regent’s local seizure
PASS blade · actual movement and combat keep traveller alive
PASS blade · actual supported walk leg: Challenge the Regent’s local seizure
PASS blade · actual movement and combat keep traveller alive
PASS blade · actual supported walk leg: Challenge the Regent’s local seizure
PASS blade · actual movement and combat keep traveller alive
PASS blade · actual supported walk leg: Challenge the Regent’s local seizure
PASS blade · actual movement and combat keep traveller alive
PASS blade · actual supported walk leg: Challenge the Regent’s local seizure
PASS blade · actual movement and combat keep traveller alive
PASS blade · actual supported walk leg: Challenge the Regent’s local seizure
PASS blade · actual movement and combat keep traveller alive
PASS blade · actual supported walk leg: Challenge the Regent’s local seizure
PASS blade · actual movement and combat keep traveller alive
PASS blade · actual supported walk leg: Challenge the Regent’s local seizure
PASS blade · actual movement and combat keep traveller alive
PASS blade · actual supported walk leg: Challenge the Regent’s local seizure
PASS blade · actual movement and combat keep traveller alive
PASS blade · actual supported walk leg: Challenge the Regent’s local seizure
PASS blade · actual movement and combat keep traveller alive
PASS blade · actual supported walk leg: Challenge the Regent’s local seizure
PASS blade · actual movement and combat keep traveller alive
PASS blade · actual supported walk leg: Challenge the Regent’s local seizure
PASS blade · actual movement and combat keep traveller alive
PASS blade · actual supported walk leg: Challenge the Regent’s local seizure
PASS blade · actual movement and combat keep traveller alive
PASS blade · actual supported walk leg: Challenge the Regent’s local seizure
PASS blade · actual movement and combat keep traveller alive
PASS blade · actual supported walk leg: Challenge the Regent’s local seizure
PASS blade · actual movement and combat keep traveller alive
PASS blade · actual supported walk leg: Challenge the Regent’s local seizure
PASS blade · actual movement and combat keep traveller alive
PASS blade · actual supported walk leg: Challenge the Regent’s local seizure
PASS blade · actual movement and combat keep traveller alive
PASS blade · actual supported walk leg: Challenge the Regent’s local seizure
PASS blade · actual movement and combat keep traveller alive
PASS blade · actual supported walk leg: Challenge the Regent’s local seizure
PASS blade · actual movement and combat keep traveller alive
PASS blade · actual supported walk leg: Challenge the Regent’s local seizure
PASS blade · actual movement and combat keep traveller alive
PASS blade · actual supported walk leg: Challenge the Regent’s local seizure
PASS blade · actual movement and combat keep traveller alive
PASS blade · actual supported walk leg: Challenge the Regent’s local seizure
PASS blade · actual movement and combat keep traveller alive
PASS blade · actual supported walk leg: Challenge the Regent’s local seizure
PASS blade · actual movement and combat keep traveller alive
PASS blade · actual supported walk leg: Challenge the Regent’s local seizure
PASS blade · actual movement and combat keep traveller alive
PASS blade · actual supported walk leg: Challenge the Regent’s local seizure
PASS blade · actual movement and combat keep traveller alive
PASS blade · actual supported walk leg: Challenge the Regent’s local seizure
PASS blade · actual movement and combat keep traveller alive
PASS blade · actual supported walk leg: Challenge the Regent’s local seizure
PASS blade · actual movement and combat keep traveller alive
PASS blade · actual supported walk leg: Challenge the Regent’s local seizure
PASS blade · actual movement and combat keep traveller alive
PASS blade · actual supported walk leg: Challenge the Regent’s local seizure
PASS blade · actual movement and combat keep traveller alive
PASS blade · actual supported walk leg: Challenge the Regent’s local seizure
PASS blade · actual movement and combat keep traveller alive
PASS blade · actual supported walk leg: Challenge the Regent’s local seizure
PASS blade · actual movement and combat keep traveller alive
PASS blade · actual supported walk leg: Challenge the Regent’s local seizure
PASS blade · actual movement and combat keep traveller alive
PASS blade · actual supported walk leg: Challenge the Regent’s local seizure
PASS blade · actual movement and combat keep traveller alive
PASS blade · actual supported walk leg: Challenge the Regent’s local seizure
PASS blade · actual movement and combat keep traveller alive
PASS blade · actual supported walk leg: Challenge the Regent’s local seizure
PASS blade · actual movement and combat keep traveller alive
PASS blade · actual supported walk leg: Challenge the Regent’s local seizure
PASS blade · actual movement and combat keep traveller alive
PASS blade · actual supported walk leg: Challenge the Regent’s local seizure
PASS blade · actual movement and combat keep traveller alive
PASS blade · actual supported walk leg: Challenge the Regent’s local seizure
PASS blade · actual movement and combat keep traveller alive
PASS blade · actual supported walk leg: Challenge the Regent’s local seizure
PASS blade · actual movement and combat keep traveller alive
PASS blade · actual supported walk leg: Challenge the Regent’s local seizure
PASS blade · actual movement and combat keep traveller alive
PASS blade · actual supported walk leg: Challenge the Regent’s local seizure
PASS blade · actual movement and combat keep traveller alive
PASS blade · actual supported walk leg: Challenge the Regent’s local seizure
PASS blade · actual movement and combat keep traveller alive
PASS blade · actual supported walk leg: Challenge the Regent’s local seizure
PASS blade · actual movement and combat keep traveller alive
PASS blade · actual supported walk leg: Challenge the Regent’s local seizure
PASS blade · actual movement and combat keep traveller alive
PASS blade · actual supported walk leg: Challenge the Regent’s local seizure
PASS blade · actual movement and combat keep traveller alive
PASS blade · actual supported walk leg: Challenge the Regent’s local seizure
PASS blade · actual movement and combat keep traveller alive
PASS blade · actual supported walk leg: Challenge the Regent’s local seizure
PASS blade · actual movement and combat keep traveller alive
PASS blade · actual supported walk leg: Challenge the Regent’s local seizure
PASS blade · actual movement and combat keep traveller alive
PASS blade · actual supported walk leg: Challenge the Regent’s local seizure
PASS blade · actual movement and combat keep traveller alive
PASS blade · actual supported walk leg: Challenge the Regent’s local seizure
PASS blade · actual movement and combat keep traveller alive
PASS blade · actual supported walk leg: Challenge the Regent’s local seizure
PASS blade · actual movement and combat keep traveller alive
PASS blade · actual supported walk leg: Challenge the Regent’s local seizure
PASS blade · actual movement and combat keep traveller alive
PASS blade · actual supported walk leg: Challenge the Regent’s local seizure
PASS blade · actual movement and combat keep traveller alive
PASS blade · actual supported walk leg: Challenge the Regent’s local seizure
PASS blade · actual movement and combat keep traveller alive
PASS blade · actual supported walk leg: Challenge the Regent’s local seizure
PASS blade · actual movement and combat keep traveller alive
PASS blade · actual supported walk leg: Challenge the Regent’s local seizure
PASS blade · actual movement and combat keep traveller alive
PASS blade · actual supported walk leg: Challenge the Regent’s local seizure
PASS blade · actual movement and combat keep traveller alive
PASS blade · actual supported walk leg: Challenge the Regent’s local seizure
PASS blade · actual movement and combat keep traveller alive
PASS blade · actual supported walk leg: Challenge the Regent’s local seizure
PASS blade · actual movement and combat keep traveller alive
PASS blade · actual supported walk leg: Challenge the Regent’s local seizure
PASS blade · actual movement and combat keep traveller alive
PASS blade · actual supported walk leg: Challenge the Regent’s local seizure
PASS blade · actual movement and combat keep traveller alive
PASS blade · actual supported walk leg: Challenge the Regent’s local seizure
PASS blade · actual movement and combat keep traveller alive
PASS blade · actual supported walk leg: Challenge the Regent’s local seizure
PASS blade · actual movement and combat keep traveller alive
PASS blade · actual supported walk leg: Challenge the Regent’s local seizure
PASS blade · actual movement and combat keep traveller alive
PASS blade · actual supported walk leg: Challenge the Regent’s local seizure
PASS blade · actual movement and combat keep traveller alive
PASS blade · actual supported walk leg: Challenge the Regent’s local seizure
PASS blade · actual movement and combat keep traveller alive
PASS blade · actual supported walk leg: Challenge the Regent’s local seizure
PASS blade · actual movement and combat keep traveller alive
PASS blade · actual supported walk leg: Challenge the Regent’s local seizure
PASS blade · actual movement and combat keep traveller alive
PASS blade · actual supported walk leg: Challenge the Regent’s local seizure
PASS blade · actual movement and combat keep traveller alive
PASS blade · actual supported walk leg: Challenge the Regent’s local seizure
PASS blade · actual movement and combat keep traveller alive
PASS blade · actual supported walk leg: Challenge the Regent’s local seizure
PASS blade · actual movement and combat keep traveller alive
PASS blade · actual supported walk leg: Challenge the Regent’s local seizure
PASS blade · actual movement and combat keep traveller alive
PASS blade · actual supported walk leg: Challenge the Regent’s local seizure
PASS blade · actual movement and combat keep traveller alive
PASS blade · actual supported walk leg: Challenge the Regent’s local seizure
PASS blade · actual movement and combat keep traveller alive
PASS blade · actual supported walk leg: Challenge the Regent’s local seizure
PASS blade · actual movement and combat keep traveller alive
PASS blade · actual supported walk leg: Challenge the Regent’s local seizure
PASS blade · actual movement and combat keep traveller alive
PASS blade · actual supported walk leg: Challenge the Regent’s local seizure
PASS blade · actual movement and combat keep traveller alive
PASS blade · actual supported walk leg: Challenge the Regent’s local seizure
PASS blade · actual movement and combat keep traveller alive
PASS blade · actual supported walk leg: Challenge the Regent’s local seizure
PASS blade · actual movement and combat keep traveller alive
PASS blade · actual supported walk leg: Challenge the Regent’s local seizure
PASS blade · actual movement and combat keep traveller alive
PASS blade · actual supported walk leg: Challenge the Regent’s local seizure
PASS blade · actual movement and combat keep traveller alive
PASS blade · actual supported walk leg: Challenge the Regent’s local seizure
PASS blade · actual movement and combat keep traveller alive
PASS blade · actual supported walk leg: Challenge the Regent’s local seizure
PASS blade · actual movement and combat keep traveller alive
PASS blade · actual supported walk leg: Challenge the Regent’s local seizure
PASS blade · actual movement and combat keep traveller alive
PASS blade · actual supported walk leg: Challenge the Regent’s local seizure
PASS blade · actual movement and combat keep traveller alive
PASS blade · actual supported walk leg: Challenge the Regent’s local seizure
PASS blade · actual movement and combat keep traveller alive
PASS blade · actual supported walk leg: Challenge the Regent’s local seizure
PASS blade · actual movement and combat keep traveller alive
PASS blade · actual supported walk leg: Challenge the Regent’s local seizure
PASS blade · actual movement and combat keep traveller alive
PASS blade · actual supported walk leg: Challenge the Regent’s local seizure
PASS blade · actual movement and combat keep traveller alive
PASS blade · actual supported walk leg: Challenge the Regent’s local seizure
PASS blade · actual movement and combat keep traveller alive
PASS blade · actual supported walk leg: Challenge the Regent’s local seizure
PASS blade · actual movement and combat keep traveller alive
PASS blade · actual supported walk leg: Challenge the Regent’s local seizure
PASS blade · actual movement and combat keep traveller alive
PASS blade · actual supported walk leg: Challenge the Regent’s local seizure
PASS blade · actual movement and combat keep traveller alive
PASS blade · actual supported walk leg: Challenge the Regent’s local seizure
PASS blade · actual movement and combat keep traveller alive
PASS blade · actual supported walk leg: Challenge the Regent’s local seizure
PASS blade · actual movement and combat keep traveller alive
PASS blade · actual supported walk leg: Challenge the Regent’s local seizure
PASS blade · actual movement and combat keep traveller alive
PASS blade · actual supported walk leg: Challenge the Regent’s local seizure
PASS blade · actual movement and combat keep traveller alive
PASS blade · actual supported walk leg: Challenge the Regent’s local seizure
PASS blade · actual movement and combat keep traveller alive
PASS blade · actual supported walk leg: Challenge the Regent’s local seizure
PASS blade · actual movement and combat keep traveller alive
PASS blade · actual supported walk leg: Challenge the Regent’s local seizure
PASS blade · actual movement and combat keep traveller alive
PASS blade · actual supported walk leg: Challenge the Regent’s local seizure
PASS blade · actual movement and combat keep traveller alive
PASS blade · actual supported walk leg: Challenge the Regent’s local seizure
PASS blade · actual movement and combat keep traveller alive
PASS blade · actual supported walk leg: Challenge the Regent’s local seizure
PASS blade · actual movement and combat keep traveller alive
PASS blade · actual supported walk leg: Challenge the Regent’s local seizure
PASS blade · actual movement and combat keep traveller alive
PASS blade · actual supported walk leg: Challenge the Regent’s local seizure
PASS blade · actual movement and combat keep traveller alive
PASS blade · actual supported walk leg: Challenge the Regent’s local seizure
PASS blade · actual movement and combat keep traveller alive
PASS blade · actual supported walk leg: Challenge the Regent’s local seizure
PASS blade · actual movement and combat keep traveller alive
PASS blade · actual supported walk leg: Challenge the Regent’s local seizure
PASS blade · actual movement and combat keep traveller alive
PASS blade · actual supported walk leg: Challenge the Regent’s local seizure
PASS blade · actual movement and combat keep traveller alive
PASS blade · actual supported walk leg: Challenge the Regent’s local seizure
PASS blade · actual movement and combat keep traveller alive
PASS blade · actual supported walk leg: Challenge the Regent’s local seizure
PASS blade · actual movement and combat keep traveller alive
PASS blade · actual supported walk leg: Challenge the Regent’s local seizure
PASS blade · actual movement and combat keep traveller alive
PASS blade · actual supported walk leg: Challenge the Regent’s local seizure
PASS blade · production walking reaches Challenge the Regent’s local seizure
PASS blade · physical native action records challenge-regent
PASS blade · physical work pays no independent fee
PASS blade · production route is accepted for actual partial-combat approach
PASS blade · whole production body path is supported: actual partial-combat approach
PASS blade · actual movement and combat keep traveller alive
PASS blade · actual supported walk leg: actual partial-combat approach
PASS blade · production walking reaches actual partial-combat approach
PASS blade · physical arrival has no actor teleport for actual partial-combat approach
PASS blade · native Tab selects actual Regent
PASS blade · actual owned weapon is ready
PASS blade · actual movement and combat keep traveller alive
PASS blade · native owned attack causes actual weapon damage
PASS blade · partial real attack leaves encounter unrecorded
PASS blade · native free return does not earn Oren home arrival partial retreat
PASS blade · native current-view action saves unfinished-actual-encounter
PASS blade · exact full native world persisted unfinished-actual-encounter
PASS blade · unfinished-actual-encounter preserves the full other original native character slot value
PASS blade · exact frozen actual HTML served
PASS blade · actual WebGL2 renderer
PASS blade · requested renderer observed
PASS blade · whole Chromium restart loads exact bytes unfinished-actual-encounter
PASS blade · actual cold load preserves owners/payment/kit unfinished-actual-encounter
PASS blade · unfinished-actual-encounter cold load preserves the full other original native character slot value
PASS blade · stage reached and completed: partial-retreat
PASS blade · production route is accepted for actual five-light entry marker
PASS blade · whole production body path is supported: actual five-light entry marker
PASS blade · actual movement and combat keep traveller alive
PASS blade · actual supported walk leg: actual five-light entry marker
PASS blade · production walking reaches actual five-light entry marker
PASS blade · physical arrival has no actor teleport for actual five-light entry marker
PASS blade · native explicit crossing reaches Earth road
PASS blade · unrecorded encounter resets through real reentry
PASS blade · production route is accepted for ordinary close signal approach
PASS blade · whole production body path is supported: ordinary close signal approach
PASS blade · actual movement and combat keep traveller alive
PASS blade · actual supported walk leg: ordinary close signal approach
PASS blade · actual movement and combat keep traveller alive
PASS blade · actual supported walk leg: ordinary close signal approach
PASS blade · actual movement and combat keep traveller alive
PASS blade · actual supported walk leg: ordinary close signal approach
PASS blade · actual movement and combat keep traveller alive
PASS blade · actual supported walk leg: ordinary close signal approach
PASS blade · actual movement and combat keep traveller alive
PASS blade · actual supported walk leg: ordinary close signal approach
PASS blade · actual movement and combat keep traveller alive
PASS blade · actual supported walk leg: ordinary close signal approach
PASS blade · actual movement and combat keep traveller alive
PASS blade · actual supported walk leg: ordinary close signal approach
PASS blade · actual movement and combat keep traveller alive
PASS blade · actual supported walk leg: ordinary close signal approach
PASS blade · actual movement and combat keep traveller alive
PASS blade · actual supported walk leg: ordinary close signal approach
PASS blade · actual movement and combat keep traveller alive
PASS blade · actual supported walk leg: ordinary close signal approach
PASS blade · actual movement and combat keep traveller alive
PASS blade · actual supported walk leg: ordinary close signal approach
PASS blade · actual movement and combat keep traveller alive
PASS blade · actual supported walk leg: ordinary close signal approach
PASS blade · actual movement and combat keep traveller alive
PASS blade · actual supported walk leg: ordinary close signal approach
PASS blade · actual movement and combat keep traveller alive
PASS blade · actual supported walk leg: ordinary close signal approach
PASS blade · actual movement and combat keep traveller alive
PASS blade · actual supported walk leg: ordinary close signal approach
PASS blade · actual movement and combat keep traveller alive
PASS blade · actual supported walk leg: ordinary close signal approach
PASS blade · actual movement and combat keep traveller alive
PASS blade · actual supported walk leg: ordinary close signal approach
PASS blade · actual movement and combat keep traveller alive
PASS blade · actual supported walk leg: ordinary close signal approach
PASS blade · actual movement and combat keep traveller alive
PASS blade · actual supported walk leg: ordinary close signal approach
PASS blade · actual movement and combat keep traveller alive
PASS blade · actual supported walk leg: ordinary close signal approach
PASS blade · actual movement and combat keep traveller alive
PASS blade · actual supported walk leg: ordinary close signal approach
PASS blade · actual movement and combat keep traveller alive
PASS blade · actual supported walk leg: ordinary close signal approach
PASS blade · actual movement and combat keep traveller alive
PASS blade · actual supported walk leg: ordinary close signal approach
PASS blade · actual movement and combat keep traveller alive
PASS blade · actual supported walk leg: ordinary close signal approach
PASS blade · actual movement and combat keep traveller alive
PASS blade · actual supported walk leg: ordinary close signal approach
PASS blade · actual movement and combat keep traveller alive
PASS blade · actual supported walk leg: ordinary close signal approach
PASS blade · actual movement and combat keep traveller alive
PASS blade · actual supported walk leg: ordinary close signal approach
PASS blade · actual movement and combat keep traveller alive
PASS blade · actual supported walk leg: ordinary close signal approach
PASS blade · actual movement and combat keep traveller alive
PASS blade · actual supported walk leg: ordinary close signal approach
PASS blade · actual movement and combat keep traveller alive
PASS blade · actual supported walk leg: ordinary close signal approach
PASS blade · actual movement and combat keep traveller alive
PASS blade · actual supported walk leg: ordinary close signal approach
PASS blade · actual movement and combat keep traveller alive
PASS blade · actual supported walk leg: ordinary close signal approach
PASS blade · actual movement and combat keep traveller alive
PASS blade · actual supported walk leg: ordinary close signal approach
PASS blade · actual movement and combat keep traveller alive
PASS blade · actual supported walk leg: ordinary close signal approach
PASS blade · actual movement and combat keep traveller alive
PASS blade · actual supported walk leg: ordinary close signal approach
PASS blade · actual movement and combat keep traveller alive
PASS blade · actual supported walk leg: ordinary close signal approach
PASS blade · actual movement and combat keep traveller alive
PASS blade · actual supported walk leg: ordinary close signal approach
PASS blade · actual movement and combat keep traveller alive
PASS blade · actual supported walk leg: ordinary close signal approach
PASS blade · actual movement and combat keep traveller alive
PASS blade · actual supported walk leg: ordinary close signal approach
PASS blade · actual movement and combat keep traveller alive
PASS blade · actual supported walk leg: ordinary close signal approach
PASS blade · actual movement and combat keep traveller alive
PASS blade · actual supported walk leg: ordinary close signal approach
PASS blade · actual movement and combat keep traveller alive
PASS blade · actual supported walk leg: ordinary close signal approach
PASS blade · actual movement and combat keep traveller alive
PASS blade · actual supported walk leg: ordinary close signal approach
PASS blade · actual movement and combat keep traveller alive
PASS blade · actual supported walk leg: ordinary close signal approach
PASS blade · actual movement and combat keep traveller alive
PASS blade · actual supported walk leg: ordinary close signal approach
PASS blade · actual movement and combat keep traveller alive
PASS blade · actual supported walk leg: ordinary close signal approach
PASS blade · actual movement and combat keep traveller alive
PASS blade · actual supported walk leg: ordinary close signal approach
PASS blade · actual movement and combat keep traveller alive
PASS blade · actual supported walk leg: ordinary close signal approach
PASS blade · actual movement and combat keep traveller alive
PASS blade · actual supported walk leg: ordinary close signal approach
PASS blade · actual movement and combat keep traveller alive
PASS blade · actual supported walk leg: ordinary close signal approach
PASS blade · actual movement and combat keep traveller alive
PASS blade · actual supported walk leg: ordinary close signal approach
PASS blade · actual movement and combat keep traveller alive
PASS blade · actual supported walk leg: ordinary close signal approach
PASS blade · actual movement and combat keep traveller alive
PASS blade · actual supported walk leg: ordinary close signal approach
PASS blade · actual movement and combat keep traveller alive
PASS blade · actual supported walk leg: ordinary close signal approach
PASS blade · actual movement and combat keep traveller alive
PASS blade · actual supported walk leg: ordinary close signal approach
PASS blade · actual movement and combat keep traveller alive
PASS blade · actual supported walk leg: ordinary close signal approach
PASS blade · actual movement and combat keep traveller alive
PASS blade · actual supported walk leg: ordinary close signal approach
PASS blade · actual movement and combat keep traveller alive
PASS blade · actual supported walk leg: ordinary close signal approach
PASS blade · actual movement and combat keep traveller alive
PASS blade · actual supported walk leg: ordinary close signal approach
PASS blade · actual movement and combat keep traveller alive
PASS blade · actual supported walk leg: ordinary close signal approach
PASS blade · actual movement and combat keep traveller alive
PASS blade · actual supported walk leg: ordinary close signal approach
PASS blade · actual movement and combat keep traveller alive
PASS blade · actual supported walk leg: ordinary close signal approach
PASS blade · actual movement and combat keep traveller alive
PASS blade · actual supported walk leg: ordinary close signal approach
PASS blade · actual movement and combat keep traveller alive
PASS blade · actual supported walk leg: ordinary close signal approach
PASS blade · actual movement and combat keep traveller alive
PASS blade · actual supported walk leg: ordinary close signal approach
PASS blade · actual movement and combat keep traveller alive
PASS blade · actual supported walk leg: ordinary close signal approach
PASS blade · actual movement and combat keep traveller alive
PASS blade · actual supported walk leg: ordinary close signal approach
PASS blade · actual movement and combat keep traveller alive
PASS blade · actual supported walk leg: ordinary close signal approach
PASS blade · actual movement and combat keep traveller alive
PASS blade · actual supported walk leg: ordinary close signal approach
PASS blade · actual movement and combat keep traveller alive
PASS blade · actual supported walk leg: ordinary close signal approach
PASS blade · actual movement and combat keep traveller alive
PASS blade · actual supported walk leg: ordinary close signal approach
PASS blade · actual movement and combat keep traveller alive
PASS blade · actual supported walk leg: ordinary close signal approach
PASS blade · actual movement and combat keep traveller alive
PASS blade · actual supported walk leg: ordinary close signal approach
PASS blade · actual movement and combat keep traveller alive
PASS blade · actual supported walk leg: ordinary close signal approach
PASS blade · actual movement and combat keep traveller alive
PASS blade · actual supported walk leg: ordinary close signal approach
PASS blade · actual movement and combat keep traveller alive
PASS blade · actual supported walk leg: ordinary close signal approach
PASS blade · actual movement and combat keep traveller alive
PASS blade · actual supported walk leg: ordinary close signal approach
PASS blade · actual movement and combat keep traveller alive
PASS blade · actual supported walk leg: ordinary close signal approach
PASS blade · actual movement and combat keep traveller alive
PASS blade · actual supported walk leg: ordinary close signal approach
PASS blade · actual movement and combat keep traveller alive
PASS blade · actual supported walk leg: ordinary close signal approach
PASS blade · actual movement and combat keep traveller alive
PASS blade · actual supported walk leg: ordinary close signal approach
PASS blade · actual movement and combat keep traveller alive
PASS blade · actual supported walk leg: ordinary close signal approach
PASS blade · actual movement and combat keep traveller alive
PASS blade · actual supported walk leg: ordinary close signal approach
PASS blade · actual movement and combat keep traveller alive
PASS blade · actual supported walk leg: ordinary close signal approach
PASS blade · actual movement and combat keep traveller alive
PASS blade · actual supported walk leg: ordinary close signal approach
PASS blade · actual movement and combat keep traveller alive
PASS blade · actual supported walk leg: ordinary close signal approach
PASS blade · actual movement and combat keep traveller alive
PASS blade · actual supported walk leg: ordinary close signal approach
PASS blade · actual movement and combat keep traveller alive
PASS blade · actual supported walk leg: ordinary close signal approach
PASS blade · actual movement and combat keep traveller alive
PASS blade · actual supported walk leg: ordinary close signal approach
PASS blade · actual movement and combat keep traveller alive
PASS blade · actual supported walk leg: ordinary close signal approach
PASS blade · actual movement and combat keep traveller alive
PASS blade · actual supported walk leg: ordinary close signal approach
PASS blade · actual movement and combat keep traveller alive
PASS blade · actual supported walk leg: ordinary close signal approach
PASS blade · actual movement and combat keep traveller alive
PASS blade · actual supported walk leg: ordinary close signal approach
PASS blade · actual movement and combat keep traveller alive
PASS blade · actual supported walk leg: ordinary close signal approach
PASS blade · actual movement and combat keep traveller alive
PASS blade · actual supported walk leg: ordinary close signal approach
PASS blade · actual movement and combat keep traveller alive
PASS blade · actual supported walk leg: ordinary close signal approach
PASS blade · actual movement and combat keep traveller alive
PASS blade · actual supported walk leg: ordinary close signal approach
PASS blade · actual movement and combat keep traveller alive
PASS blade · actual supported walk leg: ordinary close signal approach
PASS blade · actual movement and combat keep traveller alive
PASS blade · actual supported walk leg: ordinary close signal approach
PASS blade · actual movement and combat keep traveller alive
PASS blade · actual supported walk leg: ordinary close signal approach
PASS blade · actual movement and combat keep traveller alive
PASS blade · actual supported walk leg: ordinary close signal approach
PASS blade · actual movement and combat keep traveller alive
PASS blade · actual supported walk leg: ordinary close signal approach
PASS blade · actual movement and combat keep traveller alive
PASS blade · actual supported walk leg: ordinary close signal approach
PASS blade · actual movement and combat keep traveller alive
PASS blade · actual supported walk leg: ordinary close signal approach
PASS blade · actual movement and combat keep traveller alive
PASS blade · actual supported walk leg: ordinary close signal approach
PASS blade · actual movement and combat keep traveller alive
PASS blade · actual supported walk leg: ordinary close signal approach
PASS blade · actual movement and combat keep traveller alive
PASS blade · actual supported walk leg: ordinary close signal approach
PASS blade · actual movement and combat keep traveller alive
PASS blade · actual supported walk leg: ordinary close signal approach
PASS blade · actual movement and combat keep traveller alive
PASS blade · actual supported walk leg: ordinary close signal approach
PASS blade · actual movement and combat keep traveller alive
PASS blade · actual supported walk leg: ordinary close signal approach
PASS blade · actual movement and combat keep traveller alive
PASS blade · actual supported walk leg: ordinary close signal approach
PASS blade · actual movement and combat keep traveller alive
PASS blade · actual supported walk leg: ordinary close signal approach
PASS blade · actual movement and combat keep traveller alive
PASS blade · actual supported walk leg: ordinary close signal approach
PASS blade · actual movement and combat keep traveller alive
PASS blade · actual supported walk leg: ordinary close signal approach
PASS blade · actual movement and combat keep traveller alive
PASS blade · actual supported walk leg: ordinary close signal approach
PASS blade · actual movement and combat keep traveller alive
PASS blade · actual supported walk leg: ordinary close signal approach
PASS blade · actual movement and combat keep traveller alive
PASS blade · actual supported walk leg: ordinary close signal approach
PASS blade · actual movement and combat keep traveller alive
PASS blade · actual supported walk leg: ordinary close signal approach
PASS blade · actual movement and combat keep traveller alive
PASS blade · actual supported walk leg: ordinary close signal approach
PASS blade · actual movement and combat keep traveller alive
PASS blade · actual supported walk leg: ordinary close signal approach
PASS blade · actual movement and combat keep traveller alive
PASS blade · actual supported walk leg: ordinary close signal approach
PASS blade · actual movement and combat keep traveller alive
PASS blade · actual supported walk leg: ordinary close signal approach
PASS blade · actual movement and combat keep traveller alive
PASS blade · actual supported walk leg: ordinary close signal approach
PASS blade · actual movement and combat keep traveller alive
PASS blade · actual supported walk leg: ordinary close signal approach
PASS blade · actual movement and combat keep traveller alive
PASS blade · actual supported walk leg: ordinary close signal approach
PASS blade · actual movement and combat keep traveller alive
PASS blade · actual supported walk leg: ordinary close signal approach
PASS blade · actual movement and combat keep traveller alive
PASS blade · actual supported walk leg: ordinary close signal approach
PASS blade · actual movement and combat keep traveller alive
PASS blade · actual supported walk leg: ordinary close signal approach
PASS blade · actual movement and combat keep traveller alive
PASS blade · actual supported walk leg: ordinary close signal approach
PASS blade · actual movement and combat keep traveller alive
PASS blade · actual supported walk leg: ordinary close signal approach
PASS blade · actual movement and combat keep traveller alive
PASS blade · actual supported walk leg: ordinary close signal approach
PASS blade · actual movement and combat keep traveller alive
PASS blade · actual supported walk leg: ordinary close signal approach
PASS blade · actual movement and combat keep traveller alive
PASS blade · actual supported walk leg: ordinary close signal approach
PASS blade · actual movement and combat keep traveller alive
PASS blade · actual supported walk leg: ordinary close signal approach
PASS blade · actual movement and combat keep traveller alive
PASS blade · actual supported walk leg: ordinary close signal approach
PASS blade · actual movement and combat keep traveller alive
PASS blade · actual supported walk leg: ordinary close signal approach
PASS blade · actual movement and combat keep traveller alive
PASS blade · actual supported walk leg: ordinary close signal approach
PASS blade · actual movement and combat keep traveller alive
PASS blade · actual supported walk leg: ordinary close signal approach
PASS blade · actual movement and combat keep traveller alive
PASS blade · actual supported walk leg: ordinary close signal approach
PASS blade · actual movement and combat keep traveller alive
PASS blade · actual supported walk leg: ordinary close signal approach
PASS blade · actual movement and combat keep traveller alive
PASS blade · actual supported walk leg: ordinary close signal approach
PASS blade · actual movement and combat keep traveller alive
PASS blade · actual supported walk leg: ordinary close signal approach
PASS blade · actual movement and combat keep traveller alive
PASS blade · actual supported walk leg: ordinary close signal approach
PASS blade · production walking reaches ordinary close signal approach
PASS blade · physical arrival has no actor teleport for ordinary close signal approach
PASS blade · native Tab selects actual Regent
PASS blade · naturally scheduled immutable actual claim-lane warning
PASS blade · actual whole Regent body grounded within its collision radius and exact raised warning footprint
PASS blade · actual selected foe offers native third-person framing
PASS blade · actual camera projection adventure
PASS blade · causal actual pixels and exact restoration broad adventure
PASS blade · actual selected foe offers native third-person framing
PASS blade · actual camera projection adventure
PASS blade · causal actual pixels and exact restoration body adventure
PASS blade · actual selected foe offers native third-person framing
PASS blade · actual camera projection adventure
PASS blade · causal actual pixels and exact restoration paired-inlay adventure
PASS blade · actual camera projection follow
PASS blade · causal actual pixels and exact restoration broad follow
PASS blade · actual camera projection follow
PASS blade · causal actual pixels and exact restoration body follow
PASS blade · actual camera projection follow
PASS blade · causal actual pixels and exact restoration paired-inlay follow
PASS blade · empty-geometry positive control detects the actual fresh framebuffer
PASS blade · supplied screen changes only broad warning duration
PASS blade · production route is accepted for step outside the locked broad lane
PASS blade · whole production body path is supported: step outside the locked broad lane
PASS blade · actual movement and combat keep traveller alive
PASS blade · actual supported walk leg: step outside the locked broad lane
PASS blade · actual movement and combat keep traveller alive
PASS blade · actual supported walk leg: step outside the locked broad lane
PASS blade · actual movement and combat keep traveller alive
PASS blade · actual supported walk leg: step outside the locked broad lane
PASS blade · actual movement and combat keep traveller alive
PASS blade · actual supported walk leg: step outside the locked broad lane
PASS blade · production walking reaches step outside the locked broad lane
PASS blade · physical arrival has no actor teleport for step outside the locked broad lane
PASS blade · one actual locked contact preserves its frame
PASS blade · ordinary movement makes the actual locked signal miss
PASS blade · production route is accepted for return by actual path
PASS blade · whole production body path is supported: return by actual path
PASS blade · actual movement and combat keep traveller alive
PASS blade · actual supported walk leg: return by actual path
PASS blade · actual movement and combat keep traveller alive
PASS blade · actual supported walk leg: return by actual path
PASS blade · actual movement and combat keep traveller alive
PASS blade · actual supported walk leg: return by actual path
PASS blade · actual movement and combat keep traveller alive
PASS blade · actual supported walk leg: return by actual path
PASS blade · production walking reaches return by actual path
PASS blade · physical arrival has no actor teleport for return by actual path
PASS blade · actual owned weapon is ready
PASS blade · actual movement and combat keep traveller alive
PASS blade · native owned attack causes actual weapon damage
PASS blade · actual owned weapon is ready
PASS blade · actual movement and combat keep traveller alive
PASS blade · native owned attack causes actual weapon damage
PASS blade · naturally scheduled immutable actual false-shelter warning
PASS blade · actual whole Regent body grounded within its collision radius and exact raised warning footprint
PASS blade · actual selected foe offers native third-person framing
PASS blade · actual camera projection adventure
PASS blade · causal actual pixels and exact restoration narrow adventure
PASS blade · actual selected foe offers native third-person framing
PASS blade · actual camera projection adventure
PASS blade · causal actual pixels and exact restoration body adventure
PASS blade · actual selected foe offers native third-person framing
PASS blade · actual camera projection adventure
PASS blade · causal actual pixels and exact restoration paired-inlay adventure
PASS blade · actual camera projection follow
PASS blade · causal actual pixels and exact restoration narrow follow
PASS blade · actual camera projection follow
PASS blade · causal actual pixels and exact restoration body follow
PASS blade · actual camera projection follow
PASS blade · causal actual pixels and exact restoration paired-inlay follow
PASS blade · empty-geometry positive control detects the actual fresh framebuffer
PASS blade · fixed long narrow lane stays declared
PASS blade · actual movement and combat keep traveller alive
PASS blade · one actual locked contact preserves its frame
PASS blade · production route is accepted for supported next phase weapon approach
PASS blade · whole production body path is supported: supported next phase weapon approach
PASS blade · actual movement and combat keep traveller alive
PASS blade · actual supported walk leg: supported next phase weapon approach
PASS blade · production walking reaches supported next phase weapon approach
PASS blade · physical arrival has no actor teleport for supported next phase weapon approach
PASS blade · actual owned weapon is ready
PASS blade · actual movement and combat keep traveller alive
PASS blade · native owned attack causes actual weapon damage
PASS blade · actual owned weapon is ready
PASS blade · actual movement and combat keep traveller alive
PASS blade · native owned attack causes actual weapon damage
PASS blade · naturally scheduled immutable actual closing-ring warning
PASS blade · actual whole Regent body grounded within its collision radius and exact raised warning footprint
PASS blade · actual selected foe offers native third-person framing
PASS blade · actual camera projection adventure
PASS blade · causal actual pixels and exact restoration ring adventure
PASS blade · actual selected foe offers native third-person framing
PASS blade · actual camera projection adventure
PASS blade · causal actual pixels and exact restoration body adventure
PASS blade · actual selected foe offers native third-person framing
PASS blade · actual camera projection adventure
PASS blade · causal actual pixels and exact restoration paired-inlay adventure
PASS blade · actual camera projection follow
PASS blade · causal actual pixels and exact restoration ring follow
PASS blade · actual camera projection follow
PASS blade · causal actual pixels and exact restoration body follow
PASS blade · actual camera projection follow
PASS blade · causal actual pixels and exact restoration paired-inlay follow
PASS blade · empty-geometry positive control detects the actual fresh framebuffer
PASS blade · production route is accepted for quiet center outside actual Regent body
PASS blade · whole production body path is supported: quiet center outside actual Regent body
PASS blade · actual movement and combat keep traveller alive
PASS blade · actual supported walk leg: quiet center outside actual Regent body
PASS blade · actual movement and combat keep traveller alive
PASS blade · actual supported walk leg: quiet center outside actual Regent body
PASS blade · production walking reaches quiet center outside actual Regent body
PASS blade · physical arrival has no actor teleport for quiet center outside actual Regent body
PASS blade · one actual locked contact preserves its frame
PASS blade · ordinary movement makes the actual locked signal miss
PASS blade · native Auto enables real weapon intent
PASS blade · actual movement and combat keep traveller alive
PASS blade · actual zero HP combat durably earns local repulse
PASS blade · actual weapon contacts contribute independently of companion
PASS blade · no generic enemy loot or payout
PASS blade · stage reached and completed: combat
PASS blade · native current-view action saves regent-repelled
PASS blade · exact full native world persisted regent-repelled
PASS blade · regent-repelled preserves the full other original native character slot value
PASS blade · exact frozen actual HTML served
PASS blade · actual WebGL2 renderer
PASS blade · requested renderer observed
PASS blade · whole Chromium restart loads exact bytes regent-repelled
PASS blade · actual cold load preserves owners/payment/kit regent-repelled
PASS blade · regent-repelled cold load preserves the full other original native character slot value
PASS blade · production route is accepted for actual five-light entry marker
PASS blade · whole production body path is supported: actual five-light entry marker
PASS blade · actual movement and combat keep traveller alive
PASS blade · actual supported walk leg: actual five-light entry marker
PASS blade · production walking reaches actual five-light entry marker
PASS blade · physical arrival has no actor teleport for actual five-light entry marker
PASS blade · native explicit crossing reaches Earth road
PASS blade · no manual defeat/choice/arrival control
PASS blade · whole production body path is supported: Secure the independent local passage
PASS blade · actual movement and combat keep traveller alive
PASS blade · actual supported walk leg: Secure the independent local passage
PASS blade · actual movement and combat keep traveller alive
PASS blade · actual supported walk leg: Secure the independent local passage
PASS blade · actual movement and combat keep traveller alive
PASS blade · actual supported walk leg: Secure the independent local passage
PASS blade · actual movement and combat keep traveller alive
PASS blade · actual supported walk leg: Secure the independent local passage
PASS blade · actual movement and combat keep traveller alive
PASS blade · actual supported walk leg: Secure the independent local passage
PASS blade · actual movement and combat keep traveller alive
PASS blade · actual supported walk leg: Secure the independent local passage
PASS blade · actual movement and combat keep traveller alive
PASS blade · actual supported walk leg: Secure the independent local passage
PASS blade · actual movement and combat keep traveller alive
PASS blade · actual supported walk leg: Secure the independent local passage
PASS blade · actual movement and combat keep traveller alive
PASS blade · actual supported walk leg: Secure the independent local passage
PASS blade · actual movement and combat keep traveller alive
PASS blade · actual supported walk leg: Secure the independent local passage
PASS blade · actual movement and combat keep traveller alive
PASS blade · actual supported walk leg: Secure the independent local passage
PASS blade · actual movement and combat keep traveller alive
PASS blade · actual supported walk leg: Secure the independent local passage
PASS blade · actual movement and combat keep traveller alive
PASS blade · actual supported walk leg: Secure the independent local passage
PASS blade · actual movement and combat keep traveller alive
PASS blade · actual supported walk leg: Secure the independent local passage
PASS blade · actual movement and combat keep traveller alive
PASS blade · actual supported walk leg: Secure the independent local passage
PASS blade · actual movement and combat keep traveller alive
PASS blade · actual supported walk leg: Secure the independent local passage
PASS blade · actual movement and combat keep traveller alive
PASS blade · actual supported walk leg: Secure the independent local passage
PASS blade · actual movement and combat keep traveller alive
PASS blade · actual supported walk leg: Secure the independent local passage
PASS blade · actual movement and combat keep traveller alive
PASS blade · actual supported walk leg: Secure the independent local passage
PASS blade · actual movement and combat keep traveller alive
PASS blade · actual supported walk leg: Secure the independent local passage
PASS blade · actual movement and combat keep traveller alive
PASS blade · actual supported walk leg: Secure the independent local passage
PASS blade · actual movement and combat keep traveller alive
PASS blade · actual supported walk leg: Secure the independent local passage
PASS blade · actual movement and combat keep traveller alive
PASS blade · actual supported walk leg: Secure the independent local passage
PASS blade · actual movement and combat keep traveller alive
PASS blade · actual supported walk leg: Secure the independent local passage
PASS blade · actual movement and combat keep traveller alive
PASS blade · actual supported walk leg: Secure the independent local passage
PASS blade · actual movement and combat keep traveller alive
PASS blade · actual supported walk leg: Secure the independent local passage
PASS blade · actual movement and combat keep traveller alive
PASS blade · actual supported walk leg: Secure the independent local passage
PASS blade · actual movement and combat keep traveller alive
PASS blade · actual supported walk leg: Secure the independent local passage
PASS blade · actual movement and combat keep traveller alive
PASS blade · actual supported walk leg: Secure the independent local passage
PASS blade · actual movement and combat keep traveller alive
PASS blade · actual supported walk leg: Secure the independent local passage
PASS blade · actual movement and combat keep traveller alive
PASS blade · actual supported walk leg: Secure the independent local passage
PASS blade · actual movement and combat keep traveller alive
PASS blade · actual supported walk leg: Secure the independent local passage
PASS blade · actual movement and combat keep traveller alive
PASS blade · actual supported walk leg: Secure the independent local passage
PASS blade · actual movement and combat keep traveller alive
PASS blade · actual supported walk leg: Secure the independent local passage
PASS blade · actual movement and combat keep traveller alive
PASS blade · actual supported walk leg: Secure the independent local passage
PASS blade · actual movement and combat keep traveller alive
PASS blade · actual supported walk leg: Secure the independent local passage
PASS blade · actual movement and combat keep traveller alive
PASS blade · actual supported walk leg: Secure the independent local passage
PASS blade · actual movement and combat keep traveller alive
PASS blade · actual supported walk leg: Secure the independent local passage
PASS blade · actual movement and combat keep traveller alive
PASS blade · actual supported walk leg: Secure the independent local passage
PASS blade · actual movement and combat keep traveller alive
PASS blade · actual supported walk leg: Secure the independent local passage
PASS blade · actual movement and combat keep traveller alive
PASS blade · actual supported walk leg: Secure the independent local passage
PASS blade · actual movement and combat keep traveller alive
PASS blade · actual supported walk leg: Secure the independent local passage
PASS blade · actual movement and combat keep traveller alive
PASS blade · actual supported walk leg: Secure the independent local passage
PASS blade · actual movement and combat keep traveller alive
PASS blade · actual supported walk leg: Secure the independent local passage
PASS blade · actual movement and combat keep traveller alive
PASS blade · actual supported walk leg: Secure the independent local passage
PASS blade · actual movement and combat keep traveller alive
PASS blade · actual supported walk leg: Secure the independent local passage
PASS blade · actual movement and combat keep traveller alive
PASS blade · actual supported walk leg: Secure the independent local passage
PASS blade · actual movement and combat keep traveller alive
PASS blade · actual supported walk leg: Secure the independent local passage
PASS blade · actual movement and combat keep traveller alive
PASS blade · actual supported walk leg: Secure the independent local passage
PASS blade · actual movement and combat keep traveller alive
PASS blade · actual supported walk leg: Secure the independent local passage
PASS blade · actual movement and combat keep traveller alive
PASS blade · actual supported walk leg: Secure the independent local passage
PASS blade · actual movement and combat keep traveller alive
PASS blade · actual supported walk leg: Secure the independent local passage
PASS blade · actual movement and combat keep traveller alive
PASS blade · actual supported walk leg: Secure the independent local passage
PASS blade · actual movement and combat keep traveller alive
PASS blade · actual supported walk leg: Secure the independent local passage
PASS blade · actual movement and combat keep traveller alive
PASS blade · actual supported walk leg: Secure the independent local passage
PASS blade · actual movement and combat keep traveller alive
PASS blade · actual supported walk leg: Secure the independent local passage
PASS blade · actual movement and combat keep traveller alive
PASS blade · actual supported walk leg: Secure the independent local passage
PASS blade · actual movement and combat keep traveller alive
PASS blade · actual supported walk leg: Secure the independent local passage
PASS blade · actual movement and combat keep traveller alive
PASS blade · actual supported walk leg: Secure the independent local passage
PASS blade · actual movement and combat keep traveller alive
PASS blade · actual supported walk leg: Secure the independent local passage
PASS blade · actual movement and combat keep traveller alive
PASS blade · actual supported walk leg: Secure the independent local passage
PASS blade · actual movement and combat keep traveller alive
PASS blade · actual supported walk leg: Secure the independent local passage
PASS blade · actual movement and combat keep traveller alive
PASS blade · actual supported walk leg: Secure the independent local passage
PASS blade · actual movement and combat keep traveller alive
PASS blade · actual supported walk leg: Secure the independent local passage
PASS blade · actual movement and combat keep traveller alive
PASS blade · actual supported walk leg: Secure the independent local passage
PASS blade · actual movement and combat keep traveller alive
PASS blade · actual supported walk leg: Secure the independent local passage
PASS blade · actual movement and combat keep traveller alive
PASS blade · actual supported walk leg: Secure the independent local passage
PASS blade · actual movement and combat keep traveller alive
PASS blade · actual supported walk leg: Secure the independent local passage
PASS blade · actual movement and combat keep traveller alive
PASS blade · actual supported walk leg: Secure the independent local passage
PASS blade · actual movement and combat keep traveller alive
PASS blade · actual supported walk leg: Secure the independent local passage
PASS blade · actual movement and combat keep traveller alive
PASS blade · actual supported walk leg: Secure the independent local passage
PASS blade · actual movement and combat keep traveller alive
PASS blade · actual supported walk leg: Secure the independent local passage
PASS blade · actual movement and combat keep traveller alive
PASS blade · actual supported walk leg: Secure the independent local passage
PASS blade · actual movement and combat keep traveller alive
PASS blade · actual supported walk leg: Secure the independent local passage
PASS blade · actual movement and combat keep traveller alive
PASS blade · actual supported walk leg: Secure the independent local passage
PASS blade · actual movement and combat keep traveller alive
PASS blade · actual supported walk leg: Secure the independent local passage
PASS blade · actual movement and combat keep traveller alive
PASS blade · actual supported walk leg: Secure the independent local passage
PASS blade · actual movement and combat keep traveller alive
PASS blade · actual supported walk leg: Secure the independent local passage
PASS blade · actual movement and combat keep traveller alive
PASS blade · actual supported walk leg: Secure the independent local passage
PASS blade · actual movement and combat keep traveller alive
PASS blade · actual supported walk leg: Secure the independent local passage
PASS blade · actual movement and combat keep traveller alive
PASS blade · actual supported walk leg: Secure the independent local passage
PASS blade · actual movement and combat keep traveller alive
PASS blade · actual supported walk leg: Secure the independent local passage
PASS blade · actual movement and combat keep traveller alive
PASS blade · actual supported walk leg: Secure the independent local passage
PASS blade · actual movement and combat keep traveller alive
PASS blade · actual supported walk leg: Secure the independent local passage
PASS blade · actual movement and combat keep traveller alive
PASS blade · actual supported walk leg: Secure the independent local passage
PASS blade · actual movement and combat keep traveller alive
PASS blade · actual supported walk leg: Secure the independent local passage
PASS blade · actual movement and combat keep traveller alive
PASS blade · actual supported walk leg: Secure the independent local passage
PASS blade · actual movement and combat keep traveller alive
PASS blade · actual supported walk leg: Secure the independent local passage
PASS blade · actual movement and combat keep traveller alive
PASS blade · actual supported walk leg: Secure the independent local passage
PASS blade · actual movement and combat keep traveller alive
PASS blade · actual supported walk leg: Secure the independent local passage
PASS blade · actual movement and combat keep traveller alive
PASS blade · actual supported walk leg: Secure the independent local passage
PASS blade · actual movement and combat keep traveller alive
PASS blade · actual supported walk leg: Secure the independent local passage
PASS blade · actual movement and combat keep traveller alive
PASS blade · actual supported walk leg: Secure the independent local passage
PASS blade · actual movement and combat keep traveller alive
PASS blade · actual supported walk leg: Secure the independent local passage
PASS blade · actual movement and combat keep traveller alive
PASS blade · actual supported walk leg: Secure the independent local passage
PASS blade · actual movement and combat keep traveller alive
PASS blade · actual supported walk leg: Secure the independent local passage
PASS blade · actual movement and combat keep traveller alive
PASS blade · actual supported walk leg: Secure the independent local passage
PASS blade · actual movement and combat keep traveller alive
PASS blade · actual supported walk leg: Secure the independent local passage
PASS blade · actual movement and combat keep traveller alive
PASS blade · actual supported walk leg: Secure the independent local passage
PASS blade · actual movement and combat keep traveller alive
PASS blade · actual supported walk leg: Secure the independent local passage
PASS blade · actual movement and combat keep traveller alive
PASS blade · actual supported walk leg: Secure the independent local passage
PASS blade · actual movement and combat keep traveller alive
PASS blade · actual supported walk leg: Secure the independent local passage
PASS blade · actual movement and combat keep traveller alive
PASS blade · actual supported walk leg: Secure the independent local passage
PASS blade · actual movement and combat keep traveller alive
PASS blade · actual supported walk leg: Secure the independent local passage
PASS blade · actual movement and combat keep traveller alive
PASS blade · actual supported walk leg: Secure the independent local passage
PASS blade · actual movement and combat keep traveller alive
PASS blade · actual supported walk leg: Secure the independent local passage
PASS blade · actual movement and combat keep traveller alive
PASS blade · actual supported walk leg: Secure the independent local passage
PASS blade · actual movement and combat keep traveller alive
PASS blade · actual supported walk leg: Secure the independent local passage
PASS blade · actual movement and combat keep traveller alive
PASS blade · actual supported walk leg: Secure the independent local passage
PASS blade · actual movement and combat keep traveller alive
PASS blade · actual supported walk leg: Secure the independent local passage
PASS blade · actual movement and combat keep traveller alive
PASS blade · actual supported walk leg: Secure the independent local passage
PASS blade · actual movement and combat keep traveller alive
PASS blade · actual supported walk leg: Secure the independent local passage
PASS blade · actual movement and combat keep traveller alive
PASS blade · actual supported walk leg: Secure the independent local passage
PASS blade · actual movement and combat keep traveller alive
PASS blade · actual supported walk leg: Secure the independent local passage
PASS blade · actual movement and combat keep traveller alive
PASS blade · actual supported walk leg: Secure the independent local passage
PASS blade · actual movement and combat keep traveller alive
PASS blade · actual supported walk leg: Secure the independent local passage
PASS blade · actual movement and combat keep traveller alive
PASS blade · actual supported walk leg: Secure the independent local passage
PASS blade · actual movement and combat keep traveller alive
PASS blade · actual supported walk leg: Secure the independent local passage
PASS blade · actual movement and combat keep traveller alive
PASS blade · actual supported walk leg: Secure the independent local passage
PASS blade · actual movement and combat keep traveller alive
PASS blade · actual supported walk leg: Secure the independent local passage
PASS blade · actual movement and combat keep traveller alive
PASS blade · actual supported walk leg: Secure the independent local passage
PASS blade · actual movement and combat keep traveller alive
PASS blade · actual supported walk leg: Secure the independent local passage
PASS blade · actual movement and combat keep traveller alive
PASS blade · actual supported walk leg: Secure the independent local passage
PASS blade · actual movement and combat keep traveller alive
PASS blade · actual supported walk leg: Secure the independent local passage
PASS blade · actual movement and combat keep traveller alive
PASS blade · actual supported walk leg: Secure the independent local passage
PASS blade · actual movement and combat keep traveller alive
PASS blade · actual supported walk leg: Secure the independent local passage
PASS blade · actual movement and combat keep traveller alive
PASS blade · actual supported walk leg: Secure the independent local passage
PASS blade · actual movement and combat keep traveller alive
PASS blade · actual supported walk leg: Secure the independent local passage
PASS blade · actual movement and combat keep traveller alive
PASS blade · actual supported walk leg: Secure the independent local passage
PASS blade · actual movement and combat keep traveller alive
PASS blade · actual supported walk leg: Secure the independent local passage
PASS blade · actual movement and combat keep traveller alive
PASS blade · actual supported walk leg: Secure the independent local passage
PASS blade · actual movement and combat keep traveller alive
PASS blade · actual supported walk leg: Secure the independent local passage
PASS blade · actual movement and combat keep traveller alive
PASS blade · actual supported walk leg: Secure the independent local passage
PASS blade · actual movement and combat keep traveller alive
PASS blade · actual supported walk leg: Secure the independent local passage
PASS blade · actual movement and combat keep traveller alive
PASS blade · actual supported walk leg: Secure the independent local passage
PASS blade · actual movement and combat keep traveller alive
PASS blade · actual supported walk leg: Secure the independent local passage
PASS blade · actual movement and combat keep traveller alive
PASS blade · actual supported walk leg: Secure the independent local passage
PASS blade · actual movement and combat keep traveller alive
PASS blade · actual supported walk leg: Secure the independent local passage
PASS blade · actual movement and combat keep traveller alive
PASS blade · actual supported walk leg: Secure the independent local passage
PASS blade · actual movement and combat keep traveller alive
PASS blade · actual supported walk leg: Secure the independent local passage
PASS blade · actual movement and combat keep traveller alive
PASS blade · actual supported walk leg: Secure the independent local passage
PASS blade · actual movement and combat keep traveller alive
PASS blade · actual supported walk leg: Secure the independent local passage
PASS blade · actual movement and combat keep traveller alive
PASS blade · actual supported walk leg: Secure the independent local passage
PASS blade · actual movement and combat keep traveller alive
PASS blade · actual supported walk leg: Secure the independent local passage
PASS blade · production walking reaches Secure the independent local passage
PASS blade · physical native action records passage-secured
PASS blade · physical work pays no independent fee
PASS blade · already physically reaches aftermath
PASS blade · aftermath preview grants nothing
PASS blade · cancel leaves aftermath undecided
PASS blade · native current-owner consent retains chosen aftermath
PASS blade · stage reached and completed: choice
PASS blade · actual camera projection adventure
PASS blade · causal actual pixels and exact restoration road-trace adventure
PASS blade · actual camera projection follow
PASS blade · causal actual pixels and exact restoration road-trace follow
PASS blade · native current-view action saves chosen
PASS blade · exact full native world persisted chosen
PASS blade · chosen preserves the full other original native character slot value
PASS blade · exact frozen actual HTML served
PASS blade · actual WebGL2 renderer
PASS blade · requested renderer observed
PASS blade · whole Chromium restart loads exact bytes chosen
PASS blade · actual cold load preserves owners/payment/kit chosen
PASS blade · chosen cold load preserves the full other original native character slot value
PASS blade · production route is accepted for actual five-light entry marker
PASS blade · whole production body path is supported: actual five-light entry marker
PASS blade · actual movement and combat keep traveller alive
PASS blade · actual supported walk leg: actual five-light entry marker
PASS blade · production walking reaches actual five-light entry marker
PASS blade · physical arrival has no actor teleport for actual five-light entry marker
PASS blade · native explicit crossing reaches Earth road
PASS blade · no manual defeat/choice/arrival control
PASS blade · whole production body path is supported: Verify Vessa’s free return road
PASS blade · actual movement and combat keep traveller alive
PASS blade · actual supported walk leg: Verify Vessa’s free return road
PASS blade · actual movement and combat keep traveller alive
PASS blade · actual supported walk leg: Verify Vessa’s free return road
PASS blade · actual movement and combat keep traveller alive
PASS blade · actual supported walk leg: Verify Vessa’s free return road
PASS blade · actual movement and combat keep traveller alive
PASS blade · actual supported walk leg: Verify Vessa’s free return road
PASS blade · actual movement and combat keep traveller alive
PASS blade · actual supported walk leg: Verify Vessa’s free return road
PASS blade · actual movement and combat keep traveller alive
PASS blade · actual supported walk leg: Verify Vessa’s free return road
PASS blade · actual movement and combat keep traveller alive
PASS blade · actual supported walk leg: Verify Vessa’s free return road
PASS blade · actual movement and combat keep traveller alive
PASS blade · actual supported walk leg: Verify Vessa’s free return road
PASS blade · actual movement and combat keep traveller alive
PASS blade · actual supported walk leg: Verify Vessa’s free return road
PASS blade · actual movement and combat keep traveller alive
PASS blade · actual supported walk leg: Verify Vessa’s free return road
PASS blade · production walking reaches Verify Vessa’s free return road
PASS blade · physical native action records return-verified
PASS blade · physical work pays no independent fee
PASS blade · actual nearby Vessa recognition and unpaid account
PASS blade · stage reached and completed: verification
PASS blade · native current-view action saves verified-unpaid
PASS blade · exact full native world persisted verified-unpaid
PASS blade · verified-unpaid preserves the full other original native character slot value
PASS blade · exact frozen actual HTML served
PASS blade · actual WebGL2 renderer
PASS blade · requested renderer observed
PASS blade · whole Chromium restart loads exact bytes verified-unpaid
PASS blade · actual cold load preserves owners/payment/kit verified-unpaid
PASS blade · verified-unpaid cold load preserves the full other original native character slot value
PASS blade · production route is accepted for actual five-light entry marker
PASS blade · whole production body path is supported: actual five-light entry marker
PASS blade · actual movement and combat keep traveller alive
PASS blade · actual supported walk leg: actual five-light entry marker
PASS blade · production walking reaches actual five-light entry marker
PASS blade · physical arrival has no actor teleport for actual five-light entry marker
PASS blade · native explicit crossing reaches Earth road
PASS blade · native free return does not earn Oren home arrival verified
PASS blade · menu return alone leaves home arrival incomplete
PASS blade · no manual defeat/choice/arrival control
PASS blade · whole production body path is supported: Bring the local account home
PASS blade · actual movement and combat keep traveller alive
PASS blade · actual supported walk leg: Bring the local account home
PASS blade · actual movement and combat keep traveller alive
PASS blade · actual supported walk leg: Bring the local account home
PASS blade · actual movement and combat keep traveller alive
PASS blade · actual supported walk leg: Bring the local account home
PASS blade · actual movement and combat keep traveller alive
PASS blade · actual supported walk leg: Bring the local account home
PASS blade · actual movement and combat keep traveller alive
PASS blade · actual supported walk leg: Bring the local account home
PASS blade · actual movement and combat keep traveller alive
PASS blade · actual supported walk leg: Bring the local account home
PASS blade · actual movement and combat keep traveller alive
PASS blade · actual supported walk leg: Bring the local account home
PASS blade · actual movement and combat keep traveller alive
PASS blade · actual supported walk leg: Bring the local account home
PASS blade · actual movement and combat keep traveller alive
PASS blade · actual supported walk leg: Bring the local account home
PASS blade · production walking reaches Bring the local account home
PASS blade · physical native action records home-return
PASS blade · physical work pays no independent fee
PASS blade · native companion choice retained follow
PASS blade · stage reached and completed: physical-home
PASS blade · production route is accepted for supported closer viewing approach to existing workshop table
PASS blade · whole production body path is supported: supported closer viewing approach to existing workshop table
PASS blade · actual movement and combat keep traveller alive
PASS blade · actual supported walk leg: supported closer viewing approach to existing workshop table
PASS blade · actual movement and combat keep traveller alive
PASS blade · actual supported walk leg: supported closer viewing approach to existing workshop table
PASS blade · actual movement and combat keep traveller alive
PASS blade · actual supported walk leg: supported closer viewing approach to existing workshop table
PASS blade · production walking reaches supported closer viewing approach to existing workshop table
PASS blade · physical arrival has no actor teleport for supported closer viewing approach to existing workshop table
PASS blade · actual camera projection adventure
PASS blade · causal actual pixels and exact restoration home-trace adventure
PASS blade · actual camera projection follow
PASS blade · causal actual pixels and exact restoration home-trace follow
PASS blade · home trace rests on actual existing tabletop
PASS blade · native current-view action saves home-unpaid
PASS blade · exact full native world persisted home-unpaid
PASS blade · home-unpaid preserves the full other original native character slot value
PASS blade · exact frozen actual HTML served
PASS blade · actual WebGL2 renderer
PASS blade · requested renderer observed
PASS blade · whole Chromium restart loads exact bytes home-unpaid
PASS blade · actual cold load preserves owners/payment/kit home-unpaid
PASS blade · home-unpaid cold load preserves the full other original native character slot value
PASS blade · already physically reaches claim
PASS blade · whole declared fee pays once without equip/heal
PASS blade · stage reached and completed: fee
PASS blade · all old choices/owners/kit retained
PASS blade · original camera preset restored through native UI
PASS blade · native current-view action saves paid-once
PASS blade · exact full native world persisted paid-once
PASS blade · paid-once preserves the full other original native character slot value
PASS blade · exact frozen actual HTML served
PASS blade · actual WebGL2 renderer
PASS blade · requested renderer observed
PASS blade · whole Chromium restart loads exact bytes paid-once
PASS blade · actual cold load preserves owners/payment/kit paid-once
PASS blade · paid-once cold load preserves the full other original native character slot value
PASS blade · paid UI offers no replay-payment button
PASS blade · production route is accepted for actual five-light entry marker
PASS blade · whole production body path is supported: actual five-light entry marker
PASS blade · actual movement and combat keep traveller alive
PASS blade · actual supported walk leg: actual five-light entry marker
PASS blade · actual movement and combat keep traveller alive
PASS blade · actual supported walk leg: actual five-light entry marker
PASS blade · actual movement and combat keep traveller alive
PASS blade · actual supported walk leg: actual five-light entry marker
PASS blade · actual movement and combat keep traveller alive
PASS blade · actual supported walk leg: actual five-light entry marker
PASS blade · actual movement and combat keep traveller alive
PASS blade · actual supported walk leg: actual five-light entry marker
PASS blade · actual movement and combat keep traveller alive
PASS blade · actual supported walk leg: actual five-light entry marker
PASS blade · actual movement and combat keep traveller alive
PASS blade · actual supported walk leg: actual five-light entry marker
PASS blade · production walking reaches actual five-light entry marker
PASS blade · physical arrival has no actor teleport for actual five-light entry marker
PASS blade · native explicit crossing reaches Earth road
PASS blade · ordinary local exploration remains available after payment
PASS blade · native free return does not earn Oren home arrival after payment
PASS blade · stage reached and completed: free-return
PASS blade · final exact inactive slot preserves the full other original native character slot value
PASS bow · at most six isolated profile families
PASS bow · exact frozen actual HTML served
PASS bow · actual WebGL2 renderer
PASS bow · requested renderer observed
PASS bow · visible import adds a character and preserves original legacy save bytes
PASS bow · actual all12 prior claims and unaccepted native import
PASS bow · stage reached and completed: import
PASS bow · whole production body path is supported: Oren · workshop
PASS bow · actual movement and combat keep traveller alive
PASS bow · actual supported walk leg: Oren · workshop
PASS bow · actual movement and combat keep traveller alive
PASS bow · actual supported walk leg: Oren · workshop
PASS bow · actual movement and combat keep traveller alive
PASS bow · actual supported walk leg: Oren · workshop
PASS bow · actual movement and combat keep traveller alive
PASS bow · actual supported walk leg: Oren · workshop
PASS bow · actual movement and combat keep traveller alive
PASS bow · actual supported walk leg: Oren · workshop
PASS bow · actual movement and combat keep traveller alive
PASS bow · actual supported walk leg: Oren · workshop
PASS bow · actual movement and combat keep traveller alive
PASS bow · actual supported walk leg: Oren · workshop
PASS bow · actual movement and combat keep traveller alive
PASS bow · actual supported walk leg: Oren · workshop
PASS bow · actual movement and combat keep traveller alive
PASS bow · actual supported walk leg: Oren · workshop
PASS bow · production walking reaches Oren · workshop
PASS bow · separate native acceptance
PASS bow · stage reached and completed: accept
PASS bow · native current-view action saves accepted
PASS bow · exact full native world persisted accepted
PASS bow · accepted preserves the full other original native character slot value
PASS bow · exact frozen actual HTML served
PASS bow · actual WebGL2 renderer
PASS bow · requested renderer observed
PASS bow · whole Chromium restart loads exact bytes accepted
PASS bow · actual cold load preserves owners/payment/kit accepted
PASS bow · accepted cold load preserves the full other original native character slot value
PASS bow · native companion choice retained stay
PASS bow · production route is accepted for actual five-light entry marker
PASS bow · whole production body path is supported: actual five-light entry marker
PASS bow · actual movement and combat keep traveller alive
PASS bow · actual supported walk leg: actual five-light entry marker
PASS bow · actual movement and combat keep traveller alive
PASS bow · actual supported walk leg: actual five-light entry marker
PASS bow · actual movement and combat keep traveller alive
PASS bow · actual supported walk leg: actual five-light entry marker
PASS bow · actual movement and combat keep traveller alive
PASS bow · actual supported walk leg: actual five-light entry marker
PASS bow · actual movement and combat keep traveller alive
PASS bow · actual supported walk leg: actual five-light entry marker
PASS bow · actual movement and combat keep traveller alive
PASS bow · actual supported walk leg: actual five-light entry marker
PASS bow · actual movement and combat keep traveller alive
PASS bow · actual supported walk leg: actual five-light entry marker
PASS bow · actual movement and combat keep traveller alive
PASS bow · actual supported walk leg: actual five-light entry marker
PASS bow · actual movement and combat keep traveller alive
PASS bow · actual supported walk leg: actual five-light entry marker
PASS bow · production walking reaches actual five-light entry marker
PASS bow · physical arrival has no actor teleport for actual five-light entry marker
PASS bow · native explicit crossing reaches Earth road
PASS bow · native map names physical return route
PASS bow · map reading has no progress
PASS bow · no manual defeat/choice/arrival control
PASS bow · whole production body path is supported: Compare the returned bridge record
PASS bow · actual movement and combat keep traveller alive
PASS bow · actual supported walk leg: Compare the returned bridge record
PASS bow · actual movement and combat keep traveller alive
PASS bow · actual supported walk leg: Compare the returned bridge record
PASS bow · actual movement and combat keep traveller alive
PASS bow · actual supported walk leg: Compare the returned bridge record
PASS bow · actual movement and combat keep traveller alive
PASS bow · actual supported walk leg: Compare the returned bridge record
PASS bow · actual movement and combat keep traveller alive
PASS bow · actual supported walk leg: Compare the returned bridge record
PASS bow · actual movement and combat keep traveller alive
PASS bow · actual supported walk leg: Compare the returned bridge record
PASS bow · actual movement and combat keep traveller alive
PASS bow · actual supported walk leg: Compare the returned bridge record
PASS bow · actual movement and combat keep traveller alive
PASS bow · actual supported walk leg: Compare the returned bridge record
PASS bow · actual movement and combat keep traveller alive
PASS bow · actual supported walk leg: Compare the returned bridge record
PASS bow · actual movement and combat keep traveller alive
PASS bow · actual supported walk leg: Compare the returned bridge record
PASS bow · production walking reaches Compare the returned bridge record
PASS bow · physical native action records bridge-record
PASS bow · physical work pays no independent fee
PASS bow · no manual defeat/choice/arrival control
PASS bow · whole production body path is supported: Compare Merren’s local register
PASS bow · actual movement and combat keep traveller alive
PASS bow · actual supported walk leg: Compare Merren’s local register
PASS bow · actual movement and combat keep traveller alive
PASS bow · actual supported walk leg: Compare Merren’s local register
PASS bow · actual movement and combat keep traveller alive
PASS bow · actual supported walk leg: Compare Merren’s local register
PASS bow · actual movement and combat keep traveller alive
PASS bow · actual supported walk leg: Compare Merren’s local register
PASS bow · actual movement and combat keep traveller alive
PASS bow · actual supported walk leg: Compare Merren’s local register
PASS bow · actual movement and combat keep traveller alive
PASS bow · actual supported walk leg: Compare Merren’s local register
PASS bow · actual movement and combat keep traveller alive
PASS bow · actual supported walk leg: Compare Merren’s local register
PASS bow · actual movement and combat keep traveller alive
PASS bow · actual supported walk leg: Compare Merren’s local register
PASS bow · actual movement and combat keep traveller alive
PASS bow · actual supported walk leg: Compare Merren’s local register
PASS bow · actual movement and combat keep traveller alive
PASS bow · actual supported walk leg: Compare Merren’s local register
PASS bow · actual movement and combat keep traveller alive
PASS bow · actual supported walk leg: Compare Merren’s local register
PASS bow · actual movement and combat keep traveller alive
PASS bow · actual supported walk leg: Compare Merren’s local register
PASS bow · actual movement and combat keep traveller alive
PASS bow · actual supported walk leg: Compare Merren’s local register
PASS bow · actual movement and combat keep traveller alive
PASS bow · actual supported walk leg: Compare Merren’s local register
PASS bow · actual movement and combat keep traveller alive
PASS bow · actual supported walk leg: Compare Merren’s local register
PASS bow · actual movement and combat keep traveller alive
PASS bow · actual supported walk leg: Compare Merren’s local register
PASS bow · actual movement and combat keep traveller alive
PASS bow · actual supported walk leg: Compare Merren’s local register
PASS bow · actual movement and combat keep traveller alive
PASS bow · actual supported walk leg: Compare Merren’s local register
PASS bow · actual movement and combat keep traveller alive
PASS bow · actual supported walk leg: Compare Merren’s local register
PASS bow · actual movement and combat keep traveller alive
PASS bow · actual supported walk leg: Compare Merren’s local register
PASS bow · actual movement and combat keep traveller alive
PASS bow · actual supported walk leg: Compare Merren’s local register
PASS bow · actual movement and combat keep traveller alive
PASS bow · actual supported walk leg: Compare Merren’s local register
PASS bow · actual movement and combat keep traveller alive
PASS bow · actual supported walk leg: Compare Merren’s local register
PASS bow · actual movement and combat keep traveller alive
PASS bow · actual supported walk leg: Compare Merren’s local register
PASS bow · actual movement and combat keep traveller alive
PASS bow · actual supported walk leg: Compare Merren’s local register
PASS bow · actual movement and combat keep traveller alive
PASS bow · actual supported walk leg: Compare Merren’s local register
PASS bow · actual movement and combat keep traveller alive
PASS bow · actual supported walk leg: Compare Merren’s local register
PASS bow · actual movement and combat keep traveller alive
PASS bow · actual supported walk leg: Compare Merren’s local register
PASS bow · actual movement and combat keep traveller alive
PASS bow · actual supported walk leg: Compare Merren’s local register
PASS bow · actual movement and combat keep traveller alive
PASS bow · actual supported walk leg: Compare Merren’s local register
PASS bow · actual movement and combat keep traveller alive
PASS bow · actual supported walk leg: Compare Merren’s local register
PASS bow · actual movement and combat keep traveller alive
PASS bow · actual supported walk leg: Compare Merren’s local register
PASS bow · actual movement and combat keep traveller alive
PASS bow · actual supported walk leg: Compare Merren’s local register
PASS bow · actual movement and combat keep traveller alive
PASS bow · actual supported walk leg: Compare Merren’s local register
PASS bow · actual movement and combat keep traveller alive
PASS bow · actual supported walk leg: Compare Merren’s local register
PASS bow · actual movement and combat keep traveller alive
PASS bow · actual supported walk leg: Compare Merren’s local register
PASS bow · actual movement and combat keep traveller alive
PASS bow · actual supported walk leg: Compare Merren’s local register
PASS bow · actual movement and combat keep traveller alive
PASS bow · actual supported walk leg: Compare Merren’s local register
PASS bow · actual movement and combat keep traveller alive
PASS bow · actual supported walk leg: Compare Merren’s local register
PASS bow · actual movement and combat keep traveller alive
PASS bow · actual supported walk leg: Compare Merren’s local register
PASS bow · actual movement and combat keep traveller alive
PASS bow · actual supported walk leg: Compare Merren’s local register
PASS bow · actual movement and combat keep traveller alive
PASS bow · actual supported walk leg: Compare Merren’s local register
PASS bow · actual movement and combat keep traveller alive
PASS bow · actual supported walk leg: Compare Merren’s local register
PASS bow · actual movement and combat keep traveller alive
PASS bow · actual supported walk leg: Compare Merren’s local register
PASS bow · actual movement and combat keep traveller alive
PASS bow · actual supported walk leg: Compare Merren’s local register
PASS bow · actual movement and combat keep traveller alive
PASS bow · actual supported walk leg: Compare Merren’s local register
PASS bow · actual movement and combat keep traveller alive
PASS bow · actual supported walk leg: Compare Merren’s local register
PASS bow · actual movement and combat keep traveller alive
PASS bow · actual supported walk leg: Compare Merren’s local register
PASS bow · actual movement and combat keep traveller alive
PASS bow · actual supported walk leg: Compare Merren’s local register
PASS bow · actual movement and combat keep traveller alive
PASS bow · actual supported walk leg: Compare Merren’s local register
PASS bow · actual movement and combat keep traveller alive
PASS bow · actual supported walk leg: Compare Merren’s local register
PASS bow · actual movement and combat keep traveller alive
PASS bow · actual supported walk leg: Compare Merren’s local register
PASS bow · actual movement and combat keep traveller alive
PASS bow · actual supported walk leg: Compare Merren’s local register
PASS bow · actual movement and combat keep traveller alive
PASS bow · actual supported walk leg: Compare Merren’s local register
PASS bow · actual movement and combat keep traveller alive
PASS bow · actual supported walk leg: Compare Merren’s local register
PASS bow · actual movement and combat keep traveller alive
PASS bow · actual supported walk leg: Compare Merren’s local register
PASS bow · actual movement and combat keep traveller alive
PASS bow · actual supported walk leg: Compare Merren’s local register
PASS bow · actual movement and combat keep traveller alive
PASS bow · actual supported walk leg: Compare Merren’s local register
PASS bow · actual movement and combat keep traveller alive
PASS bow · actual supported walk leg: Compare Merren’s local register
PASS bow · actual movement and combat keep traveller alive
PASS bow · actual supported walk leg: Compare Merren’s local register
PASS bow · actual movement and combat keep traveller alive
PASS bow · actual supported walk leg: Compare Merren’s local register
PASS bow · actual movement and combat keep traveller alive
PASS bow · actual supported walk leg: Compare Merren’s local register
PASS bow · actual movement and combat keep traveller alive
PASS bow · actual supported walk leg: Compare Merren’s local register
PASS bow · actual movement and combat keep traveller alive
PASS bow · actual supported walk leg: Compare Merren’s local register
PASS bow · actual movement and combat keep traveller alive
PASS bow · actual supported walk leg: Compare Merren’s local register
PASS bow · actual movement and combat keep traveller alive
PASS bow · actual supported walk leg: Compare Merren’s local register
PASS bow · actual movement and combat keep traveller alive
PASS bow · actual supported walk leg: Compare Merren’s local register
PASS bow · actual movement and combat keep traveller alive
PASS bow · actual supported walk leg: Compare Merren’s local register
PASS bow · actual movement and combat keep traveller alive
PASS bow · actual supported walk leg: Compare Merren’s local register
PASS bow · actual movement and combat keep traveller alive
PASS bow · actual supported walk leg: Compare Merren’s local register
PASS bow · actual movement and combat keep traveller alive
PASS bow · actual supported walk leg: Compare Merren’s local register
PASS bow · actual movement and combat keep traveller alive
PASS bow · actual supported walk leg: Compare Merren’s local register
PASS bow · actual movement and combat keep traveller alive
PASS bow · actual supported walk leg: Compare Merren’s local register
PASS bow · actual movement and combat keep traveller alive
PASS bow · actual supported walk leg: Compare Merren’s local register
PASS bow · actual movement and combat keep traveller alive
PASS bow · actual supported walk leg: Compare Merren’s local register
PASS bow · actual movement and combat keep traveller alive
PASS bow · actual supported walk leg: Compare Merren’s local register
PASS bow · actual movement and combat keep traveller alive
PASS bow · actual supported walk leg: Compare Merren’s local register
PASS bow · actual movement and combat keep traveller alive
PASS bow · actual supported walk leg: Compare Merren’s local register
PASS bow · actual movement and combat keep traveller alive
PASS bow · actual supported walk leg: Compare Merren’s local register
PASS bow · actual movement and combat keep traveller alive
PASS bow · actual supported walk leg: Compare Merren’s local register
PASS bow · actual movement and combat keep traveller alive
PASS bow · actual supported walk leg: Compare Merren’s local register
PASS bow · actual movement and combat keep traveller alive
PASS bow · actual supported walk leg: Compare Merren’s local register
PASS bow · actual movement and combat keep traveller alive
PASS bow · actual supported walk leg: Compare Merren’s local register
PASS bow · actual movement and combat keep traveller alive
PASS bow · actual supported walk leg: Compare Merren’s local register
PASS bow · actual movement and combat keep traveller alive
PASS bow · actual supported walk leg: Compare Merren’s local register
PASS bow · actual movement and combat keep traveller alive
PASS bow · actual supported walk leg: Compare Merren’s local register
PASS bow · actual movement and combat keep traveller alive
PASS bow · actual supported walk leg: Compare Merren’s local register
PASS bow · actual movement and combat keep traveller alive
PASS bow · actual supported walk leg: Compare Merren’s local register
PASS bow · actual movement and combat keep traveller alive
PASS bow · actual supported walk leg: Compare Merren’s local register
PASS bow · actual movement and combat keep traveller alive
PASS bow · actual supported walk leg: Compare Merren’s local register
PASS bow · actual movement and combat keep traveller alive
PASS bow · actual supported walk leg: Compare Merren’s local register
PASS bow · actual movement and combat keep traveller alive
PASS bow · actual supported walk leg: Compare Merren’s local register
PASS bow · actual movement and combat keep traveller alive
PASS bow · actual supported walk leg: Compare Merren’s local register
PASS bow · actual movement and combat keep traveller alive
PASS bow · actual supported walk leg: Compare Merren’s local register
PASS bow · actual movement and combat keep traveller alive
PASS bow · actual supported walk leg: Compare Merren’s local register
PASS bow · actual movement and combat keep traveller alive
PASS bow · actual supported walk leg: Compare Merren’s local register
PASS bow · actual movement and combat keep traveller alive
PASS bow · actual supported walk leg: Compare Merren’s local register
PASS bow · actual movement and combat keep traveller alive
PASS bow · actual supported walk leg: Compare Merren’s local register
PASS bow · actual movement and combat keep traveller alive
PASS bow · actual supported walk leg: Compare Merren’s local register
PASS bow · actual movement and combat keep traveller alive
PASS bow · actual supported walk leg: Compare Merren’s local register
PASS bow · actual movement and combat keep traveller alive
PASS bow · actual supported walk leg: Compare Merren’s local register
PASS bow · actual movement and combat keep traveller alive
PASS bow · actual supported walk leg: Compare Merren’s local register
PASS bow · actual movement and combat keep traveller alive
PASS bow · actual supported walk leg: Compare Merren’s local register
PASS bow · actual movement and combat keep traveller alive
PASS bow · actual supported walk leg: Compare Merren’s local register
PASS bow · actual movement and combat keep traveller alive
PASS bow · actual supported walk leg: Compare Merren’s local register
PASS bow · actual movement and combat keep traveller alive
PASS bow · actual supported walk leg: Compare Merren’s local register
PASS bow · actual movement and combat keep traveller alive
PASS bow · actual supported walk leg: Compare Merren’s local register
PASS bow · actual movement and combat keep traveller alive
PASS bow · actual supported walk leg: Compare Merren’s local register
PASS bow · actual movement and combat keep traveller alive
PASS bow · actual supported walk leg: Compare Merren’s local register
PASS bow · actual movement and combat keep traveller alive
PASS bow · actual supported walk leg: Compare Merren’s local register
PASS bow · actual movement and combat keep traveller alive
PASS bow · actual supported walk leg: Compare Merren’s local register
PASS bow · actual movement and combat keep traveller alive
PASS bow · actual supported walk leg: Compare Merren’s local register
PASS bow · actual movement and combat keep traveller alive
PASS bow · actual supported walk leg: Compare Merren’s local register
PASS bow · actual movement and combat keep traveller alive
PASS bow · actual supported walk leg: Compare Merren’s local register
PASS bow · actual movement and combat keep traveller alive
PASS bow · actual supported walk leg: Compare Merren’s local register
PASS bow · actual movement and combat keep traveller alive
PASS bow · actual supported walk leg: Compare Merren’s local register
PASS bow · actual movement and combat keep traveller alive
PASS bow · actual supported walk leg: Compare Merren’s local register
PASS bow · actual movement and combat keep traveller alive
PASS bow · actual supported walk leg: Compare Merren’s local register
PASS bow · actual movement and combat keep traveller alive
PASS bow · actual supported walk leg: Compare Merren’s local register
PASS bow · actual movement and combat keep traveller alive
PASS bow · actual supported walk leg: Compare Merren’s local register
PASS bow · actual movement and combat keep traveller alive
PASS bow · actual supported walk leg: Compare Merren’s local register
PASS bow · actual movement and combat keep traveller alive
PASS bow · actual supported walk leg: Compare Merren’s local register
PASS bow · actual movement and combat keep traveller alive
PASS bow · actual supported walk leg: Compare Merren’s local register
PASS bow · actual movement and combat keep traveller alive
PASS bow · actual supported walk leg: Compare Merren’s local register
PASS bow · actual movement and combat keep traveller alive
PASS bow · actual supported walk leg: Compare Merren’s local register
PASS bow · actual movement and combat keep traveller alive
PASS bow · actual supported walk leg: Compare Merren’s local register
PASS bow · actual movement and combat keep traveller alive
PASS bow · actual supported walk leg: Compare Merren’s local register
PASS bow · actual movement and combat keep traveller alive
PASS bow · actual supported walk leg: Compare Merren’s local register
PASS bow · actual movement and combat keep traveller alive
PASS bow · actual supported walk leg: Compare Merren’s local register
PASS bow · actual movement and combat keep traveller alive
PASS bow · actual supported walk leg: Compare Merren’s local register
PASS bow · actual movement and combat keep traveller alive
PASS bow · actual supported walk leg: Compare Merren’s local register
PASS bow · actual movement and combat keep traveller alive
PASS bow · actual supported walk leg: Compare Merren’s local register
PASS bow · actual movement and combat keep traveller alive
PASS bow · actual supported walk leg: Compare Merren’s local register
PASS bow · actual movement and combat keep traveller alive
PASS bow · actual supported walk leg: Compare Merren’s local register
PASS bow · actual movement and combat keep traveller alive
PASS bow · actual supported walk leg: Compare Merren’s local register
PASS bow · actual movement and combat keep traveller alive
PASS bow · actual supported walk leg: Compare Merren’s local register
PASS bow · actual movement and combat keep traveller alive
PASS bow · actual supported walk leg: Compare Merren’s local register
PASS bow · actual movement and combat keep traveller alive
PASS bow · actual supported walk leg: Compare Merren’s local register
PASS bow · actual movement and combat keep traveller alive
PASS bow · actual supported walk leg: Compare Merren’s local register
PASS bow · actual movement and combat keep traveller alive
PASS bow · actual supported walk leg: Compare Merren’s local register
PASS bow · actual movement and combat keep traveller alive
PASS bow · actual supported walk leg: Compare Merren’s local register
PASS bow · actual movement and combat keep traveller alive
PASS bow · actual supported walk leg: Compare Merren’s local register
PASS bow · actual movement and combat keep traveller alive
PASS bow · actual supported walk leg: Compare Merren’s local register
PASS bow · actual movement and combat keep traveller alive
PASS bow · actual supported walk leg: Compare Merren’s local register
PASS bow · actual movement and combat keep traveller alive
PASS bow · actual supported walk leg: Compare Merren’s local register
PASS bow · actual movement and combat keep traveller alive
PASS bow · actual supported walk leg: Compare Merren’s local register
PASS bow · actual movement and combat keep traveller alive
PASS bow · actual supported walk leg: Compare Merren’s local register
PASS bow · actual movement and combat keep traveller alive
PASS bow · actual supported walk leg: Compare Merren’s local register
PASS bow · actual movement and combat keep traveller alive
PASS bow · actual supported walk leg: Compare Merren’s local register
PASS bow · actual movement and combat keep traveller alive
PASS bow · actual supported walk leg: Compare Merren’s local register
PASS bow · actual movement and combat keep traveller alive
PASS bow · actual supported walk leg: Compare Merren’s local register
PASS bow · actual movement and combat keep traveller alive
PASS bow · actual supported walk leg: Compare Merren’s local register
PASS bow · actual movement and combat keep traveller alive
PASS bow · actual supported walk leg: Compare Merren’s local register
PASS bow · actual movement and combat keep traveller alive
PASS bow · actual supported walk leg: Compare Merren’s local register
PASS bow · actual movement and combat keep traveller alive
PASS bow · actual supported walk leg: Compare Merren’s local register
PASS bow · actual movement and combat keep traveller alive
PASS bow · actual supported walk leg: Compare Merren’s local register
PASS bow · actual movement and combat keep traveller alive
PASS bow · actual supported walk leg: Compare Merren’s local register
PASS bow · actual movement and combat keep traveller alive
PASS bow · actual supported walk leg: Compare Merren’s local register
PASS bow · actual movement and combat keep traveller alive
PASS bow · actual supported walk leg: Compare Merren’s local register
PASS bow · actual movement and combat keep traveller alive
PASS bow · actual supported walk leg: Compare Merren’s local register
PASS bow · actual movement and combat keep traveller alive
PASS bow · actual supported walk leg: Compare Merren’s local register
PASS bow · actual movement and combat keep traveller alive
PASS bow · actual supported walk leg: Compare Merren’s local register
PASS bow · actual movement and combat keep traveller alive
PASS bow · actual supported walk leg: Compare Merren’s local register
PASS bow · actual movement and combat keep traveller alive
PASS bow · actual supported walk leg: Compare Merren’s local register
PASS bow · actual movement and combat keep traveller alive
PASS bow · actual supported walk leg: Compare Merren’s local register
PASS bow · actual movement and combat keep traveller alive
PASS bow · actual supported walk leg: Compare Merren’s local register
PASS bow · actual movement and combat keep traveller alive
PASS bow · actual supported walk leg: Compare Merren’s local register
PASS bow · actual movement and combat keep traveller alive
PASS bow · actual supported walk leg: Compare Merren’s local register
PASS bow · actual movement and combat keep traveller alive
PASS bow · actual supported walk leg: Compare Merren’s local register
PASS bow · actual movement and combat keep traveller alive
PASS bow · actual supported walk leg: Compare Merren’s local register
PASS bow · actual movement and combat keep traveller alive
PASS bow · actual supported walk leg: Compare Merren’s local register
PASS bow · actual movement and combat keep traveller alive
PASS bow · actual supported walk leg: Compare Merren’s local register
PASS bow · actual movement and combat keep traveller alive
PASS bow · actual supported walk leg: Compare Merren’s local register
PASS bow · actual movement and combat keep traveller alive
PASS bow · actual supported walk leg: Compare Merren’s local register
PASS bow · actual movement and combat keep traveller alive
PASS bow · actual supported walk leg: Compare Merren’s local register
PASS bow · production walking reaches Compare Merren’s local register
PASS bow · physical native action records register-record
PASS bow · physical work pays no independent fee
PASS bow · no manual defeat/choice/arrival control
PASS bow · whole production body path is supported: Inspect the portable junction claim
PASS bow · actual movement and combat keep traveller alive
PASS bow · actual supported walk leg: Inspect the portable junction claim
PASS bow · actual movement and combat keep traveller alive
PASS bow · actual supported walk leg: Inspect the portable junction claim
PASS bow · actual movement and combat keep traveller alive
PASS bow · actual supported walk leg: Inspect the portable junction claim
PASS bow · actual movement and combat keep traveller alive
PASS bow · actual supported walk leg: Inspect the portable junction claim
PASS bow · actual movement and combat keep traveller alive
PASS bow · actual supported walk leg: Inspect the portable junction claim
PASS bow · actual movement and combat keep traveller alive
PASS bow · actual supported walk leg: Inspect the portable junction claim
PASS bow · actual movement and combat keep traveller alive
PASS bow · actual supported walk leg: Inspect the portable junction claim
PASS bow · actual movement and combat keep traveller alive
PASS bow · actual supported walk leg: Inspect the portable junction claim
PASS bow · actual movement and combat keep traveller alive
PASS bow · actual supported walk leg: Inspect the portable junction claim
PASS bow · actual movement and combat keep traveller alive
PASS bow · actual supported walk leg: Inspect the portable junction claim
PASS bow · actual movement and combat keep traveller alive
PASS bow · actual supported walk leg: Inspect the portable junction claim
PASS bow · actual movement and combat keep traveller alive
PASS bow · actual supported walk leg: Inspect the portable junction claim
PASS bow · actual movement and combat keep traveller alive
PASS bow · actual supported walk leg: Inspect the portable junction claim
PASS bow · actual movement and combat keep traveller alive
PASS bow · actual supported walk leg: Inspect the portable junction claim
PASS bow · actual movement and combat keep traveller alive
PASS bow · actual supported walk leg: Inspect the portable junction claim
PASS bow · actual movement and combat keep traveller alive
PASS bow · actual supported walk leg: Inspect the portable junction claim
PASS bow · actual movement and combat keep traveller alive
PASS bow · actual supported walk leg: Inspect the portable junction claim
PASS bow · actual movement and combat keep traveller alive
PASS bow · actual supported walk leg: Inspect the portable junction claim
PASS bow · actual movement and combat keep traveller alive
PASS bow · actual supported walk leg: Inspect the portable junction claim
PASS bow · actual movement and combat keep traveller alive
PASS bow · actual supported walk leg: Inspect the portable junction claim
PASS bow · actual movement and combat keep traveller alive
PASS bow · actual supported walk leg: Inspect the portable junction claim
PASS bow · actual movement and combat keep traveller alive
PASS bow · actual supported walk leg: Inspect the portable junction claim
PASS bow · actual movement and combat keep traveller alive
PASS bow · actual supported walk leg: Inspect the portable junction claim
PASS bow · actual movement and combat keep traveller alive
PASS bow · actual supported walk leg: Inspect the portable junction claim
PASS bow · actual movement and combat keep traveller alive
PASS bow · actual supported walk leg: Inspect the portable junction claim
PASS bow · actual movement and combat keep traveller alive
PASS bow · actual supported walk leg: Inspect the portable junction claim
PASS bow · actual movement and combat keep traveller alive
PASS bow · actual supported walk leg: Inspect the portable junction claim
PASS bow · actual movement and combat keep traveller alive
PASS bow · actual supported walk leg: Inspect the portable junction claim
PASS bow · actual movement and combat keep traveller alive
PASS bow · actual supported walk leg: Inspect the portable junction claim
PASS bow · actual movement and combat keep traveller alive
PASS bow · actual supported walk leg: Inspect the portable junction claim
PASS bow · actual movement and combat keep traveller alive
PASS bow · actual supported walk leg: Inspect the portable junction claim
PASS bow · actual movement and combat keep traveller alive
PASS bow · actual supported walk leg: Inspect the portable junction claim
PASS bow · actual movement and combat keep traveller alive
PASS bow · actual supported walk leg: Inspect the portable junction claim
PASS bow · actual movement and combat keep traveller alive
PASS bow · actual supported walk leg: Inspect the portable junction claim
PASS bow · actual movement and combat keep traveller alive
PASS bow · actual supported walk leg: Inspect the portable junction claim
PASS bow · actual movement and combat keep traveller alive
PASS bow · actual supported walk leg: Inspect the portable junction claim
PASS bow · actual movement and combat keep traveller alive
PASS bow · actual supported walk leg: Inspect the portable junction claim
PASS bow · production walking reaches Inspect the portable junction claim
PASS bow · physical native action records inspect-claim
PASS bow · physical work pays no independent fee
PASS bow · actual camera projection adventure
PASS bow · causal actual pixels and exact restoration west-relay-isolated adventure
PASS bow · actual camera projection adventure
PASS bow · causal actual pixels and exact restoration east-relay-isolated adventure
PASS bow · actual camera projection follow
PASS bow · causal actual pixels and exact restoration west-relay-isolated follow
PASS bow · actual camera projection follow
PASS bow · causal actual pixels and exact restoration east-relay-isolated follow
PASS bow · whole production body path is supported: Place the supplied warning screen
PASS bow · actual movement and combat keep traveller alive
PASS bow · actual supported walk leg: Place the supplied warning screen
PASS bow · actual movement and combat keep traveller alive
PASS bow · actual supported walk leg: Place the supplied warning screen
PASS bow · actual movement and combat keep traveller alive
PASS bow · actual supported walk leg: Place the supplied warning screen
PASS bow · actual movement and combat keep traveller alive
PASS bow · actual supported walk leg: Place the supplied warning screen
PASS bow · actual movement and combat keep traveller alive
PASS bow · actual supported walk leg: Place the supplied warning screen
PASS bow · actual movement and combat keep traveller alive
PASS bow · actual supported walk leg: Place the supplied warning screen
PASS bow · actual movement and combat keep traveller alive
PASS bow · actual supported walk leg: Place the supplied warning screen
PASS bow · actual movement and combat keep traveller alive
PASS bow · actual supported walk leg: Place the supplied warning screen
PASS bow · actual movement and combat keep traveller alive
PASS bow · actual supported walk leg: Place the supplied warning screen
PASS bow · actual movement and combat keep traveller alive
PASS bow · actual supported walk leg: Place the supplied warning screen
PASS bow · production walking reaches Place the supplied warning screen
PASS bow · actual camera projection adventure
PASS bow · causal actual pixels and exact restoration supplied-screen adventure
PASS bow · actual camera projection follow
PASS bow · causal actual pixels and exact restoration supplied-screen follow
PASS bow · no manual defeat/choice/arrival control
PASS bow · already physically reaches supplied-screen
PASS bow · physical native action records supplied-screen
PASS bow · physical work pays no independent fee
PASS bow · no manual defeat/choice/arrival control
PASS bow · whole production body path is supported: Isolate the west claim relay
PASS bow · actual movement and combat keep traveller alive
PASS bow · actual supported walk leg: Isolate the west claim relay
PASS bow · actual movement and combat keep traveller alive
PASS bow · actual supported walk leg: Isolate the west claim relay
PASS bow · actual movement and combat keep traveller alive
PASS bow · actual supported walk leg: Isolate the west claim relay
PASS bow · actual movement and combat keep traveller alive
PASS bow · actual supported walk leg: Isolate the west claim relay
PASS bow · actual movement and combat keep traveller alive
PASS bow · actual supported walk leg: Isolate the west claim relay
PASS bow · actual movement and combat keep traveller alive
PASS bow · actual supported walk leg: Isolate the west claim relay
PASS bow · actual movement and combat keep traveller alive
PASS bow · actual supported walk leg: Isolate the west claim relay
PASS bow · actual movement and combat keep traveller alive
PASS bow · actual supported walk leg: Isolate the west claim relay
PASS bow · actual movement and combat keep traveller alive
PASS bow · actual supported walk leg: Isolate the west claim relay
PASS bow · actual movement and combat keep traveller alive
PASS bow · actual supported walk leg: Isolate the west claim relay
PASS bow · actual movement and combat keep traveller alive
PASS bow · actual supported walk leg: Isolate the west claim relay
PASS bow · actual movement and combat keep traveller alive
PASS bow · actual supported walk leg: Isolate the west claim relay
PASS bow · actual movement and combat keep traveller alive
PASS bow · actual supported walk leg: Isolate the west claim relay
PASS bow · actual movement and combat keep traveller alive
PASS bow · actual supported walk leg: Isolate the west claim relay
PASS bow · actual movement and combat keep traveller alive
PASS bow · actual supported walk leg: Isolate the west claim relay
PASS bow · actual movement and combat keep traveller alive
PASS bow · actual supported walk leg: Isolate the west claim relay
PASS bow · actual movement and combat keep traveller alive
PASS bow · actual supported walk leg: Isolate the west claim relay
PASS bow · production walking reaches Isolate the west claim relay
PASS bow · physical native action records west-relay-isolated
PASS bow · physical work pays no independent fee
PASS bow · no manual defeat/choice/arrival control
PASS bow · whole production body path is supported: Isolate the east claim relay
PASS bow · actual movement and combat keep traveller alive
PASS bow · actual supported walk leg: Isolate the east claim relay
PASS bow · actual movement and combat keep traveller alive
PASS bow · actual supported walk leg: Isolate the east claim relay
PASS bow · actual movement and combat keep traveller alive
PASS bow · actual supported walk leg: Isolate the east claim relay
PASS bow · actual movement and combat keep traveller alive
PASS bow · actual supported walk leg: Isolate the east claim relay
PASS bow · actual movement and combat keep traveller alive
PASS bow · actual supported walk leg: Isolate the east claim relay
PASS bow · actual movement and combat keep traveller alive
PASS bow · actual supported walk leg: Isolate the east claim relay
PASS bow · actual movement and combat keep traveller alive
PASS bow · actual supported walk leg: Isolate the east claim relay
PASS bow · actual movement and combat keep traveller alive
PASS bow · actual supported walk leg: Isolate the east claim relay
PASS bow · actual movement and combat keep traveller alive
PASS bow · actual supported walk leg: Isolate the east claim relay
PASS bow · actual movement and combat keep traveller alive
PASS bow · actual supported walk leg: Isolate the east claim relay
PASS bow · actual movement and combat keep traveller alive
PASS bow · actual supported walk leg: Isolate the east claim relay
PASS bow · actual movement and combat keep traveller alive
PASS bow · actual supported walk leg: Isolate the east claim relay
PASS bow · actual movement and combat keep traveller alive
PASS bow · actual supported walk leg: Isolate the east claim relay
PASS bow · actual movement and combat keep traveller alive
PASS bow · actual supported walk leg: Isolate the east claim relay
PASS bow · actual movement and combat keep traveller alive
PASS bow · actual supported walk leg: Isolate the east claim relay
PASS bow · production walking reaches Isolate the east claim relay
PASS bow · physical native action records east-relay-isolated
PASS bow · physical work pays no independent fee
PASS bow · stage reached and completed: relays
PASS bow · native current-view action saves ordered-relays
PASS bow · exact full native world persisted ordered-relays
PASS bow · ordered-relays preserves the full other original native character slot value
PASS bow · exact frozen actual HTML served
PASS bow · actual WebGL2 renderer
PASS bow · requested renderer observed
PASS bow · whole Chromium restart loads exact bytes ordered-relays
PASS bow · actual cold load preserves owners/payment/kit ordered-relays
PASS bow · ordered-relays cold load preserves the full other original native character slot value
PASS bow · production route is accepted for actual five-light entry marker
PASS bow · whole production body path is supported: actual five-light entry marker
PASS bow · actual movement and combat keep traveller alive
PASS bow · actual supported walk leg: actual five-light entry marker
PASS bow · production walking reaches actual five-light entry marker
PASS bow · physical arrival has no actor teleport for actual five-light entry marker
PASS bow · native explicit crossing reaches Earth road
PASS bow · no manual defeat/choice/arrival control
PASS bow · whole production body path is supported: Challenge the Regent’s local seizure
PASS bow · actual movement and combat keep traveller alive
PASS bow · actual supported walk leg: Challenge the Regent’s local seizure
PASS bow · actual movement and combat keep traveller alive
PASS bow · actual supported walk leg: Challenge the Regent’s local seizure
PASS bow · actual movement and combat keep traveller alive
PASS bow · actual supported walk leg: Challenge the Regent’s local seizure
PASS bow · actual movement and combat keep traveller alive
PASS bow · actual supported walk leg: Challenge the Regent’s local seizure
PASS bow · actual movement and combat keep traveller alive
PASS bow · actual supported walk leg: Challenge the Regent’s local seizure
PASS bow · actual movement and combat keep traveller alive
PASS bow · actual supported walk leg: Challenge the Regent’s local seizure
PASS bow · actual movement and combat keep traveller alive
PASS bow · actual supported walk leg: Challenge the Regent’s local seizure
PASS bow · actual movement and combat keep traveller alive
PASS bow · actual supported walk leg: Challenge the Regent’s local seizure
PASS bow · actual movement and combat keep traveller alive
PASS bow · actual supported walk leg: Challenge the Regent’s local seizure
PASS bow · actual movement and combat keep traveller alive
PASS bow · actual supported walk leg: Challenge the Regent’s local seizure
PASS bow · actual movement and combat keep traveller alive
PASS bow · actual supported walk leg: Challenge the Regent’s local seizure
PASS bow · actual movement and combat keep traveller alive
PASS bow · actual supported walk leg: Challenge the Regent’s local seizure
PASS bow · actual movement and combat keep traveller alive
PASS bow · actual supported walk leg: Challenge the Regent’s local seizure
PASS bow · actual movement and combat keep traveller alive
PASS bow · actual supported walk leg: Challenge the Regent’s local seizure
PASS bow · actual movement and combat keep traveller alive
PASS bow · actual supported walk leg: Challenge the Regent’s local seizure
PASS bow · actual movement and combat keep traveller alive
PASS bow · actual supported walk leg: Challenge the Regent’s local seizure
PASS bow · actual movement and combat keep traveller alive
PASS bow · actual supported walk leg: Challenge the Regent’s local seizure
PASS bow · actual movement and combat keep traveller alive
PASS bow · actual supported walk leg: Challenge the Regent’s local seizure
PASS bow · actual movement and combat keep traveller alive
PASS bow · actual supported walk leg: Challenge the Regent’s local seizure
PASS bow · actual movement and combat keep traveller alive
PASS bow · actual supported walk leg: Challenge the Regent’s local seizure
PASS bow · actual movement and combat keep traveller alive
PASS bow · actual supported walk leg: Challenge the Regent’s local seizure
PASS bow · actual movement and combat keep traveller alive
PASS bow · actual supported walk leg: Challenge the Regent’s local seizure
PASS bow · actual movement and combat keep traveller alive
PASS bow · actual supported walk leg: Challenge the Regent’s local seizure
PASS bow · actual movement and combat keep traveller alive
PASS bow · actual supported walk leg: Challenge the Regent’s local seizure
PASS bow · actual movement and combat keep traveller alive
PASS bow · actual supported walk leg: Challenge the Regent’s local seizure
PASS bow · actual movement and combat keep traveller alive
PASS bow · actual supported walk leg: Challenge the Regent’s local seizure
PASS bow · actual movement and combat keep traveller alive
PASS bow · actual supported walk leg: Challenge the Regent’s local seizure
PASS bow · actual movement and combat keep traveller alive
PASS bow · actual supported walk leg: Challenge the Regent’s local seizure
PASS bow · actual movement and combat keep traveller alive
PASS bow · actual supported walk leg: Challenge the Regent’s local seizure
PASS bow · actual movement and combat keep traveller alive
PASS bow · actual supported walk leg: Challenge the Regent’s local seizure
PASS bow · actual movement and combat keep traveller alive
PASS bow · actual supported walk leg: Challenge the Regent’s local seizure
PASS bow · actual movement and combat keep traveller alive
PASS bow · actual supported walk leg: Challenge the Regent’s local seizure
PASS bow · actual movement and combat keep traveller alive
PASS bow · actual supported walk leg: Challenge the Regent’s local seizure
PASS bow · actual movement and combat keep traveller alive
PASS bow · actual supported walk leg: Challenge the Regent’s local seizure
PASS bow · actual movement and combat keep traveller alive
PASS bow · actual supported walk leg: Challenge the Regent’s local seizure
PASS bow · actual movement and combat keep traveller alive
PASS bow · actual supported walk leg: Challenge the Regent’s local seizure
PASS bow · actual movement and combat keep traveller alive
PASS bow · actual supported walk leg: Challenge the Regent’s local seizure
PASS bow · actual movement and combat keep traveller alive
PASS bow · actual supported walk leg: Challenge the Regent’s local seizure
PASS bow · actual movement and combat keep traveller alive
PASS bow · actual supported walk leg: Challenge the Regent’s local seizure
PASS bow · actual movement and combat keep traveller alive
PASS bow · actual supported walk leg: Challenge the Regent’s local seizure
PASS bow · actual movement and combat keep traveller alive
PASS bow · actual supported walk leg: Challenge the Regent’s local seizure
PASS bow · actual movement and combat keep traveller alive
PASS bow · actual supported walk leg: Challenge the Regent’s local seizure
PASS bow · actual movement and combat keep traveller alive
PASS bow · actual supported walk leg: Challenge the Regent’s local seizure
PASS bow · actual movement and combat keep traveller alive
PASS bow · actual supported walk leg: Challenge the Regent’s local seizure
PASS bow · actual movement and combat keep traveller alive
PASS bow · actual supported walk leg: Challenge the Regent’s local seizure
PASS bow · actual movement and combat keep traveller alive
PASS bow · actual supported walk leg: Challenge the Regent’s local seizure
PASS bow · actual movement and combat keep traveller alive
PASS bow · actual supported walk leg: Challenge the Regent’s local seizure
PASS bow · actual movement and combat keep traveller alive
PASS bow · actual supported walk leg: Challenge the Regent’s local seizure
PASS bow · actual movement and combat keep traveller alive
PASS bow · actual supported walk leg: Challenge the Regent’s local seizure
PASS bow · actual movement and combat keep traveller alive
PASS bow · actual supported walk leg: Challenge the Regent’s local seizure
PASS bow · actual movement and combat keep traveller alive
PASS bow · actual supported walk leg: Challenge the Regent’s local seizure
PASS bow · actual movement and combat keep traveller alive
PASS bow · actual supported walk leg: Challenge the Regent’s local seizure
PASS bow · actual movement and combat keep traveller alive
PASS bow · actual supported walk leg: Challenge the Regent’s local seizure
PASS bow · actual movement and combat keep traveller alive
PASS bow · actual supported walk leg: Challenge the Regent’s local seizure
PASS bow · actual movement and combat keep traveller alive
PASS bow · actual supported walk leg: Challenge the Regent’s local seizure
PASS bow · actual movement and combat keep traveller alive
PASS bow · actual supported walk leg: Challenge the Regent’s local seizure
PASS bow · actual movement and combat keep traveller alive
PASS bow · actual supported walk leg: Challenge the Regent’s local seizure
PASS bow · actual movement and combat keep traveller alive
PASS bow · actual supported walk leg: Challenge the Regent’s local seizure
PASS bow · actual movement and combat keep traveller alive
PASS bow · actual supported walk leg: Challenge the Regent’s local seizure
PASS bow · actual movement and combat keep traveller alive
PASS bow · actual supported walk leg: Challenge the Regent’s local seizure
PASS bow · actual movement and combat keep traveller alive
PASS bow · actual supported walk leg: Challenge the Regent’s local seizure
PASS bow · actual movement and combat keep traveller alive
PASS bow · actual supported walk leg: Challenge the Regent’s local seizure
PASS bow · actual movement and combat keep traveller alive
PASS bow · actual supported walk leg: Challenge the Regent’s local seizure
PASS bow · actual movement and combat keep traveller alive
PASS bow · actual supported walk leg: Challenge the Regent’s local seizure
PASS bow · actual movement and combat keep traveller alive
PASS bow · actual supported walk leg: Challenge the Regent’s local seizure
PASS bow · actual movement and combat keep traveller alive
PASS bow · actual supported walk leg: Challenge the Regent’s local seizure
PASS bow · actual movement and combat keep traveller alive
PASS bow · actual supported walk leg: Challenge the Regent’s local seizure
PASS bow · actual movement and combat keep traveller alive
PASS bow · actual supported walk leg: Challenge the Regent’s local seizure
PASS bow · actual movement and combat keep traveller alive
PASS bow · actual supported walk leg: Challenge the Regent’s local seizure
PASS bow · actual movement and combat keep traveller alive
PASS bow · actual supported walk leg: Challenge the Regent’s local seizure
PASS bow · actual movement and combat keep traveller alive
PASS bow · actual supported walk leg: Challenge the Regent’s local seizure
PASS bow · actual movement and combat keep traveller alive
PASS bow · actual supported walk leg: Challenge the Regent’s local seizure
PASS bow · actual movement and combat keep traveller alive
PASS bow · actual supported walk leg: Challenge the Regent’s local seizure
PASS bow · actual movement and combat keep traveller alive
PASS bow · actual supported walk leg: Challenge the Regent’s local seizure
PASS bow · actual movement and combat keep traveller alive
PASS bow · actual supported walk leg: Challenge the Regent’s local seizure
PASS bow · actual movement and combat keep traveller alive
PASS bow · actual supported walk leg: Challenge the Regent’s local seizure
PASS bow · actual movement and combat keep traveller alive
PASS bow · actual supported walk leg: Challenge the Regent’s local seizure
PASS bow · actual movement and combat keep traveller alive
PASS bow · actual supported walk leg: Challenge the Regent’s local seizure
PASS bow · actual movement and combat keep traveller alive
PASS bow · actual supported walk leg: Challenge the Regent’s local seizure
PASS bow · actual movement and combat keep traveller alive
PASS bow · actual supported walk leg: Challenge the Regent’s local seizure
PASS bow · actual movement and combat keep traveller alive
PASS bow · actual supported walk leg: Challenge the Regent’s local seizure
PASS bow · actual movement and combat keep traveller alive
PASS bow · actual supported walk leg: Challenge the Regent’s local seizure
PASS bow · actual movement and combat keep traveller alive
PASS bow · actual supported walk leg: Challenge the Regent’s local seizure
PASS bow · actual movement and combat keep traveller alive
PASS bow · actual supported walk leg: Challenge the Regent’s local seizure
PASS bow · actual movement and combat keep traveller alive
PASS bow · actual supported walk leg: Challenge the Regent’s local seizure
PASS bow · actual movement and combat keep traveller alive
PASS bow · actual supported walk leg: Challenge the Regent’s local seizure
PASS bow · actual movement and combat keep traveller alive
PASS bow · actual supported walk leg: Challenge the Regent’s local seizure
PASS bow · actual movement and combat keep traveller alive
PASS bow · actual supported walk leg: Challenge the Regent’s local seizure
PASS bow · actual movement and combat keep traveller alive
PASS bow · actual supported walk leg: Challenge the Regent’s local seizure
PASS bow · actual movement and combat keep traveller alive
PASS bow · actual supported walk leg: Challenge the Regent’s local seizure
PASS bow · actual movement and combat keep traveller alive
PASS bow · actual supported walk leg: Challenge the Regent’s local seizure
PASS bow · actual movement and combat keep traveller alive
PASS bow · actual supported walk leg: Challenge the Regent’s local seizure
PASS bow · actual movement and combat keep traveller alive
PASS bow · actual supported walk leg: Challenge the Regent’s local seizure
PASS bow · actual movement and combat keep traveller alive
PASS bow · actual supported walk leg: Challenge the Regent’s local seizure
PASS bow · actual movement and combat keep traveller alive
PASS bow · actual supported walk leg: Challenge the Regent’s local seizure
PASS bow · actual movement and combat keep traveller alive
PASS bow · actual supported walk leg: Challenge the Regent’s local seizure
PASS bow · actual movement and combat keep traveller alive
PASS bow · actual supported walk leg: Challenge the Regent’s local seizure
PASS bow · actual movement and combat keep traveller alive
PASS bow · actual supported walk leg: Challenge the Regent’s local seizure
PASS bow · actual movement and combat keep traveller alive
PASS bow · actual supported walk leg: Challenge the Regent’s local seizure
PASS bow · actual movement and combat keep traveller alive
PASS bow · actual supported walk leg: Challenge the Regent’s local seizure
PASS bow · actual movement and combat keep traveller alive
PASS bow · actual supported walk leg: Challenge the Regent’s local seizure
PASS bow · actual movement and combat keep traveller alive
PASS bow · actual supported walk leg: Challenge the Regent’s local seizure
PASS bow · actual movement and combat keep traveller alive
PASS bow · actual supported walk leg: Challenge the Regent’s local seizure
PASS bow · actual movement and combat keep traveller alive
PASS bow · actual supported walk leg: Challenge the Regent’s local seizure
PASS bow · actual movement and combat keep traveller alive
PASS bow · actual supported walk leg: Challenge the Regent’s local seizure
PASS bow · actual movement and combat keep traveller alive
PASS bow · actual supported walk leg: Challenge the Regent’s local seizure
PASS bow · actual movement and combat keep traveller alive
PASS bow · actual supported walk leg: Challenge the Regent’s local seizure
PASS bow · actual movement and combat keep traveller alive
PASS bow · actual supported walk leg: Challenge the Regent’s local seizure
PASS bow · actual movement and combat keep traveller alive
PASS bow · actual supported walk leg: Challenge the Regent’s local seizure
PASS bow · actual movement and combat keep traveller alive
PASS bow · actual supported walk leg: Challenge the Regent’s local seizure
PASS bow · actual movement and combat keep traveller alive
PASS bow · actual supported walk leg: Challenge the Regent’s local seizure
PASS bow · actual movement and combat keep traveller alive
PASS bow · actual supported walk leg: Challenge the Regent’s local seizure
PASS bow · actual movement and combat keep traveller alive
PASS bow · actual supported walk leg: Challenge the Regent’s local seizure
PASS bow · actual movement and combat keep traveller alive
PASS bow · actual supported walk leg: Challenge the Regent’s local seizure
PASS bow · actual movement and combat keep traveller alive
PASS bow · actual supported walk leg: Challenge the Regent’s local seizure
PASS bow · actual movement and combat keep traveller alive
PASS bow · actual supported walk leg: Challenge the Regent’s local seizure
PASS bow · actual movement and combat keep traveller alive
PASS bow · actual supported walk leg: Challenge the Regent’s local seizure
PASS bow · actual movement and combat keep traveller alive
PASS bow · actual supported walk leg: Challenge the Regent’s local seizure
PASS bow · actual movement and combat keep traveller alive
PASS bow · actual supported walk leg: Challenge the Regent’s local seizure
PASS bow · actual movement and combat keep traveller alive
PASS bow · actual supported walk leg: Challenge the Regent’s local seizure
PASS bow · actual movement and combat keep traveller alive
PASS bow · actual supported walk leg: Challenge the Regent’s local seizure
PASS bow · actual movement and combat keep traveller alive
PASS bow · actual supported walk leg: Challenge the Regent’s local seizure
PASS bow · actual movement and combat keep traveller alive
PASS bow · actual supported walk leg: Challenge the Regent’s local seizure
PASS bow · actual movement and combat keep traveller alive
PASS bow · actual supported walk leg: Challenge the Regent’s local seizure
PASS bow · actual movement and combat keep traveller alive
PASS bow · actual supported walk leg: Challenge the Regent’s local seizure
PASS bow · actual movement and combat keep traveller alive
PASS bow · actual supported walk leg: Challenge the Regent’s local seizure
PASS bow · actual movement and combat keep traveller alive
PASS bow · actual supported walk leg: Challenge the Regent’s local seizure
PASS bow · actual movement and combat keep traveller alive
PASS bow · actual supported walk leg: Challenge the Regent’s local seizure
PASS bow · actual movement and combat keep traveller alive
PASS bow · actual supported walk leg: Challenge the Regent’s local seizure
PASS bow · actual movement and combat keep traveller alive
PASS bow · actual supported walk leg: Challenge the Regent’s local seizure
PASS bow · actual movement and combat keep traveller alive
PASS bow · actual supported walk leg: Challenge the Regent’s local seizure
PASS bow · actual movement and combat keep traveller alive
PASS bow · actual supported walk leg: Challenge the Regent’s local seizure
PASS bow · actual movement and combat keep traveller alive
PASS bow · actual supported walk leg: Challenge the Regent’s local seizure
PASS bow · actual movement and combat keep traveller alive
PASS bow · actual supported walk leg: Challenge the Regent’s local seizure
PASS bow · actual movement and combat keep traveller alive
PASS bow · actual supported walk leg: Challenge the Regent’s local seizure
PASS bow · actual movement and combat keep traveller alive
PASS bow · actual supported walk leg: Challenge the Regent’s local seizure
PASS bow · actual movement and combat keep traveller alive
PASS bow · actual supported walk leg: Challenge the Regent’s local seizure
PASS bow · actual movement and combat keep traveller alive
PASS bow · actual supported walk leg: Challenge the Regent’s local seizure
PASS bow · actual movement and combat keep traveller alive
PASS bow · actual supported walk leg: Challenge the Regent’s local seizure
PASS bow · actual movement and combat keep traveller alive
PASS bow · actual supported walk leg: Challenge the Regent’s local seizure
PASS bow · actual movement and combat keep traveller alive
PASS bow · actual supported walk leg: Challenge the Regent’s local seizure
PASS bow · actual movement and combat keep traveller alive
PASS bow · actual supported walk leg: Challenge the Regent’s local seizure
PASS bow · actual movement and combat keep traveller alive
PASS bow · actual supported walk leg: Challenge the Regent’s local seizure
PASS bow · actual movement and combat keep traveller alive
PASS bow · actual supported walk leg: Challenge the Regent’s local seizure
PASS bow · production walking reaches Challenge the Regent’s local seizure
PASS bow · physical native action records challenge-regent
PASS bow · physical work pays no independent fee
PASS bow · production route is accepted for actual partial-combat approach
PASS bow · whole production body path is supported: actual partial-combat approach
PASS bow · actual movement and combat keep traveller alive
PASS bow · actual supported walk leg: actual partial-combat approach
PASS bow · production walking reaches actual partial-combat approach
PASS bow · physical arrival has no actor teleport for actual partial-combat approach
PASS bow · native Tab selects actual Regent
PASS bow · actual owned weapon is ready
PASS bow · actual movement and combat keep traveller alive
PASS bow · native owned attack causes actual weapon damage
PASS bow · partial real attack leaves encounter unrecorded
PASS bow · native free return does not earn Oren home arrival partial retreat
PASS bow · native current-view action saves unfinished-actual-encounter
PASS bow · exact full native world persisted unfinished-actual-encounter
PASS bow · unfinished-actual-encounter preserves the full other original native character slot value
PASS bow · exact frozen actual HTML served
PASS bow · actual WebGL2 renderer
PASS bow · requested renderer observed
PASS bow · whole Chromium restart loads exact bytes unfinished-actual-encounter
PASS bow · actual cold load preserves owners/payment/kit unfinished-actual-encounter
PASS bow · unfinished-actual-encounter cold load preserves the full other original native character slot value
PASS bow · stage reached and completed: partial-retreat
PASS bow · production route is accepted for actual five-light entry marker
PASS bow · whole production body path is supported: actual five-light entry marker
PASS bow · actual movement and combat keep traveller alive
PASS bow · actual supported walk leg: actual five-light entry marker
PASS bow · production walking reaches actual five-light entry marker
PASS bow · physical arrival has no actor teleport for actual five-light entry marker
PASS bow · native explicit crossing reaches Earth road
PASS bow · unrecorded encounter resets through real reentry
PASS bow · production route is accepted for ordinary close signal approach
PASS bow · whole production body path is supported: ordinary close signal approach
PASS bow · actual movement and combat keep traveller alive
PASS bow · actual supported walk leg: ordinary close signal approach
PASS bow · actual movement and combat keep traveller alive
PASS bow · actual supported walk leg: ordinary close signal approach
PASS bow · actual movement and combat keep traveller alive
PASS bow · actual supported walk leg: ordinary close signal approach
PASS bow · actual movement and combat keep traveller alive
PASS bow · actual supported walk leg: ordinary close signal approach
PASS bow · actual movement and combat keep traveller alive
PASS bow · actual supported walk leg: ordinary close signal approach
PASS bow · actual movement and combat keep traveller alive
PASS bow · actual supported walk leg: ordinary close signal approach
PASS bow · actual movement and combat keep traveller alive
PASS bow · actual supported walk leg: ordinary close signal approach
PASS bow · actual movement and combat keep traveller alive
PASS bow · actual supported walk leg: ordinary close signal approach
PASS bow · actual movement and combat keep traveller alive
PASS bow · actual supported walk leg: ordinary close signal approach
PASS bow · actual movement and combat keep traveller alive
PASS bow · actual supported walk leg: ordinary close signal approach
PASS bow · actual movement and combat keep traveller alive
PASS bow · actual supported walk leg: ordinary close signal approach
PASS bow · actual movement and combat keep traveller alive
PASS bow · actual supported walk leg: ordinary close signal approach
PASS bow · actual movement and combat keep traveller alive
PASS bow · actual supported walk leg: ordinary close signal approach
PASS bow · actual movement and combat keep traveller alive
PASS bow · actual supported walk leg: ordinary close signal approach
PASS bow · actual movement and combat keep traveller alive
PASS bow · actual supported walk leg: ordinary close signal approach
PASS bow · actual movement and combat keep traveller alive
PASS bow · actual supported walk leg: ordinary close signal approach
PASS bow · actual movement and combat keep traveller alive
PASS bow · actual supported walk leg: ordinary close signal approach
PASS bow · actual movement and combat keep traveller alive
PASS bow · actual supported walk leg: ordinary close signal approach
PASS bow · actual movement and combat keep traveller alive
PASS bow · actual supported walk leg: ordinary close signal approach
PASS bow · actual movement and combat keep traveller alive
PASS bow · actual supported walk leg: ordinary close signal approach
PASS bow · actual movement and combat keep traveller alive
PASS bow · actual supported walk leg: ordinary close signal approach
PASS bow · actual movement and combat keep traveller alive
PASS bow · actual supported walk leg: ordinary close signal approach
PASS bow · actual movement and combat keep traveller alive
PASS bow · actual supported walk leg: ordinary close signal approach
PASS bow · actual movement and combat keep traveller alive
PASS bow · actual supported walk leg: ordinary close signal approach
PASS bow · actual movement and combat keep traveller alive
PASS bow · actual supported walk leg: ordinary close signal approach
PASS bow · actual movement and combat keep traveller alive
PASS bow · actual supported walk leg: ordinary close signal approach
PASS bow · actual movement and combat keep traveller alive
PASS bow · actual supported walk leg: ordinary close signal approach
PASS bow · actual movement and combat keep traveller alive
PASS bow · actual supported walk leg: ordinary close signal approach
PASS bow · actual movement and combat keep traveller alive
PASS bow · actual supported walk leg: ordinary close signal approach
PASS bow · actual movement and combat keep traveller alive
PASS bow · actual supported walk leg: ordinary close signal approach
PASS bow · actual movement and combat keep traveller alive
PASS bow · actual supported walk leg: ordinary close signal approach
PASS bow · actual movement and combat keep traveller alive
PASS bow · actual supported walk leg: ordinary close signal approach
PASS bow · actual movement and combat keep traveller alive
PASS bow · actual supported walk leg: ordinary close signal approach
PASS bow · actual movement and combat keep traveller alive
PASS bow · actual supported walk leg: ordinary close signal approach
PASS bow · actual movement and combat keep traveller alive
PASS bow · actual supported walk leg: ordinary close signal approach
PASS bow · actual movement and combat keep traveller alive
PASS bow · actual supported walk leg: ordinary close signal approach
PASS bow · actual movement and combat keep traveller alive
PASS bow · actual supported walk leg: ordinary close signal approach
PASS bow · actual movement and combat keep traveller alive
PASS bow · actual supported walk leg: ordinary close signal approach
PASS bow · actual movement and combat keep traveller alive
PASS bow · actual supported walk leg: ordinary close signal approach
PASS bow · actual movement and combat keep traveller alive
PASS bow · actual supported walk leg: ordinary close signal approach
PASS bow · actual movement and combat keep traveller alive
PASS bow · actual supported walk leg: ordinary close signal approach
PASS bow · actual movement and combat keep traveller alive
PASS bow · actual supported walk leg: ordinary close signal approach
PASS bow · actual movement and combat keep traveller alive
PASS bow · actual supported walk leg: ordinary close signal approach
PASS bow · actual movement and combat keep traveller alive
PASS bow · actual supported walk leg: ordinary close signal approach
PASS bow · actual movement and combat keep traveller alive
PASS bow · actual supported walk leg: ordinary close signal approach
PASS bow · actual movement and combat keep traveller alive
PASS bow · actual supported walk leg: ordinary close signal approach
PASS bow · actual movement and combat keep traveller alive
PASS bow · actual supported walk leg: ordinary close signal approach
PASS bow · actual movement and combat keep traveller alive
PASS bow · actual supported walk leg: ordinary close signal approach
PASS bow · actual movement and combat keep traveller alive
PASS bow · actual supported walk leg: ordinary close signal approach
PASS bow · actual movement and combat keep traveller alive
PASS bow · actual supported walk leg: ordinary close signal approach
PASS bow · actual movement and combat keep traveller alive
PASS bow · actual supported walk leg: ordinary close signal approach
PASS bow · actual movement and combat keep traveller alive
PASS bow · actual supported walk leg: ordinary close signal approach
PASS bow · actual movement and combat keep traveller alive
PASS bow · actual supported walk leg: ordinary close signal approach
PASS bow · actual movement and combat keep traveller alive
PASS bow · actual supported walk leg: ordinary close signal approach
PASS bow · actual movement and combat keep traveller alive
PASS bow · actual supported walk leg: ordinary close signal approach
PASS bow · actual movement and combat keep traveller alive
PASS bow · actual supported walk leg: ordinary close signal approach
PASS bow · actual movement and combat keep traveller alive
PASS bow · actual supported walk leg: ordinary close signal approach
PASS bow · actual movement and combat keep traveller alive
PASS bow · actual supported walk leg: ordinary close signal approach
PASS bow · actual movement and combat keep traveller alive
PASS bow · actual supported walk leg: ordinary close signal approach
PASS bow · actual movement and combat keep traveller alive
PASS bow · actual supported walk leg: ordinary close signal approach
PASS bow · actual movement and combat keep traveller alive
PASS bow · actual supported walk leg: ordinary close signal approach
PASS bow · actual movement and combat keep traveller alive
PASS bow · actual supported walk leg: ordinary close signal approach
PASS bow · actual movement and combat keep traveller alive
PASS bow · actual supported walk leg: ordinary close signal approach
PASS bow · actual movement and combat keep traveller alive
PASS bow · actual supported walk leg: ordinary close signal approach
PASS bow · actual movement and combat keep traveller alive
PASS bow · actual supported walk leg: ordinary close signal approach
PASS bow · actual movement and combat keep traveller alive
PASS bow · actual supported walk leg: ordinary close signal approach
PASS bow · actual movement and combat keep traveller alive
PASS bow · actual supported walk leg: ordinary close signal approach
PASS bow · actual movement and combat keep traveller alive
PASS bow · actual supported walk leg: ordinary close signal approach
PASS bow · actual movement and combat keep traveller alive
PASS bow · actual supported walk leg: ordinary close signal approach
PASS bow · actual movement and combat keep traveller alive
PASS bow · actual supported walk leg: ordinary close signal approach
PASS bow · actual movement and combat keep traveller alive
PASS bow · actual supported walk leg: ordinary close signal approach
PASS bow · actual movement and combat keep traveller alive
PASS bow · actual supported walk leg: ordinary close signal approach
PASS bow · actual movement and combat keep traveller alive
PASS bow · actual supported walk leg: ordinary close signal approach
PASS bow · actual movement and combat keep traveller alive
PASS bow · actual supported walk leg: ordinary close signal approach
PASS bow · actual movement and combat keep traveller alive
PASS bow · actual supported walk leg: ordinary close signal approach
PASS bow · actual movement and combat keep traveller alive
PASS bow · actual supported walk leg: ordinary close signal approach
PASS bow · actual movement and combat keep traveller alive
PASS bow · actual supported walk leg: ordinary close signal approach
PASS bow · actual movement and combat keep traveller alive
PASS bow · actual supported walk leg: ordinary close signal approach
PASS bow · actual movement and combat keep traveller alive
PASS bow · actual supported walk leg: ordinary close signal approach
PASS bow · actual movement and combat keep traveller alive
PASS bow · actual supported walk leg: ordinary close signal approach
PASS bow · actual movement and combat keep traveller alive
PASS bow · actual supported walk leg: ordinary close signal approach
PASS bow · actual movement and combat keep traveller alive
PASS bow · actual supported walk leg: ordinary close signal approach
PASS bow · actual movement and combat keep traveller alive
PASS bow · actual supported walk leg: ordinary close signal approach
PASS bow · actual movement and combat keep traveller alive
PASS bow · actual supported walk leg: ordinary close signal approach
PASS bow · actual movement and combat keep traveller alive
PASS bow · actual supported walk leg: ordinary close signal approach
PASS bow · actual movement and combat keep traveller alive
PASS bow · actual supported walk leg: ordinary close signal approach
PASS bow · actual movement and combat keep traveller alive
PASS bow · actual supported walk leg: ordinary close signal approach
PASS bow · actual movement and combat keep traveller alive
PASS bow · actual supported walk leg: ordinary close signal approach
PASS bow · actual movement and combat keep traveller alive
PASS bow · actual supported walk leg: ordinary close signal approach
PASS bow · actual movement and combat keep traveller alive
PASS bow · actual supported walk leg: ordinary close signal approach
PASS bow · actual movement and combat keep traveller alive
PASS bow · actual supported walk leg: ordinary close signal approach
PASS bow · actual movement and combat keep traveller alive
PASS bow · actual supported walk leg: ordinary close signal approach
PASS bow · actual movement and combat keep traveller alive
PASS bow · actual supported walk leg: ordinary close signal approach
PASS bow · actual movement and combat keep traveller alive
PASS bow · actual supported walk leg: ordinary close signal approach
PASS bow · actual movement and combat keep traveller alive
PASS bow · actual supported walk leg: ordinary close signal approach
PASS bow · actual movement and combat keep traveller alive
PASS bow · actual supported walk leg: ordinary close signal approach
PASS bow · actual movement and combat keep traveller alive
PASS bow · actual supported walk leg: ordinary close signal approach
PASS bow · actual movement and combat keep traveller alive
PASS bow · actual supported walk leg: ordinary close signal approach
PASS bow · actual movement and combat keep traveller alive
PASS bow · actual supported walk leg: ordinary close signal approach
PASS bow · actual movement and combat keep traveller alive
PASS bow · actual supported walk leg: ordinary close signal approach
PASS bow · actual movement and combat keep traveller alive
PASS bow · actual supported walk leg: ordinary close signal approach
PASS bow · actual movement and combat keep traveller alive
PASS bow · actual supported walk leg: ordinary close signal approach
PASS bow · actual movement and combat keep traveller alive
PASS bow · actual supported walk leg: ordinary close signal approach
PASS bow · actual movement and combat keep traveller alive
PASS bow · actual supported walk leg: ordinary close signal approach
PASS bow · actual movement and combat keep traveller alive
PASS bow · actual supported walk leg: ordinary close signal approach
PASS bow · actual movement and combat keep traveller alive
PASS bow · actual supported walk leg: ordinary close signal approach
PASS bow · actual movement and combat keep traveller alive
PASS bow · actual supported walk leg: ordinary close signal approach
PASS bow · actual movement and combat keep traveller alive
PASS bow · actual supported walk leg: ordinary close signal approach
PASS bow · actual movement and combat keep traveller alive
PASS bow · actual supported walk leg: ordinary close signal approach
PASS bow · actual movement and combat keep traveller alive
PASS bow · actual supported walk leg: ordinary close signal approach
PASS bow · actual movement and combat keep traveller alive
PASS bow · actual supported walk leg: ordinary close signal approach
PASS bow · actual movement and combat keep traveller alive
PASS bow · actual supported walk leg: ordinary close signal approach
PASS bow · actual movement and combat keep traveller alive
PASS bow · actual supported walk leg: ordinary close signal approach
PASS bow · actual movement and combat keep traveller alive
PASS bow · actual supported walk leg: ordinary close signal approach
PASS bow · actual movement and combat keep traveller alive
PASS bow · actual supported walk leg: ordinary close signal approach
PASS bow · actual movement and combat keep traveller alive
PASS bow · actual supported walk leg: ordinary close signal approach
PASS bow · actual movement and combat keep traveller alive
PASS bow · actual supported walk leg: ordinary close signal approach
PASS bow · actual movement and combat keep traveller alive
PASS bow · actual supported walk leg: ordinary close signal approach
PASS bow · actual movement and combat keep traveller alive
PASS bow · actual supported walk leg: ordinary close signal approach
PASS bow · actual movement and combat keep traveller alive
PASS bow · actual supported walk leg: ordinary close signal approach
PASS bow · actual movement and combat keep traveller alive
PASS bow · actual supported walk leg: ordinary close signal approach
PASS bow · actual movement and combat keep traveller alive
PASS bow · actual supported walk leg: ordinary close signal approach
PASS bow · actual movement and combat keep traveller alive
PASS bow · actual supported walk leg: ordinary close signal approach
PASS bow · actual movement and combat keep traveller alive
PASS bow · actual supported walk leg: ordinary close signal approach
PASS bow · actual movement and combat keep traveller alive
PASS bow · actual supported walk leg: ordinary close signal approach
PASS bow · actual movement and combat keep traveller alive
PASS bow · actual supported walk leg: ordinary close signal approach
PASS bow · actual movement and combat keep traveller alive
PASS bow · actual supported walk leg: ordinary close signal approach
PASS bow · actual movement and combat keep traveller alive
PASS bow · actual supported walk leg: ordinary close signal approach
PASS bow · actual movement and combat keep traveller alive
PASS bow · actual supported walk leg: ordinary close signal approach
PASS bow · actual movement and combat keep traveller alive
PASS bow · actual supported walk leg: ordinary close signal approach
PASS bow · actual movement and combat keep traveller alive
PASS bow · actual supported walk leg: ordinary close signal approach
PASS bow · actual movement and combat keep traveller alive
PASS bow · actual supported walk leg: ordinary close signal approach
PASS bow · actual movement and combat keep traveller alive
PASS bow · actual supported walk leg: ordinary close signal approach
PASS bow · actual movement and combat keep traveller alive
PASS bow · actual supported walk leg: ordinary close signal approach
PASS bow · actual movement and combat keep traveller alive
PASS bow · actual supported walk leg: ordinary close signal approach
PASS bow · actual movement and combat keep traveller alive
PASS bow · actual supported walk leg: ordinary close signal approach
PASS bow · actual movement and combat keep traveller alive
PASS bow · actual supported walk leg: ordinary close signal approach
PASS bow · actual movement and combat keep traveller alive
PASS bow · actual supported walk leg: ordinary close signal approach
PASS bow · actual movement and combat keep traveller alive
PASS bow · actual supported walk leg: ordinary close signal approach
PASS bow · actual movement and combat keep traveller alive
PASS bow · actual supported walk leg: ordinary close signal approach
PASS bow · actual movement and combat keep traveller alive
PASS bow · actual supported walk leg: ordinary close signal approach
PASS bow · actual movement and combat keep traveller alive
PASS bow · actual supported walk leg: ordinary close signal approach
PASS bow · actual movement and combat keep traveller alive
PASS bow · actual supported walk leg: ordinary close signal approach
PASS bow · production walking reaches ordinary close signal approach
PASS bow · physical arrival has no actor teleport for ordinary close signal approach
PASS bow · native Tab selects actual Regent
PASS bow · naturally scheduled immutable actual claim-lane warning
PASS bow · actual whole Regent body grounded within its collision radius and exact raised warning footprint
PASS bow · supplied screen changes only broad warning duration
PASS bow · actual movement and combat keep traveller alive
PASS bow · one actual locked contact preserves its frame
PASS bow · actual owned weapon is ready
PASS bow · actual movement and combat keep traveller alive
PASS bow · native owned attack causes actual weapon damage
PASS bow · actual owned weapon is ready
PASS bow · actual movement and combat keep traveller alive
PASS bow · native owned attack causes actual weapon damage
PASS bow · actual owned weapon is ready
PASS bow · actual movement and combat keep traveller alive
PASS bow · native owned attack causes actual weapon damage
PASS bow · production route is accepted for actual carried bow firing distance
PASS bow · whole production body path is supported: actual carried bow firing distance
PASS bow · actual movement and combat keep traveller alive
PASS bow · actual supported walk leg: actual carried bow firing distance
PASS bow · actual movement and combat keep traveller alive
PASS bow · actual supported walk leg: actual carried bow firing distance
PASS bow · actual movement and combat keep traveller alive
PASS bow · actual supported walk leg: actual carried bow firing distance
PASS bow · actual movement and combat keep traveller alive
PASS bow · actual supported walk leg: actual carried bow firing distance
PASS bow · actual movement and combat keep traveller alive
PASS bow · actual supported walk leg: actual carried bow firing distance
PASS bow · actual movement and combat keep traveller alive
PASS bow · actual supported walk leg: actual carried bow firing distance
PASS bow · actual movement and combat keep traveller alive
PASS bow · actual supported walk leg: actual carried bow firing distance
PASS bow · actual movement and combat keep traveller alive
PASS bow · actual supported walk leg: actual carried bow firing distance
PASS bow · actual movement and combat keep traveller alive
PASS bow · actual supported walk leg: actual carried bow firing distance
PASS bow · actual movement and combat keep traveller alive
PASS bow · actual supported walk leg: actual carried bow firing distance
PASS bow · actual movement and combat keep traveller alive
PASS bow · actual supported walk leg: actual carried bow firing distance
PASS bow · actual movement and combat keep traveller alive
PASS bow · actual supported walk leg: actual carried bow firing distance
PASS bow · actual movement and combat keep traveller alive
PASS bow · actual supported walk leg: actual carried bow firing distance
PASS bow · actual movement and combat keep traveller alive
PASS bow · actual supported walk leg: actual carried bow firing distance
PASS bow · production walking reaches actual carried bow firing distance
PASS bow · physical arrival has no actor teleport for actual carried bow firing distance
PASS bow · naturally scheduled immutable actual false-shelter warning
PASS bow · actual whole Regent body grounded within its collision radius and exact raised warning footprint
PASS bow · actual selected foe offers native third-person framing
PASS bow · actual camera projection adventure
PASS bow · causal actual pixels and exact restoration narrow adventure
PASS bow · actual selected foe offers native third-person framing
PASS bow · actual camera projection adventure
PASS bow · causal actual pixels and exact restoration body adventure
PASS bow · actual selected foe offers native third-person framing
PASS bow · actual camera projection adventure
PASS bow · causal actual pixels and exact restoration paired-inlay adventure
PASS bow · actual camera projection follow
PASS bow · causal actual pixels and exact restoration narrow follow
PASS bow · actual camera projection follow
PASS bow · causal actual pixels and exact restoration body follow
PASS bow · actual camera projection follow
PASS bow · causal actual pixels and exact restoration paired-inlay follow
PASS bow · empty-geometry positive control detects the actual fresh framebuffer
PASS bow · fixed long narrow lane stays declared
PASS bow · actual movement and combat keep traveller alive
PASS bow · one actual locked contact preserves its frame
PASS bow · production route is accepted for supported next phase weapon approach
PASS bow · whole production body path is supported: supported next phase weapon approach
PASS bow · actual movement and combat keep traveller alive
PASS bow · actual supported walk leg: supported next phase weapon approach
PASS bow · actual movement and combat keep traveller alive
PASS bow · actual supported walk leg: supported next phase weapon approach
PASS bow · actual movement and combat keep traveller alive
PASS bow · actual supported walk leg: supported next phase weapon approach
PASS bow · actual movement and combat keep traveller alive
PASS bow · actual supported walk leg: supported next phase weapon approach
PASS bow · actual movement and combat keep traveller alive
PASS bow · actual supported walk leg: supported next phase weapon approach
PASS bow · actual movement and combat keep traveller alive
PASS bow · actual supported walk leg: supported next phase weapon approach
PASS bow · actual movement and combat keep traveller alive
PASS bow · actual supported walk leg: supported next phase weapon approach
PASS bow · actual movement and combat keep traveller alive
PASS bow · actual supported walk leg: supported next phase weapon approach
PASS bow · actual movement and combat keep traveller alive
PASS bow · actual supported walk leg: supported next phase weapon approach
PASS bow · actual movement and combat keep traveller alive
PASS bow · actual supported walk leg: supported next phase weapon approach
PASS bow · actual movement and combat keep traveller alive
PASS bow · actual supported walk leg: supported next phase weapon approach
PASS bow · actual movement and combat keep traveller alive
PASS bow · actual supported walk leg: supported next phase weapon approach
PASS bow · actual movement and combat keep traveller alive
PASS bow · actual supported walk leg: supported next phase weapon approach
PASS bow · actual movement and combat keep traveller alive
PASS bow · actual supported walk leg: supported next phase weapon approach
PASS bow · production walking reaches supported next phase weapon approach
PASS bow · physical arrival has no actor teleport for supported next phase weapon approach
PASS bow · actual owned weapon is ready
PASS bow · actual movement and combat keep traveller alive
PASS bow · native owned attack causes actual weapon damage
PASS bow · actual owned weapon is ready
PASS bow · actual movement and combat keep traveller alive
PASS bow · native owned attack causes actual weapon damage
PASS bow · naturally scheduled immutable actual closing-ring warning
PASS bow · actual whole Regent body grounded within its collision radius and exact raised warning footprint
PASS bow · actual movement and combat keep traveller alive
PASS bow · one actual locked contact preserves its frame
PASS bow · production route is accepted for actual final bow range
PASS bow · whole production body path is supported: actual final bow range
PASS bow · actual movement and combat keep traveller alive
PASS bow · actual supported walk leg: actual final bow range
PASS bow · actual movement and combat keep traveller alive
PASS bow · actual supported walk leg: actual final bow range
PASS bow · actual movement and combat keep traveller alive
PASS bow · actual supported walk leg: actual final bow range
PASS bow · actual movement and combat keep traveller alive
PASS bow · actual supported walk leg: actual final bow range
PASS bow · actual movement and combat keep traveller alive
PASS bow · actual supported walk leg: actual final bow range
PASS bow · actual movement and combat keep traveller alive
PASS bow · actual supported walk leg: actual final bow range
PASS bow · actual movement and combat keep traveller alive
PASS bow · actual supported walk leg: actual final bow range
PASS bow · actual movement and combat keep traveller alive
PASS bow · actual supported walk leg: actual final bow range
PASS bow · actual movement and combat keep traveller alive
PASS bow · actual supported walk leg: actual final bow range
PASS bow · actual movement and combat keep traveller alive
PASS bow · actual supported walk leg: actual final bow range
PASS bow · actual movement and combat keep traveller alive
PASS bow · actual supported walk leg: actual final bow range
PASS bow · actual movement and combat keep traveller alive
PASS bow · actual supported walk leg: actual final bow range
PASS bow · actual movement and combat keep traveller alive
PASS bow · actual supported walk leg: actual final bow range
PASS bow · actual movement and combat keep traveller alive
PASS bow · actual supported walk leg: actual final bow range
PASS bow · production walking reaches actual final bow range
PASS bow · physical arrival has no actor teleport for actual final bow range
PASS bow · native Auto enables real weapon intent
PASS bow · actual movement and combat keep traveller alive
PASS bow · actual movement and combat keep traveller alive
PASS bow · actual movement and combat keep traveller alive
PASS bow · actual movement and combat keep traveller alive
PASS bow · actual movement and combat keep traveller alive
PASS bow · actual zero HP combat durably earns local repulse
PASS bow · actual weapon contacts contribute independently of companion
PASS bow · real arrows travel and collide
PASS bow · no generic enemy loot or payout
PASS bow · stage reached and completed: combat
PASS bow · native current-view action saves regent-repelled
PASS bow · exact full native world persisted regent-repelled
PASS bow · regent-repelled preserves the full other original native character slot value
PASS bow · exact frozen actual HTML served
PASS bow · actual WebGL2 renderer
PASS bow · requested renderer observed
PASS bow · whole Chromium restart loads exact bytes regent-repelled
PASS bow · actual cold load preserves owners/payment/kit regent-repelled
PASS bow · regent-repelled cold load preserves the full other original native character slot value
PASS bow · production route is accepted for actual five-light entry marker
PASS bow · whole production body path is supported: actual five-light entry marker
PASS bow · actual movement and combat keep traveller alive
PASS bow · actual supported walk leg: actual five-light entry marker
PASS bow · production walking reaches actual five-light entry marker
PASS bow · physical arrival has no actor teleport for actual five-light entry marker
PASS bow · native explicit crossing reaches Earth road
PASS bow · no manual defeat/choice/arrival control
PASS bow · whole production body path is supported: Secure the independent local passage
PASS bow · actual movement and combat keep traveller alive
PASS bow · actual supported walk leg: Secure the independent local passage
PASS bow · actual movement and combat keep traveller alive
PASS bow · actual supported walk leg: Secure the independent local passage
PASS bow · actual movement and combat keep traveller alive
PASS bow · actual supported walk leg: Secure the independent local passage
PASS bow · actual movement and combat keep traveller alive
PASS bow · actual supported walk leg: Secure the independent local passage
PASS bow · actual movement and combat keep traveller alive
PASS bow · actual supported walk leg: Secure the independent local passage
PASS bow · actual movement and combat keep traveller alive
PASS bow · actual supported walk leg: Secure the independent local passage
PASS bow · actual movement and combat keep traveller alive
PASS bow · actual supported walk leg: Secure the independent local passage
PASS bow · actual movement and combat keep traveller alive
PASS bow · actual supported walk leg: Secure the independent local passage
PASS bow · actual movement and combat keep traveller alive
PASS bow · actual supported walk leg: Secure the independent local passage
PASS bow · actual movement and combat keep traveller alive
PASS bow · actual supported walk leg: Secure the independent local passage
PASS bow · actual movement and combat keep traveller alive
PASS bow · actual supported walk leg: Secure the independent local passage
PASS bow · actual movement and combat keep traveller alive
PASS bow · actual supported walk leg: Secure the independent local passage
PASS bow · actual movement and combat keep traveller alive
PASS bow · actual supported walk leg: Secure the independent local passage
PASS bow · actual movement and combat keep traveller alive
PASS bow · actual supported walk leg: Secure the independent local passage
PASS bow · actual movement and combat keep traveller alive
PASS bow · actual supported walk leg: Secure the independent local passage
PASS bow · actual movement and combat keep traveller alive
PASS bow · actual supported walk leg: Secure the independent local passage
PASS bow · actual movement and combat keep traveller alive
PASS bow · actual supported walk leg: Secure the independent local passage
PASS bow · actual movement and combat keep traveller alive
PASS bow · actual supported walk leg: Secure the independent local passage
PASS bow · actual movement and combat keep traveller alive
PASS bow · actual supported walk leg: Secure the independent local passage
PASS bow · actual movement and combat keep traveller alive
PASS bow · actual supported walk leg: Secure the independent local passage
PASS bow · actual movement and combat keep traveller alive
PASS bow · actual supported walk leg: Secure the independent local passage
PASS bow · actual movement and combat keep traveller alive
PASS bow · actual supported walk leg: Secure the independent local passage
PASS bow · actual movement and combat keep traveller alive
PASS bow · actual supported walk leg: Secure the independent local passage
PASS bow · actual movement and combat keep traveller alive
PASS bow · actual supported walk leg: Secure the independent local passage
PASS bow · actual movement and combat keep traveller alive
PASS bow · actual supported walk leg: Secure the independent local passage
PASS bow · actual movement and combat keep traveller alive
PASS bow · actual supported walk leg: Secure the independent local passage
PASS bow · actual movement and combat keep traveller alive
PASS bow · actual supported walk leg: Secure the independent local passage
PASS bow · actual movement and combat keep traveller alive
PASS bow · actual supported walk leg: Secure the independent local passage
PASS bow · actual movement and combat keep traveller alive
PASS bow · actual supported walk leg: Secure the independent local passage
PASS bow · actual movement and combat keep traveller alive
PASS bow · actual supported walk leg: Secure the independent local passage
PASS bow · actual movement and combat keep traveller alive
PASS bow · actual supported walk leg: Secure the independent local passage
PASS bow · actual movement and combat keep traveller alive
PASS bow · actual supported walk leg: Secure the independent local passage
PASS bow · actual movement and combat keep traveller alive
PASS bow · actual supported walk leg: Secure the independent local passage
PASS bow · actual movement and combat keep traveller alive
PASS bow · actual supported walk leg: Secure the independent local passage
PASS bow · actual movement and combat keep traveller alive
PASS bow · actual supported walk leg: Secure the independent local passage
PASS bow · actual movement and combat keep traveller alive
PASS bow · actual supported walk leg: Secure the independent local passage
PASS bow · actual movement and combat keep traveller alive
PASS bow · actual supported walk leg: Secure the independent local passage
PASS bow · actual movement and combat keep traveller alive
PASS bow · actual supported walk leg: Secure the independent local passage
PASS bow · actual movement and combat keep traveller alive
PASS bow · actual supported walk leg: Secure the independent local passage
PASS bow · actual movement and combat keep traveller alive
PASS bow · actual supported walk leg: Secure the independent local passage
PASS bow · actual movement and combat keep traveller alive
PASS bow · actual supported walk leg: Secure the independent local passage
PASS bow · actual movement and combat keep traveller alive
PASS bow · actual supported walk leg: Secure the independent local passage
PASS bow · actual movement and combat keep traveller alive
PASS bow · actual supported walk leg: Secure the independent local passage
PASS bow · actual movement and combat keep traveller alive
PASS bow · actual supported walk leg: Secure the independent local passage
PASS bow · actual movement and combat keep traveller alive
PASS bow · actual supported walk leg: Secure the independent local passage
PASS bow · actual movement and combat keep traveller alive
PASS bow · actual supported walk leg: Secure the independent local passage
PASS bow · actual movement and combat keep traveller alive
PASS bow · actual supported walk leg: Secure the independent local passage
PASS bow · actual movement and combat keep traveller alive
PASS bow · actual supported walk leg: Secure the independent local passage
PASS bow · actual movement and combat keep traveller alive
PASS bow · actual supported walk leg: Secure the independent local passage
PASS bow · actual movement and combat keep traveller alive
PASS bow · actual supported walk leg: Secure the independent local passage
PASS bow · actual movement and combat keep traveller alive
PASS bow · actual supported walk leg: Secure the independent local passage
PASS bow · actual movement and combat keep traveller alive
PASS bow · actual supported walk leg: Secure the independent local passage
PASS bow · actual movement and combat keep traveller alive
PASS bow · actual supported walk leg: Secure the independent local passage
PASS bow · actual movement and combat keep traveller alive
PASS bow · actual supported walk leg: Secure the independent local passage
PASS bow · actual movement and combat keep traveller alive
PASS bow · actual supported walk leg: Secure the independent local passage
PASS bow · actual movement and combat keep traveller alive
PASS bow · actual supported walk leg: Secure the independent local passage
PASS bow · actual movement and combat keep traveller alive
PASS bow · actual supported walk leg: Secure the independent local passage
PASS bow · actual movement and combat keep traveller alive
PASS bow · actual supported walk leg: Secure the independent local passage
PASS bow · actual movement and combat keep traveller alive
PASS bow · actual supported walk leg: Secure the independent local passage
PASS bow · actual movement and combat keep traveller alive
PASS bow · actual supported walk leg: Secure the independent local passage
PASS bow · actual movement and combat keep traveller alive
PASS bow · actual supported walk leg: Secure the independent local passage
PASS bow · actual movement and combat keep traveller alive
PASS bow · actual supported walk leg: Secure the independent local passage
PASS bow · actual movement and combat keep traveller alive
PASS bow · actual supported walk leg: Secure the independent local passage
PASS bow · actual movement and combat keep traveller alive
PASS bow · actual supported walk leg: Secure the independent local passage
PASS bow · actual movement and combat keep traveller alive
PASS bow · actual supported walk leg: Secure the independent local passage
PASS bow · actual movement and combat keep traveller alive
PASS bow · actual supported walk leg: Secure the independent local passage
PASS bow · actual movement and combat keep traveller alive
PASS bow · actual supported walk leg: Secure the independent local passage
PASS bow · actual movement and combat keep traveller alive
PASS bow · actual supported walk leg: Secure the independent local passage
PASS bow · actual movement and combat keep traveller alive
PASS bow · actual supported walk leg: Secure the independent local passage
PASS bow · actual movement and combat keep traveller alive
PASS bow · actual supported walk leg: Secure the independent local passage
PASS bow · actual movement and combat keep traveller alive
PASS bow · actual supported walk leg: Secure the independent local passage
PASS bow · actual movement and combat keep traveller alive
PASS bow · actual supported walk leg: Secure the independent local passage
PASS bow · actual movement and combat keep traveller alive
PASS bow · actual supported walk leg: Secure the independent local passage
PASS bow · actual movement and combat keep traveller alive
PASS bow · actual supported walk leg: Secure the independent local passage
PASS bow · actual movement and combat keep traveller alive
PASS bow · actual supported walk leg: Secure the independent local passage
PASS bow · actual movement and combat keep traveller alive
PASS bow · actual supported walk leg: Secure the independent local passage
PASS bow · actual movement and combat keep traveller alive
PASS bow · actual supported walk leg: Secure the independent local passage
PASS bow · actual movement and combat keep traveller alive
PASS bow · actual supported walk leg: Secure the independent local passage
PASS bow · actual movement and combat keep traveller alive
PASS bow · actual supported walk leg: Secure the independent local passage
PASS bow · actual movement and combat keep traveller alive
PASS bow · actual supported walk leg: Secure the independent local passage
PASS bow · actual movement and combat keep traveller alive
PASS bow · actual supported walk leg: Secure the independent local passage
PASS bow · actual movement and combat keep traveller alive
PASS bow · actual supported walk leg: Secure the independent local passage
PASS bow · actual movement and combat keep traveller alive
PASS bow · actual supported walk leg: Secure the independent local passage
PASS bow · actual movement and combat keep traveller alive
PASS bow · actual supported walk leg: Secure the independent local passage
PASS bow · actual movement and combat keep traveller alive
PASS bow · actual supported walk leg: Secure the independent local passage
PASS bow · actual movement and combat keep traveller alive
PASS bow · actual supported walk leg: Secure the independent local passage
PASS bow · actual movement and combat keep traveller alive
PASS bow · actual supported walk leg: Secure the independent local passage
PASS bow · actual movement and combat keep traveller alive
PASS bow · actual supported walk leg: Secure the independent local passage
PASS bow · actual movement and combat keep traveller alive
PASS bow · actual supported walk leg: Secure the independent local passage
PASS bow · actual movement and combat keep traveller alive
PASS bow · actual supported walk leg: Secure the independent local passage
PASS bow · actual movement and combat keep traveller alive
PASS bow · actual supported walk leg: Secure the independent local passage
PASS bow · actual movement and combat keep traveller alive
PASS bow · actual supported walk leg: Secure the independent local passage
PASS bow · actual movement and combat keep traveller alive
PASS bow · actual supported walk leg: Secure the independent local passage
PASS bow · actual movement and combat keep traveller alive
PASS bow · actual supported walk leg: Secure the independent local passage
PASS bow · actual movement and combat keep traveller alive
PASS bow · actual supported walk leg: Secure the independent local passage
PASS bow · actual movement and combat keep traveller alive
PASS bow · actual supported walk leg: Secure the independent local passage
PASS bow · actual movement and combat keep traveller alive
PASS bow · actual supported walk leg: Secure the independent local passage
PASS bow · actual movement and combat keep traveller alive
PASS bow · actual supported walk leg: Secure the independent local passage
PASS bow · actual movement and combat keep traveller alive
PASS bow · actual supported walk leg: Secure the independent local passage
PASS bow · actual movement and combat keep traveller alive
PASS bow · actual supported walk leg: Secure the independent local passage
PASS bow · actual movement and combat keep traveller alive
PASS bow · actual supported walk leg: Secure the independent local passage
PASS bow · actual movement and combat keep traveller alive
PASS bow · actual supported walk leg: Secure the independent local passage
PASS bow · actual movement and combat keep traveller alive
PASS bow · actual supported walk leg: Secure the independent local passage
PASS bow · actual movement and combat keep traveller alive
PASS bow · actual supported walk leg: Secure the independent local passage
PASS bow · actual movement and combat keep traveller alive
PASS bow · actual supported walk leg: Secure the independent local passage
PASS bow · actual movement and combat keep traveller alive
PASS bow · actual supported walk leg: Secure the independent local passage
PASS bow · actual movement and combat keep traveller alive
PASS bow · actual supported walk leg: Secure the independent local passage
PASS bow · actual movement and combat keep traveller alive
PASS bow · actual supported walk leg: Secure the independent local passage
PASS bow · actual movement and combat keep traveller alive
PASS bow · actual supported walk leg: Secure the independent local passage
PASS bow · actual movement and combat keep traveller alive
PASS bow · actual supported walk leg: Secure the independent local passage
PASS bow · actual movement and combat keep traveller alive
PASS bow · actual supported walk leg: Secure the independent local passage
PASS bow · actual movement and combat keep traveller alive
PASS bow · actual supported walk leg: Secure the independent local passage
PASS bow · actual movement and combat keep traveller alive
PASS bow · actual supported walk leg: Secure the independent local passage
PASS bow · actual movement and combat keep traveller alive
PASS bow · actual supported walk leg: Secure the independent local passage
PASS bow · actual movement and combat keep traveller alive
PASS bow · actual supported walk leg: Secure the independent local passage
PASS bow · actual movement and combat keep traveller alive
PASS bow · actual supported walk leg: Secure the independent local passage
PASS bow · actual movement and combat keep traveller alive
PASS bow · actual supported walk leg: Secure the independent local passage
PASS bow · actual movement and combat keep traveller alive
PASS bow · actual supported walk leg: Secure the independent local passage
PASS bow · actual movement and combat keep traveller alive
PASS bow · actual supported walk leg: Secure the independent local passage
PASS bow · actual movement and combat keep traveller alive
PASS bow · actual supported walk leg: Secure the independent local passage
PASS bow · actual movement and combat keep traveller alive
PASS bow · actual supported walk leg: Secure the independent local passage
PASS bow · actual movement and combat keep traveller alive
PASS bow · actual supported walk leg: Secure the independent local passage
PASS bow · actual movement and combat keep traveller alive
PASS bow · actual supported walk leg: Secure the independent local passage
PASS bow · actual movement and combat keep traveller alive
PASS bow · actual supported walk leg: Secure the independent local passage
PASS bow · actual movement and combat keep traveller alive
PASS bow · actual supported walk leg: Secure the independent local passage
PASS bow · actual movement and combat keep traveller alive
PASS bow · actual supported walk leg: Secure the independent local passage
PASS bow · actual movement and combat keep traveller alive
PASS bow · actual supported walk leg: Secure the independent local passage
PASS bow · actual movement and combat keep traveller alive
PASS bow · actual supported walk leg: Secure the independent local passage
PASS bow · actual movement and combat keep traveller alive
PASS bow · actual supported walk leg: Secure the independent local passage
PASS bow · actual movement and combat keep traveller alive
PASS bow · actual supported walk leg: Secure the independent local passage
PASS bow · actual movement and combat keep traveller alive
PASS bow · actual supported walk leg: Secure the independent local passage
PASS bow · actual movement and combat keep traveller alive
PASS bow · actual supported walk leg: Secure the independent local passage
PASS bow · actual movement and combat keep traveller alive
PASS bow · actual supported walk leg: Secure the independent local passage
PASS bow · actual movement and combat keep traveller alive
PASS bow · actual supported walk leg: Secure the independent local passage
PASS bow · actual movement and combat keep traveller alive
PASS bow · actual supported walk leg: Secure the independent local passage
PASS bow · actual movement and combat keep traveller alive
PASS bow · actual supported walk leg: Secure the independent local passage
PASS bow · actual movement and combat keep traveller alive
PASS bow · actual supported walk leg: Secure the independent local passage
PASS bow · actual movement and combat keep traveller alive
PASS bow · actual supported walk leg: Secure the independent local passage
PASS bow · actual movement and combat keep traveller alive
PASS bow · actual supported walk leg: Secure the independent local passage
PASS bow · actual movement and combat keep traveller alive
PASS bow · actual supported walk leg: Secure the independent local passage
PASS bow · actual movement and combat keep traveller alive
PASS bow · actual supported walk leg: Secure the independent local passage
PASS bow · actual movement and combat keep traveller alive
PASS bow · actual supported walk leg: Secure the independent local passage
PASS bow · actual movement and combat keep traveller alive
PASS bow · actual supported walk leg: Secure the independent local passage
PASS bow · actual movement and combat keep traveller alive
PASS bow · actual supported walk leg: Secure the independent local passage
PASS bow · production walking reaches Secure the independent local passage
PASS bow · physical native action records passage-secured
PASS bow · physical work pays no independent fee
PASS bow · already physically reaches aftermath
PASS bow · aftermath preview grants nothing
PASS bow · cancel leaves aftermath undecided
PASS bow · native current-owner consent retains chosen aftermath
PASS bow · stage reached and completed: choice
PASS bow · actual camera projection adventure
PASS bow · causal actual pixels and exact restoration road-trace adventure
PASS bow · actual camera projection follow
PASS bow · causal actual pixels and exact restoration road-trace follow
PASS bow · native current-view action saves chosen
PASS bow · exact full native world persisted chosen
PASS bow · chosen preserves the full other original native character slot value
PASS bow · exact frozen actual HTML served
PASS bow · actual WebGL2 renderer
PASS bow · requested renderer observed
PASS bow · whole Chromium restart loads exact bytes chosen
PASS bow · actual cold load preserves owners/payment/kit chosen
PASS bow · chosen cold load preserves the full other original native character slot value
PASS bow · production route is accepted for actual five-light entry marker
PASS bow · whole production body path is supported: actual five-light entry marker
PASS bow · actual movement and combat keep traveller alive
PASS bow · actual supported walk leg: actual five-light entry marker
PASS bow · production walking reaches actual five-light entry marker
PASS bow · physical arrival has no actor teleport for actual five-light entry marker
PASS bow · native explicit crossing reaches Earth road
PASS bow · no manual defeat/choice/arrival control
PASS bow · whole production body path is supported: Verify Vessa’s free return road
PASS bow · actual movement and combat keep traveller alive
PASS bow · actual supported walk leg: Verify Vessa’s free return road
PASS bow · actual movement and combat keep traveller alive
PASS bow · actual supported walk leg: Verify Vessa’s free return road
PASS bow · actual movement and combat keep traveller alive
PASS bow · actual supported walk leg: Verify Vessa’s free return road
PASS bow · actual movement and combat keep traveller alive
PASS bow · actual supported walk leg: Verify Vessa’s free return road
PASS bow · actual movement and combat keep traveller alive
PASS bow · actual supported walk leg: Verify Vessa’s free return road
PASS bow · actual movement and combat keep traveller alive
PASS bow · actual supported walk leg: Verify Vessa’s free return road
PASS bow · actual movement and combat keep traveller alive
PASS bow · actual supported walk leg: Verify Vessa’s free return road
PASS bow · actual movement and combat keep traveller alive
PASS bow · actual supported walk leg: Verify Vessa’s free return road
PASS bow · actual movement and combat keep traveller alive
PASS bow · actual supported walk leg: Verify Vessa’s free return road
PASS bow · actual movement and combat keep traveller alive
PASS bow · actual supported walk leg: Verify Vessa’s free return road
PASS bow · production walking reaches Verify Vessa’s free return road
PASS bow · physical native action records return-verified
PASS bow · physical work pays no independent fee
PASS bow · actual nearby Vessa recognition and unpaid account
PASS bow · stage reached and completed: verification
PASS bow · native current-view action saves verified-unpaid
PASS bow · exact full native world persisted verified-unpaid
PASS bow · verified-unpaid preserves the full other original native character slot value
PASS bow · exact frozen actual HTML served
PASS bow · actual WebGL2 renderer
PASS bow · requested renderer observed
PASS bow · whole Chromium restart loads exact bytes verified-unpaid
PASS bow · actual cold load preserves owners/payment/kit verified-unpaid
PASS bow · verified-unpaid cold load preserves the full other original native character slot value
PASS bow · production route is accepted for actual five-light entry marker
PASS bow · whole production body path is supported: actual five-light entry marker
PASS bow · actual movement and combat keep traveller alive
PASS bow · actual supported walk leg: actual five-light entry marker
PASS bow · production walking reaches actual five-light entry marker
PASS bow · physical arrival has no actor teleport for actual five-light entry marker
PASS bow · native explicit crossing reaches Earth road
PASS bow · native free return does not earn Oren home arrival verified
PASS bow · menu return alone leaves home arrival incomplete
PASS bow · no manual defeat/choice/arrival control
PASS bow · whole production body path is supported: Bring the local account home
PASS bow · actual movement and combat keep traveller alive
PASS bow · actual supported walk leg: Bring the local account home
PASS bow · actual movement and combat keep traveller alive
PASS bow · actual supported walk leg: Bring the local account home
PASS bow · actual movement and combat keep traveller alive
PASS bow · actual supported walk leg: Bring the local account home
PASS bow · actual movement and combat keep traveller alive
PASS bow · actual supported walk leg: Bring the local account home
PASS bow · actual movement and combat keep traveller alive
PASS bow · actual supported walk leg: Bring the local account home
PASS bow · actual movement and combat keep traveller alive
PASS bow · actual supported walk leg: Bring the local account home
PASS bow · actual movement and combat keep traveller alive
PASS bow · actual supported walk leg: Bring the local account home
PASS bow · actual movement and combat keep traveller alive
PASS bow · actual supported walk leg: Bring the local account home
PASS bow · actual movement and combat keep traveller alive
PASS bow · actual supported walk leg: Bring the local account home
PASS bow · production walking reaches Bring the local account home
PASS bow · physical native action records home-return
PASS bow · physical work pays no independent fee
PASS bow · native companion choice retained follow
PASS bow · stage reached and completed: physical-home
PASS bow · production route is accepted for supported closer viewing approach to existing workshop table
PASS bow · whole production body path is supported: supported closer viewing approach to existing workshop table
PASS bow · actual movement and combat keep traveller alive
PASS bow · actual supported walk leg: supported closer viewing approach to existing workshop table
PASS bow · actual movement and combat keep traveller alive
PASS bow · actual supported walk leg: supported closer viewing approach to existing workshop table
PASS bow · actual movement and combat keep traveller alive
PASS bow · actual supported walk leg: supported closer viewing approach to existing workshop table
PASS bow · production walking reaches supported closer viewing approach to existing workshop table
PASS bow · physical arrival has no actor teleport for supported closer viewing approach to existing workshop table
PASS bow · actual camera projection adventure
PASS bow · causal actual pixels and exact restoration home-trace adventure
PASS bow · actual camera projection follow
PASS bow · causal actual pixels and exact restoration home-trace follow
PASS bow · home trace rests on actual existing tabletop
PASS bow · native current-view action saves home-unpaid
PASS bow · exact full native world persisted home-unpaid
PASS bow · home-unpaid preserves the full other original native character slot value
PASS bow · exact frozen actual HTML served
PASS bow · actual WebGL2 renderer
PASS bow · requested renderer observed
PASS bow · whole Chromium restart loads exact bytes home-unpaid
PASS bow · actual cold load preserves owners/payment/kit home-unpaid
PASS bow · home-unpaid cold load preserves the full other original native character slot value
PASS bow · already physically reaches claim
PASS bow · whole declared fee pays once without equip/heal
PASS bow · stage reached and completed: fee
PASS bow · all old choices/owners/kit retained
PASS bow · original camera preset restored through native UI
PASS bow · native current-view action saves paid-once
PASS bow · exact full native world persisted paid-once
PASS bow · paid-once preserves the full other original native character slot value
PASS bow · exact frozen actual HTML served
PASS bow · actual WebGL2 renderer
PASS bow · requested renderer observed
PASS bow · whole Chromium restart loads exact bytes paid-once
PASS bow · actual cold load preserves owners/payment/kit paid-once
PASS bow · paid-once cold load preserves the full other original native character slot value
PASS bow · paid UI offers no replay-payment button
PASS bow · production route is accepted for actual five-light entry marker
PASS bow · whole production body path is supported: actual five-light entry marker
PASS bow · actual movement and combat keep traveller alive
PASS bow · actual supported walk leg: actual five-light entry marker
PASS bow · actual movement and combat keep traveller alive
PASS bow · actual supported walk leg: actual five-light entry marker
PASS bow · actual movement and combat keep traveller alive
PASS bow · actual supported walk leg: actual five-light entry marker
PASS bow · actual movement and combat keep traveller alive
PASS bow · actual supported walk leg: actual five-light entry marker
PASS bow · actual movement and combat keep traveller alive
PASS bow · actual supported walk leg: actual five-light entry marker
PASS bow · actual movement and combat keep traveller alive
PASS bow · actual supported walk leg: actual five-light entry marker
PASS bow · actual movement and combat keep traveller alive
PASS bow · actual supported walk leg: actual five-light entry marker
PASS bow · production walking reaches actual five-light entry marker
PASS bow · physical arrival has no actor teleport for actual five-light entry marker
PASS bow · native explicit crossing reaches Earth road
PASS bow · ordinary local exploration remains available after payment
PASS bow · native free return does not earn Oren home arrival after payment
PASS bow · stage reached and completed: free-return
PASS bow · final exact inactive slot preserves the full other original native character slot value
PASS strongest · at most six isolated profile families
PASS strongest · exact frozen actual HTML served
PASS strongest · actual WebGL2 renderer
PASS strongest · requested renderer observed
PASS strongest · visible import adds a character and preserves original legacy save bytes
PASS strongest · actual all12 prior claims and unaccepted native import
PASS strongest · stage reached and completed: import
PASS strongest · whole production body path is supported: Oren · workshop
PASS strongest · actual movement and combat keep traveller alive
PASS strongest · actual supported walk leg: Oren · workshop
PASS strongest · actual movement and combat keep traveller alive
PASS strongest · actual supported walk leg: Oren · workshop
PASS strongest · actual movement and combat keep traveller alive
PASS strongest · actual supported walk leg: Oren · workshop
PASS strongest · actual movement and combat keep traveller alive
PASS strongest · actual supported walk leg: Oren · workshop
PASS strongest · actual movement and combat keep traveller alive
PASS strongest · actual supported walk leg: Oren · workshop
PASS strongest · actual movement and combat keep traveller alive
PASS strongest · actual supported walk leg: Oren · workshop
PASS strongest · actual movement and combat keep traveller alive
PASS strongest · actual supported walk leg: Oren · workshop
PASS strongest · actual movement and combat keep traveller alive
PASS strongest · actual supported walk leg: Oren · workshop
PASS strongest · actual movement and combat keep traveller alive
PASS strongest · actual supported walk leg: Oren · workshop
PASS strongest · production walking reaches Oren · workshop
PASS strongest · separate native acceptance
PASS strongest · stage reached and completed: accept
PASS strongest · native current-view action saves accepted
PASS strongest · exact full native world persisted accepted
PASS strongest · accepted preserves the full other original native character slot value
PASS strongest · exact frozen actual HTML served
PASS strongest · actual WebGL2 renderer
PASS strongest · requested renderer observed
PASS strongest · whole Chromium restart loads exact bytes accepted
PASS strongest · actual cold load preserves owners/payment/kit accepted
PASS strongest · accepted cold load preserves the full other original native character slot value
PASS strongest · native companion choice retained stay
PASS strongest · production route is accepted for actual five-light entry marker
PASS strongest · whole production body path is supported: actual five-light entry marker
PASS strongest · actual movement and combat keep traveller alive
PASS strongest · actual supported walk leg: actual five-light entry marker
PASS strongest · actual movement and combat keep traveller alive
PASS strongest · actual supported walk leg: actual five-light entry marker
PASS strongest · actual movement and combat keep traveller alive
PASS strongest · actual supported walk leg: actual five-light entry marker
PASS strongest · actual movement and combat keep traveller alive
PASS strongest · actual supported walk leg: actual five-light entry marker
PASS strongest · actual movement and combat keep traveller alive
PASS strongest · actual supported walk leg: actual five-light entry marker
PASS strongest · actual movement and combat keep traveller alive
PASS strongest · actual supported walk leg: actual five-light entry marker
PASS strongest · actual movement and combat keep traveller alive
PASS strongest · actual supported walk leg: actual five-light entry marker
PASS strongest · actual movement and combat keep traveller alive
PASS strongest · actual supported walk leg: actual five-light entry marker
PASS strongest · actual movement and combat keep traveller alive
PASS strongest · actual supported walk leg: actual five-light entry marker
PASS strongest · production walking reaches actual five-light entry marker
PASS strongest · physical arrival has no actor teleport for actual five-light entry marker
PASS strongest · native explicit crossing reaches Earth road
PASS strongest · native map names physical return route
PASS strongest · map reading has no progress
PASS strongest · no manual defeat/choice/arrival control
PASS strongest · whole production body path is supported: Compare the returned bridge record
PASS strongest · actual movement and combat keep traveller alive
PASS strongest · actual supported walk leg: Compare the returned bridge record
PASS strongest · actual movement and combat keep traveller alive
PASS strongest · actual supported walk leg: Compare the returned bridge record
PASS strongest · actual movement and combat keep traveller alive
PASS strongest · actual supported walk leg: Compare the returned bridge record
PASS strongest · actual movement and combat keep traveller alive
PASS strongest · actual supported walk leg: Compare the returned bridge record
PASS strongest · actual movement and combat keep traveller alive
PASS strongest · actual supported walk leg: Compare the returned bridge record
PASS strongest · actual movement and combat keep traveller alive
PASS strongest · actual supported walk leg: Compare the returned bridge record
PASS strongest · actual movement and combat keep traveller alive
PASS strongest · actual supported walk leg: Compare the returned bridge record
PASS strongest · actual movement and combat keep traveller alive
PASS strongest · actual supported walk leg: Compare the returned bridge record
PASS strongest · actual movement and combat keep traveller alive
PASS strongest · actual supported walk leg: Compare the returned bridge record
PASS strongest · actual movement and combat keep traveller alive
PASS strongest · actual supported walk leg: Compare the returned bridge record
PASS strongest · production walking reaches Compare the returned bridge record
PASS strongest · physical native action records bridge-record
PASS strongest · physical work pays no independent fee
PASS strongest · no manual defeat/choice/arrival control
PASS strongest · whole production body path is supported: Compare Merren’s local register
PASS strongest · actual movement and combat keep traveller alive
PASS strongest · actual supported walk leg: Compare Merren’s local register
PASS strongest · actual movement and combat keep traveller alive
PASS strongest · actual supported walk leg: Compare Merren’s local register
PASS strongest · actual movement and combat keep traveller alive
PASS strongest · actual supported walk leg: Compare Merren’s local register
PASS strongest · actual movement and combat keep traveller alive
PASS strongest · actual supported walk leg: Compare Merren’s local register
PASS strongest · actual movement and combat keep traveller alive
PASS strongest · actual supported walk leg: Compare Merren’s local register
PASS strongest · actual movement and combat keep traveller alive
PASS strongest · actual supported walk leg: Compare Merren’s local register
PASS strongest · actual movement and combat keep traveller alive
PASS strongest · actual supported walk leg: Compare Merren’s local register
PASS strongest · actual movement and combat keep traveller alive
PASS strongest · actual supported walk leg: Compare Merren’s local register
PASS strongest · actual movement and combat keep traveller alive
PASS strongest · actual supported walk leg: Compare Merren’s local register
PASS strongest · actual movement and combat keep traveller alive
PASS strongest · actual supported walk leg: Compare Merren’s local register
PASS strongest · actual movement and combat keep traveller alive
PASS strongest · actual supported walk leg: Compare Merren’s local register
PASS strongest · actual movement and combat keep traveller alive
PASS strongest · actual supported walk leg: Compare Merren’s local register
PASS strongest · actual movement and combat keep traveller alive
PASS strongest · actual supported walk leg: Compare Merren’s local register
PASS strongest · actual movement and combat keep traveller alive
PASS strongest · actual supported walk leg: Compare Merren’s local register
PASS strongest · actual movement and combat keep traveller alive
PASS strongest · actual supported walk leg: Compare Merren’s local register
PASS strongest · actual movement and combat keep traveller alive
PASS strongest · actual supported walk leg: Compare Merren’s local register
PASS strongest · actual movement and combat keep traveller alive
PASS strongest · actual supported walk leg: Compare Merren’s local register
PASS strongest · actual movement and combat keep traveller alive
PASS strongest · actual supported walk leg: Compare Merren’s local register
PASS strongest · actual movement and combat keep traveller alive
PASS strongest · actual supported walk leg: Compare Merren’s local register
PASS strongest · actual movement and combat keep traveller alive
PASS strongest · actual supported walk leg: Compare Merren’s local register
PASS strongest · actual movement and combat keep traveller alive
PASS strongest · actual supported walk leg: Compare Merren’s local register
PASS strongest · actual movement and combat keep traveller alive
PASS strongest · actual supported walk leg: Compare Merren’s local register
PASS strongest · actual movement and combat keep traveller alive
PASS strongest · actual supported walk leg: Compare Merren’s local register
PASS strongest · actual movement and combat keep traveller alive
PASS strongest · actual supported walk leg: Compare Merren’s local register
PASS strongest · actual movement and combat keep traveller alive
PASS strongest · actual supported walk leg: Compare Merren’s local register
PASS strongest · actual movement and combat keep traveller alive
PASS strongest · actual supported walk leg: Compare Merren’s local register
PASS strongest · actual movement and combat keep traveller alive
PASS strongest · actual supported walk leg: Compare Merren’s local register
PASS strongest · actual movement and combat keep traveller alive
PASS strongest · actual supported walk leg: Compare Merren’s local register
PASS strongest · actual movement and combat keep traveller alive
PASS strongest · actual supported walk leg: Compare Merren’s local register
PASS strongest · actual movement and combat keep traveller alive
PASS strongest · actual supported walk leg: Compare Merren’s local register
PASS strongest · actual movement and combat keep traveller alive
PASS strongest · actual supported walk leg: Compare Merren’s local register
PASS strongest · actual movement and combat keep traveller alive
PASS strongest · actual supported walk leg: Compare Merren’s local register
PASS strongest · actual movement and combat keep traveller alive
PASS strongest · actual supported walk leg: Compare Merren’s local register
PASS strongest · actual movement and combat keep traveller alive
PASS strongest · actual supported walk leg: Compare Merren’s local register
PASS strongest · actual movement and combat keep traveller alive
PASS strongest · actual supported walk leg: Compare Merren’s local register
PASS strongest · actual movement and combat keep traveller alive
PASS strongest · actual supported walk leg: Compare Merren’s local register
PASS strongest · actual movement and combat keep traveller alive
PASS strongest · actual supported walk leg: Compare Merren’s local register
PASS strongest · actual movement and combat keep traveller alive
PASS strongest · actual supported walk leg: Compare Merren’s local register
PASS strongest · actual movement and combat keep traveller alive
PASS strongest · actual supported walk leg: Compare Merren’s local register
PASS strongest · actual movement and combat keep traveller alive
PASS strongest · actual supported walk leg: Compare Merren’s local register
PASS strongest · actual movement and combat keep traveller alive
PASS strongest · actual supported walk leg: Compare Merren’s local register
PASS strongest · actual movement and combat keep traveller alive
PASS strongest · actual supported walk leg: Compare Merren’s local register
PASS strongest · actual movement and combat keep traveller alive
PASS strongest · actual supported walk leg: Compare Merren’s local register
PASS strongest · actual movement and combat keep traveller alive
PASS strongest · actual supported walk leg: Compare Merren’s local register
PASS strongest · actual movement and combat keep traveller alive
PASS strongest · actual supported walk leg: Compare Merren’s local register
PASS strongest · actual movement and combat keep traveller alive
PASS strongest · actual supported walk leg: Compare Merren’s local register
PASS strongest · actual movement and combat keep traveller alive
PASS strongest · actual supported walk leg: Compare Merren’s local register
PASS strongest · actual movement and combat keep traveller alive
PASS strongest · actual supported walk leg: Compare Merren’s local register
PASS strongest · actual movement and combat keep traveller alive
PASS strongest · actual supported walk leg: Compare Merren’s local register
PASS strongest · actual movement and combat keep traveller alive
PASS strongest · actual supported walk leg: Compare Merren’s local register
PASS strongest · actual movement and combat keep traveller alive
PASS strongest · actual supported walk leg: Compare Merren’s local register
PASS strongest · actual movement and combat keep traveller alive
PASS strongest · actual supported walk leg: Compare Merren’s local register
PASS strongest · actual movement and combat keep traveller alive
PASS strongest · actual supported walk leg: Compare Merren’s local register
PASS strongest · actual movement and combat keep traveller alive
PASS strongest · actual supported walk leg: Compare Merren’s local register
PASS strongest · actual movement and combat keep traveller alive
PASS strongest · actual supported walk leg: Compare Merren’s local register
PASS strongest · actual movement and combat keep traveller alive
PASS strongest · actual supported walk leg: Compare Merren’s local register
PASS strongest · actual movement and combat keep traveller alive
PASS strongest · actual supported walk leg: Compare Merren’s local register
PASS strongest · actual movement and combat keep traveller alive
PASS strongest · actual supported walk leg: Compare Merren’s local register
PASS strongest · actual movement and combat keep traveller alive
PASS strongest · actual supported walk leg: Compare Merren’s local register
PASS strongest · actual movement and combat keep traveller alive
PASS strongest · actual supported walk leg: Compare Merren’s local register
PASS strongest · actual movement and combat keep traveller alive
PASS strongest · actual supported walk leg: Compare Merren’s local register
PASS strongest · actual movement and combat keep traveller alive
PASS strongest · actual supported walk leg: Compare Merren’s local register
PASS strongest · actual movement and combat keep traveller alive
PASS strongest · actual supported walk leg: Compare Merren’s local register
PASS strongest · actual movement and combat keep traveller alive
PASS strongest · actual supported walk leg: Compare Merren’s local register
PASS strongest · actual movement and combat keep traveller alive
PASS strongest · actual supported walk leg: Compare Merren’s local register
PASS strongest · actual movement and combat keep traveller alive
PASS strongest · actual supported walk leg: Compare Merren’s local register
PASS strongest · actual movement and combat keep traveller alive
PASS strongest · actual supported walk leg: Compare Merren’s local register
PASS strongest · actual movement and combat keep traveller alive
PASS strongest · actual supported walk leg: Compare Merren’s local register
PASS strongest · actual movement and combat keep traveller alive
PASS strongest · actual supported walk leg: Compare Merren’s local register
PASS strongest · actual movement and combat keep traveller alive
PASS strongest · actual supported walk leg: Compare Merren’s local register
PASS strongest · actual movement and combat keep traveller alive
PASS strongest · actual supported walk leg: Compare Merren’s local register
PASS strongest · actual movement and combat keep traveller alive
PASS strongest · actual supported walk leg: Compare Merren’s local register
PASS strongest · actual movement and combat keep traveller alive
PASS strongest · actual supported walk leg: Compare Merren’s local register
PASS strongest · actual movement and combat keep traveller alive
PASS strongest · actual supported walk leg: Compare Merren’s local register
PASS strongest · actual movement and combat keep traveller alive
PASS strongest · actual supported walk leg: Compare Merren’s local register
PASS strongest · actual movement and combat keep traveller alive
PASS strongest · actual supported walk leg: Compare Merren’s local register
PASS strongest · actual movement and combat keep traveller alive
PASS strongest · actual supported walk leg: Compare Merren’s local register
PASS strongest · actual movement and combat keep traveller alive
PASS strongest · actual supported walk leg: Compare Merren’s local register
PASS strongest · actual movement and combat keep traveller alive
PASS strongest · actual supported walk leg: Compare Merren’s local register
PASS strongest · actual movement and combat keep traveller alive
PASS strongest · actual supported walk leg: Compare Merren’s local register
PASS strongest · actual movement and combat keep traveller alive
PASS strongest · actual supported walk leg: Compare Merren’s local register
PASS strongest · actual movement and combat keep traveller alive
PASS strongest · actual supported walk leg: Compare Merren’s local register
PASS strongest · actual movement and combat keep traveller alive
PASS strongest · actual supported walk leg: Compare Merren’s local register
PASS strongest · actual movement and combat keep traveller alive
PASS strongest · actual supported walk leg: Compare Merren’s local register
PASS strongest · actual movement and combat keep traveller alive
PASS strongest · actual supported walk leg: Compare Merren’s local register
PASS strongest · actual movement and combat keep traveller alive
PASS strongest · actual supported walk leg: Compare Merren’s local register
PASS strongest · actual movement and combat keep traveller alive
PASS strongest · actual supported walk leg: Compare Merren’s local register
PASS strongest · actual movement and combat keep traveller alive
PASS strongest · actual supported walk leg: Compare Merren’s local register
PASS strongest · actual movement and combat keep traveller alive
PASS strongest · actual supported walk leg: Compare Merren’s local register
PASS strongest · actual movement and combat keep traveller alive
PASS strongest · actual supported walk leg: Compare Merren’s local register
PASS strongest · actual movement and combat keep traveller alive
PASS strongest · actual supported walk leg: Compare Merren’s local register
PASS strongest · actual movement and combat keep traveller alive
PASS strongest · actual supported walk leg: Compare Merren’s local register
PASS strongest · actual movement and combat keep traveller alive
PASS strongest · actual supported walk leg: Compare Merren’s local register
PASS strongest · actual movement and combat keep traveller alive
PASS strongest · actual supported walk leg: Compare Merren’s local register
PASS strongest · actual movement and combat keep traveller alive
PASS strongest · actual supported walk leg: Compare Merren’s local register
PASS strongest · actual movement and combat keep traveller alive
PASS strongest · actual supported walk leg: Compare Merren’s local register
PASS strongest · actual movement and combat keep traveller alive
PASS strongest · actual supported walk leg: Compare Merren’s local register
PASS strongest · actual movement and combat keep traveller alive
PASS strongest · actual supported walk leg: Compare Merren’s local register
PASS strongest · actual movement and combat keep traveller alive
PASS strongest · actual supported walk leg: Compare Merren’s local register
PASS strongest · actual movement and combat keep traveller alive
PASS strongest · actual supported walk leg: Compare Merren’s local register
PASS strongest · actual movement and combat keep traveller alive
PASS strongest · actual supported walk leg: Compare Merren’s local register
PASS strongest · actual movement and combat keep traveller alive
PASS strongest · actual supported walk leg: Compare Merren’s local register
PASS strongest · actual movement and combat keep traveller alive
PASS strongest · actual supported walk leg: Compare Merren’s local register
PASS strongest · actual movement and combat keep traveller alive
PASS strongest · actual supported walk leg: Compare Merren’s local register
PASS strongest · actual movement and combat keep traveller alive
PASS strongest · actual supported walk leg: Compare Merren’s local register
PASS strongest · actual movement and combat keep traveller alive
PASS strongest · actual supported walk leg: Compare Merren’s local register
PASS strongest · actual movement and combat keep traveller alive
PASS strongest · actual supported walk leg: Compare Merren’s local register
PASS strongest · actual movement and combat keep traveller alive
PASS strongest · actual supported walk leg: Compare Merren’s local register
PASS strongest · actual movement and combat keep traveller alive
PASS strongest · actual supported walk leg: Compare Merren’s local register
PASS strongest · actual movement and combat keep traveller alive
PASS strongest · actual supported walk leg: Compare Merren’s local register
PASS strongest · actual movement and combat keep traveller alive
PASS strongest · actual supported walk leg: Compare Merren’s local register
PASS strongest · actual movement and combat keep traveller alive
PASS strongest · actual supported walk leg: Compare Merren’s local register
PASS strongest · actual movement and combat keep traveller alive
PASS strongest · actual supported walk leg: Compare Merren’s local register
PASS strongest · actual movement and combat keep traveller alive
PASS strongest · actual supported walk leg: Compare Merren’s local register
PASS strongest · actual movement and combat keep traveller alive
PASS strongest · actual supported walk leg: Compare Merren’s local register
PASS strongest · actual movement and combat keep traveller alive
PASS strongest · actual supported walk leg: Compare Merren’s local register
PASS strongest · actual movement and combat keep traveller alive
PASS strongest · actual supported walk leg: Compare Merren’s local register
PASS strongest · actual movement and combat keep traveller alive
PASS strongest · actual supported walk leg: Compare Merren’s local register
PASS strongest · actual movement and combat keep traveller alive
PASS strongest · actual supported walk leg: Compare Merren’s local register
PASS strongest · actual movement and combat keep traveller alive
PASS strongest · actual supported walk leg: Compare Merren’s local register
PASS strongest · actual movement and combat keep traveller alive
PASS strongest · actual supported walk leg: Compare Merren’s local register
PASS strongest · actual movement and combat keep traveller alive
PASS strongest · actual supported walk leg: Compare Merren’s local register
PASS strongest · actual movement and combat keep traveller alive
PASS strongest · actual supported walk leg: Compare Merren’s local register
PASS strongest · actual movement and combat keep traveller alive
PASS strongest · actual supported walk leg: Compare Merren’s local register
PASS strongest · actual movement and combat keep traveller alive
PASS strongest · actual supported walk leg: Compare Merren’s local register
PASS strongest · actual movement and combat keep traveller alive
PASS strongest · actual supported walk leg: Compare Merren’s local register
PASS strongest · actual movement and combat keep traveller alive
PASS strongest · actual supported walk leg: Compare Merren’s local register
PASS strongest · actual movement and combat keep traveller alive
PASS strongest · actual supported walk leg: Compare Merren’s local register
PASS strongest · actual movement and combat keep traveller alive
PASS strongest · actual supported walk leg: Compare Merren’s local register
PASS strongest · actual movement and combat keep traveller alive
PASS strongest · actual supported walk leg: Compare Merren’s local register
PASS strongest · actual movement and combat keep traveller alive
PASS strongest · actual supported walk leg: Compare Merren’s local register
PASS strongest · actual movement and combat keep traveller alive
PASS strongest · actual supported walk leg: Compare Merren’s local register
PASS strongest · actual movement and combat keep traveller alive
PASS strongest · actual supported walk leg: Compare Merren’s local register
PASS strongest · actual movement and combat keep traveller alive
PASS strongest · actual supported walk leg: Compare Merren’s local register
PASS strongest · actual movement and combat keep traveller alive
PASS strongest · actual supported walk leg: Compare Merren’s local register
PASS strongest · actual movement and combat keep traveller alive
PASS strongest · actual supported walk leg: Compare Merren’s local register
PASS strongest · actual movement and combat keep traveller alive
PASS strongest · actual supported walk leg: Compare Merren’s local register
PASS strongest · actual movement and combat keep traveller alive
PASS strongest · actual supported walk leg: Compare Merren’s local register
PASS strongest · actual movement and combat keep traveller alive
PASS strongest · actual supported walk leg: Compare Merren’s local register
PASS strongest · actual movement and combat keep traveller alive
PASS strongest · actual supported walk leg: Compare Merren’s local register
PASS strongest · actual movement and combat keep traveller alive
PASS strongest · actual supported walk leg: Compare Merren’s local register
PASS strongest · actual movement and combat keep traveller alive
PASS strongest · actual supported walk leg: Compare Merren’s local register
PASS strongest · actual movement and combat keep traveller alive
PASS strongest · actual supported walk leg: Compare Merren’s local register
PASS strongest · actual movement and combat keep traveller alive
PASS strongest · actual supported walk leg: Compare Merren’s local register
PASS strongest · actual movement and combat keep traveller alive
PASS strongest · actual supported walk leg: Compare Merren’s local register
PASS strongest · actual movement and combat keep traveller alive
PASS strongest · actual supported walk leg: Compare Merren’s local register
PASS strongest · actual movement and combat keep traveller alive
PASS strongest · actual supported walk leg: Compare Merren’s local register
PASS strongest · actual movement and combat keep traveller alive
PASS strongest · actual supported walk leg: Compare Merren’s local register
PASS strongest · actual movement and combat keep traveller alive
PASS strongest · actual supported walk leg: Compare Merren’s local register
PASS strongest · actual movement and combat keep traveller alive
PASS strongest · actual supported walk leg: Compare Merren’s local register
PASS strongest · actual movement and combat keep traveller alive
PASS strongest · actual supported walk leg: Compare Merren’s local register
PASS strongest · actual movement and combat keep traveller alive
PASS strongest · actual supported walk leg: Compare Merren’s local register
PASS strongest · actual movement and combat keep traveller alive
PASS strongest · actual supported walk leg: Compare Merren’s local register
PASS strongest · actual movement and combat keep traveller alive
PASS strongest · actual supported walk leg: Compare Merren’s local register
PASS strongest · actual movement and combat keep traveller alive
PASS strongest · actual supported walk leg: Compare Merren’s local register
PASS strongest · actual movement and combat keep traveller alive
PASS strongest · actual supported walk leg: Compare Merren’s local register
PASS strongest · actual movement and combat keep traveller alive
PASS strongest · actual supported walk leg: Compare Merren’s local register
PASS strongest · actual movement and combat keep traveller alive
PASS strongest · actual supported walk leg: Compare Merren’s local register
PASS strongest · actual movement and combat keep traveller alive
PASS strongest · actual supported walk leg: Compare Merren’s local register
PASS strongest · actual movement and combat keep traveller alive
PASS strongest · actual supported walk leg: Compare Merren’s local register
PASS strongest · actual movement and combat keep traveller alive
PASS strongest · actual supported walk leg: Compare Merren’s local register
PASS strongest · actual movement and combat keep traveller alive
PASS strongest · actual supported walk leg: Compare Merren’s local register
PASS strongest · actual movement and combat keep traveller alive
PASS strongest · actual supported walk leg: Compare Merren’s local register
PASS strongest · actual movement and combat keep traveller alive
PASS strongest · actual supported walk leg: Compare Merren’s local register
PASS strongest · actual movement and combat keep traveller alive
PASS strongest · actual supported walk leg: Compare Merren’s local register
PASS strongest · actual movement and combat keep traveller alive
PASS strongest · actual supported walk leg: Compare Merren’s local register
PASS strongest · actual movement and combat keep traveller alive
PASS strongest · actual supported walk leg: Compare Merren’s local register
PASS strongest · actual movement and combat keep traveller alive
PASS strongest · actual supported walk leg: Compare Merren’s local register
PASS strongest · actual movement and combat keep traveller alive
PASS strongest · actual supported walk leg: Compare Merren’s local register
PASS strongest · actual movement and combat keep traveller alive
PASS strongest · actual supported walk leg: Compare Merren’s local register
PASS strongest · actual movement and combat keep traveller alive
PASS strongest · actual supported walk leg: Compare Merren’s local register
PASS strongest · actual movement and combat keep traveller alive
PASS strongest · actual supported walk leg: Compare Merren’s local register
PASS strongest · actual movement and combat keep traveller alive
PASS strongest · actual supported walk leg: Compare Merren’s local register
PASS strongest · actual movement and combat keep traveller alive
PASS strongest · actual supported walk leg: Compare Merren’s local register
PASS strongest · actual movement and combat keep traveller alive
PASS strongest · actual supported walk leg: Compare Merren’s local register
PASS strongest · production walking reaches Compare Merren’s local register
PASS strongest · physical native action records register-record
PASS strongest · physical work pays no independent fee
PASS strongest · no manual defeat/choice/arrival control
PASS strongest · whole production body path is supported: Inspect the portable junction claim
PASS strongest · actual movement and combat keep traveller alive
PASS strongest · actual supported walk leg: Inspect the portable junction claim
PASS strongest · actual movement and combat keep traveller alive
PASS strongest · actual supported walk leg: Inspect the portable junction claim
PASS strongest · actual movement and combat keep traveller alive
PASS strongest · actual supported walk leg: Inspect the portable junction claim
PASS strongest · actual movement and combat keep traveller alive
PASS strongest · actual supported walk leg: Inspect the portable junction claim
PASS strongest · actual movement and combat keep traveller alive
PASS strongest · actual supported walk leg: Inspect the portable junction claim
PASS strongest · actual movement and combat keep traveller alive
PASS strongest · actual supported walk leg: Inspect the portable junction claim
PASS strongest · actual movement and combat keep traveller alive
PASS strongest · actual supported walk leg: Inspect the portable junction claim
PASS strongest · actual movement and combat keep traveller alive
PASS strongest · actual supported walk leg: Inspect the portable junction claim
PASS strongest · actual movement and combat keep traveller alive
PASS strongest · actual supported walk leg: Inspect the portable junction claim
PASS strongest · actual movement and combat keep traveller alive
PASS strongest · actual supported walk leg: Inspect the portable junction claim
PASS strongest · actual movement and combat keep traveller alive
PASS strongest · actual supported walk leg: Inspect the portable junction claim
PASS strongest · actual movement and combat keep traveller alive
PASS strongest · actual supported walk leg: Inspect the portable junction claim
PASS strongest · actual movement and combat keep traveller alive
PASS strongest · actual supported walk leg: Inspect the portable junction claim
PASS strongest · actual movement and combat keep traveller alive
PASS strongest · actual supported walk leg: Inspect the portable junction claim
PASS strongest · actual movement and combat keep traveller alive
PASS strongest · actual supported walk leg: Inspect the portable junction claim
PASS strongest · actual movement and combat keep traveller alive
PASS strongest · actual supported walk leg: Inspect the portable junction claim
PASS strongest · actual movement and combat keep traveller alive
PASS strongest · actual supported walk leg: Inspect the portable junction claim
PASS strongest · actual movement and combat keep traveller alive
PASS strongest · actual supported walk leg: Inspect the portable junction claim
PASS strongest · actual movement and combat keep traveller alive
PASS strongest · actual supported walk leg: Inspect the portable junction claim
PASS strongest · actual movement and combat keep traveller alive
PASS strongest · actual supported walk leg: Inspect the portable junction claim
PASS strongest · actual movement and combat keep traveller alive
PASS strongest · actual supported walk leg: Inspect the portable junction claim
PASS strongest · actual movement and combat keep traveller alive
PASS strongest · actual supported walk leg: Inspect the portable junction claim
PASS strongest · actual movement and combat keep traveller alive
PASS strongest · actual supported walk leg: Inspect the portable junction claim
PASS strongest · actual movement and combat keep traveller alive
PASS strongest · actual supported walk leg: Inspect the portable junction claim
PASS strongest · actual movement and combat keep traveller alive
PASS strongest · actual supported walk leg: Inspect the portable junction claim
PASS strongest · actual movement and combat keep traveller alive
PASS strongest · actual supported walk leg: Inspect the portable junction claim
PASS strongest · actual movement and combat keep traveller alive
PASS strongest · actual supported walk leg: Inspect the portable junction claim
PASS strongest · actual movement and combat keep traveller alive
PASS strongest · actual supported walk leg: Inspect the portable junction claim
PASS strongest · actual movement and combat keep traveller alive
PASS strongest · actual supported walk leg: Inspect the portable junction claim
PASS strongest · actual movement and combat keep traveller alive
PASS strongest · actual supported walk leg: Inspect the portable junction claim
PASS strongest · actual movement and combat keep traveller alive
PASS strongest · actual supported walk leg: Inspect the portable junction claim
PASS strongest · actual movement and combat keep traveller alive
PASS strongest · actual supported walk leg: Inspect the portable junction claim
PASS strongest · actual movement and combat keep traveller alive
PASS strongest · actual supported walk leg: Inspect the portable junction claim
PASS strongest · actual movement and combat keep traveller alive
PASS strongest · actual supported walk leg: Inspect the portable junction claim
PASS strongest · actual movement and combat keep traveller alive
PASS strongest · actual supported walk leg: Inspect the portable junction claim
PASS strongest · actual movement and combat keep traveller alive
PASS strongest · actual supported walk leg: Inspect the portable junction claim
PASS strongest · actual movement and combat keep traveller alive
PASS strongest · actual supported walk leg: Inspect the portable junction claim
PASS strongest · production walking reaches Inspect the portable junction claim
PASS strongest · physical native action records inspect-claim
PASS strongest · physical work pays no independent fee
PASS strongest · actual camera projection adventure
PASS strongest · causal actual pixels and exact restoration west-relay-isolated adventure
PASS strongest · actual camera projection adventure
PASS strongest · causal actual pixels and exact restoration east-relay-isolated adventure
PASS strongest · actual camera projection follow
PASS strongest · causal actual pixels and exact restoration west-relay-isolated follow
PASS strongest · actual camera projection follow
PASS strongest · causal actual pixels and exact restoration east-relay-isolated follow
PASS strongest · whole production body path is supported: Place the supplied warning screen
PASS strongest · actual movement and combat keep traveller alive
PASS strongest · actual supported walk leg: Place the supplied warning screen
PASS strongest · actual movement and combat keep traveller alive
PASS strongest · actual supported walk leg: Place the supplied warning screen
PASS strongest · actual movement and combat keep traveller alive
PASS strongest · actual supported walk leg: Place the supplied warning screen
PASS strongest · actual movement and combat keep traveller alive
PASS strongest · actual supported walk leg: Place the supplied warning screen
PASS strongest · actual movement and combat keep traveller alive
PASS strongest · actual supported walk leg: Place the supplied warning screen
PASS strongest · actual movement and combat keep traveller alive
PASS strongest · actual supported walk leg: Place the supplied warning screen
PASS strongest · actual movement and combat keep traveller alive
PASS strongest · actual supported walk leg: Place the supplied warning screen
PASS strongest · actual movement and combat keep traveller alive
PASS strongest · actual supported walk leg: Place the supplied warning screen
PASS strongest · actual movement and combat keep traveller alive
PASS strongest · actual supported walk leg: Place the supplied warning screen
PASS strongest · actual movement and combat keep traveller alive
PASS strongest · actual supported walk leg: Place the supplied warning screen
PASS strongest · production walking reaches Place the supplied warning screen
PASS strongest · actual camera projection adventure
PASS strongest · causal actual pixels and exact restoration supplied-screen adventure
PASS strongest · actual camera projection follow
PASS strongest · causal actual pixels and exact restoration supplied-screen follow
PASS strongest · no manual defeat/choice/arrival control
PASS strongest · already physically reaches supplied-screen
PASS strongest · physical native action records supplied-screen
PASS strongest · physical work pays no independent fee
PASS strongest · no manual defeat/choice/arrival control
PASS strongest · whole production body path is supported: Isolate the west claim relay
PASS strongest · actual movement and combat keep traveller alive
PASS strongest · actual supported walk leg: Isolate the west claim relay
PASS strongest · actual movement and combat keep traveller alive
PASS strongest · actual supported walk leg: Isolate the west claim relay
PASS strongest · actual movement and combat keep traveller alive
PASS strongest · actual supported walk leg: Isolate the west claim relay
PASS strongest · actual movement and combat keep traveller alive
PASS strongest · actual supported walk leg: Isolate the west claim relay
PASS strongest · actual movement and combat keep traveller alive
PASS strongest · actual supported walk leg: Isolate the west claim relay
PASS strongest · actual movement and combat keep traveller alive
PASS strongest · actual supported walk leg: Isolate the west claim relay
PASS strongest · actual movement and combat keep traveller alive
PASS strongest · actual supported walk leg: Isolate the west claim relay
PASS strongest · actual movement and combat keep traveller alive
PASS strongest · actual supported walk leg: Isolate the west claim relay
PASS strongest · actual movement and combat keep traveller alive
PASS strongest · actual supported walk leg: Isolate the west claim relay
PASS strongest · actual movement and combat keep traveller alive
PASS strongest · actual supported walk leg: Isolate the west claim relay
PASS strongest · actual movement and combat keep traveller alive
PASS strongest · actual supported walk leg: Isolate the west claim relay
PASS strongest · actual movement and combat keep traveller alive
PASS strongest · actual supported walk leg: Isolate the west claim relay
PASS strongest · actual movement and combat keep traveller alive
PASS strongest · actual supported walk leg: Isolate the west claim relay
PASS strongest · actual movement and combat keep traveller alive
PASS strongest · actual supported walk leg: Isolate the west claim relay
PASS strongest · actual movement and combat keep traveller alive
PASS strongest · actual supported walk leg: Isolate the west claim relay
PASS strongest · actual movement and combat keep traveller alive
PASS strongest · actual supported walk leg: Isolate the west claim relay
PASS strongest · actual movement and combat keep traveller alive
PASS strongest · actual supported walk leg: Isolate the west claim relay
PASS strongest · production walking reaches Isolate the west claim relay
PASS strongest · physical native action records west-relay-isolated
PASS strongest · physical work pays no independent fee
PASS strongest · no manual defeat/choice/arrival control
PASS strongest · whole production body path is supported: Isolate the east claim relay
PASS strongest · actual movement and combat keep traveller alive
PASS strongest · actual supported walk leg: Isolate the east claim relay
PASS strongest · actual movement and combat keep traveller alive
PASS strongest · actual supported walk leg: Isolate the east claim relay
PASS strongest · actual movement and combat keep traveller alive
PASS strongest · actual supported walk leg: Isolate the east claim relay
PASS strongest · actual movement and combat keep traveller alive
PASS strongest · actual supported walk leg: Isolate the east claim relay
PASS strongest · actual movement and combat keep traveller alive
PASS strongest · actual supported walk leg: Isolate the east claim relay
PASS strongest · actual movement and combat keep traveller alive
PASS strongest · actual supported walk leg: Isolate the east claim relay
PASS strongest · actual movement and combat keep traveller alive
PASS strongest · actual supported walk leg: Isolate the east claim relay
PASS strongest · actual movement and combat keep traveller alive
PASS strongest · actual supported walk leg: Isolate the east claim relay
PASS strongest · actual movement and combat keep traveller alive
PASS strongest · actual supported walk leg: Isolate the east claim relay
PASS strongest · actual movement and combat keep traveller alive
PASS strongest · actual supported walk leg: Isolate the east claim relay
PASS strongest · actual movement and combat keep traveller alive
PASS strongest · actual supported walk leg: Isolate the east claim relay
PASS strongest · actual movement and combat keep traveller alive
PASS strongest · actual supported walk leg: Isolate the east claim relay
PASS strongest · actual movement and combat keep traveller alive
PASS strongest · actual supported walk leg: Isolate the east claim relay
PASS strongest · actual movement and combat keep traveller alive
PASS strongest · actual supported walk leg: Isolate the east claim relay
PASS strongest · actual movement and combat keep traveller alive
PASS strongest · actual supported walk leg: Isolate the east claim relay
PASS strongest · production walking reaches Isolate the east claim relay
PASS strongest · physical native action records east-relay-isolated
PASS strongest · physical work pays no independent fee
PASS strongest · stage reached and completed: relays
PASS strongest · native current-view action saves ordered-relays
PASS strongest · exact full native world persisted ordered-relays
PASS strongest · ordered-relays preserves the full other original native character slot value
PASS strongest · exact frozen actual HTML served
PASS strongest · actual WebGL2 renderer
PASS strongest · requested renderer observed
PASS strongest · whole Chromium restart loads exact bytes ordered-relays
PASS strongest · actual cold load preserves owners/payment/kit ordered-relays
PASS strongest · ordered-relays cold load preserves the full other original native character slot value
PASS strongest · production route is accepted for actual five-light entry marker
PASS strongest · whole production body path is supported: actual five-light entry marker
PASS strongest · actual movement and combat keep traveller alive
PASS strongest · actual supported walk leg: actual five-light entry marker
PASS strongest · production walking reaches actual five-light entry marker
PASS strongest · physical arrival has no actor teleport for actual five-light entry marker
PASS strongest · native explicit crossing reaches Earth road
PASS strongest · no manual defeat/choice/arrival control
PASS strongest · whole production body path is supported: Challenge the Regent’s local seizure
PASS strongest · actual movement and combat keep traveller alive
PASS strongest · actual supported walk leg: Challenge the Regent’s local seizure
PASS strongest · actual movement and combat keep traveller alive
PASS strongest · actual supported walk leg: Challenge the Regent’s local seizure
PASS strongest · actual movement and combat keep traveller alive
PASS strongest · actual supported walk leg: Challenge the Regent’s local seizure
PASS strongest · actual movement and combat keep traveller alive
PASS strongest · actual supported walk leg: Challenge the Regent’s local seizure
PASS strongest · actual movement and combat keep traveller alive
PASS strongest · actual supported walk leg: Challenge the Regent’s local seizure
PASS strongest · actual movement and combat keep traveller alive
PASS strongest · actual supported walk leg: Challenge the Regent’s local seizure
PASS strongest · actual movement and combat keep traveller alive
PASS strongest · actual supported walk leg: Challenge the Regent’s local seizure
PASS strongest · actual movement and combat keep traveller alive
PASS strongest · actual supported walk leg: Challenge the Regent’s local seizure
PASS strongest · actual movement and combat keep traveller alive
PASS strongest · actual supported walk leg: Challenge the Regent’s local seizure
PASS strongest · actual movement and combat keep traveller alive
PASS strongest · actual supported walk leg: Challenge the Regent’s local seizure
PASS strongest · actual movement and combat keep traveller alive
PASS strongest · actual supported walk leg: Challenge the Regent’s local seizure
PASS strongest · actual movement and combat keep traveller alive
PASS strongest · actual supported walk leg: Challenge the Regent’s local seizure
PASS strongest · actual movement and combat keep traveller alive
PASS strongest · actual supported walk leg: Challenge the Regent’s local seizure
PASS strongest · actual movement and combat keep traveller alive
PASS strongest · actual supported walk leg: Challenge the Regent’s local seizure
PASS strongest · actual movement and combat keep traveller alive
PASS strongest · actual supported walk leg: Challenge the Regent’s local seizure
PASS strongest · actual movement and combat keep traveller alive
PASS strongest · actual supported walk leg: Challenge the Regent’s local seizure
PASS strongest · actual movement and combat keep traveller alive
PASS strongest · actual supported walk leg: Challenge the Regent’s local seizure
PASS strongest · actual movement and combat keep traveller alive
PASS strongest · actual supported walk leg: Challenge the Regent’s local seizure
PASS strongest · actual movement and combat keep traveller alive
PASS strongest · actual supported walk leg: Challenge the Regent’s local seizure
PASS strongest · actual movement and combat keep traveller alive
PASS strongest · actual supported walk leg: Challenge the Regent’s local seizure
PASS strongest · actual movement and combat keep traveller alive
PASS strongest · actual supported walk leg: Challenge the Regent’s local seizure
PASS strongest · actual movement and combat keep traveller alive
PASS strongest · actual supported walk leg: Challenge the Regent’s local seizure
PASS strongest · actual movement and combat keep traveller alive
PASS strongest · actual supported walk leg: Challenge the Regent’s local seizure
PASS strongest · actual movement and combat keep traveller alive
PASS strongest · actual supported walk leg: Challenge the Regent’s local seizure
PASS strongest · actual movement and combat keep traveller alive
PASS strongest · actual supported walk leg: Challenge the Regent’s local seizure
PASS strongest · actual movement and combat keep traveller alive
PASS strongest · actual supported walk leg: Challenge the Regent’s local seizure
PASS strongest · actual movement and combat keep traveller alive
PASS strongest · actual supported walk leg: Challenge the Regent’s local seizure
PASS strongest · actual movement and combat keep traveller alive
PASS strongest · actual supported walk leg: Challenge the Regent’s local seizure
PASS strongest · actual movement and combat keep traveller alive
PASS strongest · actual supported walk leg: Challenge the Regent’s local seizure
PASS strongest · actual movement and combat keep traveller alive
PASS strongest · actual supported walk leg: Challenge the Regent’s local seizure
PASS strongest · actual movement and combat keep traveller alive
PASS strongest · actual supported walk leg: Challenge the Regent’s local seizure
PASS strongest · actual movement and combat keep traveller alive
PASS strongest · actual supported walk leg: Challenge the Regent’s local seizure
PASS strongest · actual movement and combat keep traveller alive
PASS strongest · actual supported walk leg: Challenge the Regent’s local seizure
PASS strongest · actual movement and combat keep traveller alive
PASS strongest · actual supported walk leg: Challenge the Regent’s local seizure
PASS strongest · actual movement and combat keep traveller alive
PASS strongest · actual supported walk leg: Challenge the Regent’s local seizure
PASS strongest · actual movement and combat keep traveller alive
PASS strongest · actual supported walk leg: Challenge the Regent’s local seizure
PASS strongest · actual movement and combat keep traveller alive
PASS strongest · actual supported walk leg: Challenge the Regent’s local seizure
PASS strongest · actual movement and combat keep traveller alive
PASS strongest · actual supported walk leg: Challenge the Regent’s local seizure
PASS strongest · actual movement and combat keep traveller alive
PASS strongest · actual supported walk leg: Challenge the Regent’s local seizure
PASS strongest · actual movement and combat keep traveller alive
PASS strongest · actual supported walk leg: Challenge the Regent’s local seizure
PASS strongest · actual movement and combat keep traveller alive
PASS strongest · actual supported walk leg: Challenge the Regent’s local seizure
PASS strongest · actual movement and combat keep traveller alive
PASS strongest · actual supported walk leg: Challenge the Regent’s local seizure
PASS strongest · actual movement and combat keep traveller alive
PASS strongest · actual supported walk leg: Challenge the Regent’s local seizure
PASS strongest · actual movement and combat keep traveller alive
PASS strongest · actual supported walk leg: Challenge the Regent’s local seizure
PASS strongest · actual movement and combat keep traveller alive
PASS strongest · actual supported walk leg: Challenge the Regent’s local seizure
PASS strongest · actual movement and combat keep traveller alive
PASS strongest · actual supported walk leg: Challenge the Regent’s local seizure
PASS strongest · actual movement and combat keep traveller alive
PASS strongest · actual supported walk leg: Challenge the Regent’s local seizure
PASS strongest · actual movement and combat keep traveller alive
PASS strongest · actual supported walk leg: Challenge the Regent’s local seizure
PASS strongest · actual movement and combat keep traveller alive
PASS strongest · actual supported walk leg: Challenge the Regent’s local seizure
PASS strongest · actual movement and combat keep traveller alive
PASS strongest · actual supported walk leg: Challenge the Regent’s local seizure
PASS strongest · actual movement and combat keep traveller alive
PASS strongest · actual supported walk leg: Challenge the Regent’s local seizure
PASS strongest · actual movement and combat keep traveller alive
PASS strongest · actual supported walk leg: Challenge the Regent’s local seizure
PASS strongest · actual movement and combat keep traveller alive
PASS strongest · actual supported walk leg: Challenge the Regent’s local seizure
PASS strongest · actual movement and combat keep traveller alive
PASS strongest · actual supported walk leg: Challenge the Regent’s local seizure
PASS strongest · actual movement and combat keep traveller alive
PASS strongest · actual supported walk leg: Challenge the Regent’s local seizure
PASS strongest · actual movement and combat keep traveller alive
PASS strongest · actual supported walk leg: Challenge the Regent’s local seizure
PASS strongest · actual movement and combat keep traveller alive
PASS strongest · actual supported walk leg: Challenge the Regent’s local seizure
PASS strongest · actual movement and combat keep traveller alive
PASS strongest · actual supported walk leg: Challenge the Regent’s local seizure
PASS strongest · actual movement and combat keep traveller alive
PASS strongest · actual supported walk leg: Challenge the Regent’s local seizure
PASS strongest · actual movement and combat keep traveller alive
PASS strongest · actual supported walk leg: Challenge the Regent’s local seizure
PASS strongest · actual movement and combat keep traveller alive
PASS strongest · actual supported walk leg: Challenge the Regent’s local seizure
PASS strongest · actual movement and combat keep traveller alive
PASS strongest · actual supported walk leg: Challenge the Regent’s local seizure
PASS strongest · actual movement and combat keep traveller alive
PASS strongest · actual supported walk leg: Challenge the Regent’s local seizure
PASS strongest · actual movement and combat keep traveller alive
PASS strongest · actual supported walk leg: Challenge the Regent’s local seizure
PASS strongest · actual movement and combat keep traveller alive
PASS strongest · actual supported walk leg: Challenge the Regent’s local seizure
PASS strongest · actual movement and combat keep traveller alive
PASS strongest · actual supported walk leg: Challenge the Regent’s local seizure
PASS strongest · actual movement and combat keep traveller alive
PASS strongest · actual supported walk leg: Challenge the Regent’s local seizure
PASS strongest · actual movement and combat keep traveller alive
PASS strongest · actual supported walk leg: Challenge the Regent’s local seizure
PASS strongest · actual movement and combat keep traveller alive
PASS strongest · actual supported walk leg: Challenge the Regent’s local seizure
PASS strongest · actual movement and combat keep traveller alive
PASS strongest · actual supported walk leg: Challenge the Regent’s local seizure
PASS strongest · actual movement and combat keep traveller alive
PASS strongest · actual supported walk leg: Challenge the Regent’s local seizure
PASS strongest · actual movement and combat keep traveller alive
PASS strongest · actual supported walk leg: Challenge the Regent’s local seizure
PASS strongest · actual movement and combat keep traveller alive
PASS strongest · actual supported walk leg: Challenge the Regent’s local seizure
PASS strongest · actual movement and combat keep traveller alive
PASS strongest · actual supported walk leg: Challenge the Regent’s local seizure
PASS strongest · actual movement and combat keep traveller alive
PASS strongest · actual supported walk leg: Challenge the Regent’s local seizure
PASS strongest · actual movement and combat keep traveller alive
PASS strongest · actual supported walk leg: Challenge the Regent’s local seizure
PASS strongest · actual movement and combat keep traveller alive
PASS strongest · actual supported walk leg: Challenge the Regent’s local seizure
PASS strongest · actual movement and combat keep traveller alive
PASS strongest · actual supported walk leg: Challenge the Regent’s local seizure
PASS strongest · actual movement and combat keep traveller alive
PASS strongest · actual supported walk leg: Challenge the Regent’s local seizure
PASS strongest · actual movement and combat keep traveller alive
PASS strongest · actual supported walk leg: Challenge the Regent’s local seizure
PASS strongest · actual movement and combat keep traveller alive
PASS strongest · actual supported walk leg: Challenge the Regent’s local seizure
PASS strongest · actual movement and combat keep traveller alive
PASS strongest · actual supported walk leg: Challenge the Regent’s local seizure
PASS strongest · actual movement and combat keep traveller alive
PASS strongest · actual supported walk leg: Challenge the Regent’s local seizure
PASS strongest · actual movement and combat keep traveller alive
PASS strongest · actual supported walk leg: Challenge the Regent’s local seizure
PASS strongest · actual movement and combat keep traveller alive
PASS strongest · actual supported walk leg: Challenge the Regent’s local seizure
PASS strongest · actual movement and combat keep traveller alive
PASS strongest · actual supported walk leg: Challenge the Regent’s local seizure
PASS strongest · actual movement and combat keep traveller alive
PASS strongest · actual supported walk leg: Challenge the Regent’s local seizure
PASS strongest · actual movement and combat keep traveller alive
PASS strongest · actual supported walk leg: Challenge the Regent’s local seizure
PASS strongest · actual movement and combat keep traveller alive
PASS strongest · actual supported walk leg: Challenge the Regent’s local seizure
PASS strongest · actual movement and combat keep traveller alive
PASS strongest · actual supported walk leg: Challenge the Regent’s local seizure
PASS strongest · actual movement and combat keep traveller alive
PASS strongest · actual supported walk leg: Challenge the Regent’s local seizure
PASS strongest · actual movement and combat keep traveller alive
PASS strongest · actual supported walk leg: Challenge the Regent’s local seizure
PASS strongest · actual movement and combat keep traveller alive
PASS strongest · actual supported walk leg: Challenge the Regent’s local seizure
PASS strongest · actual movement and combat keep traveller alive
PASS strongest · actual supported walk leg: Challenge the Regent’s local seizure
PASS strongest · actual movement and combat keep traveller alive
PASS strongest · actual supported walk leg: Challenge the Regent’s local seizure
PASS strongest · actual movement and combat keep traveller alive
PASS strongest · actual supported walk leg: Challenge the Regent’s local seizure
PASS strongest · actual movement and combat keep traveller alive
PASS strongest · actual supported walk leg: Challenge the Regent’s local seizure
PASS strongest · actual movement and combat keep traveller alive
PASS strongest · actual supported walk leg: Challenge the Regent’s local seizure
PASS strongest · actual movement and combat keep traveller alive
PASS strongest · actual supported walk leg: Challenge the Regent’s local seizure
PASS strongest · actual movement and combat keep traveller alive
PASS strongest · actual supported walk leg: Challenge the Regent’s local seizure
PASS strongest · actual movement and combat keep traveller alive
PASS strongest · actual supported walk leg: Challenge the Regent’s local seizure
PASS strongest · actual movement and combat keep traveller alive
PASS strongest · actual supported walk leg: Challenge the Regent’s local seizure
PASS strongest · actual movement and combat keep traveller alive
PASS strongest · actual supported walk leg: Challenge the Regent’s local seizure
PASS strongest · actual movement and combat keep traveller alive
PASS strongest · actual supported walk leg: Challenge the Regent’s local seizure
PASS strongest · actual movement and combat keep traveller alive
PASS strongest · actual supported walk leg: Challenge the Regent’s local seizure
PASS strongest · actual movement and combat keep traveller alive
PASS strongest · actual supported walk leg: Challenge the Regent’s local seizure
PASS strongest · actual movement and combat keep traveller alive
PASS strongest · actual supported walk leg: Challenge the Regent’s local seizure
PASS strongest · actual movement and combat keep traveller alive
PASS strongest · actual supported walk leg: Challenge the Regent’s local seizure
PASS strongest · actual movement and combat keep traveller alive
PASS strongest · actual supported walk leg: Challenge the Regent’s local seizure
PASS strongest · actual movement and combat keep traveller alive
PASS strongest · actual supported walk leg: Challenge the Regent’s local seizure
PASS strongest · actual movement and combat keep traveller alive
PASS strongest · actual supported walk leg: Challenge the Regent’s local seizure
PASS strongest · actual movement and combat keep traveller alive
PASS strongest · actual supported walk leg: Challenge the Regent’s local seizure
PASS strongest · actual movement and combat keep traveller alive
PASS strongest · actual supported walk leg: Challenge the Regent’s local seizure
PASS strongest · actual movement and combat keep traveller alive
PASS strongest · actual supported walk leg: Challenge the Regent’s local seizure
PASS strongest · actual movement and combat keep traveller alive
PASS strongest · actual supported walk leg: Challenge the Regent’s local seizure
PASS strongest · actual movement and combat keep traveller alive
PASS strongest · actual supported walk leg: Challenge the Regent’s local seizure
PASS strongest · actual movement and combat keep traveller alive
PASS strongest · actual supported walk leg: Challenge the Regent’s local seizure
PASS strongest · actual movement and combat keep traveller alive
PASS strongest · actual supported walk leg: Challenge the Regent’s local seizure
PASS strongest · actual movement and combat keep traveller alive
PASS strongest · actual supported walk leg: Challenge the Regent’s local seizure
PASS strongest · actual movement and combat keep traveller alive
PASS strongest · actual supported walk leg: Challenge the Regent’s local seizure
PASS strongest · actual movement and combat keep traveller alive
PASS strongest · actual supported walk leg: Challenge the Regent’s local seizure
PASS strongest · actual movement and combat keep traveller alive
PASS strongest · actual supported walk leg: Challenge the Regent’s local seizure
PASS strongest · actual movement and combat keep traveller alive
PASS strongest · actual supported walk leg: Challenge the Regent’s local seizure
PASS strongest · actual movement and combat keep traveller alive
PASS strongest · actual supported walk leg: Challenge the Regent’s local seizure
PASS strongest · actual movement and combat keep traveller alive
PASS strongest · actual supported walk leg: Challenge the Regent’s local seizure
PASS strongest · actual movement and combat keep traveller alive
PASS strongest · actual supported walk leg: Challenge the Regent’s local seizure
PASS strongest · actual movement and combat keep traveller alive
PASS strongest · actual supported walk leg: Challenge the Regent’s local seizure
PASS strongest · actual movement and combat keep traveller alive
PASS strongest · actual supported walk leg: Challenge the Regent’s local seizure
PASS strongest · actual movement and combat keep traveller alive
PASS strongest · actual supported walk leg: Challenge the Regent’s local seizure
PASS strongest · actual movement and combat keep traveller alive
PASS strongest · actual supported walk leg: Challenge the Regent’s local seizure
PASS strongest · actual movement and combat keep traveller alive
PASS strongest · actual supported walk leg: Challenge the Regent’s local seizure
PASS strongest · actual movement and combat keep traveller alive
PASS strongest · actual supported walk leg: Challenge the Regent’s local seizure
PASS strongest · actual movement and combat keep traveller alive
PASS strongest · actual supported walk leg: Challenge the Regent’s local seizure
PASS strongest · actual movement and combat keep traveller alive
PASS strongest · actual supported walk leg: Challenge the Regent’s local seizure
PASS strongest · actual movement and combat keep traveller alive
PASS strongest · actual supported walk leg: Challenge the Regent’s local seizure
PASS strongest · actual movement and combat keep traveller alive
PASS strongest · actual supported walk leg: Challenge the Regent’s local seizure
PASS strongest · actual movement and combat keep traveller alive
PASS strongest · actual supported walk leg: Challenge the Regent’s local seizure
PASS strongest · actual movement and combat keep traveller alive
PASS strongest · actual supported walk leg: Challenge the Regent’s local seizure
PASS strongest · actual movement and combat keep traveller alive
PASS strongest · actual supported walk leg: Challenge the Regent’s local seizure
PASS strongest · actual movement and combat keep traveller alive
PASS strongest · actual supported walk leg: Challenge the Regent’s local seizure
PASS strongest · actual movement and combat keep traveller alive
PASS strongest · actual supported walk leg: Challenge the Regent’s local seizure
PASS strongest · actual movement and combat keep traveller alive
PASS strongest · actual supported walk leg: Challenge the Regent’s local seizure
PASS strongest · actual movement and combat keep traveller alive
PASS strongest · actual supported walk leg: Challenge the Regent’s local seizure
PASS strongest · actual movement and combat keep traveller alive
PASS strongest · actual supported walk leg: Challenge the Regent’s local seizure
PASS strongest · production walking reaches Challenge the Regent’s local seizure
PASS strongest · physical native action records challenge-regent
PASS strongest · physical work pays no independent fee
PASS strongest · production route is accepted for actual partial-combat approach
PASS strongest · whole production body path is supported: actual partial-combat approach
PASS strongest · actual movement and combat keep traveller alive
PASS strongest · actual supported walk leg: actual partial-combat approach
PASS strongest · production walking reaches actual partial-combat approach
PASS strongest · physical arrival has no actor teleport for actual partial-combat approach
PASS strongest · native Tab selects actual Regent
PASS strongest · actual owned weapon is ready
PASS strongest · actual movement and combat keep traveller alive
PASS strongest · native owned attack causes actual weapon damage
PASS strongest · partial real attack leaves encounter unrecorded
PASS strongest · native free return does not earn Oren home arrival partial retreat
PASS strongest · native current-view action saves unfinished-actual-encounter
PASS strongest · exact full native world persisted unfinished-actual-encounter
PASS strongest · unfinished-actual-encounter preserves the full other original native character slot value
PASS strongest · exact frozen actual HTML served
PASS strongest · actual WebGL2 renderer
PASS strongest · requested renderer observed
PASS strongest · whole Chromium restart loads exact bytes unfinished-actual-encounter
PASS strongest · actual cold load preserves owners/payment/kit unfinished-actual-encounter
PASS strongest · unfinished-actual-encounter cold load preserves the full other original native character slot value
PASS strongest · stage reached and completed: partial-retreat
PASS strongest · production route is accepted for actual five-light entry marker
PASS strongest · whole production body path is supported: actual five-light entry marker
PASS strongest · actual movement and combat keep traveller alive
PASS strongest · actual supported walk leg: actual five-light entry marker
PASS strongest · production walking reaches actual five-light entry marker
PASS strongest · physical arrival has no actor teleport for actual five-light entry marker
PASS strongest · native explicit crossing reaches Earth road
PASS strongest · unrecorded encounter resets through real reentry
PASS strongest · production route is accepted for ordinary close signal approach
PASS strongest · whole production body path is supported: ordinary close signal approach
PASS strongest · actual movement and combat keep traveller alive
PASS strongest · actual supported walk leg: ordinary close signal approach
PASS strongest · actual movement and combat keep traveller alive
PASS strongest · actual supported walk leg: ordinary close signal approach
PASS strongest · actual movement and combat keep traveller alive
PASS strongest · actual supported walk leg: ordinary close signal approach
PASS strongest · actual movement and combat keep traveller alive
PASS strongest · actual supported walk leg: ordinary close signal approach
PASS strongest · actual movement and combat keep traveller alive
PASS strongest · actual supported walk leg: ordinary close signal approach
PASS strongest · actual movement and combat keep traveller alive
PASS strongest · actual supported walk leg: ordinary close signal approach
PASS strongest · actual movement and combat keep traveller alive
PASS strongest · actual supported walk leg: ordinary close signal approach
PASS strongest · actual movement and combat keep traveller alive
PASS strongest · actual supported walk leg: ordinary close signal approach
PASS strongest · actual movement and combat keep traveller alive
PASS strongest · actual supported walk leg: ordinary close signal approach
PASS strongest · actual movement and combat keep traveller alive
PASS strongest · actual supported walk leg: ordinary close signal approach
PASS strongest · actual movement and combat keep traveller alive
PASS strongest · actual supported walk leg: ordinary close signal approach
PASS strongest · actual movement and combat keep traveller alive
PASS strongest · actual supported walk leg: ordinary close signal approach
PASS strongest · actual movement and combat keep traveller alive
PASS strongest · actual supported walk leg: ordinary close signal approach
PASS strongest · actual movement and combat keep traveller alive
PASS strongest · actual supported walk leg: ordinary close signal approach
PASS strongest · actual movement and combat keep traveller alive
PASS strongest · actual supported walk leg: ordinary close signal approach
PASS strongest · actual movement and combat keep traveller alive
PASS strongest · actual supported walk leg: ordinary close signal approach
PASS strongest · actual movement and combat keep traveller alive
PASS strongest · actual supported walk leg: ordinary close signal approach
PASS strongest · actual movement and combat keep traveller alive
PASS strongest · actual supported walk leg: ordinary close signal approach
PASS strongest · actual movement and combat keep traveller alive
PASS strongest · actual supported walk leg: ordinary close signal approach
PASS strongest · actual movement and combat keep traveller alive
PASS strongest · actual supported walk leg: ordinary close signal approach
PASS strongest · actual movement and combat keep traveller alive
PASS strongest · actual supported walk leg: ordinary close signal approach
PASS strongest · actual movement and combat keep traveller alive
PASS strongest · actual supported walk leg: ordinary close signal approach
PASS strongest · actual movement and combat keep traveller alive
PASS strongest · actual supported walk leg: ordinary close signal approach
PASS strongest · actual movement and combat keep traveller alive
PASS strongest · actual supported walk leg: ordinary close signal approach
PASS strongest · actual movement and combat keep traveller alive
PASS strongest · actual supported walk leg: ordinary close signal approach
PASS strongest · actual movement and combat keep traveller alive
PASS strongest · actual supported walk leg: ordinary close signal approach
PASS strongest · actual movement and combat keep traveller alive
PASS strongest · actual supported walk leg: ordinary close signal approach
PASS strongest · actual movement and combat keep traveller alive
PASS strongest · actual supported walk leg: ordinary close signal approach
PASS strongest · actual movement and combat keep traveller alive
PASS strongest · actual supported walk leg: ordinary close signal approach
PASS strongest · actual movement and combat keep traveller alive
PASS strongest · actual supported walk leg: ordinary close signal approach
PASS strongest · actual movement and combat keep traveller alive
PASS strongest · actual supported walk leg: ordinary close signal approach
PASS strongest · actual movement and combat keep traveller alive
PASS strongest · actual supported walk leg: ordinary close signal approach
PASS strongest · actual movement and combat keep traveller alive
PASS strongest · actual supported walk leg: ordinary close signal approach
PASS strongest · actual movement and combat keep traveller alive
PASS strongest · actual supported walk leg: ordinary close signal approach
PASS strongest · actual movement and combat keep traveller alive
PASS strongest · actual supported walk leg: ordinary close signal approach
PASS strongest · actual movement and combat keep traveller alive
PASS strongest · actual supported walk leg: ordinary close signal approach
PASS strongest · actual movement and combat keep traveller alive
PASS strongest · actual supported walk leg: ordinary close signal approach
PASS strongest · actual movement and combat keep traveller alive
PASS strongest · actual supported walk leg: ordinary close signal approach
PASS strongest · actual movement and combat keep traveller alive
PASS strongest · actual supported walk leg: ordinary close signal approach
PASS strongest · actual movement and combat keep traveller alive
PASS strongest · actual supported walk leg: ordinary close signal approach
PASS strongest · actual movement and combat keep traveller alive
PASS strongest · actual supported walk leg: ordinary close signal approach
PASS strongest · actual movement and combat keep traveller alive
PASS strongest · actual supported walk leg: ordinary close signal approach
PASS strongest · actual movement and combat keep traveller alive
PASS strongest · actual supported walk leg: ordinary close signal approach
PASS strongest · actual movement and combat keep traveller alive
PASS strongest · actual supported walk leg: ordinary close signal approach
PASS strongest · actual movement and combat keep traveller alive
PASS strongest · actual supported walk leg: ordinary close signal approach
PASS strongest · actual movement and combat keep traveller alive
PASS strongest · actual supported walk leg: ordinary close signal approach
PASS strongest · actual movement and combat keep traveller alive
PASS strongest · actual supported walk leg: ordinary close signal approach
PASS strongest · actual movement and combat keep traveller alive
PASS strongest · actual supported walk leg: ordinary close signal approach
PASS strongest · actual movement and combat keep traveller alive
PASS strongest · actual supported walk leg: ordinary close signal approach
PASS strongest · actual movement and combat keep traveller alive
PASS strongest · actual supported walk leg: ordinary close signal approach
PASS strongest · actual movement and combat keep traveller alive
PASS strongest · actual supported walk leg: ordinary close signal approach
PASS strongest · actual movement and combat keep traveller alive
PASS strongest · actual supported walk leg: ordinary close signal approach
PASS strongest · actual movement and combat keep traveller alive
PASS strongest · actual supported walk leg: ordinary close signal approach
PASS strongest · actual movement and combat keep traveller alive
PASS strongest · actual supported walk leg: ordinary close signal approach
PASS strongest · actual movement and combat keep traveller alive
PASS strongest · actual supported walk leg: ordinary close signal approach
PASS strongest · actual movement and combat keep traveller alive
PASS strongest · actual supported walk leg: ordinary close signal approach
PASS strongest · actual movement and combat keep traveller alive
PASS strongest · actual supported walk leg: ordinary close signal approach
PASS strongest · actual movement and combat keep traveller alive
PASS strongest · actual supported walk leg: ordinary close signal approach
PASS strongest · actual movement and combat keep traveller alive
PASS strongest · actual supported walk leg: ordinary close signal approach
PASS strongest · actual movement and combat keep traveller alive
PASS strongest · actual supported walk leg: ordinary close signal approach
PASS strongest · actual movement and combat keep traveller alive
PASS strongest · actual supported walk leg: ordinary close signal approach
PASS strongest · actual movement and combat keep traveller alive
PASS strongest · actual supported walk leg: ordinary close signal approach
PASS strongest · actual movement and combat keep traveller alive
PASS strongest · actual supported walk leg: ordinary close signal approach
PASS strongest · actual movement and combat keep traveller alive
PASS strongest · actual supported walk leg: ordinary close signal approach
PASS strongest · actual movement and combat keep traveller alive
PASS strongest · actual supported walk leg: ordinary close signal approach
PASS strongest · actual movement and combat keep traveller alive
PASS strongest · actual supported walk leg: ordinary close signal approach
PASS strongest · actual movement and combat keep traveller alive
PASS strongest · actual supported walk leg: ordinary close signal approach
PASS strongest · actual movement and combat keep traveller alive
PASS strongest · actual supported walk leg: ordinary close signal approach
PASS strongest · actual movement and combat keep traveller alive
PASS strongest · actual supported walk leg: ordinary close signal approach
PASS strongest · actual movement and combat keep traveller alive
PASS strongest · actual supported walk leg: ordinary close signal approach
PASS strongest · actual movement and combat keep traveller alive
PASS strongest · actual supported walk leg: ordinary close signal approach
PASS strongest · actual movement and combat keep traveller alive
PASS strongest · actual supported walk leg: ordinary close signal approach
PASS strongest · actual movement and combat keep traveller alive
PASS strongest · actual supported walk leg: ordinary close signal approach
PASS strongest · actual movement and combat keep traveller alive
PASS strongest · actual supported walk leg: ordinary close signal approach
PASS strongest · actual movement and combat keep traveller alive
PASS strongest · actual supported walk leg: ordinary close signal approach
PASS strongest · actual movement and combat keep traveller alive
PASS strongest · actual supported walk leg: ordinary close signal approach
PASS strongest · actual movement and combat keep traveller alive
PASS strongest · actual supported walk leg: ordinary close signal approach
PASS strongest · actual movement and combat keep traveller alive
PASS strongest · actual supported walk leg: ordinary close signal approach
PASS strongest · actual movement and combat keep traveller alive
PASS strongest · actual supported walk leg: ordinary close signal approach
PASS strongest · actual movement and combat keep traveller alive
PASS strongest · actual supported walk leg: ordinary close signal approach
PASS strongest · actual movement and combat keep traveller alive
PASS strongest · actual supported walk leg: ordinary close signal approach
PASS strongest · actual movement and combat keep traveller alive
PASS strongest · actual supported walk leg: ordinary close signal approach
PASS strongest · actual movement and combat keep traveller alive
PASS strongest · actual supported walk leg: ordinary close signal approach
PASS strongest · actual movement and combat keep traveller alive
PASS strongest · actual supported walk leg: ordinary close signal approach
PASS strongest · actual movement and combat keep traveller alive
PASS strongest · actual supported walk leg: ordinary close signal approach
PASS strongest · actual movement and combat keep traveller alive
PASS strongest · actual supported walk leg: ordinary close signal approach
PASS strongest · actual movement and combat keep traveller alive
PASS strongest · actual supported walk leg: ordinary close signal approach
PASS strongest · actual movement and combat keep traveller alive
PASS strongest · actual supported walk leg: ordinary close signal approach
PASS strongest · actual movement and combat keep traveller alive
PASS strongest · actual supported walk leg: ordinary close signal approach
PASS strongest · actual movement and combat keep traveller alive
PASS strongest · actual supported walk leg: ordinary close signal approach
PASS strongest · actual movement and combat keep traveller alive
PASS strongest · actual supported walk leg: ordinary close signal approach
PASS strongest · actual movement and combat keep traveller alive
PASS strongest · actual supported walk leg: ordinary close signal approach
PASS strongest · actual movement and combat keep traveller alive
PASS strongest · actual supported walk leg: ordinary close signal approach
PASS strongest · actual movement and combat keep traveller alive
PASS strongest · actual supported walk leg: ordinary close signal approach
PASS strongest · actual movement and combat keep traveller alive
PASS strongest · actual supported walk leg: ordinary close signal approach
PASS strongest · actual movement and combat keep traveller alive
PASS strongest · actual supported walk leg: ordinary close signal approach
PASS strongest · actual movement and combat keep traveller alive
PASS strongest · actual supported walk leg: ordinary close signal approach
PASS strongest · actual movement and combat keep traveller alive
PASS strongest · actual supported walk leg: ordinary close signal approach
PASS strongest · actual movement and combat keep traveller alive
PASS strongest · actual supported walk leg: ordinary close signal approach
PASS strongest · actual movement and combat keep traveller alive
PASS strongest · actual supported walk leg: ordinary close signal approach
PASS strongest · actual movement and combat keep traveller alive
PASS strongest · actual supported walk leg: ordinary close signal approach
PASS strongest · actual movement and combat keep traveller alive
PASS strongest · actual supported walk leg: ordinary close signal approach
PASS strongest · actual movement and combat keep traveller alive
PASS strongest · actual supported walk leg: ordinary close signal approach
PASS strongest · actual movement and combat keep traveller alive
PASS strongest · actual supported walk leg: ordinary close signal approach
PASS strongest · actual movement and combat keep traveller alive
PASS strongest · actual supported walk leg: ordinary close signal approach
PASS strongest · actual movement and combat keep traveller alive
PASS strongest · actual supported walk leg: ordinary close signal approach
PASS strongest · actual movement and combat keep traveller alive
PASS strongest · actual supported walk leg: ordinary close signal approach
PASS strongest · actual movement and combat keep traveller alive
PASS strongest · actual supported walk leg: ordinary close signal approach
PASS strongest · actual movement and combat keep traveller alive
PASS strongest · actual supported walk leg: ordinary close signal approach
PASS strongest · actual movement and combat keep traveller alive
PASS strongest · actual supported walk leg: ordinary close signal approach
PASS strongest · actual movement and combat keep traveller alive
PASS strongest · actual supported walk leg: ordinary close signal approach
PASS strongest · actual movement and combat keep traveller alive
PASS strongest · actual supported walk leg: ordinary close signal approach
PASS strongest · actual movement and combat keep traveller alive
PASS strongest · actual supported walk leg: ordinary close signal approach
PASS strongest · actual movement and combat keep traveller alive
PASS strongest · actual supported walk leg: ordinary close signal approach
PASS strongest · actual movement and combat keep traveller alive
PASS strongest · actual supported walk leg: ordinary close signal approach
PASS strongest · actual movement and combat keep traveller alive
PASS strongest · actual supported walk leg: ordinary close signal approach
PASS strongest · actual movement and combat keep traveller alive
PASS strongest · actual supported walk leg: ordinary close signal approach
PASS strongest · actual movement and combat keep traveller alive
PASS strongest · actual supported walk leg: ordinary close signal approach
PASS strongest · actual movement and combat keep traveller alive
PASS strongest · actual supported walk leg: ordinary close signal approach
PASS strongest · actual movement and combat keep traveller alive
PASS strongest · actual supported walk leg: ordinary close signal approach
PASS strongest · actual movement and combat keep traveller alive
PASS strongest · actual supported walk leg: ordinary close signal approach
PASS strongest · actual movement and combat keep traveller alive
PASS strongest · actual supported walk leg: ordinary close signal approach
PASS strongest · actual movement and combat keep traveller alive
PASS strongest · actual supported walk leg: ordinary close signal approach
PASS strongest · actual movement and combat keep traveller alive
PASS strongest · actual supported walk leg: ordinary close signal approach
PASS strongest · actual movement and combat keep traveller alive
PASS strongest · actual supported walk leg: ordinary close signal approach
PASS strongest · actual movement and combat keep traveller alive
PASS strongest · actual supported walk leg: ordinary close signal approach
PASS strongest · actual movement and combat keep traveller alive
PASS strongest · actual supported walk leg: ordinary close signal approach
PASS strongest · actual movement and combat keep traveller alive
PASS strongest · actual supported walk leg: ordinary close signal approach
PASS strongest · actual movement and combat keep traveller alive
PASS strongest · actual supported walk leg: ordinary close signal approach
PASS strongest · actual movement and combat keep traveller alive
PASS strongest · actual supported walk leg: ordinary close signal approach
PASS strongest · actual movement and combat keep traveller alive
PASS strongest · actual supported walk leg: ordinary close signal approach
PASS strongest · actual movement and combat keep traveller alive
PASS strongest · actual supported walk leg: ordinary close signal approach
PASS strongest · actual movement and combat keep traveller alive
PASS strongest · actual supported walk leg: ordinary close signal approach
PASS strongest · actual movement and combat keep traveller alive
PASS strongest · actual supported walk leg: ordinary close signal approach
PASS strongest · actual movement and combat keep traveller alive
PASS strongest · actual supported walk leg: ordinary close signal approach
PASS strongest · actual movement and combat keep traveller alive
PASS strongest · actual supported walk leg: ordinary close signal approach
PASS strongest · actual movement and combat keep traveller alive
PASS strongest · actual supported walk leg: ordinary close signal approach
PASS strongest · actual movement and combat keep traveller alive
PASS strongest · actual supported walk leg: ordinary close signal approach
PASS strongest · actual movement and combat keep traveller alive
PASS strongest · actual supported walk leg: ordinary close signal approach
PASS strongest · actual movement and combat keep traveller alive
PASS strongest · actual supported walk leg: ordinary close signal approach
PASS strongest · actual movement and combat keep traveller alive
PASS strongest · actual supported walk leg: ordinary close signal approach
PASS strongest · actual movement and combat keep traveller alive
PASS strongest · actual supported walk leg: ordinary close signal approach
PASS strongest · actual movement and combat keep traveller alive
PASS strongest · actual supported walk leg: ordinary close signal approach
PASS strongest · production walking reaches ordinary close signal approach
PASS strongest · physical arrival has no actor teleport for ordinary close signal approach
PASS strongest · native Tab selects actual Regent
PASS strongest · naturally scheduled immutable actual claim-lane warning
PASS strongest · actual whole Regent body grounded within its collision radius and exact raised warning footprint
PASS strongest · supplied screen changes only broad warning duration
PASS strongest · actual movement and combat keep traveller alive
PASS strongest · one actual locked contact preserves its frame
PASS strongest · actual owned weapon is ready
PASS strongest · actual movement and combat keep traveller alive
PASS strongest · native owned attack causes actual weapon damage
PASS strongest · actual owned weapon is ready
PASS strongest · actual movement and combat keep traveller alive
PASS strongest · native owned attack causes actual weapon damage
PASS strongest · naturally scheduled immutable actual false-shelter warning
PASS strongest · actual whole Regent body grounded within its collision radius and exact raised warning footprint
PASS strongest · fixed long narrow lane stays declared
PASS strongest · actual movement and combat keep traveller alive
PASS strongest · one actual locked contact preserves its frame
PASS strongest · production route is accepted for supported next phase weapon approach
PASS strongest · whole production body path is supported: supported next phase weapon approach
PASS strongest · actual movement and combat keep traveller alive
PASS strongest · actual supported walk leg: supported next phase weapon approach
PASS strongest · production walking reaches supported next phase weapon approach
PASS strongest · physical arrival has no actor teleport for supported next phase weapon approach
PASS strongest · actual owned weapon is ready
PASS strongest · actual movement and combat keep traveller alive
PASS strongest · native owned attack causes actual weapon damage
PASS strongest · naturally scheduled immutable actual closing-ring warning
PASS strongest · actual whole Regent body grounded within its collision radius and exact raised warning footprint
PASS strongest · actual movement and combat keep traveller alive
PASS strongest · one actual locked contact preserves its frame
PASS strongest · native Auto enables real weapon intent
PASS strongest · actual movement and combat keep traveller alive
PASS strongest · actual zero HP combat durably earns local repulse
PASS strongest · actual weapon contacts contribute independently of companion
PASS strongest · no generic enemy loot or payout
PASS strongest · stage reached and completed: combat
PASS strongest · native current-view action saves regent-repelled
PASS strongest · exact full native world persisted regent-repelled
PASS strongest · regent-repelled preserves the full other original native character slot value
PASS strongest · exact frozen actual HTML served
PASS strongest · actual WebGL2 renderer
PASS strongest · requested renderer observed
PASS strongest · whole Chromium restart loads exact bytes regent-repelled
PASS strongest · actual cold load preserves owners/payment/kit regent-repelled
PASS strongest · regent-repelled cold load preserves the full other original native character slot value
PASS strongest · production route is accepted for actual five-light entry marker
PASS strongest · whole production body path is supported: actual five-light entry marker
PASS strongest · actual movement and combat keep traveller alive
PASS strongest · actual supported walk leg: actual five-light entry marker
PASS strongest · production walking reaches actual five-light entry marker
PASS strongest · physical arrival has no actor teleport for actual five-light entry marker
PASS strongest · native explicit crossing reaches Earth road
PASS strongest · no manual defeat/choice/arrival control
PASS strongest · whole production body path is supported: Secure the independent local passage
PASS strongest · actual movement and combat keep traveller alive
PASS strongest · actual supported walk leg: Secure the independent local passage
PASS strongest · actual movement and combat keep traveller alive
PASS strongest · actual supported walk leg: Secure the independent local passage
PASS strongest · actual movement and combat keep traveller alive
PASS strongest · actual supported walk leg: Secure the independent local passage
PASS strongest · actual movement and combat keep traveller alive
PASS strongest · actual supported walk leg: Secure the independent local passage
PASS strongest · actual movement and combat keep traveller alive
PASS strongest · actual supported walk leg: Secure the independent local passage
PASS strongest · actual movement and combat keep traveller alive
PASS strongest · actual supported walk leg: Secure the independent local passage
PASS strongest · actual movement and combat keep traveller alive
PASS strongest · actual supported walk leg: Secure the independent local passage
PASS strongest · actual movement and combat keep traveller alive
PASS strongest · actual supported walk leg: Secure the independent local passage
PASS strongest · actual movement and combat keep traveller alive
PASS strongest · actual supported walk leg: Secure the independent local passage
PASS strongest · actual movement and combat keep traveller alive
PASS strongest · actual supported walk leg: Secure the independent local passage
PASS strongest · actual movement and combat keep traveller alive
PASS strongest · actual supported walk leg: Secure the independent local passage
PASS strongest · actual movement and combat keep traveller alive
PASS strongest · actual supported walk leg: Secure the independent local passage
PASS strongest · actual movement and combat keep traveller alive
PASS strongest · actual supported walk leg: Secure the independent local passage
PASS strongest · actual movement and combat keep traveller alive
PASS strongest · actual supported walk leg: Secure the independent local passage
PASS strongest · actual movement and combat keep traveller alive
PASS strongest · actual supported walk leg: Secure the independent local passage
PASS strongest · actual movement and combat keep traveller alive
PASS strongest · actual supported walk leg: Secure the independent local passage
PASS strongest · actual movement and combat keep traveller alive
PASS strongest · actual supported walk leg: Secure the independent local passage
PASS strongest · actual movement and combat keep traveller alive
PASS strongest · actual supported walk leg: Secure the independent local passage
PASS strongest · actual movement and combat keep traveller alive
PASS strongest · actual supported walk leg: Secure the independent local passage
PASS strongest · actual movement and combat keep traveller alive
PASS strongest · actual supported walk leg: Secure the independent local passage
PASS strongest · actual movement and combat keep traveller alive
PASS strongest · actual supported walk leg: Secure the independent local passage
PASS strongest · actual movement and combat keep traveller alive
PASS strongest · actual supported walk leg: Secure the independent local passage
PASS strongest · actual movement and combat keep traveller alive
PASS strongest · actual supported walk leg: Secure the independent local passage
PASS strongest · actual movement and combat keep traveller alive
PASS strongest · actual supported walk leg: Secure the independent local passage
PASS strongest · actual movement and combat keep traveller alive
PASS strongest · actual supported walk leg: Secure the independent local passage
PASS strongest · actual movement and combat keep traveller alive
PASS strongest · actual supported walk leg: Secure the independent local passage
PASS strongest · actual movement and combat keep traveller alive
PASS strongest · actual supported walk leg: Secure the independent local passage
PASS strongest · actual movement and combat keep traveller alive
PASS strongest · actual supported walk leg: Secure the independent local passage
PASS strongest · actual movement and combat keep traveller alive
PASS strongest · actual supported walk leg: Secure the independent local passage
PASS strongest · actual movement and combat keep traveller alive
PASS strongest · actual supported walk leg: Secure the independent local passage
PASS strongest · actual movement and combat keep traveller alive
PASS strongest · actual supported walk leg: Secure the independent local passage
PASS strongest · actual movement and combat keep traveller alive
PASS strongest · actual supported walk leg: Secure the independent local passage
PASS strongest · actual movement and combat keep traveller alive
PASS strongest · actual supported walk leg: Secure the independent local passage
PASS strongest · actual movement and combat keep traveller alive
PASS strongest · actual supported walk leg: Secure the independent local passage
PASS strongest · actual movement and combat keep traveller alive
PASS strongest · actual supported walk leg: Secure the independent local passage
PASS strongest · actual movement and combat keep traveller alive
PASS strongest · actual supported walk leg: Secure the independent local passage
PASS strongest · actual movement and combat keep traveller alive
PASS strongest · actual supported walk leg: Secure the independent local passage
PASS strongest · actual movement and combat keep traveller alive
PASS strongest · actual supported walk leg: Secure the independent local passage
PASS strongest · actual movement and combat keep traveller alive
PASS strongest · actual supported walk leg: Secure the independent local passage
PASS strongest · actual movement and combat keep traveller alive
PASS strongest · actual supported walk leg: Secure the independent local passage
PASS strongest · actual movement and combat keep traveller alive
PASS strongest · actual supported walk leg: Secure the independent local passage
PASS strongest · actual movement and combat keep traveller alive
PASS strongest · actual supported walk leg: Secure the independent local passage
PASS strongest · actual movement and combat keep traveller alive
PASS strongest · actual supported walk leg: Secure the independent local passage
PASS strongest · actual movement and combat keep traveller alive
PASS strongest · actual supported walk leg: Secure the independent local passage
PASS strongest · actual movement and combat keep traveller alive
PASS strongest · actual supported walk leg: Secure the independent local passage
PASS strongest · actual movement and combat keep traveller alive
PASS strongest · actual supported walk leg: Secure the independent local passage
PASS strongest · actual movement and combat keep traveller alive
PASS strongest · actual supported walk leg: Secure the independent local passage
PASS strongest · actual movement and combat keep traveller alive
PASS strongest · actual supported walk leg: Secure the independent local passage
PASS strongest · actual movement and combat keep traveller alive
PASS strongest · actual supported walk leg: Secure the independent local passage
PASS strongest · actual movement and combat keep traveller alive
PASS strongest · actual supported walk leg: Secure the independent local passage
PASS strongest · actual movement and combat keep traveller alive
PASS strongest · actual supported walk leg: Secure the independent local passage
PASS strongest · actual movement and combat keep traveller alive
PASS strongest · actual supported walk leg: Secure the independent local passage
PASS strongest · actual movement and combat keep traveller alive
PASS strongest · actual supported walk leg: Secure the independent local passage
PASS strongest · actual movement and combat keep traveller alive
PASS strongest · actual supported walk leg: Secure the independent local passage
PASS strongest · actual movement and combat keep traveller alive
PASS strongest · actual supported walk leg: Secure the independent local passage
PASS strongest · actual movement and combat keep traveller alive
PASS strongest · actual supported walk leg: Secure the independent local passage
PASS strongest · actual movement and combat keep traveller alive
PASS strongest · actual supported walk leg: Secure the independent local passage
PASS strongest · actual movement and combat keep traveller alive
PASS strongest · actual supported walk leg: Secure the independent local passage
PASS strongest · actual movement and combat keep traveller alive
PASS strongest · actual supported walk leg: Secure the independent local passage
PASS strongest · actual movement and combat keep traveller alive
PASS strongest · actual supported walk leg: Secure the independent local passage
PASS strongest · actual movement and combat keep traveller alive
PASS strongest · actual supported walk leg: Secure the independent local passage
PASS strongest · actual movement and combat keep traveller alive
PASS strongest · actual supported walk leg: Secure the independent local passage
PASS strongest · actual movement and combat keep traveller alive
PASS strongest · actual supported walk leg: Secure the independent local passage
PASS strongest · actual movement and combat keep traveller alive
PASS strongest · actual supported walk leg: Secure the independent local passage
PASS strongest · actual movement and combat keep traveller alive
PASS strongest · actual supported walk leg: Secure the independent local passage
PASS strongest · actual movement and combat keep traveller alive
PASS strongest · actual supported walk leg: Secure the independent local passage
PASS strongest · actual movement and combat keep traveller alive
PASS strongest · actual supported walk leg: Secure the independent local passage
PASS strongest · actual movement and combat keep traveller alive
PASS strongest · actual supported walk leg: Secure the independent local passage
PASS strongest · actual movement and combat keep traveller alive
PASS strongest · actual supported walk leg: Secure the independent local passage
PASS strongest · actual movement and combat keep traveller alive
PASS strongest · actual supported walk leg: Secure the independent local passage
PASS strongest · actual movement and combat keep traveller alive
PASS strongest · actual supported walk leg: Secure the independent local passage
PASS strongest · actual movement and combat keep traveller alive
PASS strongest · actual supported walk leg: Secure the independent local passage
PASS strongest · actual movement and combat keep traveller alive
PASS strongest · actual supported walk leg: Secure the independent local passage
PASS strongest · actual movement and combat keep traveller alive
PASS strongest · actual supported walk leg: Secure the independent local passage
PASS strongest · actual movement and combat keep traveller alive
PASS strongest · actual supported walk leg: Secure the independent local passage
PASS strongest · actual movement and combat keep traveller alive
PASS strongest · actual supported walk leg: Secure the independent local passage
PASS strongest · actual movement and combat keep traveller alive
PASS strongest · actual supported walk leg: Secure the independent local passage
PASS strongest · actual movement and combat keep traveller alive
PASS strongest · actual supported walk leg: Secure the independent local passage
PASS strongest · actual movement and combat keep traveller alive
PASS strongest · actual supported walk leg: Secure the independent local passage
PASS strongest · actual movement and combat keep traveller alive
PASS strongest · actual supported walk leg: Secure the independent local passage
PASS strongest · actual movement and combat keep traveller alive
PASS strongest · actual supported walk leg: Secure the independent local passage
PASS strongest · actual movement and combat keep traveller alive
PASS strongest · actual supported walk leg: Secure the independent local passage
PASS strongest · actual movement and combat keep traveller alive
PASS strongest · actual supported walk leg: Secure the independent local passage
PASS strongest · actual movement and combat keep traveller alive
PASS strongest · actual supported walk leg: Secure the independent local passage
PASS strongest · actual movement and combat keep traveller alive
PASS strongest · actual supported walk leg: Secure the independent local passage
PASS strongest · actual movement and combat keep traveller alive
PASS strongest · actual supported walk leg: Secure the independent local passage
PASS strongest · actual movement and combat keep traveller alive
PASS strongest · actual supported walk leg: Secure the independent local passage
PASS strongest · actual movement and combat keep traveller alive
PASS strongest · actual supported walk leg: Secure the independent local passage
PASS strongest · actual movement and combat keep traveller alive
PASS strongest · actual supported walk leg: Secure the independent local passage
PASS strongest · actual movement and combat keep traveller alive
PASS strongest · actual supported walk leg: Secure the independent local passage
PASS strongest · actual movement and combat keep traveller alive
PASS strongest · actual supported walk leg: Secure the independent local passage
PASS strongest · actual movement and combat keep traveller alive
PASS strongest · actual supported walk leg: Secure the independent local passage
PASS strongest · actual movement and combat keep traveller alive
PASS strongest · actual supported walk leg: Secure the independent local passage
PASS strongest · actual movement and combat keep traveller alive
PASS strongest · actual supported walk leg: Secure the independent local passage
PASS strongest · actual movement and combat keep traveller alive
PASS strongest · actual supported walk leg: Secure the independent local passage
PASS strongest · actual movement and combat keep traveller alive
PASS strongest · actual supported walk leg: Secure the independent local passage
PASS strongest · actual movement and combat keep traveller alive
PASS strongest · actual supported walk leg: Secure the independent local passage
PASS strongest · actual movement and combat keep traveller alive
PASS strongest · actual supported walk leg: Secure the independent local passage
PASS strongest · actual movement and combat keep traveller alive
PASS strongest · actual supported walk leg: Secure the independent local passage
PASS strongest · actual movement and combat keep traveller alive
PASS strongest · actual supported walk leg: Secure the independent local passage
PASS strongest · actual movement and combat keep traveller alive
PASS strongest · actual supported walk leg: Secure the independent local passage
PASS strongest · actual movement and combat keep traveller alive
PASS strongest · actual supported walk leg: Secure the independent local passage
PASS strongest · actual movement and combat keep traveller alive
PASS strongest · actual supported walk leg: Secure the independent local passage
PASS strongest · actual movement and combat keep traveller alive
PASS strongest · actual supported walk leg: Secure the independent local passage
PASS strongest · actual movement and combat keep traveller alive
PASS strongest · actual supported walk leg: Secure the independent local passage
PASS strongest · actual movement and combat keep traveller alive
PASS strongest · actual supported walk leg: Secure the independent local passage
PASS strongest · actual movement and combat keep traveller alive
PASS strongest · actual supported walk leg: Secure the independent local passage
PASS strongest · actual movement and combat keep traveller alive
PASS strongest · actual supported walk leg: Secure the independent local passage
PASS strongest · actual movement and combat keep traveller alive
PASS strongest · actual supported walk leg: Secure the independent local passage
PASS strongest · actual movement and combat keep traveller alive
PASS strongest · actual supported walk leg: Secure the independent local passage
PASS strongest · actual movement and combat keep traveller alive
PASS strongest · actual supported walk leg: Secure the independent local passage
PASS strongest · actual movement and combat keep traveller alive
PASS strongest · actual supported walk leg: Secure the independent local passage
PASS strongest · actual movement and combat keep traveller alive
PASS strongest · actual supported walk leg: Secure the independent local passage
PASS strongest · actual movement and combat keep traveller alive
PASS strongest · actual supported walk leg: Secure the independent local passage
PASS strongest · actual movement and combat keep traveller alive
PASS strongest · actual supported walk leg: Secure the independent local passage
PASS strongest · actual movement and combat keep traveller alive
PASS strongest · actual supported walk leg: Secure the independent local passage
PASS strongest · actual movement and combat keep traveller alive
PASS strongest · actual supported walk leg: Secure the independent local passage
PASS strongest · actual movement and combat keep traveller alive
PASS strongest · actual supported walk leg: Secure the independent local passage
PASS strongest · actual movement and combat keep traveller alive
PASS strongest · actual supported walk leg: Secure the independent local passage
PASS strongest · actual movement and combat keep traveller alive
PASS strongest · actual supported walk leg: Secure the independent local passage
PASS strongest · actual movement and combat keep traveller alive
PASS strongest · actual supported walk leg: Secure the independent local passage
PASS strongest · actual movement and combat keep traveller alive
PASS strongest · actual supported walk leg: Secure the independent local passage
PASS strongest · actual movement and combat keep traveller alive
PASS strongest · actual supported walk leg: Secure the independent local passage
PASS strongest · actual movement and combat keep traveller alive
PASS strongest · actual supported walk leg: Secure the independent local passage
PASS strongest · actual movement and combat keep traveller alive
PASS strongest · actual supported walk leg: Secure the independent local passage
PASS strongest · actual movement and combat keep traveller alive
PASS strongest · actual supported walk leg: Secure the independent local passage
PASS strongest · actual movement and combat keep traveller alive
PASS strongest · actual supported walk leg: Secure the independent local passage
PASS strongest · actual movement and combat keep traveller alive
PASS strongest · actual supported walk leg: Secure the independent local passage
PASS strongest · actual movement and combat keep traveller alive
PASS strongest · actual supported walk leg: Secure the independent local passage
PASS strongest · actual movement and combat keep traveller alive
PASS strongest · actual supported walk leg: Secure the independent local passage
PASS strongest · actual movement and combat keep traveller alive
PASS strongest · actual supported walk leg: Secure the independent local passage
PASS strongest · actual movement and combat keep traveller alive
PASS strongest · actual supported walk leg: Secure the independent local passage
PASS strongest · actual movement and combat keep traveller alive
PASS strongest · actual supported walk leg: Secure the independent local passage
PASS strongest · actual movement and combat keep traveller alive
PASS strongest · actual supported walk leg: Secure the independent local passage
PASS strongest · actual movement and combat keep traveller alive
PASS strongest · actual supported walk leg: Secure the independent local passage
PASS strongest · actual movement and combat keep traveller alive
PASS strongest · actual supported walk leg: Secure the independent local passage
PASS strongest · actual movement and combat keep traveller alive
PASS strongest · actual supported walk leg: Secure the independent local passage
PASS strongest · actual movement and combat keep traveller alive
PASS strongest · actual supported walk leg: Secure the independent local passage
PASS strongest · actual movement and combat keep traveller alive
PASS strongest · actual supported walk leg: Secure the independent local passage
PASS strongest · actual movement and combat keep traveller alive
PASS strongest · actual supported walk leg: Secure the independent local passage
PASS strongest · actual movement and combat keep traveller alive
PASS strongest · actual supported walk leg: Secure the independent local passage
PASS strongest · actual movement and combat keep traveller alive
PASS strongest · actual supported walk leg: Secure the independent local passage
PASS strongest · actual movement and combat keep traveller alive
PASS strongest · actual supported walk leg: Secure the independent local passage
PASS strongest · actual movement and combat keep traveller alive
PASS strongest · actual supported walk leg: Secure the independent local passage
PASS strongest · production walking reaches Secure the independent local passage
PASS strongest · physical native action records passage-secured
PASS strongest · physical work pays no independent fee
PASS strongest · already physically reaches aftermath
PASS strongest · aftermath preview grants nothing
PASS strongest · cancel leaves aftermath undecided
PASS strongest · native current-owner consent retains chosen aftermath
PASS strongest · stage reached and completed: choice
PASS strongest · actual camera projection adventure
PASS strongest · causal actual pixels and exact restoration road-trace adventure
PASS strongest · actual camera projection follow
PASS strongest · causal actual pixels and exact restoration road-trace follow
PASS strongest · native current-view action saves chosen
PASS strongest · exact full native world persisted chosen
PASS strongest · chosen preserves the full other original native character slot value
PASS strongest · exact frozen actual HTML served
PASS strongest · actual WebGL2 renderer
PASS strongest · requested renderer observed
PASS strongest · whole Chromium restart loads exact bytes chosen
PASS strongest · actual cold load preserves owners/payment/kit chosen
PASS strongest · chosen cold load preserves the full other original native character slot value
PASS strongest · production route is accepted for actual five-light entry marker
PASS strongest · whole production body path is supported: actual five-light entry marker
PASS strongest · actual movement and combat keep traveller alive
PASS strongest · actual supported walk leg: actual five-light entry marker
PASS strongest · production walking reaches actual five-light entry marker
PASS strongest · physical arrival has no actor teleport for actual five-light entry marker
PASS strongest · native explicit crossing reaches Earth road
PASS strongest · no manual defeat/choice/arrival control
PASS strongest · whole production body path is supported: Verify Vessa’s free return road
PASS strongest · actual movement and combat keep traveller alive
PASS strongest · actual supported walk leg: Verify Vessa’s free return road
PASS strongest · actual movement and combat keep traveller alive
PASS strongest · actual supported walk leg: Verify Vessa’s free return road
PASS strongest · actual movement and combat keep traveller alive
PASS strongest · actual supported walk leg: Verify Vessa’s free return road
PASS strongest · actual movement and combat keep traveller alive
PASS strongest · actual supported walk leg: Verify Vessa’s free return road
PASS strongest · actual movement and combat keep traveller alive
PASS strongest · actual supported walk leg: Verify Vessa’s free return road
PASS strongest · actual movement and combat keep traveller alive
PASS strongest · actual supported walk leg: Verify Vessa’s free return road
PASS strongest · actual movement and combat keep traveller alive
PASS strongest · actual supported walk leg: Verify Vessa’s free return road
PASS strongest · actual movement and combat keep traveller alive
PASS strongest · actual supported walk leg: Verify Vessa’s free return road
PASS strongest · actual movement and combat keep traveller alive
PASS strongest · actual supported walk leg: Verify Vessa’s free return road
PASS strongest · actual movement and combat keep traveller alive
PASS strongest · actual supported walk leg: Verify Vessa’s free return road
PASS strongest · production walking reaches Verify Vessa’s free return road
PASS strongest · physical native action records return-verified
PASS strongest · physical work pays no independent fee
PASS strongest · actual nearby Vessa recognition and unpaid account
PASS strongest · stage reached and completed: verification
PASS strongest · native current-view action saves verified-unpaid
PASS strongest · exact full native world persisted verified-unpaid
PASS strongest · verified-unpaid preserves the full other original native character slot value
PASS strongest · exact frozen actual HTML served
PASS strongest · actual WebGL2 renderer
PASS strongest · requested renderer observed
PASS strongest · whole Chromium restart loads exact bytes verified-unpaid
PASS strongest · actual cold load preserves owners/payment/kit verified-unpaid
PASS strongest · verified-unpaid cold load preserves the full other original native character slot value
PASS strongest · production route is accepted for actual five-light entry marker
PASS strongest · whole production body path is supported: actual five-light entry marker
PASS strongest · actual movement and combat keep traveller alive
PASS strongest · actual supported walk leg: actual five-light entry marker
PASS strongest · production walking reaches actual five-light entry marker
PASS strongest · physical arrival has no actor teleport for actual five-light entry marker
PASS strongest · native explicit crossing reaches Earth road
PASS strongest · native free return does not earn Oren home arrival verified
PASS strongest · menu return alone leaves home arrival incomplete
PASS strongest · no manual defeat/choice/arrival control
PASS strongest · whole production body path is supported: Bring the local account home
PASS strongest · actual movement and combat keep traveller alive
PASS strongest · actual supported walk leg: Bring the local account home
PASS strongest · actual movement and combat keep traveller alive
PASS strongest · actual supported walk leg: Bring the local account home
PASS strongest · actual movement and combat keep traveller alive
PASS strongest · actual supported walk leg: Bring the local account home
PASS strongest · actual movement and combat keep traveller alive
PASS strongest · actual supported walk leg: Bring the local account home
PASS strongest · actual movement and combat keep traveller alive
PASS strongest · actual supported walk leg: Bring the local account home
PASS strongest · actual movement and combat keep traveller alive
PASS strongest · actual supported walk leg: Bring the local account home
PASS strongest · actual movement and combat keep traveller alive
PASS strongest · actual supported walk leg: Bring the local account home
PASS strongest · actual movement and combat keep traveller alive
PASS strongest · actual supported walk leg: Bring the local account home
PASS strongest · actual movement and combat keep traveller alive
PASS strongest · actual supported walk leg: Bring the local account home
PASS strongest · production walking reaches Bring the local account home
PASS strongest · physical native action records home-return
PASS strongest · physical work pays no independent fee
PASS strongest · native companion choice retained follow
PASS strongest · stage reached and completed: physical-home
PASS strongest · production route is accepted for supported closer viewing approach to existing workshop table
PASS strongest · whole production body path is supported: supported closer viewing approach to existing workshop table
PASS strongest · actual movement and combat keep traveller alive
PASS strongest · actual supported walk leg: supported closer viewing approach to existing workshop table
PASS strongest · actual movement and combat keep traveller alive
PASS strongest · actual supported walk leg: supported closer viewing approach to existing workshop table
PASS strongest · actual movement and combat keep traveller alive
PASS strongest · actual supported walk leg: supported closer viewing approach to existing workshop table
PASS strongest · production walking reaches supported closer viewing approach to existing workshop table
PASS strongest · physical arrival has no actor teleport for supported closer viewing approach to existing workshop table
PASS strongest · actual camera projection adventure
PASS strongest · causal actual pixels and exact restoration home-trace adventure
PASS strongest · actual camera projection follow
PASS strongest · causal actual pixels and exact restoration home-trace follow
PASS strongest · home trace rests on actual existing tabletop
PASS strongest · native current-view action saves home-unpaid
PASS strongest · exact full native world persisted home-unpaid
PASS strongest · home-unpaid preserves the full other original native character slot value
PASS strongest · exact frozen actual HTML served
PASS strongest · actual WebGL2 renderer
PASS strongest · requested renderer observed
PASS strongest · whole Chromium restart loads exact bytes home-unpaid
PASS strongest · actual cold load preserves owners/payment/kit home-unpaid
PASS strongest · home-unpaid cold load preserves the full other original native character slot value
PASS strongest · already physically reaches claim
PASS strongest · whole declared fee pays once without equip/heal
PASS strongest · stage reached and completed: fee
PASS strongest · all old choices/owners/kit retained
PASS strongest · original camera preset restored through native UI
PASS strongest · native current-view action saves paid-once
PASS strongest · exact full native world persisted paid-once
PASS strongest · paid-once preserves the full other original native character slot value
PASS strongest · exact frozen actual HTML served
PASS strongest · actual WebGL2 renderer
PASS strongest · requested renderer observed
PASS strongest · whole Chromium restart loads exact bytes paid-once
PASS strongest · actual cold load preserves owners/payment/kit paid-once
PASS strongest · paid-once cold load preserves the full other original native character slot value
PASS strongest · paid UI offers no replay-payment button
PASS strongest · production route is accepted for actual five-light entry marker
PASS strongest · whole production body path is supported: actual five-light entry marker
PASS strongest · actual movement and combat keep traveller alive
PASS strongest · actual supported walk leg: actual five-light entry marker
PASS strongest · actual movement and combat keep traveller alive
PASS strongest · actual supported walk leg: actual five-light entry marker
PASS strongest · actual movement and combat keep traveller alive
PASS strongest · actual supported walk leg: actual five-light entry marker
PASS strongest · actual movement and combat keep traveller alive
PASS strongest · actual supported walk leg: actual five-light entry marker
PASS strongest · actual movement and combat keep traveller alive
PASS strongest · actual supported walk leg: actual five-light entry marker
PASS strongest · actual movement and combat keep traveller alive
PASS strongest · actual supported walk leg: actual five-light entry marker
PASS strongest · actual movement and combat keep traveller alive
PASS strongest · actual supported walk leg: actual five-light entry marker
PASS strongest · production walking reaches actual five-light entry marker
PASS strongest · physical arrival has no actor teleport for actual five-light entry marker
PASS strongest · native explicit crossing reaches Earth road
PASS strongest · ordinary local exploration remains available after payment
PASS strongest · native free return does not earn Oren home arrival after payment
PASS strongest · stage reached and completed: free-return
PASS strongest · final exact inactive slot preserves the full other original native character slot value
PASS blade-SYNTHETIC-capacity · at most six isolated profile families
PASS blade-SYNTHETIC-capacity · exact frozen actual HTML served
PASS blade-SYNTHETIC-capacity · actual WebGL2 renderer
PASS blade-SYNTHETIC-capacity · requested renderer observed
PASS blade-SYNTHETIC-capacity · visible import adds a character and preserves original legacy save bytes
PASS blade-SYNTHETIC-capacity · already physically reaches claim
PASS blade-SYNTHETIC-capacity · whole capacity refusal retains complete unpaid world and native bytes
PASS blade-SYNTHETIC-capacity · final exact inactive slot preserves the full other original native character slot value
PASS blade-SYNTHETIC-write-refusal · at most six isolated profile families
PASS blade-SYNTHETIC-write-refusal · exact frozen actual HTML served
PASS blade-SYNTHETIC-write-refusal · actual WebGL2 renderer
PASS blade-SYNTHETIC-write-refusal · requested renderer observed
PASS blade-SYNTHETIC-write-refusal · visible import adds a character and preserves original legacy save bytes
PASS blade-SYNTHETIC-write-refusal · production route is accepted for actual five-light entry marker
PASS blade-SYNTHETIC-write-refusal · whole production body path is supported: actual five-light entry marker
PASS blade-SYNTHETIC-write-refusal · actual movement and combat keep traveller alive
PASS blade-SYNTHETIC-write-refusal · actual supported walk leg: actual five-light entry marker
PASS blade-SYNTHETIC-write-refusal · production walking reaches actual five-light entry marker
PASS blade-SYNTHETIC-write-refusal · physical arrival has no actor teleport for actual five-light entry marker
PASS blade-SYNTHETIC-write-refusal · native explicit crossing reaches Earth road
PASS blade-SYNTHETIC-write-refusal · no manual defeat/choice/arrival control
PASS blade-SYNTHETIC-write-refusal · whole production body path is supported: Challenge the Regent’s local seizure
PASS blade-SYNTHETIC-write-refusal · actual movement and combat keep traveller alive
PASS blade-SYNTHETIC-write-refusal · actual supported walk leg: Challenge the Regent’s local seizure
PASS blade-SYNTHETIC-write-refusal · actual movement and combat keep traveller alive
PASS blade-SYNTHETIC-write-refusal · actual supported walk leg: Challenge the Regent’s local seizure
PASS blade-SYNTHETIC-write-refusal · actual movement and combat keep traveller alive
PASS blade-SYNTHETIC-write-refusal · actual supported walk leg: Challenge the Regent’s local seizure
PASS blade-SYNTHETIC-write-refusal · actual movement and combat keep traveller alive
PASS blade-SYNTHETIC-write-refusal · actual supported walk leg: Challenge the Regent’s local seizure
PASS blade-SYNTHETIC-write-refusal · actual movement and combat keep traveller alive
PASS blade-SYNTHETIC-write-refusal · actual supported walk leg: Challenge the Regent’s local seizure
PASS blade-SYNTHETIC-write-refusal · actual movement and combat keep traveller alive
PASS blade-SYNTHETIC-write-refusal · actual supported walk leg: Challenge the Regent’s local seizure
PASS blade-SYNTHETIC-write-refusal · actual movement and combat keep traveller alive
PASS blade-SYNTHETIC-write-refusal · actual supported walk leg: Challenge the Regent’s local seizure
PASS blade-SYNTHETIC-write-refusal · actual movement and combat keep traveller alive
PASS blade-SYNTHETIC-write-refusal · actual supported walk leg: Challenge the Regent’s local seizure
PASS blade-SYNTHETIC-write-refusal · actual movement and combat keep traveller alive
PASS blade-SYNTHETIC-write-refusal · actual supported walk leg: Challenge the Regent’s local seizure
PASS blade-SYNTHETIC-write-refusal · actual movement and combat keep traveller alive
PASS blade-SYNTHETIC-write-refusal · actual supported walk leg: Challenge the Regent’s local seizure
PASS blade-SYNTHETIC-write-refusal · actual movement and combat keep traveller alive
PASS blade-SYNTHETIC-write-refusal · actual supported walk leg: Challenge the Regent’s local seizure
PASS blade-SYNTHETIC-write-refusal · actual movement and combat keep traveller alive
PASS blade-SYNTHETIC-write-refusal · actual supported walk leg: Challenge the Regent’s local seizure
PASS blade-SYNTHETIC-write-refusal · actual movement and combat keep traveller alive
PASS blade-SYNTHETIC-write-refusal · actual supported walk leg: Challenge the Regent’s local seizure
PASS blade-SYNTHETIC-write-refusal · actual movement and combat keep traveller alive
PASS blade-SYNTHETIC-write-refusal · actual supported walk leg: Challenge the Regent’s local seizure
PASS blade-SYNTHETIC-write-refusal · actual movement and combat keep traveller alive
PASS blade-SYNTHETIC-write-refusal · actual supported walk leg: Challenge the Regent’s local seizure
PASS blade-SYNTHETIC-write-refusal · actual movement and combat keep traveller alive
PASS blade-SYNTHETIC-write-refusal · actual supported walk leg: Challenge the Regent’s local seizure
PASS blade-SYNTHETIC-write-refusal · actual movement and combat keep traveller alive
PASS blade-SYNTHETIC-write-refusal · actual supported walk leg: Challenge the Regent’s local seizure
PASS blade-SYNTHETIC-write-refusal · actual movement and combat keep traveller alive
PASS blade-SYNTHETIC-write-refusal · actual supported walk leg: Challenge the Regent’s local seizure
PASS blade-SYNTHETIC-write-refusal · actual movement and combat keep traveller alive
PASS blade-SYNTHETIC-write-refusal · actual supported walk leg: Challenge the Regent’s local seizure
PASS blade-SYNTHETIC-write-refusal · actual movement and combat keep traveller alive
PASS blade-SYNTHETIC-write-refusal · actual supported walk leg: Challenge the Regent’s local seizure
PASS blade-SYNTHETIC-write-refusal · actual movement and combat keep traveller alive
PASS blade-SYNTHETIC-write-refusal · actual supported walk leg: Challenge the Regent’s local seizure
PASS blade-SYNTHETIC-write-refusal · actual movement and combat keep traveller alive
PASS blade-SYNTHETIC-write-refusal · actual supported walk leg: Challenge the Regent’s local seizure
PASS blade-SYNTHETIC-write-refusal · actual movement and combat keep traveller alive
PASS blade-SYNTHETIC-write-refusal · actual supported walk leg: Challenge the Regent’s local seizure
PASS blade-SYNTHETIC-write-refusal · actual movement and combat keep traveller alive
PASS blade-SYNTHETIC-write-refusal · actual supported walk leg: Challenge the Regent’s local seizure
PASS blade-SYNTHETIC-write-refusal · actual movement and combat keep traveller alive
PASS blade-SYNTHETIC-write-refusal · actual supported walk leg: Challenge the Regent’s local seizure
PASS blade-SYNTHETIC-write-refusal · actual movement and combat keep traveller alive
PASS blade-SYNTHETIC-write-refusal · actual supported walk leg: Challenge the Regent’s local seizure
PASS blade-SYNTHETIC-write-refusal · actual movement and combat keep traveller alive
PASS blade-SYNTHETIC-write-refusal · actual supported walk leg: Challenge the Regent’s local seizure
PASS blade-SYNTHETIC-write-refusal · actual movement and combat keep traveller alive
PASS blade-SYNTHETIC-write-refusal · actual supported walk leg: Challenge the Regent’s local seizure
PASS blade-SYNTHETIC-write-refusal · actual movement and combat keep traveller alive
PASS blade-SYNTHETIC-write-refusal · actual supported walk leg: Challenge the Regent’s local seizure
PASS blade-SYNTHETIC-write-refusal · actual movement and combat keep traveller alive
PASS blade-SYNTHETIC-write-refusal · actual supported walk leg: Challenge the Regent’s local seizure
PASS blade-SYNTHETIC-write-refusal · actual movement and combat keep traveller alive
PASS blade-SYNTHETIC-write-refusal · actual supported walk leg: Challenge the Regent’s local seizure
PASS blade-SYNTHETIC-write-refusal · actual movement and combat keep traveller alive
PASS blade-SYNTHETIC-write-refusal · actual supported walk leg: Challenge the Regent’s local seizure
PASS blade-SYNTHETIC-write-refusal · actual movement and combat keep traveller alive
PASS blade-SYNTHETIC-write-refusal · actual supported walk leg: Challenge the Regent’s local seizure
PASS blade-SYNTHETIC-write-refusal · actual movement and combat keep traveller alive
PASS blade-SYNTHETIC-write-refusal · actual supported walk leg: Challenge the Regent’s local seizure
PASS blade-SYNTHETIC-write-refusal · actual movement and combat keep traveller alive
PASS blade-SYNTHETIC-write-refusal · actual supported walk leg: Challenge the Regent’s local seizure
PASS blade-SYNTHETIC-write-refusal · actual movement and combat keep traveller alive
PASS blade-SYNTHETIC-write-refusal · actual supported walk leg: Challenge the Regent’s local seizure
PASS blade-SYNTHETIC-write-refusal · actual movement and combat keep traveller alive
PASS blade-SYNTHETIC-write-refusal · actual supported walk leg: Challenge the Regent’s local seizure
PASS blade-SYNTHETIC-write-refusal · actual movement and combat keep traveller alive
PASS blade-SYNTHETIC-write-refusal · actual supported walk leg: Challenge the Regent’s local seizure
PASS blade-SYNTHETIC-write-refusal · actual movement and combat keep traveller alive
PASS blade-SYNTHETIC-write-refusal · actual supported walk leg: Challenge the Regent’s local seizure
PASS blade-SYNTHETIC-write-refusal · actual movement and combat keep traveller alive
PASS blade-SYNTHETIC-write-refusal · actual supported walk leg: Challenge the Regent’s local seizure
PASS blade-SYNTHETIC-write-refusal · actual movement and combat keep traveller alive
PASS blade-SYNTHETIC-write-refusal · actual supported walk leg: Challenge the Regent’s local seizure
PASS blade-SYNTHETIC-write-refusal · actual movement and combat keep traveller alive
PASS blade-SYNTHETIC-write-refusal · actual supported walk leg: Challenge the Regent’s local seizure
PASS blade-SYNTHETIC-write-refusal · actual movement and combat keep traveller alive
PASS blade-SYNTHETIC-write-refusal · actual supported walk leg: Challenge the Regent’s local seizure
PASS blade-SYNTHETIC-write-refusal · actual movement and combat keep traveller alive
PASS blade-SYNTHETIC-write-refusal · actual supported walk leg: Challenge the Regent’s local seizure
PASS blade-SYNTHETIC-write-refusal · actual movement and combat keep traveller alive
PASS blade-SYNTHETIC-write-refusal · actual supported walk leg: Challenge the Regent’s local seizure
PASS blade-SYNTHETIC-write-refusal · actual movement and combat keep traveller alive
PASS blade-SYNTHETIC-write-refusal · actual supported walk leg: Challenge the Regent’s local seizure
PASS blade-SYNTHETIC-write-refusal · actual movement and combat keep traveller alive
PASS blade-SYNTHETIC-write-refusal · actual supported walk leg: Challenge the Regent’s local seizure
PASS blade-SYNTHETIC-write-refusal · actual movement and combat keep traveller alive
PASS blade-SYNTHETIC-write-refusal · actual supported walk leg: Challenge the Regent’s local seizure
PASS blade-SYNTHETIC-write-refusal · actual movement and combat keep traveller alive
PASS blade-SYNTHETIC-write-refusal · actual supported walk leg: Challenge the Regent’s local seizure
PASS blade-SYNTHETIC-write-refusal · actual movement and combat keep traveller alive
PASS blade-SYNTHETIC-write-refusal · actual supported walk leg: Challenge the Regent’s local seizure
PASS blade-SYNTHETIC-write-refusal · actual movement and combat keep traveller alive
PASS blade-SYNTHETIC-write-refusal · actual supported walk leg: Challenge the Regent’s local seizure
PASS blade-SYNTHETIC-write-refusal · actual movement and combat keep traveller alive
PASS blade-SYNTHETIC-write-refusal · actual supported walk leg: Challenge the Regent’s local seizure
PASS blade-SYNTHETIC-write-refusal · actual movement and combat keep traveller alive
PASS blade-SYNTHETIC-write-refusal · actual supported walk leg: Challenge the Regent’s local seizure
PASS blade-SYNTHETIC-write-refusal · actual movement and combat keep traveller alive
PASS blade-SYNTHETIC-write-refusal · actual supported walk leg: Challenge the Regent’s local seizure
PASS blade-SYNTHETIC-write-refusal · actual movement and combat keep traveller alive
PASS blade-SYNTHETIC-write-refusal · actual supported walk leg: Challenge the Regent’s local seizure
PASS blade-SYNTHETIC-write-refusal · actual movement and combat keep traveller alive
PASS blade-SYNTHETIC-write-refusal · actual supported walk leg: Challenge the Regent’s local seizure
PASS blade-SYNTHETIC-write-refusal · actual movement and combat keep traveller alive
PASS blade-SYNTHETIC-write-refusal · actual supported walk leg: Challenge the Regent’s local seizure
PASS blade-SYNTHETIC-write-refusal · actual movement and combat keep traveller alive
PASS blade-SYNTHETIC-write-refusal · actual supported walk leg: Challenge the Regent’s local seizure
PASS blade-SYNTHETIC-write-refusal · actual movement and combat keep traveller alive
PASS blade-SYNTHETIC-write-refusal · actual supported walk leg: Challenge the Regent’s local seizure
PASS blade-SYNTHETIC-write-refusal · actual movement and combat keep traveller alive
PASS blade-SYNTHETIC-write-refusal · actual supported walk leg: Challenge the Regent’s local seizure
PASS blade-SYNTHETIC-write-refusal · actual movement and combat keep traveller alive
PASS blade-SYNTHETIC-write-refusal · actual supported walk leg: Challenge the Regent’s local seizure
PASS blade-SYNTHETIC-write-refusal · actual movement and combat keep traveller alive
PASS blade-SYNTHETIC-write-refusal · actual supported walk leg: Challenge the Regent’s local seizure
PASS blade-SYNTHETIC-write-refusal · actual movement and combat keep traveller alive
PASS blade-SYNTHETIC-write-refusal · actual supported walk leg: Challenge the Regent’s local seizure
PASS blade-SYNTHETIC-write-refusal · actual movement and combat keep traveller alive
PASS blade-SYNTHETIC-write-refusal · actual supported walk leg: Challenge the Regent’s local seizure
PASS blade-SYNTHETIC-write-refusal · actual movement and combat keep traveller alive
PASS blade-SYNTHETIC-write-refusal · actual supported walk leg: Challenge the Regent’s local seizure
PASS blade-SYNTHETIC-write-refusal · actual movement and combat keep traveller alive
PASS blade-SYNTHETIC-write-refusal · actual supported walk leg: Challenge the Regent’s local seizure
PASS blade-SYNTHETIC-write-refusal · actual movement and combat keep traveller alive
PASS blade-SYNTHETIC-write-refusal · actual supported walk leg: Challenge the Regent’s local seizure
PASS blade-SYNTHETIC-write-refusal · actual movement and combat keep traveller alive
PASS blade-SYNTHETIC-write-refusal · actual supported walk leg: Challenge the Regent’s local seizure
PASS blade-SYNTHETIC-write-refusal · actual movement and combat keep traveller alive
PASS blade-SYNTHETIC-write-refusal · actual supported walk leg: Challenge the Regent’s local seizure
PASS blade-SYNTHETIC-write-refusal · actual movement and combat keep traveller alive
PASS blade-SYNTHETIC-write-refusal · actual supported walk leg: Challenge the Regent’s local seizure
PASS blade-SYNTHETIC-write-refusal · actual movement and combat keep traveller alive
PASS blade-SYNTHETIC-write-refusal · actual supported walk leg: Challenge the Regent’s local seizure
PASS blade-SYNTHETIC-write-refusal · actual movement and combat keep traveller alive
PASS blade-SYNTHETIC-write-refusal · actual supported walk leg: Challenge the Regent’s local seizure
PASS blade-SYNTHETIC-write-refusal · actual movement and combat keep traveller alive
PASS blade-SYNTHETIC-write-refusal · actual supported walk leg: Challenge the Regent’s local seizure
PASS blade-SYNTHETIC-write-refusal · actual movement and combat keep traveller alive
PASS blade-SYNTHETIC-write-refusal · actual supported walk leg: Challenge the Regent’s local seizure
PASS blade-SYNTHETIC-write-refusal · actual movement and combat keep traveller alive
PASS blade-SYNTHETIC-write-refusal · actual supported walk leg: Challenge the Regent’s local seizure
PASS blade-SYNTHETIC-write-refusal · actual movement and combat keep traveller alive
PASS blade-SYNTHETIC-write-refusal · actual supported walk leg: Challenge the Regent’s local seizure
PASS blade-SYNTHETIC-write-refusal · actual movement and combat keep traveller alive
PASS blade-SYNTHETIC-write-refusal · actual supported walk leg: Challenge the Regent’s local seizure
PASS blade-SYNTHETIC-write-refusal · actual movement and combat keep traveller alive
PASS blade-SYNTHETIC-write-refusal · actual supported walk leg: Challenge the Regent’s local seizure
PASS blade-SYNTHETIC-write-refusal · actual movement and combat keep traveller alive
PASS blade-SYNTHETIC-write-refusal · actual supported walk leg: Challenge the Regent’s local seizure
PASS blade-SYNTHETIC-write-refusal · actual movement and combat keep traveller alive
PASS blade-SYNTHETIC-write-refusal · actual supported walk leg: Challenge the Regent’s local seizure
PASS blade-SYNTHETIC-write-refusal · actual movement and combat keep traveller alive
PASS blade-SYNTHETIC-write-refusal · actual supported walk leg: Challenge the Regent’s local seizure
PASS blade-SYNTHETIC-write-refusal · actual movement and combat keep traveller alive
PASS blade-SYNTHETIC-write-refusal · actual supported walk leg: Challenge the Regent’s local seizure
PASS blade-SYNTHETIC-write-refusal · actual movement and combat keep traveller alive
PASS blade-SYNTHETIC-write-refusal · actual supported walk leg: Challenge the Regent’s local seizure
PASS blade-SYNTHETIC-write-refusal · actual movement and combat keep traveller alive
PASS blade-SYNTHETIC-write-refusal · actual supported walk leg: Challenge the Regent’s local seizure
PASS blade-SYNTHETIC-write-refusal · actual movement and combat keep traveller alive
PASS blade-SYNTHETIC-write-refusal · actual supported walk leg: Challenge the Regent’s local seizure
PASS blade-SYNTHETIC-write-refusal · actual movement and combat keep traveller alive
PASS blade-SYNTHETIC-write-refusal · actual supported walk leg: Challenge the Regent’s local seizure
PASS blade-SYNTHETIC-write-refusal · actual movement and combat keep traveller alive
PASS blade-SYNTHETIC-write-refusal · actual supported walk leg: Challenge the Regent’s local seizure
PASS blade-SYNTHETIC-write-refusal · actual movement and combat keep traveller alive
PASS blade-SYNTHETIC-write-refusal · actual supported walk leg: Challenge the Regent’s local seizure
PASS blade-SYNTHETIC-write-refusal · actual movement and combat keep traveller alive
PASS blade-SYNTHETIC-write-refusal · actual supported walk leg: Challenge the Regent’s local seizure
PASS blade-SYNTHETIC-write-refusal · actual movement and combat keep traveller alive
PASS blade-SYNTHETIC-write-refusal · actual supported walk leg: Challenge the Regent’s local seizure
PASS blade-SYNTHETIC-write-refusal · actual movement and combat keep traveller alive
PASS blade-SYNTHETIC-write-refusal · actual supported walk leg: Challenge the Regent’s local seizure
PASS blade-SYNTHETIC-write-refusal · actual movement and combat keep traveller alive
PASS blade-SYNTHETIC-write-refusal · actual supported walk leg: Challenge the Regent’s local seizure
PASS blade-SYNTHETIC-write-refusal · actual movement and combat keep traveller alive
PASS blade-SYNTHETIC-write-refusal · actual supported walk leg: Challenge the Regent’s local seizure
PASS blade-SYNTHETIC-write-refusal · actual movement and combat keep traveller alive
PASS blade-SYNTHETIC-write-refusal · actual supported walk leg: Challenge the Regent’s local seizure
PASS blade-SYNTHETIC-write-refusal · actual movement and combat keep traveller alive
PASS blade-SYNTHETIC-write-refusal · actual supported walk leg: Challenge the Regent’s local seizure
PASS blade-SYNTHETIC-write-refusal · actual movement and combat keep traveller alive
PASS blade-SYNTHETIC-write-refusal · actual supported walk leg: Challenge the Regent’s local seizure
PASS blade-SYNTHETIC-write-refusal · actual movement and combat keep traveller alive
PASS blade-SYNTHETIC-write-refusal · actual supported walk leg: Challenge the Regent’s local seizure
PASS blade-SYNTHETIC-write-refusal · actual movement and combat keep traveller alive
PASS blade-SYNTHETIC-write-refusal · actual supported walk leg: Challenge the Regent’s local seizure
PASS blade-SYNTHETIC-write-refusal · actual movement and combat keep traveller alive
PASS blade-SYNTHETIC-write-refusal · actual supported walk leg: Challenge the Regent’s local seizure
PASS blade-SYNTHETIC-write-refusal · actual movement and combat keep traveller alive
PASS blade-SYNTHETIC-write-refusal · actual supported walk leg: Challenge the Regent’s local seizure
PASS blade-SYNTHETIC-write-refusal · actual movement and combat keep traveller alive
PASS blade-SYNTHETIC-write-refusal · actual supported walk leg: Challenge the Regent’s local seizure
PASS blade-SYNTHETIC-write-refusal · actual movement and combat keep traveller alive
PASS blade-SYNTHETIC-write-refusal · actual supported walk leg: Challenge the Regent’s local seizure
PASS blade-SYNTHETIC-write-refusal · actual movement and combat keep traveller alive
PASS blade-SYNTHETIC-write-refusal · actual supported walk leg: Challenge the Regent’s local seizure
PASS blade-SYNTHETIC-write-refusal · actual movement and combat keep traveller alive
PASS blade-SYNTHETIC-write-refusal · actual supported walk leg: Challenge the Regent’s local seizure
PASS blade-SYNTHETIC-write-refusal · actual movement and combat keep traveller alive
PASS blade-SYNTHETIC-write-refusal · actual supported walk leg: Challenge the Regent’s local seizure
PASS blade-SYNTHETIC-write-refusal · actual movement and combat keep traveller alive
PASS blade-SYNTHETIC-write-refusal · actual supported walk leg: Challenge the Regent’s local seizure
PASS blade-SYNTHETIC-write-refusal · actual movement and combat keep traveller alive
PASS blade-SYNTHETIC-write-refusal · actual supported walk leg: Challenge the Regent’s local seizure
PASS blade-SYNTHETIC-write-refusal · actual movement and combat keep traveller alive
PASS blade-SYNTHETIC-write-refusal · actual supported walk leg: Challenge the Regent’s local seizure
PASS blade-SYNTHETIC-write-refusal · actual movement and combat keep traveller alive
PASS blade-SYNTHETIC-write-refusal · actual supported walk leg: Challenge the Regent’s local seizure
PASS blade-SYNTHETIC-write-refusal · actual movement and combat keep traveller alive
PASS blade-SYNTHETIC-write-refusal · actual supported walk leg: Challenge the Regent’s local seizure
PASS blade-SYNTHETIC-write-refusal · actual movement and combat keep traveller alive
PASS blade-SYNTHETIC-write-refusal · actual supported walk leg: Challenge the Regent’s local seizure
PASS blade-SYNTHETIC-write-refusal · actual movement and combat keep traveller alive
PASS blade-SYNTHETIC-write-refusal · actual supported walk leg: Challenge the Regent’s local seizure
PASS blade-SYNTHETIC-write-refusal · actual movement and combat keep traveller alive
PASS blade-SYNTHETIC-write-refusal · actual supported walk leg: Challenge the Regent’s local seizure
PASS blade-SYNTHETIC-write-refusal · actual movement and combat keep traveller alive
PASS blade-SYNTHETIC-write-refusal · actual supported walk leg: Challenge the Regent’s local seizure
PASS blade-SYNTHETIC-write-refusal · actual movement and combat keep traveller alive
PASS blade-SYNTHETIC-write-refusal · actual supported walk leg: Challenge the Regent’s local seizure
PASS blade-SYNTHETIC-write-refusal · actual movement and combat keep traveller alive
PASS blade-SYNTHETIC-write-refusal · actual supported walk leg: Challenge the Regent’s local seizure
PASS blade-SYNTHETIC-write-refusal · actual movement and combat keep traveller alive
PASS blade-SYNTHETIC-write-refusal · actual supported walk leg: Challenge the Regent’s local seizure
PASS blade-SYNTHETIC-write-refusal · actual movement and combat keep traveller alive
PASS blade-SYNTHETIC-write-refusal · actual supported walk leg: Challenge the Regent’s local seizure
PASS blade-SYNTHETIC-write-refusal · actual movement and combat keep traveller alive
PASS blade-SYNTHETIC-write-refusal · actual supported walk leg: Challenge the Regent’s local seizure
PASS blade-SYNTHETIC-write-refusal · actual movement and combat keep traveller alive
PASS blade-SYNTHETIC-write-refusal · actual supported walk leg: Challenge the Regent’s local seizure
PASS blade-SYNTHETIC-write-refusal · actual movement and combat keep traveller alive
PASS blade-SYNTHETIC-write-refusal · actual supported walk leg: Challenge the Regent’s local seizure
PASS blade-SYNTHETIC-write-refusal · actual movement and combat keep traveller alive
PASS blade-SYNTHETIC-write-refusal · actual supported walk leg: Challenge the Regent’s local seizure
PASS blade-SYNTHETIC-write-refusal · actual movement and combat keep traveller alive
PASS blade-SYNTHETIC-write-refusal · actual supported walk leg: Challenge the Regent’s local seizure
PASS blade-SYNTHETIC-write-refusal · actual movement and combat keep traveller alive
PASS blade-SYNTHETIC-write-refusal · actual supported walk leg: Challenge the Regent’s local seizure
PASS blade-SYNTHETIC-write-refusal · actual movement and combat keep traveller alive
PASS blade-SYNTHETIC-write-refusal · actual supported walk leg: Challenge the Regent’s local seizure
PASS blade-SYNTHETIC-write-refusal · actual movement and combat keep traveller alive
PASS blade-SYNTHETIC-write-refusal · actual supported walk leg: Challenge the Regent’s local seizure
PASS blade-SYNTHETIC-write-refusal · actual movement and combat keep traveller alive
PASS blade-SYNTHETIC-write-refusal · actual supported walk leg: Challenge the Regent’s local seizure
PASS blade-SYNTHETIC-write-refusal · actual movement and combat keep traveller alive
PASS blade-SYNTHETIC-write-refusal · actual supported walk leg: Challenge the Regent’s local seizure
PASS blade-SYNTHETIC-write-refusal · actual movement and combat keep traveller alive
PASS blade-SYNTHETIC-write-refusal · actual supported walk leg: Challenge the Regent’s local seizure
PASS blade-SYNTHETIC-write-refusal · actual movement and combat keep traveller alive
PASS blade-SYNTHETIC-write-refusal · actual supported walk leg: Challenge the Regent’s local seizure
PASS blade-SYNTHETIC-write-refusal · actual movement and combat keep traveller alive
PASS blade-SYNTHETIC-write-refusal · actual supported walk leg: Challenge the Regent’s local seizure
PASS blade-SYNTHETIC-write-refusal · actual movement and combat keep traveller alive
PASS blade-SYNTHETIC-write-refusal · actual supported walk leg: Challenge the Regent’s local seizure
PASS blade-SYNTHETIC-write-refusal · actual movement and combat keep traveller alive
PASS blade-SYNTHETIC-write-refusal · actual supported walk leg: Challenge the Regent’s local seizure
PASS blade-SYNTHETIC-write-refusal · actual movement and combat keep traveller alive
PASS blade-SYNTHETIC-write-refusal · actual supported walk leg: Challenge the Regent’s local seizure
PASS blade-SYNTHETIC-write-refusal · actual movement and combat keep traveller alive
PASS blade-SYNTHETIC-write-refusal · actual supported walk leg: Challenge the Regent’s local seizure
PASS blade-SYNTHETIC-write-refusal · actual movement and combat keep traveller alive
PASS blade-SYNTHETIC-write-refusal · actual supported walk leg: Challenge the Regent’s local seizure
PASS blade-SYNTHETIC-write-refusal · actual movement and combat keep traveller alive
PASS blade-SYNTHETIC-write-refusal · actual supported walk leg: Challenge the Regent’s local seizure
PASS blade-SYNTHETIC-write-refusal · actual movement and combat keep traveller alive
PASS blade-SYNTHETIC-write-refusal · actual supported walk leg: Challenge the Regent’s local seizure
PASS blade-SYNTHETIC-write-refusal · actual movement and combat keep traveller alive
PASS blade-SYNTHETIC-write-refusal · actual supported walk leg: Challenge the Regent’s local seizure
PASS blade-SYNTHETIC-write-refusal · actual movement and combat keep traveller alive
PASS blade-SYNTHETIC-write-refusal · actual supported walk leg: Challenge the Regent’s local seizure
PASS blade-SYNTHETIC-write-refusal · actual movement and combat keep traveller alive
PASS blade-SYNTHETIC-write-refusal · actual supported walk leg: Challenge the Regent’s local seizure
PASS blade-SYNTHETIC-write-refusal · actual movement and combat keep traveller alive
PASS blade-SYNTHETIC-write-refusal · actual supported walk leg: Challenge the Regent’s local seizure
PASS blade-SYNTHETIC-write-refusal · actual movement and combat keep traveller alive
PASS blade-SYNTHETIC-write-refusal · actual supported walk leg: Challenge the Regent’s local seizure
PASS blade-SYNTHETIC-write-refusal · actual movement and combat keep traveller alive
PASS blade-SYNTHETIC-write-refusal · actual supported walk leg: Challenge the Regent’s local seizure
PASS blade-SYNTHETIC-write-refusal · production walking reaches Challenge the Regent’s local seizure
PASS blade-SYNTHETIC-write-refusal · physical native action records challenge-regent
PASS blade-SYNTHETIC-write-refusal · physical work pays no independent fee
PASS blade-SYNTHETIC-write-refusal · production route is accepted for ordinary close signal approach
PASS blade-SYNTHETIC-write-refusal · whole production body path is supported: ordinary close signal approach
PASS blade-SYNTHETIC-write-refusal · actual movement and combat keep traveller alive
PASS blade-SYNTHETIC-write-refusal · actual supported walk leg: ordinary close signal approach
PASS blade-SYNTHETIC-write-refusal · production walking reaches ordinary close signal approach
PASS blade-SYNTHETIC-write-refusal · physical arrival has no actor teleport for ordinary close signal approach
PASS blade-SYNTHETIC-write-refusal · native Tab selects actual Regent
PASS blade-SYNTHETIC-write-refusal · naturally scheduled immutable actual claim-lane warning
PASS blade-SYNTHETIC-write-refusal · actual whole Regent body grounded within its collision radius and exact raised warning footprint
PASS blade-SYNTHETIC-write-refusal · supplied screen changes only broad warning duration
PASS blade-SYNTHETIC-write-refusal · actual movement and combat keep traveller alive
PASS blade-SYNTHETIC-write-refusal · one actual locked contact preserves its frame
PASS blade-SYNTHETIC-write-refusal · actual owned weapon is ready
PASS blade-SYNTHETIC-write-refusal · actual movement and combat keep traveller alive
PASS blade-SYNTHETIC-write-refusal · native owned attack causes actual weapon damage
PASS blade-SYNTHETIC-write-refusal · actual owned weapon is ready
PASS blade-SYNTHETIC-write-refusal · actual movement and combat keep traveller alive
PASS blade-SYNTHETIC-write-refusal · native owned attack causes actual weapon damage
PASS blade-SYNTHETIC-write-refusal · naturally scheduled immutable actual false-shelter warning
PASS blade-SYNTHETIC-write-refusal · actual whole Regent body grounded within its collision radius and exact raised warning footprint
PASS blade-SYNTHETIC-write-refusal · fixed long narrow lane stays declared
PASS blade-SYNTHETIC-write-refusal · actual movement and combat keep traveller alive
PASS blade-SYNTHETIC-write-refusal · one actual locked contact preserves its frame
PASS blade-SYNTHETIC-write-refusal · production route is accepted for supported next phase weapon approach
PASS blade-SYNTHETIC-write-refusal · whole production body path is supported: supported next phase weapon approach
PASS blade-SYNTHETIC-write-refusal · actual movement and combat keep traveller alive
PASS blade-SYNTHETIC-write-refusal · actual supported walk leg: supported next phase weapon approach
PASS blade-SYNTHETIC-write-refusal · production walking reaches supported next phase weapon approach
PASS blade-SYNTHETIC-write-refusal · physical arrival has no actor teleport for supported next phase weapon approach
PASS blade-SYNTHETIC-write-refusal · actual owned weapon is ready
PASS blade-SYNTHETIC-write-refusal · actual movement and combat keep traveller alive
PASS blade-SYNTHETIC-write-refusal · native owned attack causes actual weapon damage
PASS blade-SYNTHETIC-write-refusal · actual owned weapon is ready
PASS blade-SYNTHETIC-write-refusal · actual movement and combat keep traveller alive
PASS blade-SYNTHETIC-write-refusal · native owned attack causes actual weapon damage
PASS blade-SYNTHETIC-write-refusal · naturally scheduled immutable actual closing-ring warning
PASS blade-SYNTHETIC-write-refusal · actual whole Regent body grounded within its collision radius and exact raised warning footprint
PASS blade-SYNTHETIC-write-refusal · actual movement and combat keep traveller alive
PASS blade-SYNTHETIC-write-refusal · one actual locked contact preserves its frame
PASS blade-SYNTHETIC-write-refusal · native Auto enables real weapon intent
PASS blade-SYNTHETIC-write-refusal · actual movement and combat keep traveller alive
PASS blade-SYNTHETIC-write-refusal · actual refused exhaustion retains a live HP1 owner without saved fact
PASS blade-SYNTHETIC-write-refusal · actual weapon contacts contribute independently of companion
PASS blade-SYNTHETIC-write-refusal · no generic enemy loot or payout
PASS blade-SYNTHETIC-write-refusal · HP1 refusal changes no persisted claim bytes
PASS blade-SYNTHETIC-write-refusal · native Tab selects actual Regent
PASS blade-SYNTHETIC-write-refusal · actual owned weapon is ready
PASS blade-SYNTHETIC-write-refusal · actual movement and combat keep traveller alive
PASS blade-SYNTHETIC-write-refusal · native owned attack causes actual weapon damage
PASS blade-SYNTHETIC-write-refusal · actual weapon retry saves exhaustion after writer recovers
PASS blade-SYNTHETIC-write-refusal · no manual defeat/choice/arrival control
PASS blade-SYNTHETIC-write-refusal · already physically reaches passage-secured
PASS blade-SYNTHETIC-write-refusal · physical native action records passage-secured
PASS blade-SYNTHETIC-write-refusal · physical work pays no independent fee
PASS blade-SYNTHETIC-write-refusal · already physically reaches aftermath
PASS blade-SYNTHETIC-write-refusal · aftermath preview grants nothing
PASS blade-SYNTHETIC-write-refusal · cancel leaves aftermath undecided
PASS blade-SYNTHETIC-write-refusal · native current-owner consent retains chosen aftermath
PASS blade-SYNTHETIC-write-refusal · no manual defeat/choice/arrival control
PASS blade-SYNTHETIC-write-refusal · whole production body path is supported: Verify Vessa’s free return road
PASS blade-SYNTHETIC-write-refusal · actual movement and combat keep traveller alive
PASS blade-SYNTHETIC-write-refusal · actual supported walk leg: Verify Vessa’s free return road
PASS blade-SYNTHETIC-write-refusal · actual movement and combat keep traveller alive
PASS blade-SYNTHETIC-write-refusal · actual supported walk leg: Verify Vessa’s free return road
PASS blade-SYNTHETIC-write-refusal · actual movement and combat keep traveller alive
PASS blade-SYNTHETIC-write-refusal · actual supported walk leg: Verify Vessa’s free return road
PASS blade-SYNTHETIC-write-refusal · actual movement and combat keep traveller alive
PASS blade-SYNTHETIC-write-refusal · actual supported walk leg: Verify Vessa’s free return road
PASS blade-SYNTHETIC-write-refusal · actual movement and combat keep traveller alive
PASS blade-SYNTHETIC-write-refusal · actual supported walk leg: Verify Vessa’s free return road
PASS blade-SYNTHETIC-write-refusal · actual movement and combat keep traveller alive
PASS blade-SYNTHETIC-write-refusal · actual supported walk leg: Verify Vessa’s free return road
PASS blade-SYNTHETIC-write-refusal · actual movement and combat keep traveller alive
PASS blade-SYNTHETIC-write-refusal · actual supported walk leg: Verify Vessa’s free return road
PASS blade-SYNTHETIC-write-refusal · actual movement and combat keep traveller alive
PASS blade-SYNTHETIC-write-refusal · actual supported walk leg: Verify Vessa’s free return road
PASS blade-SYNTHETIC-write-refusal · actual movement and combat keep traveller alive
PASS blade-SYNTHETIC-write-refusal · actual supported walk leg: Verify Vessa’s free return road
PASS blade-SYNTHETIC-write-refusal · actual movement and combat keep traveller alive
PASS blade-SYNTHETIC-write-refusal · actual supported walk leg: Verify Vessa’s free return road
PASS blade-SYNTHETIC-write-refusal · actual movement and combat keep traveller alive
PASS blade-SYNTHETIC-write-refusal · actual supported walk leg: Verify Vessa’s free return road
PASS blade-SYNTHETIC-write-refusal · actual movement and combat keep traveller alive
PASS blade-SYNTHETIC-write-refusal · actual supported walk leg: Verify Vessa’s free return road
PASS blade-SYNTHETIC-write-refusal · actual movement and combat keep traveller alive
PASS blade-SYNTHETIC-write-refusal · actual supported walk leg: Verify Vessa’s free return road
PASS blade-SYNTHETIC-write-refusal · actual movement and combat keep traveller alive
PASS blade-SYNTHETIC-write-refusal · actual supported walk leg: Verify Vessa’s free return road
PASS blade-SYNTHETIC-write-refusal · actual movement and combat keep traveller alive
PASS blade-SYNTHETIC-write-refusal · actual supported walk leg: Verify Vessa’s free return road
PASS blade-SYNTHETIC-write-refusal · actual movement and combat keep traveller alive
PASS blade-SYNTHETIC-write-refusal · actual supported walk leg: Verify Vessa’s free return road
PASS blade-SYNTHETIC-write-refusal · actual movement and combat keep traveller alive
PASS blade-SYNTHETIC-write-refusal · actual supported walk leg: Verify Vessa’s free return road
PASS blade-SYNTHETIC-write-refusal · actual movement and combat keep traveller alive
PASS blade-SYNTHETIC-write-refusal · actual supported walk leg: Verify Vessa’s free return road
PASS blade-SYNTHETIC-write-refusal · actual movement and combat keep traveller alive
PASS blade-SYNTHETIC-write-refusal · actual supported walk leg: Verify Vessa’s free return road
PASS blade-SYNTHETIC-write-refusal · actual movement and combat keep traveller alive
PASS blade-SYNTHETIC-write-refusal · actual supported walk leg: Verify Vessa’s free return road
PASS blade-SYNTHETIC-write-refusal · actual movement and combat keep traveller alive
PASS blade-SYNTHETIC-write-refusal · actual supported walk leg: Verify Vessa’s free return road
PASS blade-SYNTHETIC-write-refusal · actual movement and combat keep traveller alive
PASS blade-SYNTHETIC-write-refusal · actual supported walk leg: Verify Vessa’s free return road
PASS blade-SYNTHETIC-write-refusal · actual movement and combat keep traveller alive
PASS blade-SYNTHETIC-write-refusal · actual supported walk leg: Verify Vessa’s free return road
PASS blade-SYNTHETIC-write-refusal · actual movement and combat keep traveller alive
PASS blade-SYNTHETIC-write-refusal · actual supported walk leg: Verify Vessa’s free return road
PASS blade-SYNTHETIC-write-refusal · actual movement and combat keep traveller alive
PASS blade-SYNTHETIC-write-refusal · actual supported walk leg: Verify Vessa’s free return road
PASS blade-SYNTHETIC-write-refusal · actual movement and combat keep traveller alive
PASS blade-SYNTHETIC-write-refusal · actual supported walk leg: Verify Vessa’s free return road
PASS blade-SYNTHETIC-write-refusal · actual movement and combat keep traveller alive
PASS blade-SYNTHETIC-write-refusal · actual supported walk leg: Verify Vessa’s free return road
PASS blade-SYNTHETIC-write-refusal · actual movement and combat keep traveller alive
PASS blade-SYNTHETIC-write-refusal · actual supported walk leg: Verify Vessa’s free return road
PASS blade-SYNTHETIC-write-refusal · actual movement and combat keep traveller alive
PASS blade-SYNTHETIC-write-refusal · actual supported walk leg: Verify Vessa’s free return road
PASS blade-SYNTHETIC-write-refusal · actual movement and combat keep traveller alive
PASS blade-SYNTHETIC-write-refusal · actual supported walk leg: Verify Vessa’s free return road
PASS blade-SYNTHETIC-write-refusal · actual movement and combat keep traveller alive
PASS blade-SYNTHETIC-write-refusal · actual supported walk leg: Verify Vessa’s free return road
PASS blade-SYNTHETIC-write-refusal · actual movement and combat keep traveller alive
PASS blade-SYNTHETIC-write-refusal · actual supported walk leg: Verify Vessa’s free return road
PASS blade-SYNTHETIC-write-refusal · actual movement and combat keep traveller alive
PASS blade-SYNTHETIC-write-refusal · actual supported walk leg: Verify Vessa’s free return road
PASS blade-SYNTHETIC-write-refusal · actual movement and combat keep traveller alive
PASS blade-SYNTHETIC-write-refusal · actual supported walk leg: Verify Vessa’s free return road
PASS blade-SYNTHETIC-write-refusal · actual movement and combat keep traveller alive
PASS blade-SYNTHETIC-write-refusal · actual supported walk leg: Verify Vessa’s free return road
PASS blade-SYNTHETIC-write-refusal · actual movement and combat keep traveller alive
PASS blade-SYNTHETIC-write-refusal · actual supported walk leg: Verify Vessa’s free return road
PASS blade-SYNTHETIC-write-refusal · actual movement and combat keep traveller alive
PASS blade-SYNTHETIC-write-refusal · actual supported walk leg: Verify Vessa’s free return road
PASS blade-SYNTHETIC-write-refusal · actual movement and combat keep traveller alive
PASS blade-SYNTHETIC-write-refusal · actual supported walk leg: Verify Vessa’s free return road
PASS blade-SYNTHETIC-write-refusal · actual movement and combat keep traveller alive
PASS blade-SYNTHETIC-write-refusal · actual supported walk leg: Verify Vessa’s free return road
PASS blade-SYNTHETIC-write-refusal · actual movement and combat keep traveller alive
PASS blade-SYNTHETIC-write-refusal · actual supported walk leg: Verify Vessa’s free return road
PASS blade-SYNTHETIC-write-refusal · actual movement and combat keep traveller alive
PASS blade-SYNTHETIC-write-refusal · actual supported walk leg: Verify Vessa’s free return road
PASS blade-SYNTHETIC-write-refusal · actual movement and combat keep traveller alive
PASS blade-SYNTHETIC-write-refusal · actual supported walk leg: Verify Vessa’s free return road
PASS blade-SYNTHETIC-write-refusal · actual movement and combat keep traveller alive
PASS blade-SYNTHETIC-write-refusal · actual supported walk leg: Verify Vessa’s free return road
PASS blade-SYNTHETIC-write-refusal · actual movement and combat keep traveller alive
PASS blade-SYNTHETIC-write-refusal · actual supported walk leg: Verify Vessa’s free return road
PASS blade-SYNTHETIC-write-refusal · actual movement and combat keep traveller alive
PASS blade-SYNTHETIC-write-refusal · actual supported walk leg: Verify Vessa’s free return road
PASS blade-SYNTHETIC-write-refusal · actual movement and combat keep traveller alive
PASS blade-SYNTHETIC-write-refusal · actual supported walk leg: Verify Vessa’s free return road
PASS blade-SYNTHETIC-write-refusal · actual movement and combat keep traveller alive
PASS blade-SYNTHETIC-write-refusal · actual supported walk leg: Verify Vessa’s free return road
PASS blade-SYNTHETIC-write-refusal · actual movement and combat keep traveller alive
PASS blade-SYNTHETIC-write-refusal · actual supported walk leg: Verify Vessa’s free return road
PASS blade-SYNTHETIC-write-refusal · actual movement and combat keep traveller alive
PASS blade-SYNTHETIC-write-refusal · actual supported walk leg: Verify Vessa’s free return road
PASS blade-SYNTHETIC-write-refusal · actual movement and combat keep traveller alive
PASS blade-SYNTHETIC-write-refusal · actual supported walk leg: Verify Vessa’s free return road
PASS blade-SYNTHETIC-write-refusal · actual movement and combat keep traveller alive
PASS blade-SYNTHETIC-write-refusal · actual supported walk leg: Verify Vessa’s free return road
PASS blade-SYNTHETIC-write-refusal · actual movement and combat keep traveller alive
PASS blade-SYNTHETIC-write-refusal · actual supported walk leg: Verify Vessa’s free return road
PASS blade-SYNTHETIC-write-refusal · actual movement and combat keep traveller alive
PASS blade-SYNTHETIC-write-refusal · actual supported walk leg: Verify Vessa’s free return road
PASS blade-SYNTHETIC-write-refusal · actual movement and combat keep traveller alive
PASS blade-SYNTHETIC-write-refusal · actual supported walk leg: Verify Vessa’s free return road
PASS blade-SYNTHETIC-write-refusal · actual movement and combat keep traveller alive
PASS blade-SYNTHETIC-write-refusal · actual supported walk leg: Verify Vessa’s free return road
PASS blade-SYNTHETIC-write-refusal · actual movement and combat keep traveller alive
PASS blade-SYNTHETIC-write-refusal · actual supported walk leg: Verify Vessa’s free return road
PASS blade-SYNTHETIC-write-refusal · actual movement and combat keep traveller alive
PASS blade-SYNTHETIC-write-refusal · actual supported walk leg: Verify Vessa’s free return road
PASS blade-SYNTHETIC-write-refusal · actual movement and combat keep traveller alive
PASS blade-SYNTHETIC-write-refusal · actual supported walk leg: Verify Vessa’s free return road
PASS blade-SYNTHETIC-write-refusal · actual movement and combat keep traveller alive
PASS blade-SYNTHETIC-write-refusal · actual supported walk leg: Verify Vessa’s free return road
PASS blade-SYNTHETIC-write-refusal · actual movement and combat keep traveller alive
PASS blade-SYNTHETIC-write-refusal · actual supported walk leg: Verify Vessa’s free return road
PASS blade-SYNTHETIC-write-refusal · actual movement and combat keep traveller alive
PASS blade-SYNTHETIC-write-refusal · actual supported walk leg: Verify Vessa’s free return road
PASS blade-SYNTHETIC-write-refusal · actual movement and combat keep traveller alive
PASS blade-SYNTHETIC-write-refusal · actual supported walk leg: Verify Vessa’s free return road
PASS blade-SYNTHETIC-write-refusal · actual movement and combat keep traveller alive
PASS blade-SYNTHETIC-write-refusal · actual supported walk leg: Verify Vessa’s free return road
PASS blade-SYNTHETIC-write-refusal · actual movement and combat keep traveller alive
PASS blade-SYNTHETIC-write-refusal · actual supported walk leg: Verify Vessa’s free return road
PASS blade-SYNTHETIC-write-refusal · actual movement and combat keep traveller alive
PASS blade-SYNTHETIC-write-refusal · actual supported walk leg: Verify Vessa’s free return road
PASS blade-SYNTHETIC-write-refusal · actual movement and combat keep traveller alive
PASS blade-SYNTHETIC-write-refusal · actual supported walk leg: Verify Vessa’s free return road
PASS blade-SYNTHETIC-write-refusal · actual movement and combat keep traveller alive
PASS blade-SYNTHETIC-write-refusal · actual supported walk leg: Verify Vessa’s free return road
PASS blade-SYNTHETIC-write-refusal · actual movement and combat keep traveller alive
PASS blade-SYNTHETIC-write-refusal · actual supported walk leg: Verify Vessa’s free return road
PASS blade-SYNTHETIC-write-refusal · actual movement and combat keep traveller alive
PASS blade-SYNTHETIC-write-refusal · actual supported walk leg: Verify Vessa’s free return road
PASS blade-SYNTHETIC-write-refusal · actual movement and combat keep traveller alive
PASS blade-SYNTHETIC-write-refusal · actual supported walk leg: Verify Vessa’s free return road
PASS blade-SYNTHETIC-write-refusal · actual movement and combat keep traveller alive
PASS blade-SYNTHETIC-write-refusal · actual supported walk leg: Verify Vessa’s free return road
PASS blade-SYNTHETIC-write-refusal · actual movement and combat keep traveller alive
PASS blade-SYNTHETIC-write-refusal · actual supported walk leg: Verify Vessa’s free return road
PASS blade-SYNTHETIC-write-refusal · actual movement and combat keep traveller alive
PASS blade-SYNTHETIC-write-refusal · actual supported walk leg: Verify Vessa’s free return road
PASS blade-SYNTHETIC-write-refusal · actual movement and combat keep traveller alive
PASS blade-SYNTHETIC-write-refusal · actual supported walk leg: Verify Vessa’s free return road
PASS blade-SYNTHETIC-write-refusal · actual movement and combat keep traveller alive
PASS blade-SYNTHETIC-write-refusal · actual supported walk leg: Verify Vessa’s free return road
PASS blade-SYNTHETIC-write-refusal · actual movement and combat keep traveller alive
PASS blade-SYNTHETIC-write-refusal · actual supported walk leg: Verify Vessa’s free return road
PASS blade-SYNTHETIC-write-refusal · actual movement and combat keep traveller alive
PASS blade-SYNTHETIC-write-refusal · actual supported walk leg: Verify Vessa’s free return road
PASS blade-SYNTHETIC-write-refusal · actual movement and combat keep traveller alive
PASS blade-SYNTHETIC-write-refusal · actual supported walk leg: Verify Vessa’s free return road
PASS blade-SYNTHETIC-write-refusal · actual movement and combat keep traveller alive
PASS blade-SYNTHETIC-write-refusal · actual supported walk leg: Verify Vessa’s free return road
PASS blade-SYNTHETIC-write-refusal · actual movement and combat keep traveller alive
PASS blade-SYNTHETIC-write-refusal · actual supported walk leg: Verify Vessa’s free return road
PASS blade-SYNTHETIC-write-refusal · actual movement and combat keep traveller alive
PASS blade-SYNTHETIC-write-refusal · actual supported walk leg: Verify Vessa’s free return road
PASS blade-SYNTHETIC-write-refusal · actual movement and combat keep traveller alive
PASS blade-SYNTHETIC-write-refusal · actual supported walk leg: Verify Vessa’s free return road
PASS blade-SYNTHETIC-write-refusal · actual movement and combat keep traveller alive
PASS blade-SYNTHETIC-write-refusal · actual supported walk leg: Verify Vessa’s free return road
PASS blade-SYNTHETIC-write-refusal · actual movement and combat keep traveller alive
PASS blade-SYNTHETIC-write-refusal · actual supported walk leg: Verify Vessa’s free return road
PASS blade-SYNTHETIC-write-refusal · actual movement and combat keep traveller alive
PASS blade-SYNTHETIC-write-refusal · actual supported walk leg: Verify Vessa’s free return road
PASS blade-SYNTHETIC-write-refusal · actual movement and combat keep traveller alive
PASS blade-SYNTHETIC-write-refusal · actual supported walk leg: Verify Vessa’s free return road
PASS blade-SYNTHETIC-write-refusal · actual movement and combat keep traveller alive
PASS blade-SYNTHETIC-write-refusal · actual supported walk leg: Verify Vessa’s free return road
PASS blade-SYNTHETIC-write-refusal · actual movement and combat keep traveller alive
PASS blade-SYNTHETIC-write-refusal · actual supported walk leg: Verify Vessa’s free return road
PASS blade-SYNTHETIC-write-refusal · actual movement and combat keep traveller alive
PASS blade-SYNTHETIC-write-refusal · actual supported walk leg: Verify Vessa’s free return road
PASS blade-SYNTHETIC-write-refusal · actual movement and combat keep traveller alive
PASS blade-SYNTHETIC-write-refusal · actual supported walk leg: Verify Vessa’s free return road
PASS blade-SYNTHETIC-write-refusal · actual movement and combat keep traveller alive
PASS blade-SYNTHETIC-write-refusal · actual supported walk leg: Verify Vessa’s free return road
PASS blade-SYNTHETIC-write-refusal · actual movement and combat keep traveller alive
PASS blade-SYNTHETIC-write-refusal · actual supported walk leg: Verify Vessa’s free return road
PASS blade-SYNTHETIC-write-refusal · actual movement and combat keep traveller alive
PASS blade-SYNTHETIC-write-refusal · actual supported walk leg: Verify Vessa’s free return road
PASS blade-SYNTHETIC-write-refusal · actual movement and combat keep traveller alive
PASS blade-SYNTHETIC-write-refusal · actual supported walk leg: Verify Vessa’s free return road
PASS blade-SYNTHETIC-write-refusal · actual movement and combat keep traveller alive
PASS blade-SYNTHETIC-write-refusal · actual supported walk leg: Verify Vessa’s free return road
PASS blade-SYNTHETIC-write-refusal · actual movement and combat keep traveller alive
PASS blade-SYNTHETIC-write-refusal · actual supported walk leg: Verify Vessa’s free return road
PASS blade-SYNTHETIC-write-refusal · actual movement and combat keep traveller alive
PASS blade-SYNTHETIC-write-refusal · actual supported walk leg: Verify Vessa’s free return road
PASS blade-SYNTHETIC-write-refusal · actual movement and combat keep traveller alive
PASS blade-SYNTHETIC-write-refusal · actual supported walk leg: Verify Vessa’s free return road
PASS blade-SYNTHETIC-write-refusal · actual movement and combat keep traveller alive
PASS blade-SYNTHETIC-write-refusal · actual supported walk leg: Verify Vessa’s free return road
PASS blade-SYNTHETIC-write-refusal · actual movement and combat keep traveller alive
PASS blade-SYNTHETIC-write-refusal · actual supported walk leg: Verify Vessa’s free return road
PASS blade-SYNTHETIC-write-refusal · actual movement and combat keep traveller alive
PASS blade-SYNTHETIC-write-refusal · actual supported walk leg: Verify Vessa’s free return road
PASS blade-SYNTHETIC-write-refusal · actual movement and combat keep traveller alive
PASS blade-SYNTHETIC-write-refusal · actual supported walk leg: Verify Vessa’s free return road
PASS blade-SYNTHETIC-write-refusal · actual movement and combat keep traveller alive
PASS blade-SYNTHETIC-write-refusal · actual supported walk leg: Verify Vessa’s free return road
PASS blade-SYNTHETIC-write-refusal · actual movement and combat keep traveller alive
PASS blade-SYNTHETIC-write-refusal · actual supported walk leg: Verify Vessa’s free return road
PASS blade-SYNTHETIC-write-refusal · actual movement and combat keep traveller alive
PASS blade-SYNTHETIC-write-refusal · actual supported walk leg: Verify Vessa’s free return road
PASS blade-SYNTHETIC-write-refusal · actual movement and combat keep traveller alive
PASS blade-SYNTHETIC-write-refusal · actual supported walk leg: Verify Vessa’s free return road
PASS blade-SYNTHETIC-write-refusal · actual movement and combat keep traveller alive
PASS blade-SYNTHETIC-write-refusal · actual supported walk leg: Verify Vessa’s free return road
PASS blade-SYNTHETIC-write-refusal · actual movement and combat keep traveller alive
PASS blade-SYNTHETIC-write-refusal · actual supported walk leg: Verify Vessa’s free return road
PASS blade-SYNTHETIC-write-refusal · actual movement and combat keep traveller alive
PASS blade-SYNTHETIC-write-refusal · actual supported walk leg: Verify Vessa’s free return road
PASS blade-SYNTHETIC-write-refusal · actual movement and combat keep traveller alive
PASS blade-SYNTHETIC-write-refusal · actual supported walk leg: Verify Vessa’s free return road
PASS blade-SYNTHETIC-write-refusal · actual movement and combat keep traveller alive
PASS blade-SYNTHETIC-write-refusal · actual supported walk leg: Verify Vessa’s free return road
PASS blade-SYNTHETIC-write-refusal · actual movement and combat keep traveller alive
PASS blade-SYNTHETIC-write-refusal · actual supported walk leg: Verify Vessa’s free return road
PASS blade-SYNTHETIC-write-refusal · actual movement and combat keep traveller alive
PASS blade-SYNTHETIC-write-refusal · actual supported walk leg: Verify Vessa’s free return road
PASS blade-SYNTHETIC-write-refusal · actual movement and combat keep traveller alive
PASS blade-SYNTHETIC-write-refusal · actual supported walk leg: Verify Vessa’s free return road
PASS blade-SYNTHETIC-write-refusal · actual movement and combat keep traveller alive
PASS blade-SYNTHETIC-write-refusal · actual supported walk leg: Verify Vessa’s free return road
PASS blade-SYNTHETIC-write-refusal · actual movement and combat keep traveller alive
PASS blade-SYNTHETIC-write-refusal · actual supported walk leg: Verify Vessa’s free return road
PASS blade-SYNTHETIC-write-refusal · actual movement and combat keep traveller alive
PASS blade-SYNTHETIC-write-refusal · actual supported walk leg: Verify Vessa’s free return road
PASS blade-SYNTHETIC-write-refusal · actual movement and combat keep traveller alive
PASS blade-SYNTHETIC-write-refusal · actual supported walk leg: Verify Vessa’s free return road
PASS blade-SYNTHETIC-write-refusal · actual movement and combat keep traveller alive
PASS blade-SYNTHETIC-write-refusal · actual supported walk leg: Verify Vessa’s free return road
PASS blade-SYNTHETIC-write-refusal · actual movement and combat keep traveller alive
PASS blade-SYNTHETIC-write-refusal · actual supported walk leg: Verify Vessa’s free return road
PASS blade-SYNTHETIC-write-refusal · actual movement and combat keep traveller alive
PASS blade-SYNTHETIC-write-refusal · actual supported walk leg: Verify Vessa’s free return road
PASS blade-SYNTHETIC-write-refusal · actual movement and combat keep traveller alive
PASS blade-SYNTHETIC-write-refusal · actual supported walk leg: Verify Vessa’s free return road
PASS blade-SYNTHETIC-write-refusal · actual movement and combat keep traveller alive
PASS blade-SYNTHETIC-write-refusal · actual supported walk leg: Verify Vessa’s free return road
PASS blade-SYNTHETIC-write-refusal · actual movement and combat keep traveller alive
PASS blade-SYNTHETIC-write-refusal · actual supported walk leg: Verify Vessa’s free return road
PASS blade-SYNTHETIC-write-refusal · actual movement and combat keep traveller alive
PASS blade-SYNTHETIC-write-refusal · actual supported walk leg: Verify Vessa’s free return road
PASS blade-SYNTHETIC-write-refusal · actual movement and combat keep traveller alive
PASS blade-SYNTHETIC-write-refusal · actual supported walk leg: Verify Vessa’s free return road
PASS blade-SYNTHETIC-write-refusal · actual movement and combat keep traveller alive
PASS blade-SYNTHETIC-write-refusal · actual supported walk leg: Verify Vessa’s free return road
PASS blade-SYNTHETIC-write-refusal · actual movement and combat keep traveller alive
PASS blade-SYNTHETIC-write-refusal · actual supported walk leg: Verify Vessa’s free return road
PASS blade-SYNTHETIC-write-refusal · actual movement and combat keep traveller alive
PASS blade-SYNTHETIC-write-refusal · actual supported walk leg: Verify Vessa’s free return road
PASS blade-SYNTHETIC-write-refusal · actual movement and combat keep traveller alive
PASS blade-SYNTHETIC-write-refusal · actual supported walk leg: Verify Vessa’s free return road
PASS blade-SYNTHETIC-write-refusal · actual movement and combat keep traveller alive
PASS blade-SYNTHETIC-write-refusal · actual supported walk leg: Verify Vessa’s free return road
PASS blade-SYNTHETIC-write-refusal · actual movement and combat keep traveller alive
PASS blade-SYNTHETIC-write-refusal · actual supported walk leg: Verify Vessa’s free return road
PASS blade-SYNTHETIC-write-refusal · actual movement and combat keep traveller alive
PASS blade-SYNTHETIC-write-refusal · actual supported walk leg: Verify Vessa’s free return road
PASS blade-SYNTHETIC-write-refusal · actual movement and combat keep traveller alive
PASS blade-SYNTHETIC-write-refusal · actual supported walk leg: Verify Vessa’s free return road
PASS blade-SYNTHETIC-write-refusal · actual movement and combat keep traveller alive
PASS blade-SYNTHETIC-write-refusal · actual supported walk leg: Verify Vessa’s free return road
PASS blade-SYNTHETIC-write-refusal · actual movement and combat keep traveller alive
PASS blade-SYNTHETIC-write-refusal · actual supported walk leg: Verify Vessa’s free return road
PASS blade-SYNTHETIC-write-refusal · actual movement and combat keep traveller alive
PASS blade-SYNTHETIC-write-refusal · actual supported walk leg: Verify Vessa’s free return road
PASS blade-SYNTHETIC-write-refusal · actual movement and combat keep traveller alive
PASS blade-SYNTHETIC-write-refusal · actual supported walk leg: Verify Vessa’s free return road
PASS blade-SYNTHETIC-write-refusal · actual movement and combat keep traveller alive
PASS blade-SYNTHETIC-write-refusal · actual supported walk leg: Verify Vessa’s free return road
PASS blade-SYNTHETIC-write-refusal · production walking reaches Verify Vessa’s free return road
PASS blade-SYNTHETIC-write-refusal · physical native action records return-verified
PASS blade-SYNTHETIC-write-refusal · physical work pays no independent fee
PASS blade-SYNTHETIC-write-refusal · native free return does not earn Oren home arrival refusal-profile
PASS blade-SYNTHETIC-write-refusal · no manual defeat/choice/arrival control
PASS blade-SYNTHETIC-write-refusal · whole production body path is supported: Bring the local account home
PASS blade-SYNTHETIC-write-refusal · actual movement and combat keep traveller alive
PASS blade-SYNTHETIC-write-refusal · actual supported walk leg: Bring the local account home
PASS blade-SYNTHETIC-write-refusal · actual movement and combat keep traveller alive
PASS blade-SYNTHETIC-write-refusal · actual supported walk leg: Bring the local account home
PASS blade-SYNTHETIC-write-refusal · actual movement and combat keep traveller alive
PASS blade-SYNTHETIC-write-refusal · actual supported walk leg: Bring the local account home
PASS blade-SYNTHETIC-write-refusal · actual movement and combat keep traveller alive
PASS blade-SYNTHETIC-write-refusal · actual supported walk leg: Bring the local account home
PASS blade-SYNTHETIC-write-refusal · actual movement and combat keep traveller alive
PASS blade-SYNTHETIC-write-refusal · actual supported walk leg: Bring the local account home
PASS blade-SYNTHETIC-write-refusal · actual movement and combat keep traveller alive
PASS blade-SYNTHETIC-write-refusal · actual supported walk leg: Bring the local account home
PASS blade-SYNTHETIC-write-refusal · actual movement and combat keep traveller alive
PASS blade-SYNTHETIC-write-refusal · actual supported walk leg: Bring the local account home
PASS blade-SYNTHETIC-write-refusal · actual movement and combat keep traveller alive
PASS blade-SYNTHETIC-write-refusal · actual supported walk leg: Bring the local account home
PASS blade-SYNTHETIC-write-refusal · actual movement and combat keep traveller alive
PASS blade-SYNTHETIC-write-refusal · actual supported walk leg: Bring the local account home
PASS blade-SYNTHETIC-write-refusal · production walking reaches Bring the local account home
PASS blade-SYNTHETIC-write-refusal · physical native action records home-return
PASS blade-SYNTHETIC-write-refusal · physical work pays no independent fee
PASS blade-SYNTHETIC-write-refusal · native claim write refusal retains exact full world and bytes
PASS blade-SYNTHETIC-write-refusal · whole declared fee pays once without equip/heal
PASS blade-SYNTHETIC-write-refusal · native current-view action saves SYNTHETIC-recovered-claim
PASS blade-SYNTHETIC-write-refusal · exact full native world persisted SYNTHETIC-recovered-claim
PASS blade-SYNTHETIC-write-refusal · SYNTHETIC-recovered-claim preserves the full other original native character slot value
PASS blade-SYNTHETIC-write-refusal · exact frozen actual HTML served
PASS blade-SYNTHETIC-write-refusal · actual WebGL2 renderer
PASS blade-SYNTHETIC-write-refusal · requested renderer observed
PASS blade-SYNTHETIC-write-refusal · whole Chromium restart loads exact bytes SYNTHETIC-recovered-claim
PASS blade-SYNTHETIC-write-refusal · actual cold load preserves owners/payment/kit SYNTHETIC-recovered-claim
PASS blade-SYNTHETIC-write-refusal · SYNTHETIC-recovered-claim cold load preserves the full other original native character slot value
PASS blade-SYNTHETIC-write-refusal · final exact inactive slot preserves the full other original native character slot value
PASS strongest-SYNTHETIC-old-owner · at most six isolated profile families
PASS strongest-SYNTHETIC-old-owner · exact frozen actual HTML served
PASS strongest-SYNTHETIC-old-owner · actual WebGL2 renderer
PASS strongest-SYNTHETIC-old-owner · requested renderer observed
PASS strongest-SYNTHETIC-old-owner · visible import adds a character and preserves original legacy save bytes
PASS strongest-SYNTHETIC-old-owner · real optional migration preserves rich old world
PASS strongest-SYNTHETIC-old-owner · native current-view action saves SYNTHETIC-old-owner
PASS strongest-SYNTHETIC-old-owner · exact full native world persisted SYNTHETIC-old-owner
PASS strongest-SYNTHETIC-old-owner · SYNTHETIC-old-owner preserves the full other original native character slot value
PASS strongest-SYNTHETIC-old-owner · exact frozen actual HTML served
PASS strongest-SYNTHETIC-old-owner · actual WebGL2 renderer
PASS strongest-SYNTHETIC-old-owner · requested renderer observed
PASS strongest-SYNTHETIC-old-owner · whole Chromium restart loads exact bytes SYNTHETIC-old-owner
PASS strongest-SYNTHETIC-old-owner · actual cold load preserves owners/payment/kit SYNTHETIC-old-owner
PASS strongest-SYNTHETIC-old-owner · SYNTHETIC-old-owner cold load preserves the full other original native character slot value
PASS strongest-SYNTHETIC-old-owner · final exact inactive slot preserves the full other original native character slot value
PASS every source/provenance/checkpoint remains frozen
PASS no hidden browser or console errors
{"status": "passed", "completed_earned_stages": 30, "planned_earned_stages": 30, "passed_checks": 6205, "failed_checks": 0}
