TAP version 13
# Subtest: adventure defaults round trip without equipment or story
ok 1 - adventure defaults round trip without equipment or story
  ---
  duration_ms: 2.8397
  type: 'test'
  ...
# Subtest: v4 migration preserves sandbox, composition, notes, appearance without source mutation
ok 2 - v4 migration preserves sandbox, composition, notes, appearance without source mutation
  ---
  duration_ms: 5.1839
  type: 'test'
  ...
# Subtest: realm05 browser key is copied without overwriting previous save
ok 3 - realm05 browser key is copied without overwriting previous save
  ---
  duration_ms: 1.9832
  type: 'test'
  ...
# Subtest: starter supplies require actual workshop proximity
ok 4 - starter supplies require actual workshop proximity
  ---
  duration_ms: 5.5254
  type: 'test'
  ...
# Subtest: starter kit is one claim and equips owned items
ok 5 - starter kit is one claim and equips owned items
  ---
  duration_ms: 0.5335
  type: 'test'
  ...
# Subtest: retry is idempotent while changed terms under same ID are rejected
ok 6 - retry is idempotent while changed terms under same ID are rejected
  ---
  duration_ms: 0.9797
  type: 'test'
  ...
# Subtest: entry requires supplies, repaired crossing, pickaxe and proximity
ok 7 - entry requires supplies, repaired crossing, pickaxe and proximity
  ---
  duration_ms: 0.5793
  type: 'test'
  ...
# Subtest: interior saves retain safe exterior return position
ok 8 - interior saves retain safe exterior return position
  ---
  duration_ms: 0.754
  type: 'test'
  ...
# Subtest: authored entry, fox and encounter positions are walkable
ok 9 - authored entry, fox and encounter positions are walkable
  ---
  duration_ms: 0.2339
  type: 'test'
  ...
# Subtest: outer walls and NaN cannot be walked through
ok 10 - outer walls and NaN cannot be walked through
  ---
  duration_ms: 0.2163
  type: 'test'
  ...
# Subtest: digging checks scene, tool and reach before mutation
ok 11 - digging checks scene, tool and reach before mutation
  ---
  duration_ms: 1.4538
  type: 'test'
  ...
# Subtest: two actual strikes excavate rock and open a path
ok 12 - two actual strikes excavate rock and open a path
  ---
  duration_ms: 7.6954
  type: 'test'
  ...
# Subtest: pick cooldown prevents duplicate immediate strokes
ok 13 - pick cooldown prevents duplicate immediate strokes
  ---
  duration_ms: 5.5821
  type: 'test'
  ...
# Subtest: outer cells refuse excavation
ok 14 - outer cells refuse excavation
  ---
  duration_ms: 0.4515
  type: 'test'
  ...
# Subtest: removed stone cannot pay again
ok 15 - removed stone cannot pay again
  ---
  duration_ms: 3.2302
  type: 'test'
  ...
# Subtest: cold reopening reconstructs excavation but restarts outside
ok 16 - cold reopening reconstructs excavation but restarts outside
  ---
  duration_ms: 2.2449
  type: 'test'
  ...
# Subtest: attacks cannot damage distant targets
ok 17 - attacks cannot damage distant targets
  ---
  duration_ms: 0.4922
  type: 'test'
  ...
# Subtest: line of sight blocks attacks through rock
ok 18 - line of sight blocks attacks through rock
  ---
  duration_ms: 0.3611
  type: 'test'
  ...
# Subtest: melee decreases health, respects cooldown and creates one defeat/cache
ok 19 - melee decreases health, respects cooldown and creates one defeat/cache
  ---
  duration_ms: 3.7302
  type: 'test'
  ...
# Subtest: sweep consumes stamina only once per cooldown
ok 20 - sweep consumes stamina only once per cooldown
  ---
  duration_ms: 0.5087
  type: 'test'
  ...
# Subtest: insufficient stamina refuses without mutation
ok 21 - insufficient stamina refuses without mutation
  ---
  duration_ms: 0.7445
  type: 'test'
  ...
# Subtest: dodge respects cave collision instead of tunneling
ok 22 - dodge respects cave collision instead of tunneling
  ---
  duration_ms: 0.2872
  type: 'test'
  ...
# Subtest: dodge avoidance protects against imminent impact
ok 23 - dodge avoidance protects against imminent impact
  ---
  duration_ms: 2.4653
  type: 'test'
  ...
# Subtest: telegraph hits its declared destination, not a tracking player
ok 24 - telegraph hits its declared destination, not a tracking player
  ---
  duration_ms: 0.6532
  type: 'test'
  ...
# Subtest: failed evasion incurs damage reduced by armor
ok 25 - failed evasion incurs damage reduced by armor
  ---
  duration_ms: 0.5481
  type: 'test'
  ...
# Subtest: pause stops actual timers and combat
ok 26 - pause stops actual timers and combat
  ---
  duration_ms: 1.1184
  type: 'test'
  ...
# Subtest: daylight slider is not a cooldown cheat
ok 27 - daylight slider is not a cooldown cheat
  ---
  duration_ms: 0.3325
  type: 'test'
  ...
# Subtest: healing consumes tonic, caps at maximum and has cooldown
ok 28 - healing consumes tonic, caps at maximum and has cooldown
  ---
  duration_ms: 0.2319
  type: 'test'
  ...
# Subtest: rest requires spring and is not available in combat
ok 29 - rest requires spring and is not available in combat
  ---
  duration_ms: 0.2942
  type: 'test'
  ...
# Subtest: death stops movement and resurrection preserves loot
ok 30 - death stops movement and resurrection preserves loot
  ---
  duration_ms: 0.3389
  type: 'test'
  ...
# Subtest: paused resurrection is possible without resuming time implicitly
ok 31 - paused resurrection is possible without resuming time implicitly
  ---
  duration_ms: 0.2849
  type: 'test'
  ...
# Subtest: living players cannot resurrect for a free teleport
ok 32 - living players cannot resurrect for a free teleport
  ---
  duration_ms: 0.2045
  type: 'test'
  ...
# Subtest: loot is proximity checked and cannot be claimed twice
ok 33 - loot is proximity checked and cannot be claimed twice
  ---
  duration_ms: 0.3011
  type: 'test'
  ...
# Subtest: full pouch rejects atomically and preserves cache
ok 34 - full pouch rejects atomically and preserves cache
  ---
  duration_ms: 0.6812
  type: 'test'
  ...
# Subtest: equipment must be owned and goes into the declared slot
ok 35 - equipment must be owned and goes into the declared slot
  ---
  duration_ms: 0.2077
  type: 'test'
  ...
# Subtest: increased health capacity does not heal on equip
ok 36 - increased health capacity does not heal on equip
  ---
  duration_ms: 0.2023
  type: 'test'
  ...
# Subtest: forge consumes exact inputs once
ok 37 - forge consumes exact inputs once
  ---
  duration_ms: 0.4069
  type: 'test'
  ...
# Subtest: forge outside workbench fails without cost
ok 38 - forge outside workbench fails without cost
  ---
  duration_ms: 0.8592
  type: 'test'
  ...
# Subtest: rescue requires proximity and threat clearance
ok 39 - rescue requires proximity and threat clearance
  ---
  duration_ms: 0.2739
  type: 'test'
  ...
# Subtest: companion naming is bounded data and mode is enumerated
ok 40 - companion naming is bounded data and mode is enumerated
  ---
  duration_ms: 0.2465
  type: 'test'
  ...
# Subtest: Stay retains fox in its scene during active session
ok 41 - Stay retains fox in its scene during active session
  ---
  duration_ms: 0.2673
  type: 'test'
  ...
# Subtest: Follow explicitly recalls across a scene boundary
ok 42 - Follow explicitly recalls across a scene boundary
  ---
  duration_ms: 0.2508
  type: 'test'
  ...
# Subtest: defeated enemies stay defeated on re-entry
ok 43 - defeated enemies stay defeated on re-entry
  ---
  duration_ms: 0.2606
  type: 'test'
  ...
# Subtest: unfinished enemies reset on re-entry; partial health is not a win
ok 44 - unfinished enemies reset on re-entry; partial health is not a win
  ---
  duration_ms: 0.192
  type: 'test'
  ...
# Subtest: relic requires guardian defeat and proximity, with single claim
ok 45 - relic requires guardian defeat and proximity, with single claim
  ---
  duration_ms: 0.2296
  type: 'test'
  ...
# Subtest: envoy requires relic at the spring
ok 46 - envoy requires relic at the spring
  ---
  duration_ms: 0.2076
  type: 'test'
  ...
# Subtest: final choice stays single across command IDs and cold reload
ok 47 - final choice stays single across command IDs and cold reload
  ---
  duration_ms: 0.979
  type: 'test'
  ...
# Subtest: import rejects negative ore
ok 48 - import rejects negative ore
  ---
  duration_ms: 0.1863
  type: 'test'
  ...
# Subtest: import rejects NaN stamina
ok 49 - import rejects NaN stamina
  ---
  duration_ms: 0.0418
  type: 'test'
  ...
# Subtest: import rejects foreign gear
ok 50 - import rejects foreign gear
  ---
  duration_ms: 0.037
  type: 'test'
  ...
# Subtest: import rejects non-owned equip
ok 51 - import rejects non-owned equip
  ---
  duration_ms: 0.0394
  type: 'test'
  ...
# Subtest: import rejects duplicate cells
ok 52 - import rejects duplicate cells
  ---
  duration_ms: 0.0273
  type: 'test'
  ...
# Subtest: import rejects outer excavation
ok 53 - import rejects outer excavation
  ---
  duration_ms: 0.0348
  type: 'test'
  ...
# Subtest: import rejects noncanonical cell
ok 54 - import rejects noncanonical cell
  ---
  duration_ms: 0.0325
  type: 'test'
  ...
# Subtest: import rejects relic without defeat
ok 55 - import rejects relic without defeat
  ---
  duration_ms: 0.0315
  type: 'test'
  ...
# Subtest: import rejects gift without envoy
ok 56 - import rejects gift without envoy
  ---
  duration_ms: 0.0389
  type: 'test'
  ...
# Subtest: import rejects oversized name
ok 57 - import rejects oversized name
  ---
  duration_ms: 0.0407
  type: 'test'
  ...
# Subtest: import rejects duplicate drop
ok 58 - import rejects duplicate drop
  ---
  duration_ms: 0.0371
  type: 'test'
  ...
# Subtest: import rejects impossible chips
ok 59 - import rejects impossible chips
  ---
  duration_ms: 0.0393
  type: 'test'
  ...
# Subtest: import rejects excess health
ok 60 - import rejects excess health
  ---
  duration_ms: 0.0457
  type: 'test'
  ...
# Subtest: import rejects foreign enemy
ok 61 - import rejects foreign enemy
  ---
  duration_ms: 0.0311
  type: 'test'
  ...
# Subtest: import rejects unstarted rescue
ok 62 - import rejects unstarted rescue
  ---
  duration_ms: 0.0311
  type: 'test'
  ...
# Subtest: invalid command envelope cannot mutate persistent state
ok 63 - invalid command envelope cannot mutate persistent state
  ---
  duration_ms: 0.6587
  type: 'test'
  ...
# Subtest: prototype-looking item key safely refuses
ok 64 - prototype-looking item key safely refuses
  ---
  duration_ms: 0.4759
  type: 'test'
  ...
# Subtest: circular command data is safely refused
ok 65 - circular command data is safely refused
  ---
  duration_ms: 0.5098
  type: 'test'
  ...
# Subtest: no private memory or credentials enter save
ok 66 - no private memory or credentials enter save
  ---
  duration_ms: 0.4028
  type: 'test'
  ...
# Subtest: version07 raw save migrates without losing road or creative state
ok 67 - version07 raw save migrates without losing road or creative state
  ---
  duration_ms: 1659.1781
  type: 'test'
  ...
# Subtest: legacy storage key is copied not overwritten
ok 68 - legacy storage key is copied not overwritten
  ---
  duration_ms: 6.2702
  type: 'test'
  ...
# Subtest: fresh arsenal has no free bows gems or medals
ok 69 - fresh arsenal has no free bows gems or medals
  ---
  duration_ms: 0.4047
  type: 'test'
  ...
# Subtest: gem records reject invalid quantities and unknown fields
ok 70 - gem records reject invalid quantities and unknown fields
  ---
  duration_ms: 13.8523
  type: 'test'
  ...
# Subtest: socket validation needs owned weapon and known gem
ok 71 - socket validation needs owned weapon and known gem
  ---
  duration_ms: 3.3591
  type: 'test'
  ...
# Subtest: medal requires bounded completion time and vice versa
ok 72 - medal requires bounded completion time and vice versa
  ---
  duration_ms: 5.513
  type: 'test'
  ...
# Subtest: unstarted record cannot mint loose gems or a medal
ok 73 - unstarted record cannot mint loose gems or a medal
  ---
  duration_ms: 0.4337
  type: 'test'
  ...
# Subtest: craft refuses before supplies, remote bench, paused or unknown recipe
ok 74 - craft refuses before supplies, remote bench, paused or unknown recipe
  ---
  duration_ms: 5.6443
  type: 'test'
  ...
# Subtest: bow recipe consumes exact wood fiber stone and creates a unique item
ok 75 - bow recipe consumes exact wood fiber stone and creates a unique item
  ---
  duration_ms: 1.134
  type: 'test'
  ...
# Subtest: insufficient material on any ingredient causes no partial charge
ok 76 - insufficient material on any ingredient causes no partial charge
  ---
  duration_ms: 3.9888
  type: 'test'
  ...
# Subtest: longbow requires original bow then keeps it and charges exact components
ok 77 - longbow requires original bow then keeps it and charges exact components
  ---
  duration_ms: 1.3124
  type: 'test'
  ...
# Subtest: craft duplicate id never charges twice and changed content is refused
ok 78 - craft duplicate id never charges twice and changed content is refused
  ---
  duration_ms: 2.4987
  type: 'test'
  ...
# Subtest: gem crafting charges correct actual material and currency balances
ok 79 - gem crafting charges correct actual material and currency balances
  ---
  duration_ms: 0.4915
  type: 'test'
  ...
# Subtest: gem capacity, ore and coin refusals are atomic
ok 80 - gem capacity, ore and coin refusals are atomic
  ---
  duration_ms: 1.9919
  type: 'test'
  ...
# Subtest: socket requires actual outdoor workbench and loose gem
ok 81 - socket requires actual outdoor workbench and loose gem
  ---
  duration_ms: 2.8071
  type: 'test'
  ...
# Subtest: fitting replacing reclaiming preserves total gem quantities
ok 82 - fitting replacing reclaiming preserves total gem quantities
  ---
  duration_ms: 0.4995
  type: 'test'
  ...
# Subtest: socket changes stats only for currently equipped weapon
ok 83 - socket changes stats only for currently equipped weapon
  ---
  duration_ms: 0.4992
  type: 'test'
  ...
# Subtest: moonstone raises capacity without healing and removal clamps current HP
ok 84 - moonstone raises capacity without healing and removal clamps current HP
  ---
  duration_ms: 0.4521
  type: 'test'
  ...
# Subtest: socket rejects same setting, wrong slot, foreign weapon, unknown gem
ok 85 - socket rejects same setting, wrong slot, foreign weapon, unknown gem
  ---
  duration_ms: 4.6003
  type: 'test'
  ...
# Subtest: full reclaim pouch prevents swap without consuming new gem
ok 86 - full reclaim pouch prevents swap without consuming new gem
  ---
  duration_ms: 1.9366
  type: 'test'
  ...
# Subtest: socket duplicate cannot charge, reclaim or alter stats twice
ok 87 - socket duplicate cannot charge, reclaim or alter stats twice
  ---
  duration_ms: 1.4269
  type: 'test'
  ...
# Subtest: range entry checks workshop proximity and prepared character
ok 88 - range entry checks workshop proximity and prepared character
  ---
  duration_ms: 2.7098
  type: 'test'
  ...
# Subtest: range collision bounds and pillars affect real walking
ok 89 - range collision bounds and pillars affect real walking
  ---
  duration_ms: 1.0077
  type: 'test'
  ...
# Subtest: range path routes around a pillar, not through it
ok 90 - range path routes around a pillar, not through it
  ---
  duration_ms: 3.5127
  type: 'test'
  ...
# Subtest: range south exit requires proximity and restores workshop position
ok 91 - range south exit requires proximity and restores workshop position
  ---
  duration_ms: 1.4035
  type: 'test'
  ...
# Subtest: save inside court restores outside without unfinished arrows or round
ok 92 - save inside court restores outside without unfinished arrows or round
  ---
  duration_ms: 1.6462
  type: 'test'
  ...
# Subtest: bow provides ranged profile while all previous blades keep their reach
ok 93 - bow provides ranged profile while all previous blades keep their reach
  ---
  duration_ms: 0.4322
  type: 'test'
  ...
# Subtest: bows refuse village shots and blades refuse practice target attacks
ok 94 - bows refuse village shots and blades refuse practice target attacks
  ---
  duration_ms: 2.7986
  type: 'test'
  ...
# Subtest: launch spends exact stamina and damage is delayed until actual travel
ok 95 - launch spends exact stamina and damage is delayed until actual travel
  ---
  duration_ms: 4.9324
  type: 'test'
  ...
# Subtest: cooldown and low stamina refusals do not consume resources
ok 96 - cooldown and low stamina refusals do not consume resources
  ---
  duration_ms: 3.8254
  type: 'test'
  ...
# Subtest: unknown out of range and obstructed targets do not launch
ok 97 - unknown out of range and obstructed targets do not launch
  ---
  duration_ms: 3.1834
  type: 'test'
  ...
# Subtest: arrow direction is fixed and can miss a moving enemy
ok 98 - arrow direction is fixed and can miss a moving enemy
  ---
  duration_ms: 2.0181
  type: 'test'
  ...
# Subtest: damage snapshots the launch gear, not later equipped weapon
ok 99 - damage snapshots the launch gear, not later equipped weapon
  ---
  duration_ms: 0.9856
  type: 'test'
  ...
# Subtest: incoming arrow grants timed enemy awareness at current world time
ok 100 - incoming arrow grants timed enemy awareness at current world time
  ---
  duration_ms: 2.2067
  type: 'test'
  ...
# Subtest: line trace chooses first target regardless of requested target order
ok 101 - line trace chooses first target regardless of requested target order
  ---
  duration_ms: 1.1562
  type: 'test'
  ...
# Subtest: wall precedes targets behind it and already-hit ids are ignored
ok 102 - wall precedes targets behind it and already-hit ids are ignored
  ---
  duration_ms: 0.2748
  type: 'test'
  ...
# Subtest: swept segments catch a target between endpoints
ok 103 - swept segments catch a target between endpoints
  ---
  duration_ms: 0.1624
  type: 'test'
  ...
# Subtest: degenerate and invalid geometry is bounded
ok 104 - degenerate and invalid geometry is bounded
  ---
  duration_ms: 0.7726
  type: 'test'
  ...
# Subtest: projectiles cross road water but not real obstacles
ok 105 - projectiles cross road water but not real obstacles
  ---
  duration_ms: 2.33
  type: 'test'
  ...
# Subtest: mine stone and court pillars stop arrows
ok 106 - mine stone and court pillars stop arrows
  ---
  duration_ms: 0.9196
  type: 'test'
  ...
# Subtest: piercing light can hit at most two bodies and each at most once
ok 107 - piercing light can hit at most two bodies and each at most once
  ---
  duration_ms: 2.0423
  type: 'test'
  ...
# Subtest: ordinary arrow only hits first intervening target
ok 108 - ordinary arrow only hits first intervening target
  ---
  duration_ms: 1.0501
  type: 'test'
  ...
# Subtest: leaving and dying discard transient arrows
ok 109 - leaving and dying discard transient arrows
  ---
  duration_ms: 1.3142
  type: 'test'
  ...
# Subtest: no arrow follows an enemy forever
ok 110 - no arrow follows an enemy forever
  ---
  duration_ms: 2.1785
  type: 'test'
  ...
# Subtest: a fired arrow reaching zero HP creates one ordinary cache and XP result
ok 111 - a fired arrow reaching zero HP creates one ordinary cache and XP result
  ---
  duration_ms: 0.8933
  type: 'test'
  ...
# Subtest: target motion is reproducible and only the sun moves
ok 112 - target motion is reproducible and only the sun moves
  ---
  duration_ms: 0.177
  type: 'test'
  ...
# Subtest: round requires range and bow and cannot restart a running clock
ok 113 - round requires range and bow and cannot restart a running clock
  ---
  duration_ms: 1.9064
  type: 'test'
  ...
# Subtest: practice arrows hit real targets without XP harm defeat or loot
ok 114 - practice arrows hit real targets without XP harm defeat or loot
  ---
  duration_ms: 1.1761
  type: 'test'
  ...
# Subtest: untimed target hits cannot mint a practice reward
ok 115 - untimed target hits cannot mint a practice reward
  ---
  duration_ms: 0.4184
  type: 'test'
  ...
# Subtest: known-answer six hits award one medal five coins one amber
ok 116 - known-answer six hits award one medal five coins one amber
  ---
  duration_ms: 1.3107
  type: 'test'
  ...
# Subtest: repeated completed rounds improve best but never pay again
ok 117 - repeated completed rounds improve best but never pay again
  ---
  duration_ms: 0.6124
  type: 'test'
  ...
# Subtest: longer round preserves faster recorded time
ok 118 - longer round preserves faster recorded time
  ---
  duration_ms: 0.4893
  type: 'test'
  ...
# Subtest: partial hits and timeout have no reward; new round starts empty
ok 119 - partial hits and timeout have no reward; new round starts empty
  ---
  duration_ms: 6.3647
  type: 'test'
  ...
# Subtest: pause freezes timer projectile and moving target
ok 120 - pause freezes timer projectile and moving target
  ---
  duration_ms: 3.1277
  type: 'test'
  ...
# Subtest: daylight adjustment does not advance practice clock
ok 121 - daylight adjustment does not advance practice clock
  ---
  duration_ms: 0.5124
  type: 'test'
  ...
# Subtest: round stop preserves prior medal and clears arrows
ok 122 - round stop preserves prior medal and clears arrows
  ---
  duration_ms: 1.2567
  type: 'test'
  ...
# Subtest: reward overflow does not mark medal or partly pay
ok 123 - reward overflow does not mark medal or partly pay
  ---
  duration_ms: 0.7047
  type: 'test'
  ...
# Subtest: saved medal sockets and health validate in a cold restart
ok 124 - saved medal sockets and health validate in a cold restart
  ---
  duration_ms: 1.3136
  type: 'test'
  ...
# Subtest: equipped amber modifies actual fox damage, unequipped amber does not
ok 125 - equipped amber modifies actual fox damage, unequipped amber does not
  ---
  duration_ms: 1.86
  type: 'test'
  ...
# Subtest: old Core saves add only the empty optional owner; exact schema refuses future and impossible history
ok 126 - old Core saves add only the empty optional owner; exact schema refuses future and impossible history
  ---
  duration_ms: 5.9826
  type: 'test'
  ...
# Subtest: every required descendant depends on the retained observation, not merely the other optional reading
ok 127 - every required descendant depends on the retained observation, not merely the other optional reading
  ---
  duration_ms: 7.5382
  type: 'test'
  ...
# Subtest: acceptance checks real character, chart, owner and revision; refused candidate is never adopted
ok 128 - acceptance checks real character, chart, owner and revision; refused candidate is never adopted
  ---
  duration_ms: 3.4463
  type: 'test'
  ...
# Subtest: saving cannot adopt into a replaced character, changed owner or reentrant state
ok 129 - saving cannot adopt into a replaced character, changed owner or reentrant state
  ---
  duration_ms: 2.673
  type: 'test'
  ...
# Subtest: depth and medium are physical; an obstructed nearby control cannot be worked through a wall
ok 130 - depth and medium are physical; an obstructed nearby control cannot be worked through a wall
  ---
  duration_ms: 0.926
  type: 'test'
  ...
# Subtest: first approach is deliberate and retained; wrong or premature pressure has no loss or progress
ok 131 - first approach is deliberate and retained; wrong or premature pressure has no loss or progress
  ---
  duration_ms: 4.4943
  type: 'test'
  ...
# Subtest: all 24 authored branches use actual commands, actual damage, sequential releases and a separate one-time fee
ok 132 - all 24 authored branches use actual commands, actual damage, sequential releases and a separate one-time fee
  ---
  duration_ms: 154.8031
  type: 'test'
  ...
# Subtest: whole fee capacity includes crystal; stored XP cap never blocks full fixed materials or refills a character
ok 133 - whole fee capacity includes crystal; stored XP cap never blocks full fixed materials or refills a character
  ---
  duration_ms: 5.2858
  type: 'test'
  ...
# Subtest: revision and event limits refuse without consuming fees or trimming prior history
ok 134 - revision and event limits refuse without consuming fees or trimming prior history
  ---
  duration_ms: 2.2515
  type: 'test'
  ...
# Subtest: stored early XP one through five earns only the fixed fee and never resets equipment or health at a level boundary
ok 135 - stored early XP one through five earns only the fixed fee and never resets equipment or health at a level boundary
  ---
  duration_ms: 3.8213
  type: 'test'
  ...
# Subtest: read-only accepted witnesses have stable ownership and saved outlet controls Damar’s actual presence
ok 136 - read-only accepted witnesses have stable ownership and saved outlet controls Damar’s actual presence
  ---
  duration_ms: 1.5909
  type: 'test'
  ...
# Subtest: real owned moving Custodian can take ordinary damage in all live phases; copies and false origins cannot
ok 137 - real owned moving Custodian can take ordinary damage in all live phases; copies and false origins cannot
  ---
  duration_ms: 0.5597
  type: 'test'
  ...
# Subtest: real lethal damage saves bearing once, refuses to HP one, and never invokes legacy loot
ok 138 - real lethal damage saves bearing once, refuses to HP one, and never invokes legacy loot
  ---
  duration_ms: 1.4104
  type: 'test'
  ...
# Subtest: an invalid character envelope refuses real exhaustion without leaving an unstored zero-HP owner
ok 139 - an invalid character envelope refuses real exhaustion without leaving an unstored zero-HP owner
  ---
  duration_ms: 0.4962
  type: 'test'
  ...
# Subtest: actual bow projectile can hit an ordinary windup and resolve only the campaign bearing
ok 140 - actual bow projectile can hit an ordinary windup and resolve only the campaign bearing
  ---
  duration_ms: 2.1344
  type: 'test'
  ...
# Subtest: real bow-distance AI selects its declared intake while the Custodian remains anchored and retreat stays out of reach
ok 141 - real bow-distance AI selects its declared intake while the Custodian remains anchored and retreat stays out of reach
  ---
  duration_ms: 9.42
  type: 'test'
  ...
# Subtest: two immutable locked patterns cycle with fixed timing and cannot follow a moved traveler or use a copied frame
ok 142 - two immutable locked patterns cycle with fixed timing and cannot follow a moved traveler or use a copied frame
  ---
  duration_ms: 0.7116
  type: 'test'
  ...
# Subtest: independent closest-shape oracle checks sector edge and rounded intake corners across directions
ok 143 - independent closest-shape oracle checks sector edge and rounded intake corners across directions
  ---
  duration_ms: 12.1294
  type: 'test'
  ...
# Subtest: anchored intake meets canonical visible service cover without moving the machine
ok 144 - anchored intake meets canonical visible service cover without moving the machine
  ---
  duration_ms: 3.6573
  type: 'test'
  ...
# Subtest: locked intake clips the whole supported lane at real quay edges and opaque cover, not merely its centerline
ok 145 - locked intake clips the whole supported lane at real quay edges and opaque cover, not merely its centerline
  ---
  duration_ms: 4.3608
  type: 'test'
  ...
# Subtest: pull requires exact real intake ownership/time/contact and preserves depth, yaw, HP and durable ledgers
ok 146 - pull requires exact real intake ownership/time/contact and preserves depth, yaw, HP and durable ledgers
  ---
  duration_ms: 2.7237
  type: 'test'
  ...
# Subtest: ordinary simulation time applies the final intake fraction once, then recovery; locked escape avoids contact
ok 147 - ordinary simulation time applies the final intake fraction once, then recovery; locked escape avoids contact
  ---
  duration_ms: 1.1903
  type: 'test'
  ...
# Subtest: real shallow current retains y and uses supported small motion; quiet depths, court, pause and refusal do not drift
ok 148 - real shallow current retains y and uses supported small motion; quiet depths, court, pause and refusal do not drift
  ---
  duration_ms: 1.4328
  type: 'test'
  ...
# Subtest: saved manual bypass survives reload without erasing required pressure stages or charging another fee
ok 149 - saved manual bypass survives reload without erasing required pressure stages or charging another fee
  ---
  duration_ms: 0.6533
  type: 'test'
  ...
# Subtest: pure art projects only accepted physical-room facts and creates no rule actor or reward
ok 150 - pure art projects only accepted physical-room facts and creates no rule actor or reward
  ---
  duration_ms: 11.8881
  type: 'test'
  ...
# Subtest: all static transformed vertices use the real dry support or gallery medium, avoid opaque solids and stay finite
ok 151 - all static transformed vertices use the real dry support or gallery medium, avoid opaque solids and stay finite
  ---
  duration_ms: 99.7033
  type: 'test'
  ...
# publish: 100 static instances, 1516 triangles
# limited: 96 static instances, 1468 triangles
# license: 96 static instances, 1460 triangles
# Subtest: real full swimmer bodies remain clear beside wet and court fittings at each physical anchor
ok 152 - real full swimmer bodies remain clear beside wet and court fittings at each physical anchor
  ---
  duration_ms: 36.0348
  type: 'test'
  ...
# Subtest: depth markings retain both observations, chosen required reading and only each recorded pressure setting
ok 153 - depth markings retain both observations, chosen required reading and only each recorded pressure setting
  ---
  duration_ms: 1.531
  type: 'test'
  ...
# Subtest: current bands stay within their actual complete bounds and direction marks read only the owner status
ok 154 - current bands stay within their actual complete bounds and direction marks read only the owner status
  ---
  duration_ms: 3.298
  type: 'test'
  ...
# Subtest: saved dispositions have distinct municipal fittings while keeping both complete receipts visible
ok 155 - saved dispositions have distinct municipal fittings while keeping both complete receipts visible
  ---
  duration_ms: 2.8251
  type: 'test'
  ...
# Subtest: the squat whole Custodian is grounded inside its real radius at every actor yaw and all live phases
ok 156 - the squat whole Custodian is grounded inside its real radius at every actor yaw and all live phases
  ---
  duration_ms: 248.9531
  type: 'test'
  ...
# Subtest: Custodian projection rejects copied, foreign, unstored exhausted, underwater and resolved actors
ok 157 - Custodian projection rejects copied, foreign, unstored exhausted, underwater and resolved actors
  ---
  duration_ms: 4.3225
  type: 'test'
  ...
# Subtest: paired sweep strokes project the immutable actual sector, including tiny supplied radius frames
ok 158 - paired sweep strokes project the immutable actual sector, including tiny supplied radius frames
  ---
  duration_ms: 211.4372
  type: 'test'
  ...
# Subtest: paired intake strokes never exceed actual clipped length or width, even at very short cover clips
ok 159 - paired intake strokes never exceed actual clipped length or width, even at very short cover clips
  ---
  duration_ms: 93.1149
  type: 'test'
  ...
# Subtest: warning pose follows the fixed strike rather than actor/player movement; zero or inactive lanes emit nothing
ok 160 - warning pose follows the fixed strike rather than actor/player movement; zero or inactive lanes emit nothing
  ---
  duration_ms: 1.8723
  type: 'test'
  ...
# Subtest: support-clipped south intake and real opaque-bollard clip use only their supplied frame
ok 161 - support-clipped south intake and real opaque-bollard clip use only their supplied frame
  ---
  duration_ms: 7.8174
  type: 'test'
  ...
# Subtest: exact owned Ilyra and Damar actors appear at their accepted facts, are grounded and never clone existing locals
ok 162 - exact owned Ilyra and Damar actors appear at their accepted facts, are grounded and never clone existing locals
  ---
  duration_ms: 85.5808
  type: 'test'
  ...
# Subtest: pause, reduced motion and arbitrary wall time preserve quiet deterministic fittings and locked frames
ok 163 - pause, reduced motion and arbitrary wall time preserve quiet deterministic fittings and locked frames
  ---
  duration_ms: 4.2376
  type: 'test'
  ...
# Subtest: combined fixtures, owned witnesses and worst warning stay within the bounded presentation budget
ok 164 - combined fixtures, owned witnesses and worst warning stay within the bounded presentation budget
  ---
  duration_ms: 2.4247
  type: 'test'
  ...
# 180 combined instances, 3408 triangles
# Subtest: journal, map, route labels and terms are read-pure and explicit acceptance needs the old claimed chart
ok 165 - journal, map, route labels and terms are read-pure and explicit acceptance needs the old claimed chart
  ---
  duration_ms: 2.5111
  type: 'test'
  ...
# Subtest: wet map labels are depth-reading controls; dry walk uses the existing supported approach without work
ok 166 - wet map labels are depth-reading controls; dry walk uses the existing supported approach without work
  ---
  duration_ms: 2.1135
  type: 'test'
  ...
# Subtest: gallery controls expose the existing physical dive handler and honest E-at-landing exit, with no new exit action
ok 167 - gallery controls expose the existing physical dive handler and honest E-at-landing exit, with no new exit action
  ---
  duration_ms: 1.1934
  type: 'test'
  ...
# Subtest: production medium and feet depth reject overhead or wrong-depth actions; real wet and court anchors expose controls
ok 168 - production medium and feet depth reject overhead or wrong-depth actions; real wet and court anchors expose controls
  ---
  duration_ms: 3.4601
  type: 'test'
  ...
# Subtest: pressure controls use exact catalogue tokens and sequential availability; no remote or combat-completion dispatch
ok 169 - pressure controls use exact catalogue tokens and sequential availability; no remote or combat-completion dispatch
  ---
  duration_ms: 5.8505
  type: 'test'
  ...
# Subtest: retained approaches use explicit preview, cancel and owner-bound confirmation without read or preview credit
ok 170 - retained approaches use explicit preview, cancel and owner-bound confirmation without read or preview credit
  ---
  duration_ms: 3.49
  type: 'test'
  ...
# Subtest: each disposition confirms once through the current physical owner, quotes recognition only after verification and pays separately
ok 171 - each disposition confirms once through the current physical owner, quotes recognition only after verification and pays separately
  ---
  duration_ms: 4.6947
  type: 'test'
  ...
# Subtest: every stale traveller, revision, medium, depth, position or page fence refuses mutation and stale confirmation
ok 172 - every stale traveller, revision, medium, depth, position or page fence refuses mutation and stale confirmation
  ---
  duration_ms: 9.1882
  type: 'test'
  ...
# Subtest: context, tracker and route reads never record work or courier arrival and retain all old save fields
ok 173 - context, tracker and route reads never record work or courier arrival and retain all old save fields
  ---
  duration_ms: 1.2666
  type: 'test'
  ...
# Subtest: tracker prioritizes the retained required reading and mandatory repair over available optional work
ok 174 - tracker prioritizes the retained required reading and mandatory repair over available optional work
  ---
  duration_ms: 1.5571
  type: 'test'
  ...
# Subtest: Atlantis catalogue: immutable exact imports grant no progress, actor, support or old-owner change
ok 175 - Atlantis catalogue: immutable exact imports grant no progress, actor, support or old-owner change
  ---
  duration_ms: 3.4416
  type: 'test'
  ...
# Subtest: Atlantis entry and witnesses: existing chart and giver stay distinct; new accepted witnesses do not duplicate residents
ok 176 - Atlantis entry and witnesses: existing chart and giver stay distinct; new accepted witnesses do not duplicate residents
  ---
  duration_ms: 44.2428
  type: 'test'
  ...
# Subtest: Atlantis graph: named pressure order, retained approach and real exhaustion guard all mandatory edges
ok 177 - Atlantis graph: named pressure order, retained approach and real exhaustion guard all mandatory edges
  ---
  duration_ms: 0.6309
  type: 'test'
  ...
# Subtest: Atlantis branches: exhaustive authored fact sets cover both approaches, optional evidence/bypass and every disposition
ok 178 - Atlantis branches: exhaustive authored fact sets cover both approaches, optional evidence/bypass and every disposition
  ---
  duration_ms: 1.7309
  type: 'test'
  ...
# Subtest: Atlantis dry geography: every dry action and declared waiting witness has a full supported home path
ok 179 - Atlantis dry geography: every dry action and declared waiting witness has a full supported home path
  ---
  duration_ms: 447.374
  type: 'test'
  ...
# Subtest: Atlantis wet geography: exact depth/medium actions connect through the existing whole-body gallery route
ok 180 - Atlantis wet geography: exact depth/medium actions connect through the existing whole-body gallery route
  ---
  duration_ms: 4.5193
  type: 'test'
  ...
# Subtest: Atlantis current: marked shallow region is entirely water; lower reading, manual bypass and air court remain outside
ok 181 - Atlantis current: marked shallow region is entirely water; lower reading, manual bypass and air court remain outside
  ---
  duration_ms: 0.6225
  type: 'test'
  ...
# Subtest: Atlantis encounter: grounded sweep fits; intake exposes the real south-edge clipping requirement
ok 182 - Atlantis encounter: grounded sweep fits; intake exposes the real south-edge clipping requirement
  ---
  duration_ms: 4.5491
  type: 'test'
  ...
# Subtest: Atlantis fee and dispositions: fixed complete payload contributes to actual recipes and keeps recognition local
ok 183 - Atlantis fee and dispositions: fixed complete payload contributes to actual recipes and keeps recognition local
  ---
  duration_ms: 0.5091
  type: 'test'
  ...
# Subtest: Realm08 world migrates to current schema without changing supported content
ok 184 - Realm08 world migrates to current schema without changing supported content
  ---
  duration_ms: 776.0835
  type: 'test'
  ...
# Subtest: fresh beacon contains no earned alignment or free story completion
ok 185 - fresh beacon contains no earned alignment or free story completion
  ---
  duration_ms: 0.3681
  type: 'test'
  ...
# Subtest: beacon import rejects version
ok 186 - beacon import rejects version
  ---
  duration_ms: 0.6927
  type: 'test'
  ...
# Subtest: beacon import rejects missingSoul
ok 187 - beacon import rejects missingSoul
  ---
  duration_ms: 0.4948
  type: 'test'
  ...
# Subtest: beacon import rejects badStatus
ok 188 - beacon import rejects badStatus
  ---
  duration_ms: 0.4761
  type: 'test'
  ...
# Subtest: beacon import rejects badCounts
ok 189 - beacon import rejects badCounts
  ---
  duration_ms: 0.3688
  type: 'test'
  ...
# Subtest: beacon import rejects unknownRoute
ok 190 - beacon import rejects unknownRoute
  ---
  duration_ms: 0.2359
  type: 'test'
  ...
# Subtest: beacon import rejects unearnedCompletion
ok 191 - beacon import rejects unearnedCompletion
  ---
  duration_ms: 0.2298
  type: 'test'
  ...
# Subtest: beacon import rejects rewardEarly
ok 192 - beacon import rejects rewardEarly
  ---
  duration_ms: 0.2966
  type: 'test'
  ...
# Subtest: beacon import rejects graceEarly
ok 193 - beacon import rejects graceEarly
  ---
  duration_ms: 0.3403
  type: 'test'
  ...
# Subtest: beacon import rejects negativeRadiance
ok 194 - beacon import rejects negativeRadiance
  ---
  duration_ms: 1.1769
  type: 'test'
  ...
# Subtest: beacon import rejects corruptionNoHistory
ok 195 - beacon import rejects corruptionNoHistory
  ---
  duration_ms: 0.2371
  type: 'test'
  ...
# Subtest: beacon import rejects falsePower
ok 196 - beacon import rejects falsePower
  ---
  duration_ms: 0.1769
  type: 'test'
  ...
# Subtest: beacon import rejects fakeScar
ok 197 - beacon import rejects fakeScar
  ---
  duration_ms: 0.1524
  type: 'test'
  ...
# Subtest: beacon import rejects duplicatedScars
ok 198 - beacon import rejects duplicatedScars
  ---
  duration_ms: 0.1812
  type: 'test'
  ...
# Subtest: beacon import rejects unearnedRelic
ok 199 - beacon import rejects unearnedRelic
  ---
  duration_ms: 0.1634
  type: 'test'
  ...
# Subtest: beacon import rejects nonintegerAttempts
ok 200 - beacon import rejects nonintegerAttempts
  ---
  duration_ms: 0.1502
  type: 'test'
  ...
# Subtest: beacon opening requires story and physical scene
ok 201 - beacon opening requires story and physical scene
  ---
  duration_ms: 18.1034
  type: 'test'
  ...
# Subtest: answer at beacon settles an unreported chapter II exactly once
ok 202 - answer at beacon settles an unreported chapter II exactly once
  ---
  duration_ms: 5.9026
  type: 'test'
  ...
# Subtest: arrival has three actual valid paths and does not start combat automatically
ok 203 - arrival has three actual valid paths and does not start combat automatically
  ---
  duration_ms: 9.7956
  type: 'test'
  ...
# Subtest: cannot accept Grace or start battle during the descent
ok 204 - cannot accept Grace or start battle during the descent
  ---
  duration_ms: 5.5774
  type: 'test'
  ...
# Subtest: Grace is optional and a deliberate single claim
ok 205 - Grace is optional and a deliberate single claim
  ---
  duration_ms: 8.9703
  type: 'test'
  ...
# Subtest: first defense can start without accepting a Grace
ok 206 - first defense can start without accepting a Grace
  ---
  duration_ms: 7.6042
  type: 'test'
  ...
# Subtest: new events never insert their IDs into ordinary defeat or cache persistence
ok 207 - new events never insert their IDs into ordinary defeat or cache persistence
  ---
  duration_ms: 6.0711
  type: 'test'
  ...
# Subtest: complete waves opens exactly one reward, replaying request cannot double pay
ok 208 - complete waves opens exactly one reward, replaying request cannot double pay
  ---
  duration_ms: 68.3012
  type: 'test'
  ...
# Subtest: full pouch refuses defense reward atomically
ok 209 - full pouch refuses defense reward atomically
  ---
  duration_ms: 116.3136
  type: 'test'
  ...
# Subtest: ordinary failure is recoverable and protects completed content
ok 210 - ordinary failure is recoverable and protects completed content
  ---
  duration_ms: 9.0694
  type: 'test'
  ...
# Subtest: withdrawal loses the encounter but a reload does not invent a win
ok 211 - withdrawal loses the encounter but a reload does not invent a win
  ---
  duration_ms: 6.0819
  type: 'test'
  ...
# Subtest: pause stops arrival movement, enemy windups, ward and timers
ok 212 - pause stops arrival movement, enemy windups, ward and timers
  ---
  duration_ms: 8.8124
  type: 'test'
  ...
# Subtest: repair spends actual stamina, obeys position cooldown and maximum
ok 213 - repair spends actual stamina, obeys position cooldown and maximum
  ---
  duration_ms: 15.0354
  type: 'test'
  ...
# Subtest: Oren repairs, Mara reveals and Ilan replenishes stamina on active schedules
ok 214 - Oren repairs, Mara reveals and Ilan replenishes stamina on active schedules
  ---
  duration_ms: 4.5364
  type: 'test'
  ...
# Subtest: passive presence is not a guaranteed defense win
ok 215 - passive presence is not a guaranteed defense win
  ---
  duration_ms: 54.597
  type: 'test'
  ...
# Subtest: attempt cap refuses before healing or spending resources
ok 216 - attempt cap refuses before healing or spending resources
  ---
  duration_ms: 6.2896
  type: 'test'
  ...
# Subtest: cinder is an explicit exclusive choice and acceptance does not corrupt
ok 217 - cinder is an explicit exclusive choice and acceptance does not corrupt
  ---
  duration_ms: 48.1502
  type: 'test'
  ...
# Subtest: sealing a cinder imposes neither power nor corruption
ok 218 - sealing a cinder imposes neither power nor corruption
  ---
  duration_ms: 49.813
  type: 'test'
  ...
# Subtest: replay rewards and failures cannot damage a completed chapter
ok 219 - replay rewards and failures cannot damage a completed chapter
  ---
  duration_ms: 46.1851
  type: 'test'
  ...
# Subtest: future route records do not teleport or unlock nonexistent geography
ok 220 - future route records do not teleport or unlock nonexistent geography
  ---
  duration_ms: 49.7439
  type: 'test'
  ...
# Subtest: target cycling is nearest-first, reversible and never starts attacking
ok 221 - target cycling is nearest-first, reversible and never starts attacking
  ---
  duration_ms: 1.9563
  type: 'test'
  ...
# Subtest: hidden dead and very distant targets are not selectable
ok 222 - hidden dead and very distant targets are not selectable
  ---
  duration_ms: 4.6257
  type: 'test'
  ...
# Subtest: autoattack repeatedly uses real cooldowns without moving the player
ok 223 - autoattack repeatedly uses real cooldowns without moving the player
  ---
  duration_ms: 2.197
  type: 'test'
  ...
# Subtest: out of range autoattack waits rather than walking or spending stamina
ok 224 - out of range autoattack waits rather than walking or spending stamina
  ---
  duration_ms: 1.8381
  type: 'test'
  ...
# Subtest: selected target death stops autoattack instead of pulling a new foe
ok 225 - selected target death stops autoattack instead of pulling a new foe
  ---
  duration_ms: 1.4056
  type: 'test'
  ...
# Subtest: clear target, scene changes and restart never retain autoattack
ok 226 - clear target, scene changes and restart never retain autoattack
  ---
  duration_ms: 1.8959
  type: 'test'
  ...
# Subtest: Brace halves guarded damage for its actual timed window
ok 227 - Brace halves guarded damage for its actual timed window
  ---
  duration_ms: 3.0651
  type: 'test'
  ...
# Subtest: Brace refuses insufficient stamina without charging a cooldown
ok 228 - Brace refuses insufficient stamina without charging a cooldown
  ---
  duration_ms: 2.2645
  type: 'test'
  ...
# Subtest: Briar reveals a cloaked foe, exposes and interrupts a locked windup
ok 229 - Briar reveals a cloaked foe, exposes and interrupts a locked windup
  ---
  duration_ms: 2.779
  type: 'test'
  ...
# Subtest: Briar Stay prevents the companion skill
ok 230 - Briar Stay prevents the companion skill
  ---
  duration_ms: 2.2232
  type: 'test'
  ...
# Subtest: Aegis is a finite barrier, not immortality, and needs accepted Grace
ok 231 - Aegis is a finite barrier, not immortality, and needs accepted Grace
  ---
  duration_ms: 7.1996
  type: 'test'
  ...
# Subtest: Cinder health cost is nonlethal and its scar is persistent but not repeated
ok 232 - Cinder health cost is nonlethal and its scar is persistent but not repeated
  ---
  duration_ms: 51.3515
  type: 'test'
  ...
# Subtest: renouncing the cinder removes power and present corruption, not its history
ok 233 - renouncing the cinder removes power and present corruption, not its history
  ---
  duration_ms: 47.0946
  type: 'test'
  ...
# Subtest: choice switching never grants damage by itself or silently starts PvP
ok 234 - choice switching never grants damage by itself or silently starts PvP
  ---
  duration_ms: 3.2517
  type: 'test'
  ...
# Subtest: mutation receipts protect identical retries and reject changed choices
ok 235 - mutation receipts protect identical retries and reject changed choices
  ---
  duration_ms: 6.7375
  type: 'test'
  ...
# Subtest: first target selected after a scene change survives the next tick
ok 236 - first target selected after a scene change survives the next tick
  ---
  duration_ms: 2.8138
  type: 'test'
  ...
# Subtest: rail eligibility preserves every reviewed bridge transform, color and mesh
ok 237 - rail eligibility preserves every reviewed bridge transform, color and mesh
  ---
  duration_ms: 4.3517
  type: 'test'
  ...
# Subtest: rail visibility uniform resets per batch and remains off in reflection, other realms and off-span
ok 238 - rail visibility uniform resets per batch and remains off in reflection, other realms and off-span
  ---
  duration_ms: 0.8058
  type: 'test'
  ...
# Subtest: bridge floor is a continuous narrow supported corridor; flanking water rejects movement and picking
ok 239 - bridge floor is a continuous narrow supported corridor; flanking water rejects movement and picking
  ---
  duration_ms: 166.0012
  type: 'test'
  ...
# Subtest: fresh and returning movement crosses both banks and retains canonical ownership
ok 240 - fresh and returning movement crosses both banks and retains canonical ownership
  ---
  duration_ms: 24.2789
  type: 'test'
  ...
# Subtest: bridge pieces respect finite budgets, floor, open rails and per-pier water contact
ok 241 - bridge pieces respect finite budgets, floor, open rails and per-pier water contact
  ---
  duration_ms: 0.6787
  type: 'test'
  ...
# Subtest: vault is actual finite open elliptic geometry, not a filled box or floating ring
ok 242 - vault is actual finite open elliptic geometry, not a filled box or floating ring
  ---
  duration_ms: 0.9271
  type: 'test'
  ...
# Subtest: Earth submits the bridge instead of terrain columns inside its water span
ok 243 - Earth submits the bridge instead of terrain columns inside its water span
  ---
  duration_ms: 10.0222
  type: 'test'
  ...
# Subtest: asymmetric mountain mesh is bounded finite original ground rather than cone peaks
ok 244 - asymmetric mountain mesh is bounded finite original ground rather than cone peaks
  ---
  duration_ms: 1.4697
  type: 'test'
  ...
# Subtest: world cloud basis preserves the exact reflected VP horizontal handedness in both cameras
ok 245 - world cloud basis preserves the exact reflected VP horizontal handedness in both cameras
  ---
  duration_ms: 0.4009
  type: 'test'
  ...
# Subtest: rock skirt has outward finite faces, a straight upper seam and submerged irregular lower edge
ok 246 - rock skirt has outward finite faces, a straight upper seam and submerged irregular lower edge
  ---
  duration_ms: 0.5608
  type: 'test'
  ...
# Subtest: actual shoreline world triangles leave vaults and supported walking floor clear without fake flat ground
ok 247 - actual shoreline world triangles leave vaults and supported walking floor clear without fake flat ground
  ---
  duration_ms: 11.4689
  type: 'test'
  ...
# Subtest: mountain spacing leaves three receding layers and fits the existing scenery budget
ok 248 - mountain spacing leaves three receding layers and fits the existing scenery budget
  ---
  duration_ms: 0.3015
  type: 'test'
  ...
# Subtest: old world migrates empty bridge work without changing old fields
ok 249 - old world migrates empty bridge work without changing old fields
  ---
  duration_ms: 8.4223
  type: 'test'
  ...
# Subtest: future/null/impossible bridge records refuse instead of discarding history
ok 250 - future/null/impossible bridge records refuse instead of discarding history
  ---
  duration_ms: 0.3061
  type: 'test'
  ...
# Subtest: acceptance checks kit/proximity and synchronous durability without mutations
ok 251 - acceptance checks kit/proximity and synchronous durability without mutations
  ---
  duration_ms: 15.1217
  type: 'test'
  ...
# Subtest: shelter completed unpaid work is atomic, retryable and paid exactly once
ok 252 - shelter completed unpaid work is atomic, retryable and paid exactly once
  ---
  duration_ms: 10.2445
  type: 'test'
  ...
# Subtest: river-lookout completed unpaid work is atomic, retryable and paid exactly once
ok 253 - river-lookout completed unpaid work is atomic, retryable and paid exactly once
  ---
  duration_ms: 7.9289
  type: 'test'
  ...
# Subtest: work anchors and the living worker remain on full-body supported ground
ok 254 - work anchors and the living worker remain on full-body supported ground
  ---
  duration_ms: 10.5655
  type: 'test'
  ...
# Subtest: claimed community work teaches a single deliberate home board
ok 255 - claimed community work teaches a single deliberate home board
  ---
  duration_ms: 4.5464
  type: 'test'
  ...
# Subtest: blocked-side work, stale requests and unavailable characters preserve every byte and write
ok 256 - blocked-side work, stale requests and unavailable characters preserve every byte and write
  ---
  duration_ms: 4.87
  type: 'test'
  ...
# Subtest: fitted fixtures, worker and record are read-only, seated and grounded
ok 257 - fitted fixtures, worker and record are read-only, seated and grounded
  ---
  duration_ms: 10.1127
  type: 'test'
  ...
# Subtest: working stop differs from resting stop and the supported actor loop freezes while paused
ok 258 - working stop differs from resting stop and the supported actor loop freezes while paused
  ---
  duration_ms: 41.0817
  type: 'test'
  ...
# Subtest: global/CommonJS expose only a frozen pure planner
ok 259 - global/CommonJS expose only a frozen pure planner
  ---
  duration_ms: 1.8963
  type: 'test'
  ...
# Subtest: actual Hearthwater and Coastward midpoint plans retain the existing adventure framing
ok 260 - actual Hearthwater and Coastward midpoint plans retain the existing adventure framing
  ---
  duration_ms: 0.4853
  type: 'test'
  ...
# Subtest: all actual diorama styles retain half nine and relative zoom without switching preset or FOV
ok 261 - all actual diorama styles retain half nine and relative zoom without switching preset or FOV
  ---
  duration_ms: 0.6419
  type: 'test'
  ...
# Subtest: canonical bank joins remain frameable at each actual deck end
ok 262 - canonical bank joins remain frameable at each actual deck end
  ---
  duration_ms: 0.1859
  type: 'test'
  ...
# Subtest: supported ground just beyond each deck refuses framing rather than extending bridge identity
ok 263 - supported ground just beyond each deck refuses framing rather than extending bridge identity
  ---
  duration_ms: 0.3841
  type: 'test'
  ...
# Subtest: Hearthwater physical foot support rejects the visible-deck fringe and retains valid inner edge
ok 264 - Hearthwater physical foot support rejects the visible-deck fringe and retains valid inner edge
  ---
  duration_ms: 0.1921
  type: 'test'
  ...
# Subtest: Coastward framing obeys actual full-actor rail exclusion even inside the supported patch
ok 265 - Coastward framing obeys actual full-actor rail exclusion even inside the supported patch
  ---
  duration_ms: 0.2734
  type: 'test'
  ...
# Subtest: actual supported off-bridge work and roads refuse without any planned camera fields
ok 266 - actual supported off-bridge work and roads refuse without any planned camera fields
  ---
  duration_ms: 0.1863
  type: 'test'
  ...
# Subtest: synthetic malformed input/presets/diving/base widths refuse with fresh readable results
ok 267 - synthetic malformed input/presets/diving/base widths refuse with fresh readable results
  ---
  duration_ms: 0.2607
  type: 'test'
  ...
# Subtest: plans ignore health and extra authority objects, preserve frozen inputs and return fresh views
ok 268 - plans ignore health and extra authority objects, preserve frozen inputs and return fresh views
  ---
  duration_ms: 0.3202
  type: 'test'
  ...
# Subtest: synthetic missing/malformed canonical data refuse safely before exposing a view
ok 269 - synthetic missing/malformed canonical data refuse safely before exposing a view
  ---
  duration_ms: 2.1184
  type: 'test'
  ...
# Subtest: per-view preferences roundtrip without changing progression or creative content
ok 270 - per-view preferences roundtrip without changing progression or creative content
  ---
  duration_ms: 5.1979
  type: 'test'
  ...
# Subtest: old camera preferences acquire empty view memory and keep their selected mode
ok 271 - old camera preferences acquire empty view memory and keep their selected mode
  ---
  duration_ms: 0.9227
  type: 'test'
  ...
# Subtest: invalid optional view profiles cannot inject nonfinite camera state or discard valid peers
ok 272 - invalid optional view profiles cannot inject nonfinite camera state or discard valid peers
  ---
  duration_ms: 0.7133
  type: 'test'
  ...
# Subtest: unknown view-memory versions fall back while keeping ordinary settings and saves
ok 273 - unknown view-memory versions fall back while keeping ordinary settings and saves
  ---
  duration_ms: 0.8003
  type: 'test'
  ...
# Subtest: perspective has depth and the requested vertical field of view
ok 274 - perspective has depth and the requested vertical field of view
  ---
  duration_ms: 0.5867
  type: 'test'
  ...
# Subtest: production picking inverts ground projection across orbit, FOV and aspect
ok 275 - production picking inverts ground projection across orbit, FOV and aspect
  ---
  duration_ms: 1.9212
  type: 'test'
  ...
# Subtest: perspective sky and behind-camera points never become movement destinations
ok 276 - perspective sky and behind-camera points never become movement destinations
  ---
  duration_ms: 0.1668
  type: 'test'
  ...
# Subtest: obstruction sweep pulls in before a wall, ignores a clear ray and handles a grazing near plane
ok 277 - obstruction sweep pulls in before a wall, ignores a clear ray and handles a grazing near plane
  ---
  duration_ms: 0.2336
  type: 'test'
  ...
# Subtest: perspective water reflection retains contact UV and actual world mirror
ok 278 - perspective water reflection retains contact UV and actual world mirror
  ---
  duration_ms: 0.1492
  type: 'test'
  ...
# Subtest: presentation preferences roundtrip without modifying old progression or creative state
ok 279 - presentation preferences roundtrip without modifying old progression or creative state
  ---
  duration_ms: 7.1389
  type: 'test'
  ...
# Subtest: clearance bounds preserve rotated wall extents and explicitly exclude foliage and low ground
ok 280 - clearance bounds preserve rotated wall extents and explicitly exclude foliage and low ground
  ---
  duration_ms: 0.2968
  type: 'test'
  ...
# Subtest: clearance sees opted-in dynamic construction and keeps actor batches out
ok 281 - clearance sees opted-in dynamic construction and keeps actor batches out
  ---
  duration_ms: 0.2254
  type: 'test'
  ...
# Subtest: explicit realm walls keep camera clearance below the legacy floor cutoff
ok 282 - explicit realm walls keep camera clearance below the legacy floor cutoff
  ---
  duration_ms: 0.1635
  type: 'test'
  ...
# Subtest: recorder flight snapshots cannot acquire a later live arrow contact
ok 283 - recorder flight snapshots cannot acquire a later live arrow contact
  ---
  duration_ms: 1510.5083
  type: 'test'
  ...
# Subtest: legacy load leaves every stored byte untouched until explicit character creation
ok 284 - legacy load leaves every stored byte untouched until explicit character creation
  ---
  duration_ms: 8.0543
  type: 'test'
  ...
# Subtest: switching saves outgoing state and restores complete independent characters
ok 285 - switching saves outgoing state and restores complete independent characters
  ---
  duration_ms: 3.1496
  type: 'test'
  ...
# Subtest: quota failures never switch identity, spend state, or create partial slots
ok 286 - quota failures never switch identity, spend state, or create partial slots
  ---
  duration_ms: 1.6273
  type: 'test'
  ...
# Subtest: imports copy a validated character into a new slot and full capacity is atomic
ok 287 - imports copy a validated character into a new slot and full capacity is atomic
  ---
  duration_ms: 2.529
  type: 'test'
  ...
# Subtest: deletion requires the exact inactive target name and never reuses its identity
ok 288 - deletion requires the exact inactive target name and never reuses its identity
  ---
  duration_ms: 2.4402
  type: 'test'
  ...
# Subtest: stale UI revisions and external storage changes refuse mutations
ok 289 - stale UI revisions and external storage changes refuse mutations
  ---
  duration_ms: 0.7095
  type: 'test'
  ...
# Subtest: a present corrupt library cannot silently restore or overwrite an old world
ok 290 - a present corrupt library cannot silently restore or overwrite an old world
  ---
  duration_ms: 0.202
  type: 'test'
  ...
# Subtest: managed writes require ownership of the browser editing lock
ok 291 - managed writes require ownership of the browser editing lock
  ---
  duration_ms: 0.5464
  type: 'test'
  ...
# Subtest: a legacy tab detects another writer before save, migration, or explicit replacement
ok 292 - a legacy tab detects another writer before save, migration, or explicit replacement
  ---
  duration_ms: 0.3821
  type: 'test'
  ...
# Subtest: invalid imported state and invalid library identities reject before any write
ok 293 - invalid imported state and invalid library identities reject before any write
  ---
  duration_ms: 1.671
  type: 'test'
  ...
# Subtest: failed legacy replacement retains the loaded runtime and original bytes
ok 294 - failed legacy replacement retains the loaded runtime and original bytes
  ---
  duration_ms: 0.4101
  type: 'test'
  ...
# Subtest: editing lock is held until release and a competing owner must retry explicitly
ok 295 - editing lock is held until release and a competing owner must retry explicitly
  ---
  duration_ms: 3.1422
  type: 'test'
  ...
# Subtest: version6 migrates to current schema with no inferred class and all banked XP intact
ok 296 - version6 migrates to current schema with no inferred class and all banked XP intact
  ---
  duration_ms: 8.2463
  type: 'test'
  ...
# Subtest: class choice requires kit, proximity, known ID and explicit confirmation atomically
ok 297 - class choice requires kit, proximity, known ID and explicit confirmation atomically
  ---
  duration_ms: 6.6408
  type: 'test'
  ...
# Subtest: hunter is deliberate, one-time, reloadable and grants no gear/history/XP
ok 298 - hunter is deliberate, one-time, reloadable and grants no gear/history/XP
  ---
  duration_ms: 1.6288
  type: 'test'
  ...
# Subtest: magician is deliberate, one-time, reloadable and grants no gear/history/XP
ok 299 - magician is deliberate, one-time, reloadable and grants no gear/history/XP
  ---
  duration_ms: 0.9589
  type: 'test'
  ...
# Subtest: invalid class state and impossible unstarted class are refused
ok 300 - invalid class state and impossible unstarted class are refused
  ---
  duration_ms: 0.5037
  type: 'test'
  ...
# Subtest: technique refuses unassigned, wrong scene, pause, death and absent target
ok 301 - technique refuses unassigned, wrong scene, pause, death and absent target
  ---
  duration_ms: 3.2816
  type: 'test'
  ...
# Subtest: hunter validates range, LOS, stamina and durable cooldown before paying
ok 302 - hunter validates range, LOS, stamina and durable cooldown before paying
  ---
  duration_ms: 2.9222
  type: 'test'
  ...
# Subtest: magician validates range, LOS, stamina and durable cooldown before paying
ok 303 - magician validates range, LOS, stamina and durable cooldown before paying
  ---
  duration_ms: 2.4172
  type: 'test'
  ...
# Subtest: hunter marks without a hit and only the next actual blade impact gains bounded damage
ok 304 - hunter marks without a hit and only the next actual blade impact gains bounded damage
  ---
  duration_ms: 0.6653
  type: 'test'
  ...
# Subtest: hunter mark is not consumed by another target, companion or soul damage
ok 305 - hunter mark is not consumed by another target, companion or soul damage
  ---
  duration_ms: 0.4651
  type: 'test'
  ...
# Subtest: bow mark follows swept collision, with no payout on a missed arrow
ok 306 - bow mark follows swept collision, with no payout on a missed arrow
  ---
  duration_ms: 1.0681
  type: 'test'
  ...
# Subtest: an obstructed arrow cannot consume mark or make confirmed-hit feedback
ok 307 - an obstructed arrow cannot consume mark or make confirmed-hit feedback
  ---
  duration_ms: 0.5027
  type: 'test'
  ...
# Subtest: marks expire and cannot cross scene, run identity or reload
ok 308 - marks expire and cannot cross scene, run identity or reload
  ---
  duration_ms: 0.8739
  type: 'test'
  ...
# Subtest: magician creates one actual damage event, faces target and never spawns an arrow
ok 309 - magician creates one actual damage event, faces target and never spawns an arrow
  ---
  duration_ms: 0.5646
  type: 'test'
  ...
# Subtest: class techniques do not earn the archery medal and leave weapon family free
ok 310 - class techniques do not earn the archery medal and leave weapon family free
  ---
  duration_ms: 0.9813
  type: 'test'
  ...
# Subtest: Coastward skirts are bounded deterministic static instances in one shared mesh kind
ok 311 - Coastward skirts are bounded deterministic static instances in one shared mesh kind
  ---
  duration_ms: 31.9676
  type: 'test'
  ...
# Subtest: every actual upper seam meets rendered grass underside on a real exposed union boundary
ok 312 - every actual upper seam meets rendered grass underside on a real exposed union boundary
  ---
  duration_ms: 10.3723
  type: 'test'
  ...
# Subtest: actual skirt triangles remain below every supported foot plane and sink all lower edge vertices
ok 313 - actual skirt triangles remain below every supported foot plane and sink all lower edge vertices
  ---
  duration_ms: 11.3841
  type: 'test'
  ...
# Subtest: all exposed surface normals retain their positive outward and upward orientation after transformation
ok 314 - all exposed surface normals retain their positive outward and upward orientation after transformation
  ---
  duration_ms: 3.85
  type: 'test'
  ...
# Subtest: bridge sides remain open and all actual full-body routes stay above decorative geometry
ok 315 - bridge sides remain open and all actual full-body routes stay above decorative geometry
  ---
  duration_ms: 278.9524
  type: 'test'
  ...
# Subtest: normal submission adds skirts only to Coastward and never changes canonical definitions or saves
ok 316 - normal submission adds skirts only to Coastward and never changes canonical definitions or saves
  ---
  duration_ms: 31.6082
  type: 'test'
  ...
# Subtest: joining and subdividing equal-height source cells introduces no interior skirt or duplicate seam
ok 317 - joining and subdividing equal-height source cells introduces no interior skirt or duplicate seam
  ---
  duration_ms: 0.177
  type: 'test'
  ...
# Subtest: the new woodland floor is actual traversable ground linking both original lanes
ok 318 - the new woodland floor is actual traversable ground linking both original lanes
  ---
  duration_ms: 0.8812
  type: 'test'
  ...
# Subtest: smooth bank surface vertices share normals across triangle joins without changing the old rock mesh
ok 319 - smooth bank surface vertices share normals across triangle joins without changing the old rock mesh
  ---
  duration_ms: 1.0564
  type: 'test'
  ...
# Subtest: only existing channel posts and four approach lamps join the main-view cutaway aperture
ok 320 - only existing channel posts and four approach lamps join the main-view cutaway aperture
  ---
  duration_ms: 31.5078
  type: 'test'
  ...
# Subtest: browser and CommonJS expose the same pure interface without foreign global mutation
ok 321 - browser and CommonJS expose the same pure interface without foreign global mutation
  ---
  duration_ms: 2.0673
  type: 'test'
  ...
# Subtest: all three canonical buildings have bounded deterministic original exterior parts
ok 322 - all three canonical buildings have bounded deterministic original exterior parts
  ---
  duration_ms: 12.686
  type: 'test'
  ...
# Subtest: roof shells and framing follow actual parent extents and meet the roof profile
ok 323 - roof shells and framing follow actual parent extents and meet the roof profile
  ---
  duration_ms: 1.0184
  type: 'test'
  ...
# Subtest: timber matrices are positive orthonormal and local grain meets declared endpoints
ok 324 - timber matrices are positive orthonormal and local grain meets declared endpoints
  ---
  duration_ms: 1.3721
  type: 'test'
  ...
# Subtest: body-height facade stays within existing collision clearance, eaves remain overhead
ok 325 - body-height facade stays within existing collision clearance, eaves remain overhead
  ---
  duration_ms: 9.5877
  type: 'test'
  ...
# Subtest: actual emitted geometry leaves all authored public routes and task actors clear
ok 326 - actual emitted geometry leaves all authored public routes and task actors clear
  ---
  duration_ms: 227.3207
  type: 'test'
  ...
# Subtest: all opaque dressing inherits house cutaway tags without camera or body authority
ok 327 - all opaque dressing inherits house cutaway tags without camera or body authority
  ---
  duration_ms: 1.6924
  type: 'test'
  ...
# Subtest: changed parent positions and supplied floor heights move dressing rather than hard-code geography
ok 328 - changed parent positions and supplied floor heights move dressing rather than hard-code geography
  ---
  duration_ms: 1.6236
  type: 'test'
  ...
# Subtest: decoration writes only computed geometry and leaves definitions and simulation untouched
ok 329 - decoration writes only computed geometry and leaves definitions and simulation untouched
  ---
  duration_ms: 3.3275
  type: 'test'
  ...
# Subtest: malformed parents or height refuse before any writer mutation
ok 330 - malformed parents or height refuse before any writer mutation
  ---
  duration_ms: 1.6894
  type: 'test'
  ...
# Subtest: isolated global/CommonJS expose only the frozen pure woodland API
ok 331 - isolated global/CommonJS expose only the frozen pure woodland API
  ---
  duration_ms: 1.8441
  type: 'test'
  ...
# Subtest: ten actual parents receive deterministic mixed canopy within the total budget
ok 332 - ten actual parents receive deterministic mixed canopy within the total budget
  ---
  duration_ms: 3.0778
  type: 'test'
  ...
# Subtest: every actual mesh/basis is finite, positive and parent-tagged without new camera/body authority
ok 333 - every actual mesh/basis is finite, positive and parent-tagged without new camera/body authority
  ---
  duration_ms: 35.3997
  type: 'test'
  ...
# Subtest: actual bark faces intersect the unchanged trunk while low roots stay supported and close
ok 334 - actual bark faces intersect the unchanged trunk while low roots stay supported and close
  ---
  duration_ms: 5.564
  type: 'test'
  ...
# Subtest: rising branches meet the trunk, timber grain endpoints and opaque crown volumes
ok 335 - rising branches meet the trunk, timber grain endpoints and opaque crown volumes
  ---
  duration_ms: 4.677
  type: 'test'
  ...
# Subtest: upper and lower crown meshes overlap into coherent crowns at the CPU rest pose
ok 336 - upper and lower crown meshes overlap into coherent crowns at the CPU rest pose
  ---
  duration_ms: 0.8061
  type: 'test'
  ...
# Subtest: all route full-body envelopes stay clear including conservative crown wind bounds
ok 337 - all route full-body envelopes stay clear including conservative crown wind bounds
  ---
  duration_ms: 32.833
  type: 'test'
  ...
# Subtest: high opaque art clears a full actor and canopy spread stays bounded by actual parents
ok 338 - high opaque art clears a full actor and canopy spread stays bounded by actual parents
  ---
  duration_ms: 22.996
  type: 'test'
  ...
# Subtest: reserved wind envelope matches current source path and only foliage opts in
ok 339 - reserved wind envelope matches current source path and only foliage opts in
  ---
  duration_ms: 0.8556
  type: 'test'
  ...
# Subtest: parent and supplied-height changes move every part without hard-coded coordinates
ok 340 - parent and supplied-height changes move every part without hard-coded coordinates
  ---
  duration_ms: 1.4204
  type: 'test'
  ...
# Subtest: decorate appends only fresh geometry and never reads simulation/progression
ok 341 - decorate appends only fresh geometry and never reads simulation/progression
  ---
  duration_ms: 1.8237
  type: 'test'
  ...
# Subtest: missing/duplicate/malformed parents or unsupported heights refuse before writer mutation
ok 342 - missing/duplicate/malformed parents or unsupported heights refuse before writer mutation
  ---
  duration_ms: 1.3428
  type: 'test'
  ...
# Subtest: selected real-time strike and recovery status retain their actual timer without writes
ok 343 - selected real-time strike and recovery status retain their actual timer without writes
  ---
  duration_ms: 11.705
  type: 'test'
  ...
# Subtest: owner-aware warning charge
ok 344 - owner-aware warning charge
  ---
  duration_ms: 0.6114
  type: 'test'
  ...
# Subtest: owner-aware warning bell-outer
ok 345 - owner-aware warning bell-outer
  ---
  duration_ms: 0.3761
  type: 'test'
  ...
# Subtest: owner-aware warning bell-inner
ok 346 - owner-aware warning bell-inner
  ---
  duration_ms: 0.3948
  type: 'test'
  ...
# Subtest: owner-aware warning ward
ok 347 - owner-aware warning ward
  ---
  duration_ms: 0.9107
  type: 'test'
  ...
# Subtest: owner-aware warning strike
ok 348 - owner-aware warning strike
  ---
  duration_ms: 0.3521
  type: 'test'
  ...
# Subtest: active charge is untimed and distinct from its preceding warning and later opening
ok 349 - active charge is untimed and distinct from its preceding warning and later opening
  ---
  duration_ms: 0.3897
  type: 'test'
  ...
# Subtest: clears cue at idle
ok 350 - clears cue at idle
  ---
  duration_ms: 0.3631
  type: 'test'
  ...
# Subtest: clears cue at pursue
ok 351 - clears cue at pursue
  ---
  duration_ms: 0.314
  type: 'test'
  ...
# Subtest: clears cue at return
ok 352 - clears cue at return
  ---
  duration_ms: 0.3058
  type: 'test'
  ...
# Subtest: clears cue at practice
ok 353 - clears cue at practice
  ---
  duration_ms: 0.2607
  type: 'test'
  ...
# Subtest: clears cue at hidden
ok 354 - clears cue at hidden
  ---
  duration_ms: 0.2271
  type: 'test'
  ...
# Subtest: clears cue at defeated
ok 355 - clears cue at defeated
  ---
  duration_ms: 0.197
  type: 'test'
  ...
# Subtest: clears cue at unselected
ok 356 - clears cue at unselected
  ---
  duration_ms: 0.1894
  type: 'test'
  ...
# Subtest: clears cue at far
ok 357 - clears cue at far
  ---
  duration_ms: 0.2179
  type: 'test'
  ...
# Subtest: clears cue at paused
ok 358 - clears cue at paused
  ---
  duration_ms: 0.2125
  type: 'test'
  ...
# Subtest: clears cue at dead-player
ok 359 - clears cue at dead-player
  ---
  duration_ms: 0.2627
  type: 'test'
  ...
# Subtest: clears cue at noncombat
ok 360 - clears cue at noncombat
  ---
  duration_ms: 0.2487
  type: 'test'
  ...
# Subtest: clears cue at invalid-timer
ok 361 - clears cue at invalid-timer
  ---
  duration_ms: 0.2437
  type: 'test'
  ...
# Subtest: clears cue at expired-timer
ok 362 - clears cue at expired-timer
  ---
  duration_ms: 0.2366
  type: 'test'
  ...
# Subtest: clears cue at unknown-ring
ok 363 - clears cue at unknown-ring
  ---
  duration_ms: 0.1968
  type: 'test'
  ...
# Subtest: clears cue at missing-aim
ok 364 - clears cue at missing-aim
  ---
  duration_ms: 0.2006
  type: 'test'
  ...
# Subtest: clears cue at unknown-charge
ok 365 - clears cue at unknown-charge
  ---
  duration_ms: 0.1741
  type: 'test'
  ...
# Subtest: clears cue at unknown-owner
ok 366 - clears cue at unknown-owner
  ---
  duration_ms: 0.1981
  type: 'test'
  ...
# Subtest: clears cue at invalid-event-kind
ok 367 - clears cue at invalid-event-kind
  ---
  duration_ms: 0.2377
  type: 'test'
  ...
# Subtest: clears cue at invalid-bell-kind
ok 368 - clears cue at invalid-bell-kind
  ---
  duration_ms: 0.2062
  type: 'test'
  ...
# Subtest: opening cue never promises weapon readiness across reach, stamina or obstruction
ok 369 - opening cue never promises weapon readiness across reach, stamina or obstruction
  ---
  duration_ms: 0.6546
  type: 'test'
  ...
# Subtest: blade anticipates then repeatedly hits at its actual cadence, without walking
ok 370 - blade anticipates then repeatedly hits at its actual cadence, without walking
  ---
  duration_ms: 17.3709
  type: 'test'
  ...
# Subtest: bow anticipates then repeatedly hits at its actual cadence, without walking
ok 371 - bow anticipates then repeatedly hits at its actual cadence, without walking
  ---
  duration_ms: 6.2343
  type: 'test'
  ...
# Subtest: pending attack cancels on stop
ok 372 - pending attack cancels on stop
  ---
  duration_ms: 1.1369
  type: 'test'
  ...
# Subtest: pending attack cancels on range
ok 373 - pending attack cancels on range
  ---
  duration_ms: 1.2151
  type: 'test'
  ...
# Subtest: pending attack cancels on target
ok 374 - pending attack cancels on target
  ---
  duration_ms: 0.7799
  type: 'test'
  ...
# Subtest: pending attack cancels on pause
ok 375 - pending attack cancels on pause
  ---
  duration_ms: 0.5361
  type: 'test'
  ...
# Subtest: pending attack cancels on death
ok 376 - pending attack cancels on death
  ---
  duration_ms: 0.6055
  type: 'test'
  ...
# Subtest: blocked arrow has no confirmed hit number or hit reaction
ok 377 - blocked arrow has no confirmed hit number or hit reaction
  ---
  duration_ms: 0.8615
  type: 'test'
  ...
# Subtest: projectile that misses moving target cannot create confirmed feedback
ok 378 - projectile that misses moving target cannot create confirmed feedback
  ---
  duration_ms: 1.2565
  type: 'test'
  ...
# Subtest: confirmed hit stamps the damaged target once and scene change clears transient feedback
ok 379 - confirmed hit stamps the damaged target once and scene change clears transient feedback
  ---
  duration_ms: 2.0824
  type: 'test'
  ...
# Subtest: explicit close-target framing faces the living foe without mutating input
ok 380 - explicit close-target framing faces the living foe without mutating input
  ---
  duration_ms: 0.5365
  type: 'test'
  ...
# Subtest: framing retains valid farther zoom and bounds eligibility to declared12m
ok 381 - framing retains valid farther zoom and bounds eligibility to declared12m
  ---
  duration_ms: 0.114
  type: 'test'
  ...
# Subtest: no wrong-view, invalid, dead, hidden, coincident or stale actor framing
ok 382 - no wrong-view, invalid, dead, hidden, coincident or stale actor framing
  ---
  duration_ms: 0.1684
  type: 'test'
  ...
# Subtest: very close foe deliberately widens framing for a lane behind the player
ok 383 - very close foe deliberately widens framing for a lane behind the player
  ---
  duration_ms: 0.0699
  type: 'test'
  ...
# Subtest: unobstructed flat close lane and body project above a desktop action bar at45to80FOV
ok 384 - unobstructed flat close lane and body project above a desktop action bar at45to80FOV
  ---
  duration_ms: 2.1683
  type: 'test'
  ...
# Subtest: isolated browser global and CommonJS expose the same bounded pure API
ok 385 - isolated browser global and CommonJS expose the same bounded pure API
  ---
  duration_ms: 2.6299
  type: 'test'
  ...
# Subtest: gait phase follows actual displacement and is independent of sampling subdivision/speed
ok 386 - gait phase follows actual displacement and is independent of sampling subdivision/speed
  ---
  duration_ms: 0.8047
  type: 'test'
  ...
# Subtest: stationary blocked intent cannot trot and stopping settles without advancing stride
ok 387 - stationary blocked intent cannot trot and stopping settles without advancing stride
  ---
  duration_ms: 0.8165
  type: 'test'
  ...
# Subtest: repeated samples and long pauses preserve the full pose; paused travel is consumed
ok 388 - repeated samples and long pauses preserve the full pose; paused travel is consumed
  ---
  duration_ms: 2.0761
  type: 'test'
  ...
# Subtest: scene, teleport and clock discontinuities reset gait without mutating previous samples
ok 389 - scene, teleport and clock discontinuities reset gait without mutating previous samples
  ---
  duration_ms: 0.2035
  type: 'test'
  ...
# Subtest: injured unbonded Briar is completely still and has no bond collar
ok 390 - injured unbonded Briar is completely still and has no bond collar
  ---
  duration_ms: 0.4772
  type: 'test'
  ...
# Subtest: reduced motion retains all four essential legs while suppressing time-driven secondary drift
ok 391 - reduced motion retains all four essential legs while suppressing time-driven secondary drift
  ---
  duration_ms: 0.2505
  type: 'test'
  ...
# Subtest: diagonal trot has visible clearance, fixed leg lengths and no paw below supplied ground
ok 392 - diagonal trot has visible clearance, fixed leg lengths and no paw below supplied ground
  ---
  duration_ms: 2173.7831
  type: 'test'
  ...
# Subtest: actual bone transforms meet shared joints through every authored pose and placement
ok 393 - actual bone transforms meet shared joints through every authored pose and placement
  ---
  duration_ms: 14.0902
  type: 'test'
  ...
# Subtest: tail segments overlap at shared anchors and cream tip remains attached
ok 394 - tail segments overlap at shared anchors and cream tip remains attached
  ---
  duration_ms: 4.0905
  type: 'test'
  ...
# Subtest: familiar teal collar touches the neck and head details stay in a shared articulated frame
ok 395 - familiar teal collar touches the neck and head details stay in a shared articulated frame
  ---
  duration_ms: 2.1643
  type: 'test'
  ...
# Subtest: inner ear patches stay on and within the actual outer-ear front facets
ok 396 - inner ear patches stay on and within the actual outer-ear front facets
  ---
  duration_ms: 13.6784
  type: 'test'
  ...
# Subtest: all actual mesh transforms are finite, positive and bounded for all part kinds
ok 397 - all actual mesh transforms are finite, positive and bounded for all part kinds
  ---
  duration_ms: 486.4393
  type: 'test'
  ...
# Subtest: pure pose/draw never changes placement, motion, supplied state or existing output entries
ok 398 - pure pose/draw never changes placement, motion, supplied state or existing output entries
  ---
  duration_ms: 1.5136
  type: 'test'
  ...
# Subtest: invalid or mismatched actual placement refuses before any partial draw
ok 399 - invalid or mismatched actual placement refuses before any partial draw
  ---
  duration_ms: 1.6357
  type: 'test'
  ...
# Subtest: fresh world is valid and round trips
ok 400 - fresh world is valid and round trips
  ---
  duration_ms: 8.5446
  type: 'test'
  ...
# Subtest: seeded world decoration is repeatable
ok 401 - seeded world decoration is repeatable
  ---
  duration_ms: 0.3754
  type: 'test'
  ...
# Subtest: water and nonfinite ground are not walkable
ok 402 - water and nonfinite ground are not walkable
  ---
  duration_ms: 0.1503
  type: 'test'
  ...
# Subtest: buildings and the spring are obstacles
ok 403 - buildings and the spring are obstacles
  ---
  duration_ms: 0.1176
  type: 'test'
  ...
# Subtest: every landmark has walkable admission
ok 404 - every landmark has walkable admission
  ---
  duration_ms: 0.8881
  type: 'test'
  ...
# Subtest: all 121 landmark routes exist and sampled segments avoid obstacles
ok 405 - all 121 landmark routes exist and sampled segments avoid obstacles
  ---
  duration_ms: 1603.9286
  type: 'test'
  ...
# Subtest: click movement arrives without overshooting
ok 406 - click movement arrives without overshooting
  ---
  duration_ms: 12.4842
  type: 'test'
  ...
# Subtest: manual motion is bounded at terrain edge
ok 407 - manual motion is bounded at terrain edge
  ---
  duration_ms: 5.2899
  type: 'test'
  ...
# Subtest: invalid move does not replace current route
ok 408 - invalid move does not replace current route
  ---
  duration_ms: 0.854
  type: 'test'
  ...
# Subtest: invalid tick cannot corrupt time
ok 409 - invalid tick cannot corrupt time
  ---
  duration_ms: 0.8212
  type: 'test'
  ...
# Subtest: pause stops simulation
ok 410 - pause stops simulation
  ---
  duration_ms: 1.7032
  type: 'test'
  ...
# Subtest: time flow setting stops only the clock
ok 411 - time flow setting stops only the clock
  ---
  duration_ms: 1.8039
  type: 'test'
  ...
# Subtest: day rolls over with a new event
ok 412 - day rolls over with a new event
  ---
  duration_ms: 31.5575
  type: 'test'
  ...
# Subtest: all three share home during supper
ok 413 - all three share home during supper
  ---
  duration_ms: 0.2567
  type: 'test'
  ...
# Subtest: daytime projects have different destinations
ok 414 - daytime projects have different destinations
  ---
  duration_ms: 0.1796
  type: 'test'
  ...
# Subtest: routines travel to the shared house
ok 415 - routines travel to the shared house
  ---
  duration_ms: 39.0662
  type: 'test'
  ...
# Subtest: enter requires proximity
ok 416 - enter requires proximity
  ---
  duration_ms: 0.6235
  type: 'test'
  ...
# Subtest: enter, save and leave preserve outside position
ok 417 - enter, save and leave preserve outside position
  ---
  duration_ms: 4.7017
  type: 'test'
  ...
# Subtest: interior table and walls collide
ok 418 - interior table and walls collide
  ---
  duration_ms: 0.202
  type: 'test'
  ...
# Subtest: non-interior locations cannot be entered
ok 419 - non-interior locations cannot be entered
  ---
  duration_ms: 0.3217
  type: 'test'
  ...
# Subtest: planting requires being in the garden
ok 420 - planting requires being in the garden
  ---
  duration_ms: 0.5291
  type: 'test'
  ...
# Subtest: twelve flowers are bounded and recoverable
ok 421 - twelve flowers are bounded and recoverable
  ---
  duration_ms: 6.2706
  type: 'test'
  ...
# Subtest: duplicate accepted command does not duplicate a note
ok 422 - duplicate accepted command does not duplicate a note
  ---
  duration_ms: 0.4105
  type: 'test'
  ...
# Subtest: same id with changed payload conflicts
ok 423 - same id with changed payload conflicts
  ---
  duration_ms: 0.7134
  type: 'test'
  ...
# Subtest: duplicate refusal remains refusal
ok 424 - duplicate refusal remains refusal
  ---
  duration_ms: 4.6319
  type: 'test'
  ...
# Subtest: notes are data, not markup
ok 425 - notes are data, not markup
  ---
  duration_ms: 0.5835
  type: 'test'
  ...
# Subtest: notebook enforces length and capacity
ok 426 - notebook enforces length and capacity
  ---
  duration_ms: 0.4783
  type: 'test'
  ...
# Subtest: authored conversation records encounter without a network request
ok 427 - authored conversation records encounter without a network request
  ---
  duration_ms: 0.4932
  type: 'test'
  ...
# Subtest: unknown resident is rejected
ok 428 - unknown resident is rejected
  ---
  duration_ms: 0.2302
  type: 'test'
  ...
# Subtest: journal retains 200 ordered entries
ok 429 - journal retains 200 ordered entries
  ---
  duration_ms: 1
  type: 'test'
  ...
# Subtest: save and load accept acknowledged storage
ok 430 - save and load accept acknowledged storage
  ---
  duration_ms: 1.5742
  type: 'test'
  ...
# Subtest: quota refusal is not a saved success
ok 431 - quota refusal is not a saved success
  ---
  duration_ms: 0.6697
  type: 'test'
  ...
# Subtest: corrupt storage is preserved rather than overwritten on load
ok 432 - corrupt storage is preserved rather than overwritten on load
  ---
  duration_ms: 0.1732
  type: 'test'
  ...
# Subtest: import rejects invalid locations and malformed versions
ok 433 - import rejects invalid locations and malformed versions
  ---
  duration_ms: 0.7816
  type: 'test'
  ...
# Subtest: import roster is exact and extra prototype properties are discarded
ok 434 - import roster is exact and extra prototype properties are discarded
  ---
  duration_ms: 0.6018
  type: 'test'
  ...
# Subtest: import cannot enable audio and rejects invalid event sequence
ok 435 - import cannot enable audio and rejects invalid event sequence
  ---
  duration_ms: 0.3928
  type: 'test'
  ...
# Subtest: both ground approaches connect arrival to occupied observatory with radius clearance
ok 436 - both ground approaches connect arrival to occupied observatory with radius clearance
  ---
  duration_ms: 84.2126
  type: 'test'
  ...
# Subtest: entry saves the exact source before changing scenes, and reload returns to that source
ok 437 - entry saves the exact source before changing scenes, and reload returns to that source
  ---
  duration_ms: 21.7797
  type: 'test'
  ...
# Subtest: a failed save or unavailable scene refuses travel atomically
ok 438 - a failed save or unavailable scene refuses travel atomically
  ---
  duration_ms: 2.7874
  type: 'test'
  ...
# Subtest: stale character, revision, simulation, position and cancelled tickets cannot enter
ok 439 - stale character, revision, simulation, position and cancelled tickets cannot enter
  ---
  duration_ms: 1.94
  type: 'test'
  ...
# Subtest: scene build failure restores the source and a consumed ticket cannot retry
ok 440 - scene build failure restores the source and a consumed ticket cannot retry
  ---
  duration_ms: 1.6243
  type: 'test'
  ...
# Subtest: fall recovery recalls to safe ground and normal return works from the far end
ok 441 - fall recovery recalls to safe ground and normal return works from the far end
  ---
  duration_ms: 1.8883
  type: 'test'
  ...
# Subtest: height-aware ray picks real support and refuses sky, the ridge and cover
ok 442 - height-aware ray picks real support and refuses sky, the ridge and cover
  ---
  duration_ms: 12.6868
  type: 'test'
  ...
# Subtest: manual walking slides along boundaries without crossing unsupported corner segments
ok 443 - manual walking slides along boundaries without crossing unsupported corner segments
  ---
  duration_ms: 14.3386
  type: 'test'
  ...
# Subtest: all original scores have bounded notes and serialize exactly
ok 444 - all original scores have bounded notes and serialize exactly
  ---
  duration_ms: 2.416
  type: 'test'
  ...
# Subtest: tempo, voice, dimensions and boolean impostors rejected
ok 445 - tempo, voice, dimensions and boolean impostors rejected
  ---
  duration_ms: 0.5297
  type: 'test'
  ...
# Subtest: scores discard imported authority and execution fields
ok 446 - scores discard imported authority and execution fields
  ---
  duration_ms: 0.195
  type: 'test'
  ...
# Subtest: unknown composition does not silently substitute another
ok 447 - unknown composition does not silently substitute another
  ---
  duration_ms: 0.1394
  type: 'test'
  ...
# Subtest: score revision compare-and-swap refuses stale changes atomically
ok 448 - score revision compare-and-swap refuses stale changes atomically
  ---
  duration_ms: 14.347
  type: 'test'
  ...
# Subtest: accepted score edit increments revision and survives cold reconstruction
ok 449 - accepted score edit increments revision and survives cold reconstruction
  ---
  duration_ms: 2.1312
  type: 'test'
  ...
# Subtest: invalid score command does not partially change title or revision
ok 450 - invalid score command does not partially change title or revision
  ---
  duration_ms: 2.1019
  type: 'test'
  ...
# Subtest: duplicate score edit is not applied twice
ok 451 - duplicate score edit is not applied twice
  ---
  duration_ms: 1.4437
  type: 'test'
  ...
# Subtest: version-two import preserves old notes, flowers and user coordinates
ok 452 - version-two import preserves old notes, flowers and user coordinates
  ---
  duration_ms: 1.4587
  type: 'test'
  ...
# Subtest: legacy localStorage is read but never overwritten by a v3 save
ok 453 - legacy localStorage is read but never overwritten by a v3 save
  ---
  duration_ms: 3.0425
  type: 'test'
  ...
# Subtest: corrupt v3 does not fall back to and overwrite an older save
ok 454 - corrupt v3 does not fall back to and overwrite an older save
  ---
  duration_ms: 0.4313
  type: 'test'
  ...
# Subtest: default retreat is schema-valid and entry is clear
ok 455 - default retreat is schema-valid and entry is clear
  ---
  duration_ms: 0.4375
  type: 'test'
  ...
# Subtest: new island is connected while the water alongside bridge is not walkable
ok 456 - new island is connected while the water alongside bridge is not walkable
  ---
  duration_ms: 21.9805
  type: 'test'
  ...
# Subtest: all new destinations are reachable without jumping over obstacles
ok 457 - all new destinations are reachable without jumping over obstacles
  ---
  duration_ms: 27.9452
  type: 'test'
  ...
# Subtest: retreat opens, closes and saves the outside return position
ok 458 - retreat opens, closes and saves the outside return position
  ---
  duration_ms: 37.7724
  type: 'test'
  ...
# Subtest: placement is a real collision obstacle
ok 459 - placement is a real collision obstacle
  ---
  duration_ms: 0.2012
  type: 'test'
  ...
# Subtest: rotated furniture footprint rotates with the mesh contract
ok 460 - rotated furniture footprint rotates with the mesh contract
  ---
  duration_ms: 0.1303
  type: 'test'
  ...
# Subtest: rug is visible furniture but not a blocking volume
ok 461 - rug is visible furniture but not a blocking volume
  ---
  duration_ms: 0.1107
  type: 'test'
  ...
# Subtest: duplicate slots, unknown types, invalid rotations and palettes rejected
ok 462 - duplicate slots, unknown types, invalid rotations and palettes rejected
  ---
  duration_ms: 0.251
  type: 'test'
  ...
# Subtest: edit, undo and redo retain monotonic layout revisions
ok 463 - edit, undo and redo retain monotonic layout revisions
  ---
  duration_ms: 0.5056
  type: 'test'
  ...
# Subtest: stale layout mutation leaves full state unchanged
ok 464 - stale layout mutation leaves full state unchanged
  ---
  duration_ms: 1.2939
  type: 'test'
  ...
# Subtest: furniture cannot be placed on the visitor
ok 465 - furniture cannot be placed on the visitor
  ---
  duration_ms: 1.3674
  type: 'test'
  ...
# Subtest: every furniture kind in every slot preserves an entry escape route
ok 466 - every furniture kind in every slot preserves an entry escape route
  ---
  duration_ms: 2.9418
  type: 'test'
  ...
# Subtest: visitor appearance and exact name are exportable data
ok 467 - visitor appearance and exact name are exportable data
  ---
  duration_ms: 0.7997
  type: 'test'
  ...
# Subtest: invalid appearance refuses unknown indexes and does not mutate
ok 468 - invalid appearance refuses unknown indexes and does not mutate
  ---
  duration_ms: 0.8833
  type: 'test'
  ...
# Subtest: family gathering requires proximity to real stage
ok 469 - family gathering requires proximity to real stage
  ---
  duration_ms: 0.2587
  type: 'test'
  ...
# Subtest: gathering routes three inhabitants rather than teleporting
ok 470 - gathering routes three inhabitants rather than teleporting
  ---
  duration_ms: 28.7853
  type: 'test'
  ...
# Subtest: gathering expires and does not resume as a false persisted performance
ok 471 - gathering expires and does not resume as a false persisted performance
  ---
  duration_ms: 45.0828
  type: 'test'
  ...
# Subtest: event timing matches 16 eighth-notes and MIDI two-bar length
ok 472 - event timing matches 16 eighth-notes and MIDI two-bar length
  ---
  duration_ms: 0.7208
  type: 'test'
  ...
# Subtest: all voices synthesize finite stereo data and bounded peaks
ok 473 - all voices synthesize finite stereo data and bounded peaks
  ---
  duration_ms: 97.3563
  type: 'test'
  ...
# Subtest: an empty score produces actual silence, not a hidden soundtrack
ok 474 - an empty score produces actual silence, not a hidden soundtrack
  ---
  duration_ms: 3.1118
  type: 'test'
  ...
# Subtest: synthesized output is reproducible for identical scores
ok 475 - synthesized output is reproducible for identical scores
  ---
  duration_ms: 43.2897
  type: 'test'
  ...
# Subtest: different edited notes change actual rendered audio
ok 476 - different edited notes change actual rendered audio
  ---
  duration_ms: 48.0203
  type: 'test'
  ...
# Subtest: WAV header, byte length and final samples are correct
ok 477 - WAV header, byte length and final samples are correct
  ---
  duration_ms: 24.6039
  type: 'test'
  ...
# Subtest: WAV encoder refuses malformed or nonfinite channels
ok 478 - WAV encoder refuses malformed or nonfinite channels
  ---
  duration_ms: 0.2819
  type: 'test'
  ...
# Subtest: MIDI has one type-zero track, valid length, tempo and end marker
ok 479 - MIDI has one type-zero track, valid length, tempo and end marker
  ---
  duration_ms: 0.6901
  type: 'test'
  ...
# Subtest: 09 save migrates without mutating original or losing chapters
ok 480 - 09 save migrates without mutating original or losing chapters
  ---
  duration_ms: 1049.2607
  type: 'test'
  ...
# Subtest: new world has no free entry, equipment, attunement or chapter rewards
ok 481 - new world has no free entry, equipment, attunement or chapter rewards
  ---
  duration_ms: 0.4562
  type: 'test'
  ...
# Subtest: strict crossing save rejects wrongVersion
ok 482 - strict crossing save rejects wrongVersion
  ---
  duration_ms: 0.6747
  type: 'test'
  ...
# Subtest: strict crossing save rejects missingField
ok 483 - strict crossing save rejects missingField
  ---
  duration_ms: 0.7615
  type: 'test'
  ...
# Subtest: strict crossing save rejects nonbool
ok 484 - strict crossing save rejects nonbool
  ---
  duration_ms: 0.4984
  type: 'test'
  ...
# Subtest: strict crossing save rejects unvisitedAttune
ok 485 - strict crossing save rejects unvisitedAttune
  ---
  duration_ms: 0.4155
  type: 'test'
  ...
# Subtest: strict crossing save rejects unvisitedProject
ok 486 - strict crossing save rejects unvisitedProject
  ---
  duration_ms: 0.3008
  type: 'test'
  ...
# Subtest: strict crossing save rejects unknownProject
ok 487 - strict crossing save rejects unknownProject
  ---
  duration_ms: 0.2641
  type: 'test'
  ...
# Subtest: strict crossing save rejects duplicateProject
ok 488 - strict crossing save rejects duplicateProject
  ---
  duration_ms: 0.3056
  type: 'test'
  ...
# Subtest: strict crossing save rejects earlyRepair
ok 489 - strict crossing save rejects earlyRepair
  ---
  duration_ms: 0.3712
  type: 'test'
  ...
# Subtest: strict crossing save rejects earlyComplete
ok 490 - strict crossing save rejects earlyComplete
  ---
  duration_ms: 0.2681
  type: 'test'
  ...
# Subtest: strict crossing save rejects earlyReward
ok 491 - strict crossing save rejects earlyReward
  ---
  duration_ms: 1.1247
  type: 'test'
  ...
# Subtest: entry requires the defended beacon and actual gate location
ok 492 - entry requires the defended beacon and actual gate location
  ---
  duration_ms: 18.0382
  type: 'test'
  ...
# Subtest: entry resets target/auto and gives no items or health
ok 493 - entry resets target/auto and gives no items or health
  ---
  duration_ms: 3.7414
  type: 'test'
  ...
# Subtest: all named places, bells, encounter homes, clapper and entry are reachable
ok 494 - all named places, bells, encounter homes, clapper and entry are reachable
  ---
  duration_ms: 86.0353
  type: 'test'
  ...
# Subtest: buildings and outer bounds stop walking and arrows
ok 495 - buildings and outer bounds stop walking and arrows
  ---
  duration_ms: 0.2501
  type: 'test'
  ...
# Subtest: stream blocks walking except bridge but not travelling arrows
ok 496 - stream blocks walking except bridge but not travelling arrows
  ---
  duration_ms: 1.689
  type: 'test'
  ...
# Subtest: outdoor construction and gathering cannot mutate village geography
ok 497 - outdoor construction and gathering cannot mutate village geography
  ---
  duration_ms: 2.7174
  type: 'test'
  ...
# Subtest: public forge is a true workbench; components cost actual material
ok 498 - public forge is a true workbench; components cost actual material
  ---
  duration_ms: 2.0399
  type: 'test'
  ...
# Subtest: meeting and clue require local proximity and are single claim
ok 499 - meeting and clue require local proximity and are single claim
  ---
  duration_ms: 7.5781
  type: 'test'
  ...
# Subtest: Briar search has real location, bond, follow and route prerequisites
ok 500 - Briar search has real location, bond, follow and route prerequisites
  ---
  duration_ms: 33.0466
  type: 'test'
  ...
# Subtest: manual close inspection works when Briar stays behind
ok 501 - manual close inspection works when Briar stays behind
  ---
  duration_ms: 6.1348
  type: 'test'
  ...
# Subtest: search pause keeps discovery and companion motion frozen
ok 502 - search pause keeps discovery and companion motion frozen
  ---
  duration_ms: 5.9292
  type: 'test'
  ...
# Subtest: new guardian uses distinct ring and circle impact rules
ok 503 - new guardian uses distinct ring and circle impact rules
  ---
  duration_ms: 0.2075
  type: 'test'
  ...
# Subtest: wide ring rewards entering center; next tell alternates to inner strike
ok 504 - wide ring rewards entering center; next tell alternates to inner strike
  ---
  duration_ms: 80.4727
  type: 'test'
  ...
# Subtest: new encounters are targetable and respond to real autoattack
ok 505 - new encounters are targetable and respond to real autoattack
  ---
  duration_ms: 18.1375
  type: 'test'
  ...
# Subtest: clear event caches pay the new roster once and persist separately
ok 506 - clear event caches pay the new roster once and persist separately
  ---
  duration_ms: 4.5104
  type: 'test'
  ...
# Subtest: bell repair requires clapper and all three clearances
ok 507 - bell repair requires clapper and all three clearances
  ---
  duration_ms: 2.7542
  type: 'test'
  ...
# Subtest: wrong bell order restarts sequence without taking inventory
ok 508 - wrong bell order restarts sequence without taking inventory
  ---
  duration_ms: 3.3098
  type: 'test'
  ...
# Subtest: bell cannot be played remotely or faster than its cooldown
ok 509 - bell cannot be played remotely or faster than its cooldown
  ---
  duration_ms: 4.2754
  type: 'test'
  ...
# Subtest: three local ordered tones complete the bell but not the reward
ok 510 - three local ordered tones complete the bell but not the reward
  ---
  duration_ms: 4.5134
  type: 'test'
  ...
# Subtest: Rowan reward is atomic, local and cannot be duplicated
ok 511 - Rowan reward is atomic, local and cannot be duplicated
  ---
  duration_ms: 9.4165
  type: 'test'
  ...
# Subtest: free bell playing after completion cannot reset quest or pay loot
ok 512 - free bell playing after completion cannot reset quest or pay loot
  ---
  duration_ms: 5.4877
  type: 'test'
  ...
# Subtest: tone entry is transient; repair, kills and clues survive reload
ok 513 - tone entry is transient; repair, kills and clues survive reload
  ---
  duration_ms: 3.5859
  type: 'test'
  ...
# Subtest: merchant exchanges fail cleanly when funds, quantities or scope fail
ok 514 - merchant exchanges fail cleanly when funds, quantities or scope fail
  ---
  duration_ms: 7.35
  type: 'test'
  ...
# Subtest: merchant armor retains proper slot and does not heal on purchase/equip
ok 515 - merchant armor retains proper slot and does not heal on purchase/equip
  ---
  duration_ms: 4.0664
  type: 'test'
  ...
# Subtest: ore and berries exchange deduct exactly, overflow is refused
ok 516 - ore and berries exchange deduct exactly, overflow is refused
  ---
  duration_ms: 2.5202
  type: 'test'
  ...
# Subtest: inn restores actual vitals and denies service outside its porch
ok 517 - inn restores actual vitals and denies service outside its porch
  ---
  duration_ms: 3.5933
  type: 'test'
  ...
# Subtest: common works deduct actual materials once and preserve home layout
ok 518 - common works deduct actual materials once and preserve home layout
  ---
  duration_ms: 4.9983
  type: 'test'
  ...
# Subtest: commission failure leaves supplies and flags untouched
ok 519 - commission failure leaves supplies and flags untouched
  ---
  duration_ms: 6.6135
  type: 'test'
  ...
# Subtest: waystone needs discovery and physical origin, does not heal or charge
ok 520 - waystone needs discovery and physical origin, does not heal or charge
  ---
  duration_ms: 8.1286
  type: 'test'
  ...
# Subtest: unattuned village cannot be fast-travelled to
ok 521 - unattuned village cannot be fast-travelled to
  ---
  duration_ms: 3.1732
  type: 'test'
  ...
# Subtest: travel refuses active attack modes and beacon assault
ok 522 - travel refuses active attack modes and beacon assault
  ---
  duration_ms: 4.9262
  type: 'test'
  ...
# Subtest: ordinary departure is local and preserves progress
ok 523 - ordinary departure is local and preserves progress
  ---
  duration_ms: 3.8847
  type: 'test'
  ...
# Subtest: same command receipt cannot be repurposed or pay twice
ok 524 - same command receipt cannot be repurposed or pay twice
  ---
  duration_ms: 3.916
  type: 'test'
  ...
# Subtest: defeat recovery preserves crossing facts and revives outside
ok 525 - defeat recovery preserves crossing facts and revives outside
  ---
  duration_ms: 7.3315
  type: 'test'
  ...
# Subtest: cutaway preference is persisted and old migration defaults on
ok 526 - cutaway preference is persisted and old migration defaults on
  ---
  duration_ms: 3.0345
  type: 'test'
  ...
# Subtest: Fenna retains exact supported rule-adjacent anchors and does not invent consent
ok 527 - Fenna retains exact supported rule-adjacent anchors and does not invent consent
  ---
  duration_ms: 13.673
  type: 'test'
  ...
# Subtest: confirmed arrival alone opens the load, and payment cannot redraw or repay it
ok 528 - confirmed arrival alone opens the load, and payment cannot redraw or repay it
  ---
  duration_ms: 4.5004
  type: 'test'
  ...
# Subtest: bounded complete drover and cart transforms remain positive and finite
ok 529 - bounded complete drover and cart transforms remain positive and finite
  ---
  duration_ms: 182.2773
  type: 'test'
  ...
# Subtest: rope grasp shares the actual coil frame, with connected upper and lower arms
ok 530 - rope grasp shares the actual coil frame, with connected upper and lower arms
  ---
  duration_ms: 9.8964
  type: 'test'
  ...
# Subtest: feet and four cart wheel rims meet actual terrain at both existing sites
ok 531 - feet and four cart wheel rims meet actual terrain at both existing sites
  ---
  duration_ms: 1.7548
  type: 'test'
  ...
# Subtest: short cart shafts stay clear of the established gathering cloth approach
ok 532 - short cart shafts stay clear of the established gathering cloth approach
  ---
  duration_ms: 0.4065
  type: 'test'
  ...
# Subtest: cart shafts cannot pass through Fenna at either existing waiting or delivered stance
ok 533 - cart shafts cannot pass through Fenna at either existing waiting or delivered stance
  ---
  duration_ms: 10.6078
  type: 'test'
  ...
# Subtest: sampling has no hidden clock, and reduced motion holds a connected complete pose
ok 534 - sampling has no hidden clock, and reduced motion holds a connected complete pose
  ---
  duration_ms: 8.9694
  type: 'test'
  ...
# Subtest: entry requires resolved delivery and physical field table; unpaid arrival is eligible
ok 535 - entry requires resolved delivery and physical field table; unpaid arrival is eligible
  ---
  duration_ms: 21.768
  type: 'test'
  ...
# Subtest: table and all marks have real connected, walkable approaches
ok 536 - table and all marks have real connected, walkable approaches
  ---
  duration_ms: 206.8225
  type: 'test'
  ...
# Subtest: no pre-accept backfill; each accepted physical observation occurs once
ok 537 - no pre-accept backfill; each accepted physical observation occurs once
  ---
  duration_ms: 6.0574
  type: 'test'
  ...
# Subtest: table comparison rejects missing clues, obstructed or distant approach and malformed bearings atomically
ok 538 - table comparison rejects missing clues, obstructed or distant approach and malformed bearings atomically
  ---
  duration_ms: 11.3648
  type: 'test'
  ...
# Subtest: axis 0 and honest old-road preserve every reward and earlier system
ok 539 - axis 0 and honest old-road preserve every reward and earlier system
  ---
  duration_ms: 5.6918
  type: 'test'
  ...
# Subtest: axis 0 and honest waterworks preserve every reward and earlier system
ok 540 - axis 0 and honest waterworks preserve every reward and earlier system
  ---
  duration_ms: 5.7417
  type: 'test'
  ...
# Subtest: axis 180 and honest old-road preserve every reward and earlier system
ok 541 - axis 180 and honest old-road preserve every reward and earlier system
  ---
  duration_ms: 4.6702
  type: 'test'
  ...
# Subtest: axis 180 and honest waterworks preserve every reward and earlier system
ok 542 - axis 180 and honest waterworks preserve every reward and earlier system
  ---
  duration_ms: 6.0218
  type: 'test'
  ...
# Subtest: each accepted, partly observed, compared and recorded stage survives reload
ok 543 - each accepted, partly observed, compared and recorded stage survives reload
  ---
  duration_ms: 6.3534
  type: 'test'
  ...
# Subtest: schema8 migration preserves unpaid delivery and all prior fields at XP boundaries without changing input
ok 544 - schema8 migration preserves unpaid delivery and all prior fields at XP boundaries without changing input
  ---
  duration_ms: 8.6924
  type: 'test'
  ...
# Subtest: missing, future, unknown and inconsistent notes refuse without erasing state
ok 545 - missing, future, unknown and inconsistent notes refuse without erasing state
  ---
  duration_ms: 6.2177
  type: 'test'
  ...
# Subtest: array-coerced interpretation cannot masquerade as a stable ID in a completed save
ok 546 - array-coerced interpretation cannot masquerade as a stable ID in a completed save
  ---
  duration_ms: 1.2803
  type: 'test'
  ...
# Subtest: inspection and declined job create no progress; acceptance needs kit and proximity
ok 547 - inspection and declined job create no progress; acceptance needs kit and proximity
  ---
  duration_ms: 18.8337
  type: 'test'
  ...
# Subtest: every task uses supported reachable Earth ground
ok 548 - every task uses supported reachable Earth ground
  ---
  duration_ms: 695.0914
  type: 'test'
  ...
# Subtest: mill prerequisites and timber cost are atomic and charged once
ok 549 - mill prerequisites and timber cost are atomic and charged once
  ---
  duration_ms: 4.6004
  type: 'test'
  ...
# Subtest: mill completes with one finite payout and no gear, XP or chapter changes
ok 550 - mill completes with one finite payout and no gear, XP or chapter changes
  ---
  duration_ms: 2.7252
  type: 'test'
  ...
# Subtest: quarry completes with one finite payout and no gear, XP or chapter changes
ok 551 - quarry completes with one finite payout and no gear, XP or chapter changes
  ---
  duration_ms: 2.653
  type: 'test'
  ...
# Subtest: detour completes with one finite payout and no gear, XP or chapter changes
ok 552 - detour completes with one finite payout and no gear, XP or chapter changes
  ---
  duration_ms: 2.9706
  type: 'test'
  ...
# Subtest: quarry and detour never consume personal materials; both observations precede lane marking
ok 553 - quarry and detour never consume personal materials; both observations precede lane marking
  ---
  duration_ms: 1.1657
  type: 'test'
  ...
# Subtest: full ore refuses entire payout and preserves completed entitlement
ok 554 - full ore refuses entire payout and preserves completed entitlement
  ---
  duration_ms: 2.4821
  type: 'test'
  ...
# Subtest: full coins refuses entire payout and preserves completed entitlement
ok 555 - full coins refuses entire payout and preserves completed entitlement
  ---
  duration_ms: 2.6167
  type: 'test'
  ...
# Subtest: full fiber refuses entire payout and preserves completed entitlement
ok 556 - full fiber refuses entire payout and preserves completed entitlement
  ---
  duration_ms: 2.0321
  type: 'test'
  ...
# Subtest: all durable stages survive canonical reload with no implicit rewards or reacceptance
ok 557 - all durable stages survive canonical reload with no implicit rewards or reacceptance
  ---
  duration_ms: 8.5005
  type: 'test'
  ...
# Subtest: schema7 migration preserves banked XP and every older canonical field without mutating input
ok 558 - schema7 migration preserves banked XP and every older canonical field without mutating input
  ---
  duration_ms: 10.5646
  type: 'test'
  ...
# Subtest: current-schema missing, future and inconsistent story state refuses instead of erasing
ok 559 - current-schema missing, future and inconsistent story state refuses instead of erasing
  ---
  duration_ms: 6.2318
  type: 'test'
  ...
# Subtest: other improvements remain available after claim without replaying delivery or payment
ok 560 - other improvements remain available after claim without replaying delivery or payment
  ---
  duration_ms: 1.9326
  type: 'test'
  ...
# Subtest: new trail marker does not steal the existing Lantern Pier interaction radius
ok 561 - new trail marker does not steal the existing Lantern Pier interaction radius
  ---
  duration_ms: 8.6338
  type: 'test'
  ...
# Subtest: orchard and ridge approaches connect the lake to Bellweather west road
ok 562 - orchard and ridge approaches connect the lake to Bellweather west road
  ---
  duration_ms: 92.8727
  type: 'test'
  ...
# Subtest: entry saves exact lake checkpoint and transient Earth room never becomes persisted position
ok 563 - entry saves exact lake checkpoint and transient Earth room never becomes persisted position
  ---
  duration_ms: 13.784
  type: 'test'
  ...
# Subtest: travel refusal and scene failure are atomic
ok 564 - travel refusal and scene failure are atomic
  ---
  duration_ms: 2.6136
  type: 'test'
  ...
# Subtest: stale character, revision, position and cancellation cannot enter
ok 565 - stale character, revision, position and cancellation cannot enter
  ---
  duration_ms: 1.8899
  type: 'test'
  ...
# Subtest: fall recovery uses supported entry and return works from the far road
ok 566 - fall recovery uses supported entry and return works from the far road
  ---
  duration_ms: 2.1035
  type: 'test'
  ...
# Subtest: height-aware surface pick accepts ground and refuses watercourse, solids and sky
ok 567 - height-aware surface pick accepts ground and refuses watercourse, solids and sky
  ---
  duration_ms: 17.0616
  type: 'test'
  ...
# Subtest: manual movement slides without crossing unsupported segments
ok 568 - manual movement slides without crossing unsupported segments
  ---
  duration_ms: 17.3348
  type: 'test'
  ...
# Subtest: the grounded brute pursues outside its short physical sweep instead of striking remotely
ok 569 - the grounded brute pursues outside its short physical sweep instead of striking remotely
  ---
  duration_ms: 20.55
  type: 'test'
  ...
# Subtest: warning locks the physical lane; turning and moving later cannot chase the target
ok 570 - warning locks the physical lane; turning and moving later cannot chase the target
  ---
  duration_ms: 13.2606
  type: 'test'
  ...
# Subtest: contact hits inside the locked lane exactly once, Brace halves actual damage
ok 571 - contact hits inside the locked lane exactly once, Brace halves actual damage
  ---
  duration_ms: 26.2292
  type: 'test'
  ...
# Subtest: the full warning has no early contact and the full recovery remains an attack-free opening
ok 572 - the full warning has no early contact and the full recovery remains an attack-free opening
  ---
  duration_ms: 13.5517
  type: 'test'
  ...
# Subtest: footprint rotates in world space, includes body edge and excludes sides/rear/far
ok 573 - footprint rotates in world space, includes body edge and excludes sides/rear/far
  ---
  duration_ms: 1.1106
  type: 'test'
  ...
# Subtest: only exact accepted encounter identities use a bank sweep, generic sentinels keep their owner
ok 574 - only exact accepted encounter identities use a bank sweep, generic sentinels keep their owner
  ---
  duration_ms: 0.8129
  type: 'test'
  ...
# Subtest: pause freezes warning and damage; returning/free-home removes transient strike
ok 575 - pause freezes warning and damage; returning/free-home removes transient strike
  ---
  duration_ms: 1.5127
  type: 'test'
  ...
# Subtest: selected threat names the actual sweep and recovery without writing progression
ok 576 - selected threat names the actual sweep and recovery without writing progression
  ---
  duration_ms: 6.0246
  type: 'test'
  ...
# Subtest: a real wall blocks contact even when the player body lies within the sweep
ok 577 - a real wall blocks contact even when the player body lies within the sweep
  ---
  duration_ms: 1.4514
  type: 'test'
  ...
# Subtest: visible warning follows locked frame; reduced motion keeps the complete rectangle and no moving deadline
ok 578 - visible warning follows locked frame; reduced motion keeps the complete rectangle and no moving deadline
  ---
  duration_ms: 0.7623
  type: 'test'
  ...
# Subtest: saved clearance stages only the first brace; a new patrol does not inherit a cleared inspection tag
ok 579 - saved clearance stages only the first brace; a new patrol does not inherit a cleared inspection tag
  ---
  duration_ms: 1.691
  type: 'test'
  ...
# Subtest: refused actual defeat saves leave no clearance or supplied kit and can be retried
ok 580 - refused actual defeat saves leave no clearance or supplied kit and can be retried
  ---
  duration_ms: 3.3151
  type: 'test'
  ...
# PASS deep-frozen finite catalogue and branch allocations
# PASS stable finite IDs, physical anchors, and required ordered DAG
# PASS only optional missing world ledger migrates to fresh
# PASS all story subsets enforce real prerequisites, allocation, acceptance and claim
# PASS patrol accepted identity is exactly lastClaim plus one and follows its own DAG
# PASS progress exposes only reachable next actions and both physical choices without mutation
# PASS required binding validates canonical owned weapons, exact shape and paired nulls
# PASS bonus follows selected equipped weapon and never mutates HP, sockets or old fittings
# PASS enemy catalogue is accepted-phase/run-qualified and never a legacy payout
# PASS Core contract either fails closed before integration or saves before live adoption
# PASS real Core migrates Adventure11 only and rejects missing/current/future/crossfield records
# PASS real integrated anchor support and objective-to-giver production paths
# PASS accepted physical actions enforce kit, realm, proximity, branch and DAG
# PASS complete payment capacity rejects every overflowing currency/material before saver
# PASS successful physical work confirms the completed action and keeps payment unclaimed
# PASS ready payment survives refused and throwing durable savers, then cap-bound XP pays zero once
# PASS defeat requires actual accepted actor identity and zero HP; refused death recovers one HP
# PASS same-room accepted roster changes preserve actual live HP, projectiles and combat state
# PASS patrol stale accept/step/claim cannot start or pay a different run
# PASS binding costs/once-only/owned station/health and equipment state are atomic
# {"status":"passed","checks":20,"method":"pure schema/topology/bonus and explicitly labelled adversarial fixtures; physical production journey separate"}
# Subtest: D:\\07-GAMES\\Firstlight\\artifacts\\atlantis-harbour-campaign-20261005\\remote01\\tests\\earth_expedition.test.cjs
ok 32 - D:\\07-GAMES\\Firstlight\\artifacts\\atlantis-harbour-campaign-20261005\\remote01\\tests\\earth_expedition.test.cjs
  ---
  duration_ms: 2459.2829
  type: 'test'
  ...
# Subtest: installed brace actually contacts the east wall outer face and clears the open passage
ok 582 - installed brace actually contacts the east wall outer face and clears the open passage
  ---
  duration_ms: 3.1583
  type: 'test'
  ...
# Subtest: delivered boards rest on the real glade rack and stack without unsupported gaps
ok 583 - delivered boards rest on the real glade rack and stack without unsupported gaps
  ---
  duration_ms: 64.9757
  type: 'test'
  ...
# Subtest: managed allocation material rests on ground and connects its prepared bands
ok 584 - managed allocation material rests on ground and connects its prepared bands
  ---
  duration_ms: 1.3804
  type: 'test'
  ...
# Subtest: both shape-valid allocation histories project only their recorded steps and explicit claim
ok 585 - both shape-valid allocation histories project only their recorded steps and explicit claim
  ---
  duration_ms: 14.5505
  type: 'test'
  ...
# Subtest: worksite actual mesh stays supported and full-body routes/choice/work/foe anchors remain clear
ok 586 - worksite actual mesh stays supported and full-body routes/choice/work/foe anchors remain clear
  ---
  duration_ms: 271.9593
  type: 'test'
  ...
# Subtest: grounded board/posts and shallow readable record layers keep connected construction
ok 587 - grounded board/posts and shallow readable record layers keep connected construction
  ---
  duration_ms: 1.5893
  type: 'test'
  ...
# Subtest: actual static caller emits coalesced floor, unchanged seventy banks and one box per physical solid
ok 588 - actual static caller emits coalesced floor, unchanged seventy banks and one box per physical solid
  ---
  duration_ms: 190.6106
  type: 'test'
  ...
# Subtest: worn path quads use actual support and undergrowth intersects soil without blocking bodies
ok 589 - worn path quads use actual support and undergrowth intersects soil without blocking bodies
  ---
  duration_ms: 345.6463
  type: 'test'
  ...
# Subtest: binding attaches to actual production rig across every weapon/carry/combat/reduced-motion phase and preserves older parts
ok 590 - binding attaches to actual production rig across every weapon/carry/combat/reduced-motion phase and preserves older parts
  ---
  duration_ms: 1826.7804
  type: 'test'
  ...
# Subtest: binding presentation belongs only to an actual selected owned item, never another character or equipped item
ok 591 - binding presentation belongs only to an actual selected owned item, never another character or equipped item
  ---
  duration_ms: 1.9123
  type: 'test'
  ...
# Subtest: actual WorldArt dynamic timber caller submits recorded work and resets scene/fog ownership
ok 592 - actual WorldArt dynamic timber caller submits recorded work and resets scene/fog ownership
  ---
  duration_ms: 52.6836
  type: 'test'
  ...
# Subtest: production fog frame has finite translation-relative focus, no non-Earth ownership and strict guards
ok 593 - production fog frame has finite translation-relative focus, no non-Earth ownership and strict guards
  ---
  duration_ms: 13.1026
  type: 'test'
  ...
# Subtest: borrowed kit belongs to exact active inspection, restores its checked form and never backfills paid runs
ok 594 - borrowed kit belongs to exact active inspection, restores its checked form and never backfills paid runs
  ---
  duration_ms: 10.2906
  type: 'test'
  ...
# Subtest: isolated global-script/CommonJS export a dependency-free frozen appearance API only
ok 595 - isolated global-script/CommonJS export a dependency-free frozen appearance API only
  ---
  duration_ms: 3.7133
  type: 'test'
  ...
# Subtest: only actual windup and recovery timers produce the grounded combat posture
ok 596 - only actual windup and recovery timers produce the grounded combat posture
  ---
  duration_ms: 4.1763
  type: 'test'
  ...
# Subtest: stationary chase intent, pause and elapsed time never fabricate trot, attack results or recoil
ok 597 - stationary chase intent, pause and elapsed time never fabricate trot, attack results or recoil
  ---
  duration_ms: 10.348
  type: 'test'
  ...
# Subtest: actual triangle bounds stay grounded, finite, compact and inside the existing tell radius
ok 598 - actual triangle bounds stay grounded, finite, compact and inside the existing tell radius
  ---
  duration_ms: 731.9387
  type: 'test'
  ...
# Subtest: four articulated legs connect actual body, knee meshes and grounded hooves
ok 599 - four articulated legs connect actual body, knee meshes and grounded hooves
  ---
  duration_ms: 32.6937
  type: 'test'
  ...
# Subtest: head, muzzle, tusks, ridge and tail have actual attached mesh anchors
ok 600 - head, muzzle, tusks, ridge and tail have actual attached mesh anchors
  ---
  duration_ms: 60.5489
  type: 'test'
  ...
# Subtest: world root applies translation, supplied support and actual yaw exactly once
ok 601 - world root applies translation, supplied support and actual yaw exactly once
  ---
  duration_ms: 9.1573
  type: 'test'
  ...
# Subtest: confirmed flash changes colors only, and all records are fresh read-only projections
ok 602 - confirmed flash changes colors only, and all records are fresh read-only projections
  ---
  duration_ms: 2.8893
  type: 'test'
  ...
# Subtest: invalid placements/durations/modes and unwritable outputs refuse before partial emission
ok 603 - invalid placements/durations/modes and unwritable outputs refuse before partial emission
  ---
  duration_ms: 12.7947
  type: 'test'
  ...
# Subtest: actual expedition root encounters retain exact rules and physical anchors after pure art projection
ok 604 - actual expedition root encounters retain exact rules and physical anchors after pure art projection
  ---
  duration_ms: 198.0442
  type: 'test'
  ...
# Subtest: production first-story and patrol roster actors from synthetic histories dispatch exactly once
ok 605 - production first-story and patrol roster actors from synthetic histories dispatch exactly once
  ---
  duration_ms: 39.7095
  type: 'test'
  ...
# Subtest: unrelated actual mine and world sentinels retain the five-part original golden control
ok 606 - unrelated actual mine and world sentinels retain the five-part original golden control
  ---
  duration_ms: 6.9607
  type: 'test'
  ...
# Subtest: wrong step, missing/unknown/prefixed/suffixed quest, wrong kind and absent terms do not dispatch
ok 607 - wrong step, missing/unknown/prefixed/suffixed quest, wrong kind and absent terms do not dispatch
  ---
  duration_ms: 15.1223
  type: 'test'
  ...
# Subtest: dead root actor keeps existing dead suppression without warning or target emissions
ok 608 - dead root actor keeps existing dead suppression without warning or target emissions
  ---
  duration_ms: 2.7516
  type: 'test'
  ...
# Subtest: nonzero yaw, support height and actual confirmed-hit recoil are submitted exactly once
ok 609 - nonzero yaw, support height and actual confirmed-hit recoil are submitted exactly once
  ---
  duration_ms: 15.7255
  type: 'test'
  ...
# Subtest: future, missing, expired and reduced-motion hit samples add no recoil
ok 610 - future, missing, expired and reduced-motion hit samples add no recoil
  ---
  duration_ms: 14.2877
  type: 'test'
  ...
# Subtest: actual flash lifetime recolors only the selected beast geometry
ok 611 - actual flash lifetime recolors only the selected beast geometry
  ---
  duration_ms: 5.9007
  type: 'test'
  ...
# Subtest: locked sweep and actor target ring stay outside confirmed body recoil; old distant ring is absent
ok 612 - locked sweep and actor target ring stay outside confirmed body recoil; old distant ring is absent
  ---
  duration_ms: 3.9437
  type: 'test'
  ...
# Subtest: root-only diorama health bar follows actual ground while generic bar retains its original height
ok 613 - root-only diorama health bar follows actual ground while generic bar retains its original height
  ---
  duration_ms: 4.0268
  type: 'test'
  ...
# Subtest: actual paused caller ignores unrelated render time and preserves source state and timer-driven posture
ok 614 - actual paused caller ignores unrelated render time and preserves source state and timer-driven posture
  ---
  duration_ms: 15.0521
  type: 'test'
  ...
# Subtest: the actual caller retains distance gait for one enemy and stops it through pause and recovery
ok 615 - the actual caller retains distance gait for one enemy and stops it through pause and recovery
  ---
  duration_ms: 2.5248
  type: 'test'
  ...
# PASS only existing exact person identities and frozen API are exported
# PASS unknown people refuse without aliasing protected/old residents or deriving a speaker from input
# PASS fresh optional presentation neither accepts work nor assumes a prior visit or repair
# PASS every accepted story stage and both retained choices have short deterministic quiet readings
# PASS all story subsets reject false prerequisite, allocation and claim histories before composing speech
# PASS unpaid deliveries recognize the actual allocation and require a separate explicit camp claim
# PASS only claimed stories recognize exact paid currency/materials and existing support, without guessing XP or current balance
# PASS active and ready patrol readings preserve first repair, allocation and exact run without claiming new payment
# PASS paid patrol and finite record boundary do not promise another repair or an unavailable next circuit
# PASS binding recognition follows canonical committed record, never equipment, inventory or a granted new option
# PASS specific route and encounter advice matches current anchors and distinct real weapon constraints
# PASS presentation leaves an entire production world and its accepted/paid/bound records byte-identical
# PASS browser IIFE and CommonJS return identical pure readings with no DOM or runtime globals
# PASS CommonJS canonical lookup remains pure when the already-loaded Adventure global is absent
# Earth expedition dialogue: 14 focused cases passed; 318 frozen output checks. Synthetic presentation fixtures, not native dialogue or earned progression.
# Subtest: D:\\07-GAMES\\Firstlight\\artifacts\\atlantis-harbour-campaign-20261005\\remote01\\tests\\earth_expedition_dialogue.test.cjs
ok 36 - D:\\07-GAMES\\Firstlight\\artifacts\\atlantis-harbour-campaign-20261005\\remote01\\tests\\earth_expedition_dialogue.test.cjs
  ---
  duration_ms: 908.0481
  type: 'test'
  ...
# PASS completed unpaid patrol gives one current return instruction
# PASS patrol terms and accepted final action remember either actual allocation
# PASS old ready run claim refusal retains its checked kit and successful claim settles it once
# PASS fresh invitation exposes both exact allocations, fixed danger, binding cost and deliberate consent
# PASS actual RPG dispatch gives near expedition priority and closing clears an unspent preview
# PASS missing optional ledger migrates to read-only fresh UI while malformed/current/future records never reach it
# PASS real UI delegates acceptance and physical branch work; remote, premature and forged defeat clicks grant nothing
# PASS all valid story stages expose only current DAG routes; legend never performs remote work
# PASS walk dispatch is current-route filtered, physically supported and never grants objective credit
# PASS ready UI requires explicit local claim and preserves complete reward on save refusal
# PASS rendered patrol metadata fences stale accept/work/claim including missing and malformed run fields
# PASS production comparison retains bow behavior, socket, current XP and earlier fits without auto-equipping
# PASS binding preview refuses changed character, simulation, adventure revision and weapon; cancellation spends nothing
# PASS real CharacterStore saver refuses an external write between binding preview and confirmation atomically
# PASS explicit binding confirmation spends once at actual station, leaves equipment/HP/XP and socket intact
# PASS capped and near-cap acceptance cards disclose actual credit and real claim agrees
# PASS actual RPG tick leaves expedition ready/paid/patrol tracker last over concurrent survey and trail
# PASS hydrated expedition restores over an older pinned project once, then respects manual tracking
# PASS actual app applyWorld restore selects accepted or ready expedition and active patrol without losing history
# PASS actual app worldContext installs synchronous savers on fresh restored Sim before active expedition combat
# Earth expedition CPU UI: 20/20 cases passed; 0 failed.
# Subtest: D:\\07-GAMES\\Firstlight\\artifacts\\atlantis-harbour-campaign-20261005\\remote01\\tests\\earth_expedition_ui.test.cjs
ok 37 - D:\\07-GAMES\\Firstlight\\artifacts\\atlantis-harbour-campaign-20261005\\remote01\\tests\\earth_expedition_ui.test.cjs
  ---
  duration_ms: 1825.1823
  type: 'test'
  ...
# Subtest: orchard worksite crossing preserves outer save checkpoint and returns to the orchard
ok 618 - orchard worksite crossing preserves outer save checkpoint and returns to the orchard
  ---
  duration_ms: 23.0203
  type: 'test'
  ...
# Subtest: initial kit and physical orchard arrival are required; the scene cannot bypass old chapter gates
ok 619 - initial kit and physical orchard arrival are required; the scene cannot bypass old chapter gates
  ---
  duration_ms: 2.1081
  type: 'test'
  ...
# Subtest: worksite travel write and construction failures preserve the exact active source
ok 620 - worksite travel write and construction failures preserve the exact active source
  ---
  duration_ms: 5.8731
  type: 'test'
  ...
# Subtest: worksite preview rejects stale identity, source revision, source position and simulation
ok 621 - worksite preview rejects stale identity, source revision, source position and simulation
  ---
  duration_ms: 3.8306
  type: 'test'
  ...
# Subtest: river exit only returns to Earth for an active Earth trip; the old workshop route is unchanged
ok 622 - river exit only returns to Earth for an active Earth trip; the old workshop route is unchanged
  ---
  duration_ms: 0.7478
  type: 'test'
  ...
# Subtest: a completed unclaimed survey, class cooldown and companion survive both route boundaries
ok 623 - a completed unclaimed survey, class cooldown and companion survive both route boundaries
  ---
  duration_ms: 2.8752
  type: 'test'
  ...
# Subtest: death recovery from the connected worksite clears all transient route state
ok 624 - death recovery from the connected worksite clears all transient route state
  ---
  duration_ms: 1.2503
  type: 'test'
  ...
# Subtest: browser return protocol rolls back failed construction with live encounter state intact
ok 625 - browser return protocol rolls back failed construction with live encounter state intact
  ---
  duration_ms: 3.4138
  type: 'test'
  ...
# Subtest: Oren supplies earned through the orchard persist without consuming ordinary materials
ok 626 - Oren supplies earned through the orchard persist without consuming ordinary materials
  ---
  duration_ms: 2.8742
  type: 'test'
  ...
# Subtest: Earth scenery cannot overlap walking ground or the close third-person camera corridor
ok 627 - Earth scenery cannot overlap walking ground or the close third-person camera corridor
  ---
  duration_ms: 24.6634
  type: 'test'
  ...
# Subtest: Cosmos invitation labels belong only to the valley, never Earth or the riverbank
ok 628 - Cosmos invitation labels belong only to the valley, never Earth or the riverbank
  ---
  duration_ms: 1.6649
  type: 'test'
  ...
# Subtest: captured terrain, field random sequence, static scenery, camera solids and bridge remain byte-identical to PR33
ok 629 - captured terrain, field random sequence, static scenery, camera solids and bridge remain byte-identical to PR33
  ---
  duration_ms: 22.0755
  type: 'test'
  ...
# Subtest: nine bounded tapering rock sections dress thirty-six actual grass strips in the existing batch
ok 630 - nine bounded tapering rock sections dress thirty-six actual grass strips in the existing batch
  ---
  duration_ms: 10.6542
  type: 'test'
  ...
# Subtest: upper rock seam matches every transformed grass underside rather than canonical edge height
ok 631 - upper rock seam matches every transformed grass underside rather than canonical edge height
  ---
  duration_ms: 10.6154
  type: 'test'
  ...
# Subtest: orthogonal positive bases preserve renderer normals without a shear shortcut
ok 632 - orthogonal positive bases preserve renderer normals without a shear shortcut
  ---
  duration_ms: 7.6037
  type: 'test'
  ...
# Subtest: every actual slope vertex stays outside ground below the lip and within measured endpoint margin
ok 633 - every actual slope vertex stays outside ground below the lip and within measured endpoint margin
  ---
  duration_ms: 19.5842
  type: 'test'
  ...
# Subtest: actual non-cap faces have outward normals and never create a horizontal walking shelf
ok 634 - actual non-cap faces have outward normals and never create a horizontal walking shelf
  ---
  duration_ms: 10.7739
  type: 'test'
  ...
# Subtest: actual adjacent cap planes retain overlap at every exposed height, not only the top endpoints
ok 635 - actual adjacent cap planes retain overlap at every exposed height, not only the top endpoints
  ---
  duration_ms: 7.7248
  type: 'test'
  ...
# Subtest: near-edge road movement and old task approaches survive while outside ground and picking stay refused
ok 636 - near-edge road movement and old task approaches survive while outside ground and picking stay refused
  ---
  duration_ms: 77.3657
  type: 'test'
  ...
# Subtest: projection never mutates its source strips and is independent of simulation time or task state
ok 637 - projection never mutates its source strips and is independent of simulation time or task state
  ---
  duration_ms: 7.1811
  type: 'test'
  ...
# Subtest: Rill native diorama approach clears the former foreground canopy with a detecting old-placement control
ok 638 - Rill native diorama approach clears the former foreground canopy with a detecting old-placement control
  ---
  duration_ms: 22.5913
  type: 'test'
  ...
# Subtest: camp low diorama ray clears the moved stands and detects the intermediate blocking placement
ok 639 - camp low diorama ray clears the moved stands and detects the intermediate blocking placement
  ---
  duration_ms: 4.337
  type: 'test'
  ...
# Subtest: isolated global/CommonJS expose only the pure API and recursively frozen authority data
ok 640 - isolated global/CommonJS expose only the pure API and recursively frozen authority data
  ---
  duration_ms: 3.0802
  type: 'test'
  ...
# Subtest: extension IDs appear exactly once and installed production retains the physical contract
ok 641 - extension IDs appear exactly once and installed production retains the physical contract
  ---
  duration_ms: 8.1334
  type: 'test'
  ...
# Subtest: broad connected floor footprint and all solids are finite, bounded and supported
ok 642 - broad connected floor footprint and all solids are finite, bounded and supported
  ---
  duration_ms: 7.6483
  type: 'test'
  ...
# Subtest: all intended legs and old routes use the actual production full-radius support/solid rules
ok 643 - all intended legs and old routes use the actual production full-radius support/solid rules
  ---
  duration_ms: 25.5866
  type: 'test'
  ...
# Subtest: bridge crosses a real four-metre river gap with open centered approaches
ok 644 - bridge crosses a real four-metre river gap with open centered approaches
  ---
  duration_ms: 4.2163
  type: 'test'
  ...
# Subtest: root passage and enemy side pockets preserve free return routes and supported reading/support anchors
ok 645 - root passage and enemy side pockets preserve free return routes and supported reading/support anchors
  ---
  duration_ms: 2.3569
  type: 'test'
  ...
# Subtest: deterministic bounded tier geometry never changes frozen physical data or accesses state
ok 646 - deterministic bounded tier geometry never changes frozen physical data or accesses state
  ---
  duration_ms: 21.1528
  type: 'test'
  ...
# Subtest: actual submitted mesh transforms are finite, positive, orthogonal and supported-kind compatible
ok 647 - actual submitted mesh transforms are finite, positive, orthogonal and supported-kind compatible
  ---
  duration_ms: 189.7173
  type: 'test'
  ...
# Subtest: every ground-detail vertex rests on actual land and low roots remain within parent clearance
ok 648 - every ground-detail vertex rests on actual land and low roots remain within parent clearance
  ---
  duration_ms: 332.1888
  type: 'test'
  ...
# Subtest: actual opaque mesh envelopes clear every full-body route and task/NPC/encounter anchor
ok 649 - actual opaque mesh envelopes clear every full-body route and task/NPC/encounter anchor
  ---
  duration_ms: 2488.7442
  type: 'test'
  ...
# Subtest: branches intersect their parent and actual crown volume, with a bounded existing shader envelope
ok 650 - branches intersect their parent and actual crown volume, with a bounded existing shader envelope
  ---
  duration_ms: 5.9389
  type: 'test'
  ...
# Subtest: overlapping opaque crowns form connected rest silhouettes instead of detached floating clusters
ok 651 - overlapping opaque crowns form connected rest silhouettes instead of detached floating clusters
  ---
  duration_ms: 4.1763
  type: 'test'
  ...
# Subtest: overhead crown and shelter parts follow cutaway while collision/camera authority is unchanged
ok 652 - overhead crown and shelter parts follow cutaway while collision/camera authority is unchanged
  ---
  duration_ms: 22.8986
  type: 'test'
  ...
# Subtest: schema 9 migrates non-destructively with an unaccepted invitation
ok 653 - schema 9 migrates non-destructively with an unaccepted invitation
  ---
  duration_ms: 10.8979
  type: 'test'
  ...
# Subtest: missing current record and forward schema are refused
ok 654 - missing current record and forward schema are refused
  ---
  duration_ms: 1.2309
  type: 'test'
  ...
# Subtest: arrival not payment opens the invitation
ok 655 - arrival not payment opens the invitation
  ---
  duration_ms: 10.1637
  type: 'test'
  ...
# Subtest: supported places are reachable by actual pathfinder
ok 656 - supported places are reachable by actual pathfinder
  ---
  duration_ms: 3.9918
  type: 'test'
  ...
# Subtest: all arrangements complete silently without economy, score or campaign changes
ok 657 - all arrangements complete silently without economy, score or campaign changes
  ---
  duration_ms: 6.464
  type: 'test'
  ...
# Subtest: early or unknown actions change nothing
ok 658 - early or unknown actions change nothing
  ---
  duration_ms: 3.545
  type: 'test'
  ...
# Subtest: prototype and non-string choices are refused atomically
ok 659 - prototype and non-string choices are refused atomically
  ---
  duration_ms: 10.2604
  type: 'test'
  ...
# Subtest: completion cannot be repeated after receipt eviction
ok 660 - completion cannot be repeated after receipt eviction
  ---
  duration_ms: 2.8738
  type: 'test'
  ...
# Subtest: changed terms cannot reuse an accepted command identity
ok 661 - changed terms cannot reuse an accepted command identity
  ---
  duration_ms: 1.2473
  type: 'test'
  ...
# Subtest: paused, fallen and revision-saturated characters cannot progress
ok 662 - paused, fallen and revision-saturated characters cannot progress
  ---
  duration_ms: 3.2472
  type: 'test'
  ...
# Subtest: malformed durable combinations do not load
ok 663 - malformed durable combinations do not load
  ---
  duration_ms: 0.503
  type: 'test'
  ...
# Subtest: original arrangements are deterministic, finite, stereo and bounded
ok 664 - original arrangements are deterministic, finite, stereo and bounded
  ---
  duration_ms: 428.3677
  type: 'test'
  ...
# Subtest: full schema9 world migration preserves unpaid delivery, personal creations and every XP boundary
ok 665 - full schema9 world migration preserves unpaid delivery, personal creations and every XP boundary
  ---
  duration_ms: 13.0778
  type: 'test'
  ...
# Subtest: native character library migrates each world without sharing the table memory
ok 666 - native character library migrates each world without sharing the table memory
  ---
  duration_ms: 3.5205
  type: 'test'
  ...
# Subtest: forward adventure saves stay refused by native storage and leave exact bytes intact
ok 667 - forward adventure saves stay refused by native storage and leave exact bytes intact
  ---
  duration_ms: 1.8012
  type: 'test'
  ...
# Subtest: the actual drawn tabletop is reachable and supports the gathering interaction
ok 668 - the actual drawn tabletop is reachable and supports the gathering interaction
  ---
  duration_ms: 2.6226
  type: 'test'
  ...
# Subtest: prepared cloth and the actual Earth tabletop share one reachable location
ok 669 - prepared cloth and the actual Earth tabletop share one reachable location
  ---
  duration_ms: 10.8851
  type: 'test'
  ...
# Subtest: silent completion: mill; cloth→lantern→stand
ok 670 - silent completion: mill; cloth→lantern→stand
  ---
  duration_ms: 5.6955
  type: 'test'
  ...
# Subtest: silent completion: mill; cloth→stand→lantern
ok 671 - silent completion: mill; cloth→stand→lantern
  ---
  duration_ms: 1.0129
  type: 'test'
  ...
# Subtest: silent completion: mill; lantern→cloth→stand
ok 672 - silent completion: mill; lantern→cloth→stand
  ---
  duration_ms: 1.345
  type: 'test'
  ...
# Subtest: silent completion: mill; lantern→stand→cloth
ok 673 - silent completion: mill; lantern→stand→cloth
  ---
  duration_ms: 0.6821
  type: 'test'
  ...
# Subtest: silent completion: mill; stand→cloth→lantern
ok 674 - silent completion: mill; stand→cloth→lantern
  ---
  duration_ms: 0.7596
  type: 'test'
  ...
# Subtest: silent completion: mill; stand→lantern→cloth
ok 675 - silent completion: mill; stand→lantern→cloth
  ---
  duration_ms: 1.3143
  type: 'test'
  ...
# Subtest: silent completion: quarry; cloth→lantern→stand
ok 676 - silent completion: quarry; cloth→lantern→stand
  ---
  duration_ms: 0.6925
  type: 'test'
  ...
# Subtest: silent completion: quarry; cloth→stand→lantern
ok 677 - silent completion: quarry; cloth→stand→lantern
  ---
  duration_ms: 0.9717
  type: 'test'
  ...
# Subtest: silent completion: quarry; lantern→cloth→stand
ok 678 - silent completion: quarry; lantern→cloth→stand
  ---
  duration_ms: 0.7991
  type: 'test'
  ...
# Subtest: silent completion: quarry; lantern→stand→cloth
ok 679 - silent completion: quarry; lantern→stand→cloth
  ---
  duration_ms: 0.7964
  type: 'test'
  ...
# Subtest: silent completion: quarry; stand→cloth→lantern
ok 680 - silent completion: quarry; stand→cloth→lantern
  ---
  duration_ms: 1.0886
  type: 'test'
  ...
# Subtest: silent completion: quarry; stand→lantern→cloth
ok 681 - silent completion: quarry; stand→lantern→cloth
  ---
  duration_ms: 0.7159
  type: 'test'
  ...
# Subtest: silent completion: detour; cloth→lantern→stand
ok 682 - silent completion: detour; cloth→lantern→stand
  ---
  duration_ms: 0.701
  type: 'test'
  ...
# Subtest: silent completion: detour; cloth→stand→lantern
ok 683 - silent completion: detour; cloth→stand→lantern
  ---
  duration_ms: 0.844
  type: 'test'
  ...
# Subtest: silent completion: detour; lantern→cloth→stand
ok 684 - silent completion: detour; lantern→cloth→stand
  ---
  duration_ms: 0.5857
  type: 'test'
  ...
# Subtest: silent completion: detour; lantern→stand→cloth
ok 685 - silent completion: detour; lantern→stand→cloth
  ---
  duration_ms: 0.4835
  type: 'test'
  ...
# Subtest: silent completion: detour; stand→cloth→lantern
ok 686 - silent completion: detour; stand→cloth→lantern
  ---
  duration_ms: 0.7938
  type: 'test'
  ...
# Subtest: silent completion: detour; stand→lantern→cloth
ok 687 - silent completion: detour; stand→lantern→cloth
  ---
  duration_ms: 0.5769
  type: 'test'
  ...
# Subtest: new table never captures unpaid-delivery interaction on the overlap edge
ok 688 - new table never captures unpaid-delivery interaction on the overlap edge
  ---
  duration_ms: 0.747
  type: 'test'
  ...
# Subtest: finished preparation relinquishes its contextual interaction
ok 689 - finished preparation relinquishes its contextual interaction
  ---
  duration_ms: 0.4503
  type: 'test'
  ...
# Subtest: arrival is a boolean fact, not arbitrary truthy data
ok 690 - arrival is a boolean fact, not arbitrary truthy data
  ---
  duration_ms: 0.1984
  type: 'test'
  ...
# Subtest: missing arrival cannot grant invitation
ok 691 - missing arrival cannot grant invitation
  ---
  duration_ms: 0.065
  type: 'test'
  ...
# Subtest: invalid choice refuses without mutation: null
ok 692 - invalid choice refuses without mutation: null
  ---
  duration_ms: 0.771
  type: 'test'
  ...
# Subtest: invalid choice refuses without mutation: 1
ok 693 - invalid choice refuses without mutation: 1
  ---
  duration_ms: 0.46
  type: 'test'
  ...
# Subtest: invalid choice refuses without mutation: ["mill"]
ok 694 - invalid choice refuses without mutation: ["mill"]
  ---
  duration_ms: 0.4657
  type: 'test'
  ...
# Subtest: invalid choice refuses without mutation: {}
ok 695 - invalid choice refuses without mutation: {}
  ---
  duration_ms: 0.3655
  type: 'test'
  ...
# Subtest: invalid choice refuses without mutation: "constructor"
ok 696 - invalid choice refuses without mutation: "constructor"
  ---
  duration_ms: 0.6324
  type: 'test'
  ...
# Subtest: invalid choice refuses without mutation: "__proto__"
ok 697 - invalid choice refuses without mutation: "__proto__"
  ---
  duration_ms: 0.3653
  type: 'test'
  ...
# Subtest: invalid choice refuses without mutation: "unknown"
ok 698 - invalid choice refuses without mutation: "unknown"
  ---
  duration_ms: 0.2154
  type: 'test'
  ...
# Subtest: distant or wrong-scene acceptance cannot mutate state
ok 699 - distant or wrong-scene acceptance cannot mutate state
  ---
  duration_ms: 0.2397
  type: 'test'
  ...
# Subtest: distant or wrong-scene acceptance cannot mutate state
ok 700 - distant or wrong-scene acceptance cannot mutate state
  ---
  duration_ms: 0.1273
  type: 'test'
  ...
# Subtest: distant or wrong-scene acceptance cannot mutate state
ok 701 - distant or wrong-scene acceptance cannot mutate state
  ---
  duration_ms: 0.1422
  type: 'test'
  ...
# Subtest: impossible saved gathering is refused
ok 702 - impossible saved gathering is refused
  ---
  duration_ms: 0.2582
  type: 'test'
  ...
# Subtest: impossible saved gathering is refused
ok 703 - impossible saved gathering is refused
  ---
  duration_ms: 0.0768
  type: 'test'
  ...
# Subtest: impossible saved gathering is refused
ok 704 - impossible saved gathering is refused
  ---
  duration_ms: 0.0756
  type: 'test'
  ...
# Subtest: impossible saved gathering is refused
ok 705 - impossible saved gathering is refused
  ---
  duration_ms: 0.0725
  type: 'test'
  ...
# Subtest: impossible saved gathering is refused
ok 706 - impossible saved gathering is refused
  ---
  duration_ms: 0.0577
  type: 'test'
  ...
# Subtest: stop is safe even when an audio node already disconnected
ok 707 - stop is safe even when an audio node already disconnected
  ---
  duration_ms: 226.0725
  type: 'test'
  ...
# Subtest: suspended context starts no source until resume succeeds
ok 708 - suspended context starts no source until resume succeeds
  ---
  duration_ms: 184.4378
  type: 'test'
  ...
# Subtest: stopping while resume is pending prevents late music
ok 709 - stopping while resume is pending prevents late music
  ---
  duration_ms: 0.2357
  type: 'test'
  ...
# Subtest: a newer preview cannot be replaced by an older resume completion
ok 710 - a newer preview cannot be replaced by an older resume completion
  ---
  duration_ms: 169.8429
  type: 'test'
  ...
# Subtest: denied resume resolves false with no source or unhandled rejection
ok 711 - denied resume resolves false with no source or unhandled rejection
  ---
  duration_ms: 0.4594
  type: 'test'
  ...
# Subtest: failed source startup cleans every newly created node
ok 712 - failed source startup cleans every newly created node
  ---
  duration_ms: 153.9898
  type: 'test'
  ...
# Subtest: owner eligibility is rechecked after a delayed resume
ok 713 - owner eligibility is rechecked after a delayed resume
  ---
  duration_ms: 0.4037
  type: 'test'
  ...
# Subtest: an ended callback from an old source cannot stop new audio
ok 714 - an ended callback from an old source cannot stop new audio
  ---
  duration_ms: 296.8468
  type: 'test'
  ...
# Subtest: deterministic, finite, stereo music: mill
ok 715 - deterministic, finite, stereo music: mill
  ---
  duration_ms: 105.9956
  type: 'test'
  ...
# Subtest: deterministic, finite, stereo music: quarry
ok 716 - deterministic, finite, stereo music: quarry
  ---
  duration_ms: 111.4288
  type: 'test'
  ...
# Subtest: deterministic, finite, stereo music: detour
ok 717 - deterministic, finite, stereo music: detour
  ---
  duration_ms: 120.1377
  type: 'test'
  ...
# Subtest: absence adds only empty optional Heaven history and malformed/future histories refuse
ok 718 - absence adds only empty optional Heaven history and malformed/future histories refuse
  ---
  duration_ms: 14.1579
  type: 'test'
  ...
# Subtest: acceptance needs claimed Broken Choir and exact owner/revision; refusal changes nothing
ok 719 - acceptance needs claimed Broken Choir and exact owner/revision; refusal changes nothing
  ---
  duration_ms: 14.9335
  type: 'test'
  ...
# Subtest: manual defeat/arrival and unprepared invitation cannot manufacture history
ok 720 - manual defeat/arrival and unprepared invitation cannot manufacture history
  ---
  duration_ms: 3.9625
  type: 'test'
  ...
# Subtest: two locked attacks differ and grounded mirror lengthens only beam warning
ok 721 - two locked attacks differ and grounded mirror lengthens only beam warning
  ---
  duration_ms: 3.6741
  type: 'test'
  ...
# Subtest: real damage in windup is accepted, actual defeat saves once and no legacy loot is produced
ok 722 - real damage in windup is accepted, actual defeat saves once and no legacy loot is produced
  ---
  duration_ms: 3.5487
  type: 'test'
  ...
# Subtest: courier is one owned real actor, waits out of range and unfinished reload resets only its walk
ok 723 - courier is one owned real actor, waits out of range and unfinished reload resets only its walk
  ---
  duration_ms: 7.1668
  type: 'test'
  ...
# Subtest: courier completes every supported segment before actual arrival and save refusal remains retryable
ok 724 - courier completes every supported segment before actual arrival and save refusal remains retryable
  ---
  duration_ms: 60.5412
  type: 'test'
  ...
# Subtest: whole claim is atomic across costs/capacity/refusal and repeat IDs cannot pay twice
ok 725 - whole claim is atomic across costs/capacity/refusal and repeat IDs cannot pay twice
  ---
  duration_ms: 17.3784
  type: 'test'
  ...
# Subtest: welcome is explicit and lasting; activation is short transient ordinary use with no payout
ok 726 - welcome is explicit and lasting; activation is short transient ordinary use with no payout
  ---
  duration_ms: 5.1581
  type: 'test'
  ...
# Subtest: the real lock clips its entire beam width against existing cover and keeps art/contact identical
ok 727 - the real lock clips its entire beam width against existing cover and keeps art/contact identical
  ---
  duration_ms: 1.823
  type: 'test'
  ...
# Subtest: real arrow collision accepts a winding-up Heaven apparatus and reports one actual killing impact
ok 728 - real arrow collision accepts a winding-up Heaven apparatus and reports one actual killing impact
  ---
  duration_ms: 4.4816
  type: 'test'
  ...
# Subtest: real leave resets an unfinished courier before immediate re-entry; saved invitation stays intact
ok 729 - real leave resets an unfinished courier before immediate re-entry; saved invitation stays intact
  ---
  duration_ms: 3.2147
  type: 'test'
  ...
# Subtest: production adventure drawing preserves owned campaign matrices and contributes no generic warning
ok 730 - production adventure drawing preserves owned campaign matrices and contributes no generic warning
  ---
  duration_ms: 10.1415
  type: 'test'
  ...
# Subtest: courier gait follows actual supported distance and quiet settings retain a grounded stance
ok 731 - courier gait follows actual supported distance and quiet settings retain a grounded stance
  ---
  duration_ms: 6.4418
  type: 'test'
  ...
# Subtest: accepted recorded facts alone project static work; reading and art preserve every stored field
ok 732 - accepted recorded facts alone project static work; reading and art preserve every stored field
  ---
  duration_ms: 12.0006
  type: 'test'
  ...
# Subtest: every transformed static footprint uses existing ground, avoids existing solids and stays within the draw budget
ok 733 - every transformed static footprint uses existing ground, avoids existing solids and stays within the draw budget
  ---
  duration_ms: 43.8904
  type: 'test'
  ...
# accessible-assist: 67 static instances, 800 triangles
# broadened-activation: 67 static instances, 800 triangles
# Subtest: supplied optional mirror is loose until its own recorded action, and waymarks follow the exact existing escort route
ok 734 - supplied optional mirror is loose until its own recorded action, and waymarks follow the exact existing escort route
  ---
  duration_ms: 1.5289
  type: 'test'
  ...
# Subtest: both saved arrangements have distinct ordinary fittings readable on both faces while retaining three ceremonial notches per face
ok 735 - both saved arrangements have distinct ordinary fittings readable on both faces while retaining three ceremonial notches per face
  ---
  duration_ms: 3.6347
  type: 'test'
  ...
# Subtest: instrument motion belongs to a current matching bounded activation; pause, reduced motion and rest stay quiet
ok 736 - instrument motion belongs to a current matching bounded activation; pause, reduced motion and rest stay quiet
  ---
  duration_ms: 7.8497
  type: 'test'
  ...
# Subtest: each actual apparatus uses its owned runtime actor frame and all transformed body vertices fit the declared impact radius
ok 737 - each actual apparatus uses its owned runtime actor frame and all transformed body vertices fit the declared impact radius
  ---
  duration_ms: 43.3719
  type: 'test'
  ...
# Subtest: directed beam warning projects only the immutable locked rectangle, independent of later actor or player movement
ok 738 - directed beam warning projects only the immutable locked rectangle, independent of later actor or player movement
  ---
  duration_ms: 5.7427
  type: 'test'
  ...
# Subtest: stationary warning borders clear real authored paving and retain strong palette contrast without flashing
ok 739 - stationary warning borders clear real authored paving and retain strong palette contrast without flashing
  ---
  duration_ms: 14.2846
  type: 'test'
  ...
# Subtest: relay warning is a radial perimeter at the actual locked pulse center and never exceeds its real radius
ok 740 - relay warning is a radial perimeter at the actual locked pulse center and never exceeds its real radius
  ---
  duration_ms: 6.3891
  type: 'test'
  ...
# Subtest: a supplied lock clipped before the existing Garden instrument cannot project past cover, and zero length warns nowhere
ok 741 - a supplied lock clipped before the existing Garden instrument cannot project past cover, and zero length warns nowhere
  ---
  duration_ms: 5.8246
  type: 'test'
  ...
# Subtest: short positive cover-clipped beam warnings keep caps and directional notches inside the supplied locked length
ok 742 - short positive cover-clipped beam warnings keep caps and directional notches inside the supplied locked length
  ---
  duration_ms: 28.5685
  type: 'test'
  ...
# Subtest: combat pause and reduced motion preserve deterministic frames with actual phase differences
ok 743 - combat pause and reduced motion preserve deterministic frames with actual phase differences
  ---
  duration_ms: 2.1158
  type: 'test'
  ...
# Subtest: courier art uses only the actual transient actor and never reconstructs a second courier from saved invitation or arrival
ok 744 - courier art uses only the actual transient actor and never reconstructs a second courier from saved invitation or arrival
  ---
  duration_ms: 19.9031
  type: 'test'
  ...
# Subtest: worst-case union of all fittings, separately owned encounter frames and courier stays within the combined geometry budget
ok 745 - worst-case union of all fittings, separately owned encounter frames and courier stays within the combined geometry budget
  ---
  duration_ms: 2.4268
  type: 'test'
  ...
# 193 combined instances, 2928 triangles
# Subtest: journal, map, legend and page are pure; defeats and actual courier arrival have no completion buttons
ok 746 - journal, map, legend and page are pure; defeats and actual courier arrival have no completion buttons
  ---
  duration_ms: 2.3898
  type: 'test'
  ...
# Subtest: remote first invite and a reset escort walk link both reach the real staging anchor without work or actor creation
ok 747 - remote first invite and a reset escort walk link both reach the real staging anchor without work or actor creation
  ---
  duration_ms: 2.4469
  type: 'test'
  ...
# Subtest: active map position comes from the actual live courier while reset preserves only honest staging and destination guidance
ok 748 - active map position comes from the actual live courier while reset preserves only honest staging and destination guidance
  ---
  duration_ms: 0.947
  type: 'test'
  ...
# Subtest: arrival save refusal keeps the exact courier visible at its real destination and explains callback retries without claiming arrival or payment
ok 749 - arrival save refusal keeps the exact courier visible at its real destination and explains callback retries without claiming arrival or payment
  ---
  duration_ms: 1.3858
  type: 'test'
  ...
# Subtest: choice preview grants no work and confirmation submits the exact current character and revision
ok 750 - choice preview grants no work and confirmation submits the exact current character and revision
  ---
  duration_ms: 1.1969
  type: 'test'
  ...
# Subtest: stale active character, roster, adventure revision, sim, context identity, room and physical preview cannot dispatch a saved choice
ok 751 - stale active character, roster, adventure revision, sim, context identity, room and physical preview cannot dispatch a saved choice
  ---
  duration_ms: 5.4644
  type: 'test'
  ...
# Subtest: successful deliberate activation closes the workspace; refusals and stale owners preserve it with no presentation-owned mutation
ok 752 - successful deliberate activation closes the workspace; refusals and stale owners preserve it with no presentation-owned mutation
  ---
  duration_ms: 1.2435
  type: 'test'
  ...
# Subtest: verified choice recognition quotes the actual catalogue callers including the courier, without claiming an unpaid or clipped fee
ok 753 - verified choice recognition quotes the actual catalogue callers including the courier, without claiming an unpaid or clipped fee
  ---
  duration_ms: 1.6037
  type: 'test'
  ...
# Subtest: Heaven catalogue: frozen exact API imports without starting gameplay or changing older owners
ok 754 - Heaven catalogue: frozen exact API imports without starting gameplay or changing older owners
  ---
  duration_ms: 5.6766
  type: 'test'
  ...
# Subtest: Heaven entry: exact existing Broken Choir owner, ordinary source anchors and independent identities
ok 755 - Heaven entry: exact existing Broken Choir owner, ordinary source anchors and independent identities
  ---
  duration_ms: 7.1998
  type: 'test'
  ...
# Subtest: Heaven graph: all deliberate branches are acyclic and no preparation, defeat or escort is a fake button
ok 756 - Heaven graph: all deliberate branches are acyclic and no preparation, defeat or escort is a fake button
  ---
  duration_ms: 0.7198
  type: 'test'
  ...
# Subtest: Heaven branches: exhaust every legal fact set and both arrangements with and without supplied preparation
ok 757 - Heaven branches: exhaust every legal fact set and both arrangements with and without supplied preparation
  ---
  duration_ms: 1.9991
  type: 'test'
  ...
# Subtest: Heaven geography: every action, branch and return uses complete production support without opening the terrace
ok 758 - Heaven geography: every action, branch and return uses complete production support without opening the terrace
  ---
  duration_ms: 495.6886
  type: 'test'
  ...
# Subtest: Heaven enemy bodies: fixed body-qualified routes clear actual cover and reject player-only narrow clearance
ok 759 - Heaven enemy bodies: fixed body-qualified routes clear actual cover and reject player-only narrow clearance
  ---
  duration_ms: 60.0238
  type: 'test'
  ...
# Subtest: Heaven escort: the actual seven-point service loop clears the full courier body, including the bench detour
ok 760 - Heaven escort: the actual seven-point service loop clears the full courier body, including the bench detour
  ---
  duration_ms: 0.9077
  type: 'test'
  ...
# Subtest: Heaven encounters: directed beam and local pulse differ, admit ordinary damage and grant no separate rewards
ok 761 - Heaven encounters: directed beam and local pulse differ, admit ordinary damage and grant no separate rewards
  ---
  duration_ms: 0.3544
  type: 'test'
  ...
# Subtest: Heaven reward and choices: one common finite material fee, explicit public usability and earned recognition
ok 762 - Heaven reward and choices: one common finite material fee, explicit public usability and earned recognition
  ---
  duration_ms: 1055.1974
  type: 'test'
  ...
# Subtest: old worlds migrate only empty optional Hell state; all older fields are retained
ok 763 - old worlds migrate only empty optional Hell state; all older fields are retained
  ---
  duration_ms: 10.6065
  type: 'test'
  ...
# Subtest: unearned entry, stale revision and foreign character cannot accept or mutate
ok 764 - unearned entry, stale revision and foreign character cannot accept or mutate
  ---
  duration_ms: 4.0495
  type: 'test'
  ...
# Subtest: acceptance and physical work require whole durable success and exact prerequisites
ok 765 - acceptance and physical work require whole durable success and exact prerequisites
  ---
  duration_ms: 13.5338
  type: 'test'
  ...
# Subtest: full claim is atomic on every capacity boundary and save refusal; retries cannot duplicate
ok 766 - full claim is atomic on every capacity boundary and save refusal; retries cannot duplicate
  ---
  duration_ms: 35.8056
  type: 'test'
  ...
# Subtest: explicit lasting disposition validates choice, proximity and truth; reopen cannot overwrite
ok 767 - explicit lasting disposition validates choice, proximity and truth; reopen cannot overwrite
  ---
  duration_ms: 5.744
  type: 'test'
  ...
# Subtest: locked sweep/line geometry differs; tell aim cannot follow movement; supports affect matching recovery only
ok 768 - locked sweep/line geometry differs; tell aim cannot follow movement; supports affect matching recovery only
  ---
  duration_ms: 1.1716
  type: 'test'
  ...
# Subtest: actual combat alone can resolve Warden; closed armor gives no hit flash/number/HP; refusal preserves unpaid fight
ok 769 - actual combat alone can resolve Warden; closed armor gives no hit flash/number/HP; refusal preserves unpaid fight
  ---
  duration_ms: 3.7359
  type: 'test'
  ...
# Subtest: campaign roster retirement preserves unrelated salvage actor and paid history across reload
ok 770 - campaign roster retirement preserves unrelated salvage actor and paid history across reload
  ---
  duration_ms: 2.8902
  type: 'test'
  ...
# Subtest: real arrow collision rejects closed armor feedback but preserves confirmed killing hit feedback
ok 771 - real arrow collision rejects closed armor feedback but preserves confirmed killing hit feedback
  ---
  duration_ms: 5.2499
  type: 'test'
  ...
# Subtest: static work appears only for actual accepted recorded actions and never draws a second witness
ok 772 - static work appears only for actual accepted recorded actions and never draws a second witness
  ---
  duration_ms: 14.3797
  type: 'test'
  ...
# Subtest: all transformed service props have real supported ground and avoid canonical solids
ok 773 - all transformed service props have real supported ground and avoid canonical solids
  ---
  duration_ms: 42.4142
  type: 'test'
  ...
# Subtest: Unbind, Divert and License have different engine and plate shapes tied to the saved disposition
ok 774 - Unbind, Divert and License have different engine and plate shapes tied to the saved disposition
  ---
  duration_ms: 4.0986
  type: 'test'
  ...
# Subtest: supplied optional fittings visibly change from loose to seated only after their own action
ok 775 - supplied optional fittings visibly change from loose to seated only after their own action
  ---
  duration_ms: 1.0504
  type: 'test'
  ...
# Subtest: Veyr uses the canonical live actor frame and its entire transformed body fits the declared .65 impact radius
ok 776 - Veyr uses the canonical live actor frame and its entire transformed body fits the declared .65 impact radius
  ---
  duration_ms: 18.3316
  type: 'test'
  ...
# Subtest: locked rectangular warnings follow the immutable strike frame and preserve distinct broad/short versus narrow/long footprints
ok 777 - locked rectangular warnings follow the immutable strike frame and preserve distinct broad/short versus narrow/long footprints
  ---
  duration_ms: 4.3758
  type: 'test'
  ...
# Subtest: reduced motion and pause keep art deterministic across wall-clock samples while the real combat mode remains readable
ok 778 - reduced motion and pause keep art deterministic across wall-clock samples while the real combat mode remains readable
  ---
  duration_ms: 1.7546
  type: 'test'
  ...
# Subtest: journal, map and page are pure; route points never accept work or turn a combat defeat into a button
ok 779 - journal, map and page are pure; route points never accept work or turn a combat defeat into a button
  ---
  duration_ms: 1.7068
  type: 'test'
  ...
# Subtest: the verified saved choice has visible distinct Istra, Tovan and Neris recognition without a premature claim
ok 780 - the verified saved choice has visible distinct Istra, Tovan and Neris recognition without a premature claim
  ---
  duration_ms: 1.2313
  type: 'test'
  ...
# Subtest: a disposition requires explicit two-stage confirmation and retains expected character ownership
ok 781 - a disposition requires explicit two-stage confirmation and retains expected character ownership
  ---
  duration_ms: 1.0797
  type: 'test'
  ...
# Subtest: stale same-revision character, roster revision, physical position and campaign revision refuse a disposition preview without dispatch
ok 782 - stale same-revision character, roster revision, physical position and campaign revision refuse a disposition preview without dispatch
  ---
  duration_ms: 3.6764
  type: 'test'
  ...
# Subtest: Hell campaign data: exact frozen catalogue, source boundary and import without gameplay mutation
ok 783 - Hell campaign data: exact frozen catalogue, source boundary and import without gameplay mutation
  ---
  duration_ms: 7.4315
  type: 'test'
  ...
# Subtest: Hell campaign graph: consent, real combat, stabilization, deliberate disposition and verification
ok 784 - Hell campaign graph: consent, real combat, stabilization, deliberate disposition and verification
  ---
  duration_ms: 0.4009
  type: 'test'
  ...
# Subtest: Hell campaign geography: all authored anchors use supported existing ground and production paths
ok 785 - Hell campaign geography: all authored anchors use supported existing ground and production paths
  ---
  duration_ms: 683.9516
  type: 'test'
  ...
# Subtest: Hell campaign patterns: distinct fixed locked-shape terms and narrow optional recovery supports
ok 786 - Hell campaign patterns: distinct fixed locked-shape terms and narrow optional recovery supports
  ---
  duration_ms: 0.3691
  type: 'test'
  ...
# Subtest: Hell campaign body clearance: production paths respect Veyr radius around existing Bell Yard support
ok 787 - Hell campaign body clearance: production paths respect Veyr radius around existing Bell Yard support
  ---
  duration_ms: 3.6051
  type: 'test'
  ...
# Subtest: Hell campaign outcomes: three lasting local choices retain safety, truth and one common fixed fee
ok 788 - Hell campaign outcomes: three lasting local choices retain safety, truth and one common fixed fee
  ---
  duration_ms: 0.4459
  type: 'test'
  ...
# Subtest: absent homeHistory migrates to empty v1 without replaying claimed knowledge or prior fields
ok 789 - absent homeHistory migrates to empty v1 without replaying claimed knowledge or prior fields
  ---
  duration_ms: 13.6085
  type: 'test'
  ...
# Subtest: null, future, unknown, duplicate and malformed ledgers refuse instead of clearing
ok 790 - null, future, unknown, duplicate and malformed ledgers refuse instead of clearing
  ---
  duration_ms: 0.4959
  type: 'test'
  ...
# Subtest: a prior acceptance or complete unpaid work never grants ownership
ok 791 - a prior acceptance or complete unpaid work never grants ownership
  ---
  duration_ms: 2.3867
  type: 'test'
  ...
# Subtest: pin is independent of equipment projects and accepting story or work
ok 792 - pin is independent of equipment projects and accepting story or work
  ---
  duration_ms: 3.5813
  type: 'test'
  ...
# Subtest: memory-cuttings validates costs before spending and saves before adopting once-only ownership
ok 793 - memory-cuttings validates costs before spending and saves before adopting once-only ownership
  ---
  duration_ms: 7.4934
  type: 'test'
  ...
# Subtest: memory-cuttings missing material, wrong bench, paused/dead owner and stale revision leave exact state
ok 794 - memory-cuttings missing material, wrong bench, paused/dead owner and stale revision leave exact state
  ---
  duration_ms: 7.6165
  type: 'test'
  ...
# Subtest: memory-cuttings unowned and duplicate placements reject through save, direct decorate and forged history
ok 795 - memory-cuttings unowned and duplicate placements reject through save, direct decorate and forged history
  ---
  duration_ms: 4.1803
  type: 'test'
  ...
# Subtest: memory-cuttings deliberate move/remove and undo/redo save refusal keep history and costs atomic
ok 796 - memory-cuttings deliberate move/remove and undo/redo save refusal keep history and costs atomic
  ---
  duration_ms: 10.666
  type: 'test'
  ...
# Subtest: memory-cuttings original geometry is bounded by its declared floor footprint in all rotations
ok 797 - memory-cuttings original geometry is bounded by its declared floor footprint in all rotations
  ---
  duration_ms: 0.9895
  type: 'test'
  ...
# Subtest: memory-refuge validates costs before spending and saves before adopting once-only ownership
ok 798 - memory-refuge validates costs before spending and saves before adopting once-only ownership
  ---
  duration_ms: 4.2601
  type: 'test'
  ...
# Subtest: memory-refuge missing material, wrong bench, paused/dead owner and stale revision leave exact state
ok 799 - memory-refuge missing material, wrong bench, paused/dead owner and stale revision leave exact state
  ---
  duration_ms: 4.8374
  type: 'test'
  ...
# Subtest: memory-refuge unowned and duplicate placements reject through save, direct decorate and forged history
ok 800 - memory-refuge unowned and duplicate placements reject through save, direct decorate and forged history
  ---
  duration_ms: 2.8412
  type: 'test'
  ...
# Subtest: memory-refuge deliberate move/remove and undo/redo save refusal keep history and costs atomic
ok 801 - memory-refuge deliberate move/remove and undo/redo save refusal keep history and costs atomic
  ---
  duration_ms: 6.8837
  type: 'test'
  ...
# Subtest: memory-refuge original geometry is bounded by its declared floor footprint in all rotations
ok 802 - memory-refuge original geometry is bounded by its declared floor footprint in all rotations
  ---
  duration_ms: 0.2337
  type: 'test'
  ...
# Subtest: memory-bellglass validates costs before spending and saves before adopting once-only ownership
ok 803 - memory-bellglass validates costs before spending and saves before adopting once-only ownership
  ---
  duration_ms: 4.6641
  type: 'test'
  ...
# Subtest: memory-bellglass missing material, wrong bench, paused/dead owner and stale revision leave exact state
ok 804 - memory-bellglass missing material, wrong bench, paused/dead owner and stale revision leave exact state
  ---
  duration_ms: 3.9963
  type: 'test'
  ...
# Subtest: memory-bellglass unowned and duplicate placements reject through save, direct decorate and forged history
ok 805 - memory-bellglass unowned and duplicate placements reject through save, direct decorate and forged history
  ---
  duration_ms: 2.7362
  type: 'test'
  ...
# Subtest: memory-bellglass deliberate move/remove and undo/redo save refusal keep history and costs atomic
ok 806 - memory-bellglass deliberate move/remove and undo/redo save refusal keep history and costs atomic
  ---
  duration_ms: 9.3042
  type: 'test'
  ...
# Subtest: memory-bellglass original geometry is bounded by its declared floor footprint in all rotations
ok 807 - memory-bellglass original geometry is bounded by its declared floor footprint in all rotations
  ---
  duration_ms: 0.1548
  type: 'test'
  ...
# Subtest: memory-farroad validates costs before spending and saves before adopting once-only ownership
ok 808 - memory-farroad validates costs before spending and saves before adopting once-only ownership
  ---
  duration_ms: 3.6816
  type: 'test'
  ...
# Subtest: memory-farroad missing material, wrong bench, paused/dead owner and stale revision leave exact state
ok 809 - memory-farroad missing material, wrong bench, paused/dead owner and stale revision leave exact state
  ---
  duration_ms: 4.7866
  type: 'test'
  ...
# Subtest: memory-farroad unowned and duplicate placements reject through save, direct decorate and forged history
ok 810 - memory-farroad unowned and duplicate placements reject through save, direct decorate and forged history
  ---
  duration_ms: 2.5229
  type: 'test'
  ...
# Subtest: memory-farroad deliberate move/remove and undo/redo save refusal keep history and costs atomic
ok 811 - memory-farroad deliberate move/remove and undo/redo save refusal keep history and costs atomic
  ---
  duration_ms: 6.0888
  type: 'test'
  ...
# Subtest: memory-farroad original geometry is bounded by its declared floor footprint in all rotations
ok 812 - memory-farroad original geometry is bounded by its declared floor footprint in all rotations
  ---
  duration_ms: 0.1787
  type: 'test'
  ...
# Subtest: memory-crossing validates costs before spending and saves before adopting once-only ownership
ok 813 - memory-crossing validates costs before spending and saves before adopting once-only ownership
  ---
  duration_ms: 4.2576
  type: 'test'
  ...
# Subtest: memory-crossing missing material, wrong bench, paused/dead owner and stale revision leave exact state
ok 814 - memory-crossing missing material, wrong bench, paused/dead owner and stale revision leave exact state
  ---
  duration_ms: 4.3465
  type: 'test'
  ...
# Subtest: memory-crossing unowned and duplicate placements reject through save, direct decorate and forged history
ok 815 - memory-crossing unowned and duplicate placements reject through save, direct decorate and forged history
  ---
  duration_ms: 1.8048
  type: 'test'
  ...
# Subtest: memory-crossing deliberate move/remove and undo/redo save refusal keep history and costs atomic
ok 816 - memory-crossing deliberate move/remove and undo/redo save refusal keep history and costs atomic
  ---
  duration_ms: 6.5091
  type: 'test'
  ...
# Subtest: memory-crossing original geometry is bounded by its declared floor footprint in all rotations
ok 817 - memory-crossing original geometry is bounded by its declared floor footprint in all rotations
  ---
  duration_ms: 0.229
  type: 'test'
  ...
# Subtest: inside placement uses actual body position while durable snapshot keeps its home checkpoint
ok 818 - inside placement uses actual body position while durable snapshot keeps its home checkpoint
  ---
  duration_ms: 3.5342
  type: 'test'
  ...
# Subtest: one of each occupies four chosen slots with no extra power or campaign payout
ok 819 - one of each occupies four chosen slots with no extra power or campaign payout
  ---
  duration_ms: 6.7595
  type: 'test'
  ...
# Subtest: pending placement cannot transfer to another character with identical ownership and revision
ok 820 - pending placement cannot transfer to another character with identical ownership and revision
  ---
  duration_ms: 4.4969
  type: 'test'
  ...
# Subtest: all five trails distinguish unaccepted, active, ready and claimed saved facts
ok 821 - all five trails distinguish unaccepted, active, ready and claimed saved facts
  ---
  duration_ms: 19.1108
  type: 'test'
  ...
# Subtest: eligible work lists preparations, never a later locked encounter or optional work as required
ok 822 - eligible work lists preparations, never a later locked encounter or optional work as required
  ---
  duration_ms: 1.2742
  type: 'test'
  ...
# Subtest: one realm can retain a once-only trail and a separate repeat survey run without merging fees
ok 823 - one realm can retain a once-only trail and a separate repeat survey run without merging fees
  ---
  duration_ms: 1.1063
  type: 'test'
  ...
# Subtest: unpaid completion stays ahead of other work and paid trails have no next action
ok 824 - unpaid completion stays ahead of other work and paid trails have no next action
  ---
  duration_ms: 0.9141
  type: 'test'
  ...
# Subtest: journal and road statuses remain pure and never construct an escort actor
ok 825 - journal and road statuses remain pure and never construct an escort actor
  ---
  duration_ms: 3.3012
  type: 'test'
  ...
# Subtest: home journal retains exact fees, giver, progress and explicitly separate survey identity
ok 826 - home journal retains exact fees, giver, progress and explicitly separate survey identity
  ---
  duration_ms: 1.0213
  type: 'test'
  ...
# Subtest: empty journal gives a deliberate road entry and preserves campaign ordering below it
ok 827 - empty journal gives a deliberate road entry and preserves campaign ordering below it
  ---
  duration_ms: 0.6587
  type: 'test'
  ...
# Subtest: claim control is absent before completion and present only at the actual ready giver
ok 828 - claim control is absent before completion and present only at the actual ready giver
  ---
  duration_ms: 1.7111
  type: 'test'
  ...
# Subtest: survey claim control also requires its own complete current run at the correct separate giver
ok 829 - survey claim control also requires its own complete current run at the correct separate giver
  ---
  duration_ms: 1.2415
  type: 'test'
  ...
# Subtest: a recorded or prerequisite-locked dry route refuses stale controls without walking
ok 830 - a recorded or prerequisite-locked dry route refuses stale controls without walking
  ---
  duration_ms: 0.9758
  type: 'test'
  ...
# Subtest: a route uses the restored current simulation, refusing a previous character trail id
ok 831 - a route uses the restored current simulation, refusing a previous character trail id
  ---
  duration_ms: 1.3121
  type: 'test'
  ...
# Subtest: water, air-court and escort routes give guidance without impossible dry walks
ok 832 - water, air-court and escort routes give guidance without impossible dry walks
  ---
  duration_ms: 0.8074
  type: 'test'
  ...
# Subtest: available-action map legend routes dry work but names gallery controls instead of walking underwater
ok 833 - available-action map legend routes dry work but names gallery controls instead of walking underwater
  ---
  duration_ms: 1.1027
  type: 'test'
  ...
# Subtest: Road marker navigation uses the current realm return point and refuses unrelated or wet rooms
ok 834 - Road marker navigation uses the current realm return point and refuses unrelated or wet rooms
  ---
  duration_ms: 1.0528
  type: 'test'
  ...
# Subtest: road cards show claimed trails and current repeat runs as distinct records
ok 835 - road cards show claimed trails and current repeat runs as distinct records
  ---
  duration_ms: 0.5134
  type: 'test'
  ...
# Subtest: a brute with real displacement has alternating lifted and planted hooves
ok 836 - a brute with real displacement has alternating lifted and planted hooves
  ---
  duration_ms: 1.7435
  type: 'test'
  ...
# Subtest: brute hooves follow the actual animated leg endpoints without changing its world
ok 837 - brute hooves follow the actual animated leg endpoints without changing its world
  ---
  duration_ms: 3.1376
  type: 'test'
  ...
# Subtest: traveler cloth, skin and leather retain distinct physical material responses
ok 838 - traveler cloth, skin and leather retain distinct physical material responses
  ---
  duration_ms: 2.985
  type: 'test'
  ...
# Subtest: only real bow anticipation carries a visible nocked shaft, removed on release
ok 839 - only real bow anticipation carries a visible nocked shaft, removed on release
  ---
  duration_ms: 12.989
  type: 'test'
  ...
# Subtest: bow grip, string nock and anticipated shaft face the actual root shot direction
ok 840 - bow grip, string nock and anticipated shaft face the actual root shot direction
  ---
  duration_ms: 15.9953
  type: 'test'
  ...
# Subtest: the bow draw sleeve centers clear the fitted torso through anticipation and guard
ok 841 - the bow draw sleeve centers clear the fitted torso through anticipation and guard
  ---
  duration_ms: 1.8028
  type: 'test'
  ...
# Subtest: older world9 migrates optional localLife1 without altering existing histories
ok 842 - older world9 migrates optional localLife1 without altering existing histories
  ---
  duration_ms: 8.1741
  type: 'test'
  ...
# Subtest: current malformed/future local work refuses rather than resetting progress
ok 843 - current malformed/future local work refuses rather than resetting progress
  ---
  duration_ms: 0.4276
  type: 'test'
  ...
# Subtest: the new local ledger does not extend or rewrite the old five trail definitions
ok 844 - the new local ledger does not extend or rewrite the old five trail definitions
  ---
  duration_ms: 0.2425
  type: 'test'
  ...
# Subtest: heaven-propagation-bed-v1 rejects offsite acceptance, invalid arrangement and absent prerequisite atomically
ok 845 - heaven-propagation-bed-v1 rejects offsite acceptance, invalid arrangement and absent prerequisite atomically
  ---
  duration_ms: 16.6234
  type: 'test'
  ...
# Subtest: heaven-propagation-bed-v1 channel physical work, durable candidate refusal and exact one payout
ok 846 - heaven-propagation-bed-v1 channel physical work, durable candidate refusal and exact one payout
  ---
  duration_ms: 18.43
  type: 'test'
  ...
# Subtest: heaven-propagation-bed-v1 wick physical work, durable candidate refusal and exact one payout
ok 847 - heaven-propagation-bed-v1 wick physical work, durable candidate refusal and exact one payout
  ---
  duration_ms: 14.9888
  type: 'test'
  ...
# Subtest: hell-refuge-water-v1 rejects offsite acceptance, invalid arrangement and absent prerequisite atomically
ok 848 - hell-refuge-water-v1 rejects offsite acceptance, invalid arrangement and absent prerequisite atomically
  ---
  duration_ms: 4.6421
  type: 'test'
  ...
# Subtest: hell-refuge-water-v1 cartridge physical work, durable candidate refusal and exact one payout
ok 849 - hell-refuge-water-v1 cartridge physical work, durable candidate refusal and exact one payout
  ---
  duration_ms: 11.5961
  type: 'test'
  ...
# Subtest: hell-refuge-water-v1 hand-filter physical work, durable candidate refusal and exact one payout
ok 850 - hell-refuge-water-v1 hand-filter physical work, durable candidate refusal and exact one payout
  ---
  duration_ms: 9.9201
  type: 'test'
  ...
# Subtest: atlantis-bellglass-lamp-v1 rejects offsite acceptance, invalid arrangement and absent prerequisite atomically
ok 851 - atlantis-bellglass-lamp-v1 rejects offsite acceptance, invalid arrangement and absent prerequisite atomically
  ---
  duration_ms: 1.7013
  type: 'test'
  ...
# Subtest: atlantis-bellglass-lamp-v1 approach physical work, durable candidate refusal and exact one payout
ok 852 - atlantis-bellglass-lamp-v1 approach physical work, durable candidate refusal and exact one payout
  ---
  duration_ms: 10.1833
  type: 'test'
  ...
# Subtest: atlantis-bellglass-lamp-v1 desk physical work, durable candidate refusal and exact one payout
ok 853 - atlantis-bellglass-lamp-v1 desk physical work, durable candidate refusal and exact one payout
  ---
  duration_ms: 9.6119
  type: 'test'
  ...
# Subtest: cosmos-drawing-shelf-v1 rejects offsite acceptance, invalid arrangement and absent prerequisite atomically
ok 854 - cosmos-drawing-shelf-v1 rejects offsite acceptance, invalid arrangement and absent prerequisite atomically
  ---
  duration_ms: 1.872
  type: 'test'
  ...
# Subtest: cosmos-drawing-shelf-v1 route physical work, durable candidate refusal and exact one payout
ok 855 - cosmos-drawing-shelf-v1 route physical work, durable candidate refusal and exact one payout
  ---
  duration_ms: 6.246
  type: 'test'
  ...
# Subtest: cosmos-drawing-shelf-v1 sheltered physical work, durable candidate refusal and exact one payout
ok 856 - cosmos-drawing-shelf-v1 sheltered physical work, durable candidate refusal and exact one payout
  ---
  duration_ms: 6.8475
  type: 'test'
  ...
# Subtest: dry sites and both selected Heaven beds retain full canonical foot support
ok 857 - dry sites and both selected Heaven beds retain full canonical foot support
  ---
  duration_ms: 0.7502
  type: 'test'
  ...
# Subtest: Atlantis work requires actual gallery body depth and medium
ok 858 - Atlantis work requires actual gallery body depth and medium
  ---
  duration_ms: 3.9786
  type: 'test'
  ...
# Subtest: material capacity and 9999 XP boundary retain whole-payment atomicity
ok 859 - material capacity and 9999 XP boundary retain whole-payment atomicity
  ---
  duration_ms: 2.123
  type: 'test'
  ...
# Subtest: new art reads accepted state, emits finite supported shapes and preserves canonical state
ok 860 - new art reads accepted state, emits finite supported shapes and preserves canonical state
  ---
  duration_ms: 7.8466
  type: 'test'
  ...
# Subtest: both fitted Cosmos arrangements clear the production bench backrest
ok 861 - both fitted Cosmos arrangements clear the production bench backrest
  ---
  duration_ms: 3.5161
  type: 'test'
  ...
# Subtest: legacy Cosmos presentation is handed over only after explicit local acceptance
ok 862 - legacy Cosmos presentation is handed over only after explicit local acceptance
  ---
  duration_ms: 2.2534
  type: 'test'
  ...
# Subtest: gate lift is a pure projection of the existing saved repair
ok 863 - gate lift is a pure projection of the existing saved repair
  ---
  duration_ms: 2.1818
  type: 'test'
  ...
# Subtest: five separated timber planks have positive connected transforms and vertical grain
ok 864 - five separated timber planks have positive connected transforms and vertical grain
  ---
  duration_ms: 0.4895
  type: 'test'
  ...
# Subtest: jammed and repaired hardware differ without becoming navigation or camera authorities
ok 865 - jammed and repaired hardware differ without becoming navigation or camera authorities
  ---
  duration_ms: 0.3337
  type: 'test'
  ...
# Subtest: rack stays engaged with the fixed pinion in both leaf positions
ok 866 - rack stays engaged with the fixed pinion in both leaf positions
  ---
  duration_ms: 0.1812
  type: 'test'
  ...
# Subtest: fixed frame stays around the established bank anchor with three mapped members
ok 867 - fixed frame stays around the established bank anchor with three mapped members
  ---
  duration_ms: 0.4758
  type: 'test'
  ...
# Subtest: gate projection remains bounded to 29 moving parts and five timber instances
ok 868 - gate projection remains bounded to 29 moving parts and five timber instances
  ---
  duration_ms: 0.1905
  type: 'test'
  ...
# Subtest: Ansel keeps the exact Earth resident anchor and excludes navigation/camera ownership
ok 869 - Ansel keeps the exact Earth resident anchor and excludes navigation/camera ownership
  ---
  duration_ms: 3.7152
  type: 'test'
  ...
# Subtest: bounded body and tool transforms remain finite and positive through the full work cycle
ok 870 - bounded body and tool transforms remain finite and positive through the full work cycle
  ---
  duration_ms: 36.7328
  type: 'test'
  ...
# Subtest: both hands belong to the actual square frame throughout inspection
ok 871 - both hands belong to the actual square frame throughout inspection
  ---
  duration_ms: 0.8644
  type: 'test'
  ...
# Subtest: proper 3D segments connect both elbows, hands and legs without cross-body gaps
ok 872 - proper 3D segments connect both elbows, hands and legs without cross-body gaps
  ---
  duration_ms: 0.4879
  type: 'test'
  ...
# Subtest: feet meet the supplied ground and the square has a real right angle
ok 873 - feet meet the supplied ground and the square has a real right angle
  ---
  duration_ms: 0.3242
  type: 'test'
  ...
# Subtest: pure sampling changes only with supplied time and reduced motion keeps one complete stance
ok 874 - pure sampling changes only with supplied time and reduced motion keeps one complete stance
  ---
  duration_ms: 2.2958
  type: 'test'
  ...
# Subtest: creative presentation tick preserves sandbox blueprint and grid
ok 875 - creative presentation tick preserves sandbox blueprint and grid
  ---
  duration_ms: 7.8144
  type: 'test'
  ...
# Subtest: creative tick still clears its own stale playing and room-selection fields
ok 876 - creative tick still clears its own stale playing and room-selection fields
  ---
  duration_ms: 1.6315
  type: 'test'
  ...
# Subtest: selected slot and active music never replace another presentation owner
ok 877 - selected slot and active music never replace another presentation owner
  ---
  duration_ms: 2.1141
  type: 'test'
  ...
# Subtest: placement confirmation stays disabled before a tile is selected
ok 878 - placement confirmation stays disabled before a tile is selected
  ---
  duration_ms: 1.3796
  type: 'test'
  ...
# Subtest: explicit survey acceptance uses kit and the next expected sequence
ok 879 - explicit survey acceptance uses kit and the next expected sequence
  ---
  duration_ms: 17.7824
  type: 'test'
  ...
# Subtest: older saves acquire empty project data without changing XP or creative work
ok 880 - older saves acquire empty project data without changing XP or creative work
  ---
  duration_ms: 9.7813
  type: 'test'
  ...
# Subtest: a pin is a persisted attainable choice, not ownership or campaign consent
ok 881 - a pin is a persisted attainable choice, not ownership or campaign consent
  ---
  duration_ms: 3.4037
  type: 'test'
  ...
# Subtest: guide projects real craft sources and honest comparisons for an unowned weapon
ok 882 - guide projects real craft sources and honest comparisons for an unowned weapon
  ---
  duration_ms: 0.8348
  type: 'test'
  ...
# Subtest: next-step preview resolves the Ashwood prerequisite separately from the longbow target
ok 883 - next-step preview resolves the Ashwood prerequisite separately from the longbow target
  ---
  duration_ms: 1.0642
  type: 'test'
  ...
# Subtest: each prerequisite and target preview matches the actual craft then deliberate equip
ok 884 - each prerequisite and target preview matches the actual craft then deliberate equip
  ---
  duration_ms: 3.6843
  type: 'test'
  ...
# Subtest: next-step forge and both finite fittings match accepted commands without spending during preview
ok 885 - next-step forge and both finite fittings match accepted commands without spending during preview
  ---
  duration_ms: 3.3655
  type: 'test'
  ...
# Subtest: unequipped bow fitting preview keeps distinct sockets, health and Oren temper
ok 886 - unequipped bow fitting preview keeps distinct sockets, health and Oren temper
  ---
  duration_ms: 1.5357
  type: 'test'
  ...
# Subtest: finished, uncraftable and invalid project IDs have no invented next step
ok 887 - finished, uncraftable and invalid project IDs have no invented next step
  ---
  duration_ms: 1.4448
  type: 'test'
  ...
# Subtest: repeated immutable next-step previews keep XP, all history, cost, vitals and selected socket unchanged
ok 888 - repeated immutable next-step previews keep XP, all history, cost, vitals and selected socket unchanged
  ---
  duration_ms: 4.9013
  type: 'test'
  ...
# Subtest: Oren comparisons explicitly use current XP and do not project or award the separate XP reward
ok 889 - Oren comparisons explicitly use current XP and do not project or award the separate XP reward
  ---
  duration_ms: 11.8037
  type: 'test'
  ...
# Subtest: survey cannot be accepted remotely or before kit, and failed start is atomic
ok 890 - survey cannot be accepted remotely or before kit, and failed start is atomic
  ---
  duration_ms: 4.768
  type: 'test'
  ...
# Subtest: survey temporarily owns encounters without replaying the once-only quest
ok 891 - survey temporarily owns encounters without replaying the once-only quest
  ---
  duration_ms: 1.998
  type: 'test'
  ...
# Subtest: accepted sample events require run identity, proximity and once-per-run ownership
ok 892 - accepted sample events require run identity, proximity and once-per-run ownership
  ---
  duration_ms: 4.0132
  type: 'test'
  ...
# Subtest: actual defeat progresses the active run but creates no story defeat, cache or XP
ok 893 - actual defeat progresses the active run but creates no story defeat, cache or XP
  ---
  duration_ms: 1.1346
  type: 'test'
  ...
# Subtest: each deliberate completed run pays once, including after reload and receipt eviction
ok 894 - each deliberate completed run pays once, including after reload and receipt eviction
  ---
  duration_ms: 4.92
  type: 'test'
  ...
# Subtest: changed request IDs cannot claim an incomplete run or a stale entitlement
ok 895 - changed request IDs cannot claim an incomplete run or a stale entitlement
  ---
  duration_ms: 3.2755
  type: 'test'
  ...
# Subtest: full ore refuses the entire claim and preserves earned entitlement
ok 896 - full ore refuses the entire claim and preserves earned entitlement
  ---
  duration_ms: 1.232
  type: 'test'
  ...
# Subtest: full coins refuses the entire claim and preserves earned entitlement
ok 897 - full coins refuses the entire claim and preserves earned entitlement
  ---
  duration_ms: 0.8496
  type: 'test'
  ...
# Subtest: full fiber refuses the entire claim and preserves earned entitlement
ok 898 - full fiber refuses the entire claim and preserves earned entitlement
  ---
  duration_ms: 0.9058
  type: 'test'
  ...
# Subtest: finite fittings consume whole costs, keep equipped identity and preserve sockets
ok 899 - finite fittings consume whole costs, keep equipped identity and preserve sockets
  ---
  duration_ms: 1.2843
  type: 'test'
  ...
# Subtest: invalid, distant, out-of-order and missing-cost fittings never partly spend materials
ok 900 - invalid, distant, out-of-order and missing-cost fittings never partly spend materials
  ---
  duration_ms: 2.6873
  type: 'test'
  ...
# Subtest: improving an unequipped bow never equips it or changes the equipped socket
ok 901 - improving an unequipped bow never equips it or changes the equipped socket
  ---
  duration_ms: 0.2981
  type: 'test'
  ...
# Subtest: fittings affect both real damage paths and leave obstruction rules intact
ok 902 - fittings affect both real damage paths and leave obstruction rules intact
  ---
  duration_ms: 5.1375
  type: 'test'
  ...
# Subtest: present malformed ledgers refuse import instead of resetting paid history
ok 903 - present malformed ledgers refuse import instead of resetting paid history
  ---
  duration_ms: 4.9529
  type: 'test'
  ...
# Subtest: Darric remains at the supported existing anchor beside the real collection approach
ok 904 - Darric remains at the supported existing anchor beside the real collection approach
  ---
  duration_ms: 2.2454
  type: 'test'
  ...
# Subtest: complete actor and actual tool matrices remain finite positive and bounded across every stage
ok 905 - complete actor and actual tool matrices remain finite positive and bounded across every stage
  ---
  duration_ms: 71.1375
  type: 'test'
  ...
# Subtest: both gloved hands meet the real resting handle through every pose and stage
ok 906 - both gloved hands meet the real resting handle through every pose and stage
  ---
  duration_ms: 2.089
  type: 'test'
  ...
# Subtest: full 3D limb bases connect submitted endpoints instead of rotating only in one plane
ok 907 - full 3D limb bases connect submitted endpoints instead of rotating only in one plane
  ---
  duration_ms: 0.4612
  type: 'test'
  ...
# Subtest: transformed soles meet canonical shallow ground within six millimetres
ok 908 - transformed soles meet canonical shallow ground within six millimetres
  ---
  duration_ms: 0.4435
  type: 'test'
  ...
# Subtest: actual actor and mallet volumes clear collection stance sign and reserved blocks at pose extremes
ok 909 - actual actor and mallet volumes clear collection stance sign and reserved blocks at pose extremes
  ---
  duration_ms: 33.9573
  type: 'test'
  ...
# Subtest: actual mallet head clears body boxes and conservative round bounds through the full posing cycle
ok 910 - actual mallet head clears body boxes and conservative round bounds through the full posing cycle
  ---
  duration_ms: 364.6875
  type: 'test'
  ...
# Subtest: three stable individually tallied blocks project release only and twelve flush stones project packing only
ok 911 - three stable individually tallied blocks project release only and twelve flush stones project packing only
  ---
  duration_ms: 3.0773
  type: 'test'
  ...
# Subtest: pure pose uses only supplied simulation time and reduced motion freezes each complete stage
ok 912 - pure pose uses only supplied simulation time and reduced motion freezes each complete stage
  ---
  duration_ms: 6.2982
  type: 'test'
  ...
# Subtest: the pure API owns the nine retained points and two Elderweald residents, with unchanged names and deeply frozen profiles
ok 913 - the pure API owns the nine retained points and two Elderweald residents, with unchanged names and deeply frozen profiles
  ---
  duration_ms: 1.5754
  type: 'test'
  ...
# Subtest: actual production mesh vertices are finite, supported and bounded through real ground height and yaw
ok 914 - actual production mesh vertices are finite, supported and bounded through real ground height and yaw
  ---
  duration_ms: 350.8974
  type: 'test'
  ...
# Subtest: the exact actor meshes stay on current patches and clear authoritative nearby solid boxes
ok 915 - the exact actor meshes stay on current patches and clear authoritative nearby solid boxes
  ---
  duration_ms: 198.4872
  type: 'test'
  ...
# Subtest: actual beam mesh endpoints connect the named limb and tool joints under root transforms
ok 916 - actual beam mesh endpoints connect the named limb and tool joints under root transforms
  ---
  duration_ms: 3.2156
  type: 'test'
  ...
# Subtest: each useful tool actually touches its holding palm and has a supported component graph
ok 917 - each useful tool actually touches its holding palm and has a supported component graph
  ---
  duration_ms: 10.6828
  type: 'test'
  ...
# Subtest: Calen alone has source-backed folded wings joined to the real cloak surface and clear of hands and head
ok 918 - Calen alone has source-backed folded wings joined to the real cloak surface and clear of hands and head
  ---
  duration_ms: 17.7902
  type: 'test'
  ...
# Subtest: material combinations, clothing silhouettes and tools are distinct without assigning game classes or ancestry
ok 919 - material combinations, clothing silhouettes and tools are distinct without assigning game classes or ancestry
  ---
  duration_ms: 3.237
  type: 'test'
  ...
# Subtest: repeated time samples are pure, idle never walks or works, and pause/reduced motion are quiet
ok 920 - repeated time samples are pure, idle never walks or works, and pause/reduced motion are quiet
  ---
  duration_ms: 45.6225
  type: 'test'
  ...
# Subtest: unknown people, invalid anchors or output refuse before any partial mutation
ok 921 - unknown people, invalid anchors or output refuse before any partial mutation
  ---
  duration_ms: 0.5185
  type: 'test'
  ...
# Subtest: adventure 10 and missing optional trails preserve all ten XP boundaries and source input
ok 922 - adventure 10 and missing optional trails preserve all ten XP boundaries and source input
  ---
  duration_ms: 27.2968
  type: 'test'
  ...
# Subtest: current/future schemas refuse missing fields, foreign steps and impossible histories
ok 923 - current/future schemas refuse missing fields, foreign steps and impossible histories
  ---
  duration_ms: 7.0524
  type: 'test'
  ...
# Subtest: trail acceptance and realm fitting require their cross-owner earned histories on import
ok 924 - trail acceptance and realm fitting require their cross-owner earned histories on import
  ---
  duration_ms: 1.2179
  type: 'test'
  ...
# Subtest: acceptance requires the kit, correct realm, physical giver and living dry character
ok 925 - acceptance requires the kit, correct realm, physical giver and living dry character
  ---
  duration_ms: 5.0135
  type: 'test'
  ...
# Subtest: malformed transient XZ and depth cannot qualify a physical trail action
ok 926 - malformed transient XZ and depth cannot qualify a physical trail action
  ---
  duration_ms: 5.4904
  type: 'test'
  ...
# Subtest: accept/step refusal from throwing or unavailable persistence changes no live state
ok 927 - accept/step refusal from throwing or unavailable persistence changes no live state
  ---
  duration_ms: 6.4119
  type: 'test'
  ...
# Subtest: supply preparation is physical, dependency-checked and grants nothing before claim
ok 928 - supply preparation is physical, dependency-checked and grants nothing before claim
  ---
  duration_ms: 4.2891
  type: 'test'
  ...
# Subtest: wet readings need actual depth/body medium and cannot be recorded on the overhead deck
ok 929 - wet readings need actual depth/body medium and cannot be recorded on the overhead deck
  ---
  duration_ms: 4.111
  type: 'test'
  ...
# Subtest: Bellglass chart works in the actual air court and wrong choices are costless refusals
ok 930 - Bellglass chart works in the actual air court and wrong choices are costless refusals
  ---
  duration_ms: 5.3946
  type: 'test'
  ...
# Subtest: each material slot and currency limit refuses the whole declared claim, then exact capacity succeeds
ok 931 - each material slot and currency limit refuses the whole declared claim, then exact capacity succeeds
  ---
  duration_ms: 14.5948
  type: 'test'
  ...
# Subtest: claim validates/saves the full paid candidate before applying it and retains live owner objects
ok 932 - claim validates/saves the full paid candidate before applying it and retains live owner objects
  ---
  duration_ms: 9.0242
  type: 'test'
  ...
# Subtest: claim clamps XP at 9999 without replacing the retained five-level curve
ok 933 - claim clamps XP at 9999 without replacing the retained five-level curve
  ---
  duration_ms: 3.607
  type: 'test'
  ...
# Subtest: partial, ready and paid records survive snapshot/reload without accepting or paying again
ok 934 - partial, ready and paid records survive snapshot/reload without accepting or paying again
  ---
  duration_ms: 5.1427
  type: 'test'
  ...
# Subtest: a real in-memory character Store makes quota refusal atomic and pays one saved entitlement
ok 935 - a real in-memory character Store makes quota refusal atomic and pays one saved entitlement
  ---
  duration_ms: 5.3676
  type: 'test'
  ...
# Subtest: a missing saver refuses claim and fitting without recording a false durable success
ok 936 - a missing saver refuses claim and fitting without recording a false durable success
  ---
  duration_ms: 6.448
  type: 'test'
  ...
# Subtest: managed Store writer and changed-source refusals preserve the complete unpaid trail
ok 937 - managed Store writer and changed-source refusals preserve the complete unpaid trail
  ---
  duration_ms: 11.367
  type: 'test'
  ...
# Subtest: independent character worlds keep trail claims and the fitting entitlement separate
ok 938 - independent character worlds keep trail claims and the fitting entitlement separate
  ---
  duration_ms: 7.4175
  type: 'test'
  ...
# Subtest: a fitting requires claimed work, an outdoor bench, life, an owned weapon and complete cost
ok 939 - a fitting requires claimed work, an outdoor bench, life, an owned weapon and complete cost
  ---
  duration_ms: 30.1855
  type: 'test'
  ...
# Subtest: finite fitting spends only after persistence and adds exactly three to the selected equipped blade
ok 940 - finite fitting spends only after persistence and adds exactly three to the selected equipped blade
  ---
  duration_ms: 5.1538
  type: 'test'
  ...
# Subtest: fitting an unequipped canonical bow never equips it and the one global spend excludes another weapon
ok 941 - fitting an unequipped canonical bow never equips it and the one global spend excludes another weapon
  ---
  duration_ms: 5.3574
  type: 'test'
  ...
# Subtest: returning finite starter/river work, ruby, pinned project, banked XP and weapon behavior survive fitting
ok 942 - returning finite starter/river work, ruby, pinned project, banked XP and weapon behavior survive fitting
  ---
  duration_ms: 5.9304
  type: 'test'
  ...
# Subtest: accepted Atlantis pages are readable at home and from another realm after cold reload
ok 943 - accepted Atlantis pages are readable at home and from another realm after cold reload
  ---
  duration_ms: 3.3552
  type: 'test'
  ...
# Subtest: all legal Southern progress snapshots emit bounded supported kinds and finite positive production matrices
ok 944 - all legal Southern progress snapshots emit bounded supported kinds and finite positive production matrices
  ---
  duration_ms: 54.5732
  type: 'test'
  ...
# Subtest: appearance projects acceptance and each true step; the packed job appears only after all supplies and packing
ok 945 - appearance projects acceptance and each true step; the packed job appears only after all supplies and packing
  ---
  duration_ms: 2.9713
  type: 'test'
  ...
# Subtest: Bellglass reveals separate recorded readings, corrected layered chart and fitted marker without erasing the older scale
ok 946 - Bellglass reveals separate recorded readings, corrected layered chart and fitted marker without erasing the older scale
  ---
  duration_ms: 3.9582
  type: 'test'
  ...
# Subtest: actual Earth mesh feet stay on canonical ground and clear walking, task and giver body envelopes
ok 947 - actual Earth mesh feet stay on canonical ground and clear walking, task and giver body envelopes
  ---
  duration_ms: 104.8296
  type: 'test'
  ...
# Subtest: actual Bellglass full meshes clear the complete XYZ visitor route, dive blockers and step bodies
ok 948 - actual Bellglass full meshes clear the complete XYZ visitor route, dive blockers and step bodies
  ---
  duration_ms: 7.7946
  type: 'test'
  ...
# Subtest: desk, inclined layered chart, suspended gauge and bed-mounted feet meet their real supports
ok 949 - desk, inclined layered chart, suspended gauge and bed-mounted feet meet their real supports
  ---
  duration_ms: 1.9362
  type: 'test'
  ...
# Subtest: bed, court and suspended-gauge support heights agree with the actual generic scene writer
ok 950 - bed, court and suspended-gauge support heights agree with the actual generic scene writer
  ---
  duration_ms: 6.8718
  type: 'test'
  ...
# Subtest: South work geometry is static across pause, time, reduced motion and both camera settings; all input data stays unchanged
ok 951 - South work geometry is static across pause, time, reduced motion and both camera settings; all input data stays unchanged
  ---
  duration_ms: 12.5869
  type: 'test'
  ...
# Subtest: real trail commands leave the chart unconnected after wrong choice or refused save, then project a committed correction
ok 952 - real trail commands leave the chart unconnected after wrong choice or refused save, then project a committed correction
  ---
  duration_ms: 7.8452
  type: 'test'
  ...
# Subtest: six northern and Cosmos projections retain pinned base output without depending on Git history
ok 953 - six northern and Cosmos projections retain pinned base output without depending on Git history
  ---
  duration_ms: 3.3269
  type: 'test'
  ...
# Subtest: browser global and CommonJS preserve the original interface and add no foreign global authority
ok 954 - browser global and CommonJS preserve the original interface and add no foreign global authority
  ---
  duration_ms: 1.3641
  type: 'test'
  ...
# Subtest: one stable finite definition has supported schema and exact declared payment
ok 955 - one stable finite definition has supported schema and exact declared payment
  ---
  duration_ms: 1.1261
  type: 'test'
  ...
# Subtest: every nested catalogue value is immutable, including target anchors
ok 956 - every nested catalogue value is immutable, including target anchors
  ---
  duration_ms: 0.338
  type: 'test'
  ...
# Subtest: instrument readings follow the actual authored XZ anchors and strict finite scale
ok 957 - instrument readings follow the actual authored XZ anchors and strict finite scale
  ---
  duration_ms: 0.2434
  type: 'test'
  ...
# Subtest: both optical targets agree with geometry actually submitted by CosmosArt
ok 958 - both optical targets agree with geometry actually submitted by CosmosArt
  ---
  duration_ms: 20.7302
  type: 'test'
  ...
# Subtest: giver and all three actions use actual dry floor, radius clearance and line access
ok 959 - giver and all three actions use actual dry floor, radius clearance and line access
  ---
  duration_ms: 0.6762
  type: 'test'
  ...
# Subtest: complete out-and-back circuit follows production segments with dense radius-safe samples
ok 960 - complete out-and-back circuit follows production segments with dense radius-safe samples
  ---
  duration_ms: 12.7294
  type: 'test'
  ...
# Subtest: data loading and browser export do not invoke save, simulation, reward or art authority
ok 961 - data loading and browser export do not invoke save, simulation, reward or art authority
  ---
  duration_ms: 8.8049
  type: 'test'
  ...
# Subtest: two real sight stations expose earned comparator preview without mutating the world
ok 962 - two real sight stations expose earned comparator preview without mutating the world
  ---
  duration_ms: 129.6444
  type: 'test'
  ...
# Subtest: misaligned, absent, remote, nonfinite and out-of-scale calibration cannot record or spend
ok 963 - misaligned, absent, remote, nonfinite and out-of-scale calibration cannot record or spend
  ---
  duration_ms: 93.1207
  type: 'test'
  ...
# Subtest: unrecorded dial resets on cold reload; recorded values, prerequisites and once-only claim survive
ok 964 - unrecorded dial resets on cold reload; recorded values, prerequisites and once-only claim survive
  ---
  duration_ms: 464.8641
  type: 'test'
  ...
# Subtest: save refusal leaves an aligned physical comparator retryable and its earned state unchanged
ok 965 - save refusal leaves an aligned physical comparator retryable and its earned state unchanged
  ---
  duration_ms: 40.7705
  type: 'test'
  ...
# Subtest: import refuses fabricated instrument histories while preserving source objects
ok 966 - import refuses fabricated instrument histories while preserving source objects
  ---
  duration_ms: 6.5032
  type: 'test'
  ...
# Subtest: north trails: exact frozen catalogue contract and distinct persistent namespaces
ok 967 - north trails: exact frozen catalogue contract and distinct persistent namespaces
  ---
  duration_ms: 6.1331
  type: 'test'
  ...
# Subtest: Heaven: three independent relay actions, optional real opening and post-defeat physical repair
ok 968 - Heaven: three independent relay actions, optional real opening and post-defeat physical repair
  ---
  duration_ms: 0.2517
  type: 'test'
  ...
# Subtest: Hell: all route safety is required; actual ally arrival follows separate defeat and explicit invitation
ok 969 - Hell: all route safety is required; actual ally arrival follows separate defeat and explicit invitation
  ---
  duration_ms: 0.2874
  type: 'test'
  ...
# Subtest: graph guard detects cycles, unknown prerequisites, optional completion gates and encounter mismatch
ok 970 - graph guard detects cycles, unknown prerequisites, optional completion gates and encounter mismatch
  ---
  duration_ms: 2.4343
  type: 'test'
  ...
# Subtest: heaven: production ground, exact collision and navigation provide every action a giver/home return
ok 971 - heaven: production ground, exact collision and navigation provide every action a giver/home return
  ---
  duration_ms: 895.0336
  type: 'test'
  ...
# Subtest: heaven: production accepted movement physically walks ordered work and freely returns home
ok 972 - heaven: production accepted movement physically walks ordered work and freely returns home
  ---
  duration_ms: 185.7485
  type: 'test'
  ...
# Subtest: hell: production ground, exact collision and navigation provide every action a giver/home return
ok 973 - hell: production ground, exact collision and navigation provide every action a giver/home return
  ---
  duration_ms: 1939.7498
  type: 'test'
  ...
# Subtest: hell: production accepted movement physically walks ordered work and freely returns home
ok 974 - hell: production accepted movement physically walks ordered work and freely returns home
  ---
  duration_ms: 301.0371
  type: 'test'
  ...
# Subtest: Hell: supported escorted macro route uses a real culvert detour and remains within Refuge at its endpoint
ok 975 - Hell: supported escorted macro route uses a real culvert detour and remains within Refuge at its endpoint
  ---
  duration_ms: 134.1164
  type: 'test'
  ...
# Subtest: catalogue is deterministic inert data in browser and CommonJS hosts, with no save/scene/reward effects
ok 976 - catalogue is deterministic inert data in browser and CommonJS hosts, with no save/scene/reward effects
  ---
  duration_ms: 4.7802
  type: 'test'
  ...
# Subtest: acceptance needs the correct realm, initial kit and physical giver; inspecting/failed actions remain inert
ok 977 - acceptance needs the correct realm, initial kit and physical giver; inspecting/failed actions remain inert
  ---
  duration_ms: 45.8315
  type: 'test'
  ...
# Subtest: interactions require actual proximity and all DAG preparations; combat/escort steps cannot be clicked complete
ok 978 - interactions require actual proximity and all DAG preparations; combat/escort steps cannot be clicked complete
  ---
  duration_ms: 12.282
  type: 'test'
  ...
# Subtest: strict escort history rejects impossible arrival/checkpoint records while legacy saves migrate without trail credit
ok 979 - strict escort history rejects impossible arrival/checkpoint records while legacy saves migrate without trail credit
  ---
  duration_ms: 3.1133
  type: 'test'
  ...
# Subtest: story death accepts only the current actual zero-HP actor; replay has no legacy loot or payout
ok 980 - story death accepts only the current actual zero-HP actor; replay has no legacy loot or payout
  ---
  duration_ms: 22.9235
  type: 'test'
  ...
# Subtest: Heaven closed bearing records no hit; actual pulse recovery is 1.8 and preparation changes a later real opening to 2.6
ok 981 - Heaven closed bearing records no hit; actual pulse recovery is 1.8 and preparation changes a later real opening to 2.6
  ---
  duration_ms: 14.3958
  type: 'test'
  ...
# Subtest: same-room story roster update preserves current enemy HP/intent, real arrow, companion, effects and invincibility
ok 982 - same-room story roster update preserves current enemy HP/intent, real arrow, companion, effects and invincibility
  ---
  duration_ms: 114.2709
  type: 'test'
  ...
# Subtest: missing or refused durable combat saver cannot manufacture a defeat; successful retry records it once
ok 983 - missing or refused durable combat saver cannot manufacture a defeat; successful retry records it once
  ---
  duration_ms: 27.2137
  type: 'test'
  ...
# Subtest: real Neris waits for distance and explicit wait/follow; player-only arrival cannot finish rescue
ok 984 - real Neris waits for distance and explicit wait/follow; player-only arrival cannot finish rescue
  ---
  duration_ms: 141.8198
  type: 'test'
  ...
# Subtest: actual ordinary sentinel death stops escort; cold reload/revive resumes durable safe checkpoint and owns a fresh actor
ok 985 - actual ordinary sentinel death stops escort; cold reload/revive resumes durable safe checkpoint and owns a fresh actor
  ---
  duration_ms: 86.0018
  type: 'test'
  ...
# Subtest: refused checkpoint save stays retryable; actual arrival can only be adopted after saver accepts
ok 986 - refused checkpoint save stays retryable; actual arrival can only be adopted after saver accepts
  ---
  duration_ms: 19.1868
  type: 'test'
  ...
# Subtest: explicit assisted extraction is distinct, actual Refuge placement and save-atomic; completion survives unpaid reload
ok 987 - explicit assisted extraction is distinct, actual Refuge placement and save-atomic; completion survives unpaid reload
  ---
  duration_ms: 13.262
  type: 'test'
  ...
# Subtest: ready claim is physical, atomic, once-only and retained on capacity/save refusal and cold replay
ok 988 - ready claim is physical, atomic, once-only and retained on capacity/save refusal and cold replay
  ---
  duration_ms: 21.767
  type: 'test'
  ...
# Subtest: finite fitting preserves selected identity, actual prior socket, validated prior pursuit bonus and global once limit
ok 989 - finite fitting preserves selected identity, actual prior socket, validated prior pursuit bonus and global once limit
  ---
  duration_ms: 17.7766
  type: 'test'
  ...
# Subtest: both terms are deeply frozen and browser/CommonJS exports agree without mutable service access
ok 990 - both terms are deeply frozen and browser/CommonJS exports agree without mutable service access
  ---
  duration_ms: 3.3278
  type: 'test'
  ...
# Subtest: stable terms, finite step topology and choice references match the approved data contract
ok 991 - stable terms, finite step topology and choice references match the approved data contract
  ---
  duration_ms: 0.6527
  type: 'test'
  ...
# Subtest: givers retain current canonical point ownership and every dry step has supported collision-free ground
ok 992 - givers retain current canonical point ownership and every dry step has supported collision-free ground
  ---
  duration_ms: 4.8316
  type: 'test'
  ...
# Subtest: the complete dry circuit follows real supported segments and stays outside the optional foe detection radius
ok 993 - the complete dry circuit follows real supported segments and stays outside the optional foe detection radius
  ---
  duration_ms: 55.4103
  type: 'test'
  ...
# Subtest: underwater and air-court anchors agree with actual full-body clearance and character medium
ok 994 - underwater and air-court anchors agree with actual full-body clearance and character medium
  ---
  duration_ms: 8.1519
  type: 'test'
  ...
# Subtest: production depth movement reaches every new anchor through the real doorway and east lane, then exits
ok 995 - production depth movement reaches every new anchor through the real doorway and east lane, then exits
  ---
  duration_ms: 3.0715
  type: 'test'
  ...
# Subtest: the material claim supports an existing recipe without a new item, resource node or weapon stat
ok 996 - the material claim supports an existing recipe without a new item, resource node or weapon stat
  ---
  duration_ms: 0.2364
  type: 'test'
  ...
# Subtest: labels distinguish job supplies, physical depth, protected history and finite claimed materials
ok 997 - labels distinguish job supplies, physical depth, protected history and finite claimed materials
  ---
  duration_ms: 0.1463
  type: 'test'
  ...
# Subtest: horizontal reflection keeps every point on its plane fixed
ok 998 - horizontal reflection keeps every point on its plane fixed
  ---
  duration_ms: 1.0307
  type: 'test'
  ...
# Subtest: reflection applied twice restores a point
ok 999 - reflection applied twice restores a point
  ---
  duration_ms: 0.2093
  type: 'test'
  ...
# Subtest: actual render matrix keeps contact UV invariant at many view angles
ok 1000 - actual render matrix keeps contact UV invariant at many view angles
  ---
  duration_ms: 1.6393
  type: 'test'
  ...
# Subtest: reflected height changes vertical position but not lateral direction
ok 1001 - reflected height changes vertical position but not lateral direction
  ---
  duration_ms: 0.8292
  type: 'test'
  ...
# Subtest: regression specimen detects the previous reflected-lookAt defect
ok 1002 - regression specimen detects the previous reflected-lookAt defect
  ---
  duration_ms: 0.18
  type: 'test'
  ...
# Subtest: non-finite reflection height is rejected
ok 1003 - non-finite reflection height is rejected
  ---
  duration_ms: 0.2889
  type: 'test'
  ...
# Subtest: road defaults are distinct records and start without progress
ok 1004 - road defaults are distinct records and start without progress
  ---
  duration_ms: 1.5177
  type: 'test'
  ...
# Subtest: all route destinations are on terrain; river and trunks are obstacles
ok 1005 - all route destinations are on terrain; river and trunks are obstacles
  ---
  duration_ms: 1.2526
  type: 'test'
  ...
# Subtest: visibility rejects invalid endpoints, extreme inputs, and water crossing
ok 1006 - visibility rejects invalid endpoints, extreme inputs, and water crossing
  ---
  duration_ms: 0.5901
  type: 'test'
  ...
# Subtest: consistent completed road validates and all objectives complete
ok 1007 - consistent completed road validates and all objectives complete
  ---
  duration_ms: 0.4462
  type: 'test'
  ...
# Subtest: unearned and duplicate facts are rejected rather than reset
ok 1008 - unearned and duplicate facts are rejected rather than reset
  ---
  duration_ms: 0.6409
  type: 'test'
  ...
# Subtest: road validation requires story, companion, and encounter prerequisites
ok 1009 - road validation requires story, companion, and encounter prerequisites
  ---
  duration_ms: 0.2435
  type: 'test'
  ...
# Subtest: world05 migrates without changing any prior creative/sandbox fields
ok 1010 - world05 migrates without changing any prior creative/sandbox fields
  ---
  duration_ms: 547.5397
  type: 'test'
  ...
# Subtest: all supported previous schemas migrate without road wins
ok 1011 - all supported previous schemas migrate without road wins
  ---
  duration_ms: 6.4031
  type: 'test'
  ...
# Subtest: adapter migration writes new key and leaves previous key unchanged
ok 1012 - adapter migration writes new key and leaves previous key unchanged
  ---
  duration_ms: 2.1533
  type: 'test'
  ...
# Subtest: gate refuses unfinished chapter without mutation
ok 1013 - gate refuses unfinished chapter without mutation
  ---
  duration_ms: 8.1176
  type: 'test'
  ...
# Subtest: gate refuses remote and wrong-scene entry
ok 1014 - gate refuses remote and wrong-scene entry
  ---
  duration_ms: 7.5926
  type: 'test'
  ...
# Subtest: earned gift allows entry and preserves exterior restart
ok 1015 - earned gift allows entry and preserves exterior restart
  ---
  duration_ms: 2.5255
  type: 'test'
  ...
# Subtest: normal road return is restricted to southern gate
ok 1016 - normal road return is restricted to southern gate
  ---
  duration_ms: 3.8749
  type: 'test'
  ...
# Subtest: road save reopens safely outside with progress retained
ok 1017 - road save reopens safely outside with progress retained
  ---
  duration_ms: 2.8001
  type: 'test'
  ...
# Subtest: all map landmarks and encounter origins walkable
ok 1018 - all map landmarks and encounter origins walkable
  ---
  duration_ms: 0.2983
  type: 'test'
  ...
# Subtest: river blocks nonbridge crossings and rejects nonfinite coordinates
ok 1019 - river blocks nonbridge crossings and rejects nonfinite coordinates
  ---
  duration_ms: 0.2548
  type: 'test'
  ...
# Subtest: boulders cart tower and trunks all participate in collision
ok 1020 - boulders cart tower and trunks all participate in collision
  ---
  duration_ms: 0.2866
  type: 'test'
  ...
# Subtest: path crosses bridge instead of cutting across water
ok 1021 - path crosses bridge instead of cutting across water
  ---
  duration_ms: 20.536
  type: 'test'
  ...
# Subtest: dodge does not tunnel through the river
ok 1022 - dodge does not tunnel through the river
  ---
  duration_ms: 2.4116
  type: 'test'
  ...
# Subtest: new encounters do not enable village combat
ok 1023 - new encounters do not enable village combat
  ---
  duration_ms: 3.6964
  type: 'test'
  ...
# Subtest: melee cannot hit through solid road geometry
ok 1024 - melee cannot hit through solid road geometry
  ---
  duration_ms: 3.0335
  type: 'test'
  ...
# Subtest: Seek needs bonded Follow fox and a nearby discoverable scent
ok 1025 - Seek needs bonded Follow fox and a nearby discoverable scent
  ---
  duration_ms: 5.1996
  type: 'test'
  ...
# Subtest: discovery only occurs after physical path travel
ok 1026 - discovery only occurs after physical path travel
  ---
  duration_ms: 18.2284
  type: 'test'
  ...
# Subtest: Stay cancels pending scent without issuing discovery
ok 1027 - Stay cancels pending scent without issuing discovery
  ---
  duration_ms: 10.7807
  type: 'test'
  ...
# Subtest: leaving cancels scent instead of revealing cache remotely
ok 1028 - leaving cancels scent instead of revealing cache remotely
  ---
  duration_ms: 3.291
  type: 'test'
  ...
# Subtest: unrevealed distant or already claimed cache refuses without mutation
ok 1029 - unrevealed distant or already claimed cache refuses without mutation
  ---
  duration_ms: 4.5717
  type: 'test'
  ...
# Subtest: cache overflow keeps balances and unclaimed discovery
ok 1030 - cache overflow keeps balances and unclaimed discovery
  ---
  duration_ms: 2.2149
  type: 'test'
  ...
# Subtest: cache retry does not duplicate rewards
ok 1031 - cache retry does not duplicate rewards
  ---
  duration_ms: 2.1515
  type: 'test'
  ...
# Subtest: repair needs latch prowler ore and proximity
ok 1032 - repair needs latch prowler ore and proximity
  ---
  duration_ms: 5.3063
  type: 'test'
  ...
# Subtest: repair charges exactly once under any command id
ok 1033 - repair charges exactly once under any command id
  ---
  duration_ms: 2.0118
  type: 'test'
  ...
# Subtest: shop refuses unopened remote and wrong-scene trades
ok 1034 - shop refuses unopened remote and wrong-scene trades
  ---
  duration_ms: 7.83
  type: 'test'
  ...
# Subtest: tonic purchase obeys cost capacity and idempotency
ok 1035 - tonic purchase obeys cost capacity and idempotency
  ---
  duration_ms: 2.7338
  type: 'test'
  ...
# Subtest: changed trade offer under same id is refused
ok 1036 - changed trade offer under same id is refused
  ---
  duration_ms: 2.581
  type: 'test'
  ...
# Subtest: unique mantle costs 18 and can be equipped not repurchased
ok 1037 - unique mantle costs 18 and can be equipped not repurchased
  ---
  duration_ms: 2.2915
  type: 'test'
  ...
# Subtest: insufficient currency preserves equipment and balance
ok 1038 - insufficient currency preserves equipment and balance
  ---
  duration_ms: 2.9916
  type: 'test'
  ...
# Subtest: copper sale exact and bounded
ok 1039 - copper sale exact and bounded
  ---
  duration_ms: 2.5773
  type: 'test'
  ...
# Subtest: sunberry sale consumes actual sandbox garden produce
ok 1040 - sunberry sale consumes actual sandbox garden produce
  ---
  duration_ms: 2.8503
  type: 'test'
  ...
# Subtest: unknown trade never falls through to an offer
ok 1041 - unknown trade never falls through to an offer
  ---
  duration_ms: 3.9045
  type: 'test'
  ...
# Subtest: pause freezes scent movement and time and refuses actions
ok 1042 - pause freezes scent movement and time and refuses actions
  ---
  duration_ms: 2.8392
  type: 'test'
  ...
# Subtest: charge direction locks during windup rather than tracking evasion
ok 1043 - charge direction locks during windup rather than tracking evasion
  ---
  duration_ms: 20.5378
  type: 'test'
  ...
# Subtest: charge sweep respects banks and hits at most once per charge
ok 1044 - charge sweep respects banks and hits at most once per charge
  ---
  duration_ms: 23.6844
  type: 'test'
  ...
# Subtest: leaving charge lane avoids damage
ok 1045 - leaving charge lane avoids damage
  ---
  duration_ms: 5.1938
  type: 'test'
  ...
# Subtest: path follower routes around rock and never enters it
ok 1046 - path follower routes around rock and never enters it
  ---
  duration_ms: 4.692
  type: 'test'
  ...
# Subtest: fox on invalid ground explicitly recalled rather than stranded
ok 1047 - fox on invalid ground explicitly recalled rather than stranded
  ---
  duration_ms: 1.5995
  type: 'test'
  ...
# Subtest: beacon requires three encounters and only rewards once
ok 1048 - beacon requires three encounters and only rewards once
  ---
  duration_ms: 3.0903
  type: 'test'
  ...
# Subtest: return reward requires cart beacon and actual spring
ok 1049 - return reward requires cart beacon and actual spring
  ---
  duration_ms: 4.7248
  type: 'test'
  ...
# Subtest: new equipment and chapter facts survive round trip
ok 1050 - new equipment and chapter facts survive round trip
  ---
  duration_ms: 2.8959
  type: 'test'
  ...
# Subtest: inconsistent completion duplicate IDs and hidden cache claims reject
ok 1051 - inconsistent completion duplicate IDs and hidden cache claims reject
  ---
  duration_ms: 3.8583
  type: 'test'
  ...
# Subtest: invalid nested road data refuses rather than silently resetting
ok 1052 - invalid nested road data refuses rather than silently resetting
  ---
  duration_ms: 0.524
  type: 'test'
  ...
# Subtest: road defeat permits explicit recovery without erasing quest or inventory
ok 1053 - road defeat permits explicit recovery without erasing quest or inventory
  ---
  duration_ms: 1.8713
  type: 'test'
  ...
# Subtest: sandbox starts empty except four seeds and round trips
ok 1054 - sandbox starts empty except four seeds and round trips
  ---
  duration_ms: 8.5339
  type: 'test'
  ...
# Subtest: all village resource nodes have a walkable approach
ok 1055 - all village resource nodes have a walkable approach
  ---
  duration_ms: 0.2542
  type: 'test'
  ...
# Subtest: rejected gather leaves inventory and resource unchanged
ok 1056 - rejected gather leaves inventory and resource unchanged
  ---
  duration_ms: 1.9192
  type: 'test'
  ...
# Subtest: wood takes four hand swings and yields five timber once
ok 1057 - wood takes four hand swings and yields five timber once
  ---
  duration_ms: 7.8246
  type: 'test'
  ...
# Subtest: cooldown rejects fast repeated swings without damage
ok 1058 - cooldown rejects fast repeated swings without damage
  ---
  duration_ms: 0.9954
  type: 'test'
  ...
# Subtest: axe reduces timber harvest to two swings
ok 1059 - axe reduces timber harvest to two swings
  ---
  duration_ms: 2.145
  type: 'test'
  ...
# Subtest: fibre supplies actual resource and one seed
ok 1060 - fibre supplies actual resource and one seed
  ---
  duration_ms: 0.45
  type: 'test'
  ...
# Subtest: resource reappears after active time, not clock slider
ok 1061 - resource reappears after active time, not clock slider
  ---
  duration_ms: 46.9487
  type: 'test'
  ...
# Subtest: pause stops regrowth
ok 1062 - pause stops regrowth
  ---
  duration_ms: 1.0475
  type: 'test'
  ...
# Subtest: craft atomically consumes exact recipe and produces count
ok 1063 - craft atomically consumes exact recipe and produces count
  ---
  duration_ms: 0.8364
  type: 'test'
  ...
# Subtest: insufficient recipe never partially consumes
ok 1064 - insufficient recipe never partially consumes
  ---
  duration_ms: 0.5979
  type: 'test'
  ...
# Subtest: advanced tool requires proximity to workbench
ok 1065 - advanced tool requires proximity to workbench
  ---
  duration_ms: 0.3738
  type: 'test'
  ...
# Subtest: inventory capacity refuses complete recipe before debit
ok 1066 - inventory capacity refuses complete recipe before debit
  ---
  duration_ms: 0.2731
  type: 'test'
  ...
# Subtest: old accepted command cannot be replayed after save reload
ok 1067 - old accepted command cannot be replayed after save reload
  ---
  duration_ms: 0.7541
  type: 'test'
  ...
# Subtest: old refusal is stable inside bounded deduplication window
ok 1068 - old refusal is stable inside bounded deduplication window
  ---
  duration_ms: 0.3367
  type: 'test'
  ...
# Subtest: deduplication ledger is bounded and validated
ok 1069 - deduplication ledger is bounded and validated
  ---
  duration_ms: 1.6039
  type: 'test'
  ...
# Subtest: unknown and prototype inventory properties are refused
ok 1070 - unknown and prototype inventory properties are refused
  ---
  duration_ms: 0.2394
  type: 'test'
  ...
# Subtest: forged negative or non-finite counts are refused
ok 1071 - forged negative or non-finite counts are refused
  ---
  duration_ms: 0.1971
  type: 'test'
  ...
# Subtest: forged bridge and resource rosters are refused
ok 1072 - forged bridge and resource rosters are refused
  ---
  duration_ms: 0.3928
  type: 'test'
  ...
# Subtest: bridge is gated until paid repair
ok 1073 - bridge is gated until paid repair
  ---
  duration_ms: 0.5621
  type: 'test'
  ...
# Subtest: unlocked bridge has a route to the homestead and back
ok 1074 - unlocked bridge has a route to the homestead and back
  ---
  duration_ms: 26.9797
  type: 'test'
  ...
# Subtest: all frontier resources have an accessible approach after repair
ok 1075 - all frontier resources have an accessible approach after repair
  ---
  duration_ms: 1.2222
  type: 'test'
  ...
# Subtest: crystal requires the crafted pick
ok 1076 - crystal requires the crafted pick
  ---
  duration_ms: 0.8079
  type: 'test'
  ...
# Subtest: building only in marked bounds and within reach
ok 1077 - building only in marked bounds and within reach
  ---
  duration_ms: 0.6337
  type: 'test'
  ...
# Subtest: a block on the player is refused without consuming inventory
ok 1078 - a block on the player is refused without consuming inventory
  ---
  duration_ms: 0.5586
  type: 'test'
  ...
# Subtest: gold lane admits deck but rejects blocking wall
ok 1079 - gold lane admits deck but rejects blocking wall
  ---
  duration_ms: 1.3323
  type: 'test'
  ...
# Subtest: actual building changes pathfinding and reclaim restores it
ok 1080 - actual building changes pathfinding and reclaim restores it
  ---
  duration_ms: 2.1738
  type: 'test'
  ...
# Subtest: deck and block layers may coexist; stone stacks to three only
ok 1081 - deck and block layers may coexist; stone stacks to three only
  ---
  duration_ms: 7.7222
  type: 'test'
  ...
# Subtest: reclaim returns exactly the topmost crafted item
ok 1082 - reclaim returns exactly the topmost crafted item
  ---
  duration_ms: 1.4663
  type: 'test'
  ...
# Subtest: different furniture cannot overlap the same occupied layer
ok 1083 - different furniture cannot overlap the same occupied layer
  ---
  duration_ms: 1.1851
  type: 'test'
  ...
# Subtest: unsupported stacks and duplicate layers fail import
ok 1084 - unsupported stacks and duplicate layers fail import
  ---
  duration_ms: 1.7655
  type: 'test'
  ...
# Subtest: construction cannot trap a player in a closed enclosure
ok 1085 - construction cannot trap a player in a closed enclosure
  ---
  duration_ms: 2.2874
  type: 'test'
  ...
# Subtest: harvest follows plant, water, growth, then yields food and seeds
ok 1086 - harvest follows plant, water, growth, then yields food and seeds
  ---
  duration_ms: 16.7697
  type: 'test'
  ...
# Subtest: growing bed cannot be recycled to silently lose crop state
ok 1087 - growing bed cannot be recycled to silently lose crop state
  ---
  duration_ms: 1.0713
  type: 'test'
  ...
# Subtest: placed workbench unlocks workbench recipes locally
ok 1088 - placed workbench unlocks workbench recipes locally
  ---
  duration_ms: 1.469
  type: 'test'
  ...
# Subtest: save on unlocked shore preserves player, crops and builds
ok 1089 - save on unlocked shore preserves player, crops and builds
  ---
  duration_ms: 2.2308
  type: 'test'
  ...
# Subtest: version-three save migration preserves creative data, starts clean inventory
ok 1090 - version-three save migration preserves creative data, starts clean inventory
  ---
  duration_ms: 0.7595
  type: 'test'
  ...
# Subtest: migration never overwrites earlier storage key
ok 1091 - migration never overwrites earlier storage key
  ---
  duration_ms: 1.6628
  type: 'test'
  ...
# Subtest: invalid bridge-state save cannot place player beyond locked crossing
ok 1092 - invalid bridge-state save cannot place player beyond locked crossing
  ---
  duration_ms: 0.8016
  type: 'test'
  ...
# Subtest: sandbox rejects gameplay in interiors
ok 1093 - sandbox rejects gameplay in interiors
  ---
  duration_ms: 0.4446
  type: 'test'
  ...
# Subtest: an oversized delta cannot fast-forward the sandbox
ok 1094 - an oversized delta cannot fast-forward the sandbox
  ---
  duration_ms: 0.8635
  type: 'test'
  ...
# Subtest: a full end-to-end milestone fixture is consistent and restorable
ok 1095 - a full end-to-end milestone fixture is consistent and restorable
  ---
  duration_ms: 14.9806
  type: 'test'
  ...
# Subtest: isolated browser and CommonJS export only the pure four-function API
ok 1096 - isolated browser and CommonJS export only the pure four-function API
  ---
  duration_ms: 3.4178
  type: 'test'
  ...
# Subtest: actual displacement drives stride independently of subdivision, speed and chase intent
ok 1097 - actual displacement drives stride independently of subdivision, speed and chase intent
  ---
  duration_ms: 0.9503
  type: 'test'
  ...
# Subtest: stopping holds phase, settles legs, and repeated samples do not fabricate motion
ok 1098 - stopping holds phase, settles legs, and repeated samples do not fabricate motion
  ---
  duration_ms: 0.1678
  type: 'test'
  ...
# Subtest: long pauses freeze the full drawable pose and consume skipped placement
ok 1099 - long pauses freeze the full drawable pose and consume skipped placement
  ---
  duration_ms: 2.7024
  type: 'test'
  ...
# Subtest: scene/teleport/clock resets are isolated from source samples
ok 1100 - scene/teleport/clock resets are isolated from source samples
  ---
  duration_ms: 0.3048
  type: 'test'
  ...
# Subtest: only actual windup with finite authoritative duration produces the crouched tell
ok 1101 - only actual windup with finite authoritative duration produces the crouched tell
  ---
  duration_ms: 0.5884
  type: 'test'
  ...
# Subtest: recovery uses actual remaining duration to settle the head without implying success
ok 1102 - recovery uses actual remaining duration to settle the head without implying success
  ---
  duration_ms: 0.3182
  type: 'test'
  ...
# Subtest: reduced motion keeps six-leg gait and authoritative tell but suppresses bob
ok 1103 - reduced motion keeps six-leg gait and authoritative tell but suppresses bob
  ---
  duration_ms: 0.4162
  type: 'test'
  ...
# Subtest: six jointed legs use tripod phases, fixed bone lengths and visible swing clearance
ok 1104 - six jointed legs use tripod phases, fixed bone lengths and visible swing clearance
  ---
  duration_ms: 4.2845
  type: 'test'
  ...
# Subtest: actual emitted meshes remain above supplied ground, finite, positive and bounded
ok 1105 - actual emitted meshes remain above supplied ground, finite, positive and bounded
  ---
  duration_ms: 1084.6077
  type: 'test'
  ...
# Subtest: all actual leg skins meet shared anchors at ordinary/named scales and floor/yaw changes
ok 1106 - all actual leg skins meet shared anchors at ordinary/named scales and floor/yaw changes
  ---
  duration_ms: 11.3361
  type: 'test'
  ...
# Subtest: hips, plates and named spine roots attach inside the actual convex carapace
ok 1107 - hips, plates and named spine roots attach inside the actual convex carapace
  ---
  duration_ms: 1.5733
  type: 'test'
  ...
# Subtest: named scale occurs exactly once and unchanged original body envelope is preserved
ok 1108 - named scale occurs exactly once and unchanged original body envelope is preserved
  ---
  duration_ms: 0.3224
  type: 'test'
  ...
# Subtest: confirmed flash color and recoil come only from caller feedback, leaving joints and rules untouched
ok 1109 - confirmed flash color and recoil come only from caller feedback, leaving joints and rules untouched
  ---
  duration_ms: 0.4738
  type: 'test'
  ...
# Subtest: fresh motion/pose/parts and draw preserve all input and existing output records
ok 1110 - fresh motion/pose/parts and draw preserve all input and existing output records
  ---
  duration_ms: 0.6521
  type: 'test'
  ...
# Subtest: malformed placement, recoil or mismatched named pose refuses before output mutation
ok 1111 - malformed placement, recoil or mismatched named pose refuses before output mutation
  ---
  duration_ms: 0.5224
  type: 'test'
  ...
# Subtest: the original immutable room profiles are separate from state and services
ok 1112 - the original immutable room profiles are separate from state and services
  ---
  duration_ms: 2.1731
  type: 'test'
  ...
# Subtest: five roads and actual Atlantis body medium have honest distinct atmosphere
ok 1113 - five roads and actual Atlantis body medium have honest distinct atmosphere
  ---
  duration_ms: 0.2977
  type: 'test'
  ...
# Subtest: quiet state is driven by pause hidden page or actual death while retaining profile identity
ok 1114 - quiet state is driven by pause hidden page or actual death while retaining profile identity
  ---
  duration_ms: 0.1465
  type: 'test'
  ...
# Subtest: only living visible daytime outdoor Earth can chirp; no birds underground or in cosmic realms
ok 1115 - only living visible daytime outdoor Earth can chirp; no birds underground or in cosmic realms
  ---
  duration_ms: 0.3396
  type: 'test'
  ...
# Subtest: bounded graph creates exactly one noise loop and three voices connected only to its own bus
ok 1116 - bounded graph creates exactly one noise loop and three voices connected only to its own bus
  ---
  duration_ms: 3.3924
  type: 'test'
  ...
# Subtest: room transitions schedule a new local mix once, with no per-frame allocation or master mutation
ok 1117 - room transitions schedule a new local mix once, with no per-frame allocation or master mutation
  ---
  duration_ms: 1.7117
  type: 'test'
  ...
# Subtest: pause and hidden changes fade the bus without stopping or replacing composed music master
ok 1118 - pause and hidden changes fade the bus without stopping or replacing composed music master
  ---
  duration_ms: 0.6971
  type: 'test'
  ...
# Subtest: bird cadence requires continuous elapsed frames and never backfills through reload or hidden gaps
ok 1119 - bird cadence requires continuous elapsed frames and never backfills through reload or hidden gaps
  ---
  duration_ms: 0.4589
  type: 'test'
  ...
# Subtest: disposal retires every owned loop and connection once and fences later updates
ok 1120 - disposal retires every owned loop and connection once and fences later updates
  ---
  duration_ms: 0.767
  type: 'test'
  ...
# Subtest: profile projection does not change caller state or allocate audio authority
ok 1121 - profile projection does not change caller state or allocate audio authority
  ---
  duration_ms: 0.6406
  type: 'test'
  ...
# Subtest: reward blade and bow use actual equipment material in world geometry
ok 1122 - reward blade and bow use actual equipment material in world geometry
  ---
  duration_ms: 26.7964
  type: 'test'
  ...
# Subtest: named warning geometry includes the exact rule-defined strike radius
ok 1123 - named warning geometry includes the exact rule-defined strike radius
  ---
  duration_ms: 4.5442
  type: 'test'
  ...
# Subtest: riverbank rendering enables existing outdoor water and matches collision obstacles
ok 1124 - riverbank rendering enables existing outdoor water and matches collision obstacles
  ---
  duration_ms: 2.2407
  type: 'test'
  ...
# Subtest: new quest state is explicit, versioned and round trips
ok 1125 - new quest state is explicit, versioned and round trips
  ---
  duration_ms: 4.0323
  type: 'test'
  ...
# Subtest: version-five adventure migrates without altering existing campaign or creative data
ok 1126 - version-five adventure migrates without altering existing campaign or creative data
  ---
  duration_ms: 9.0274
  type: 'test'
  ...
# Subtest: all banked XP boundaries retain XP and the existing five-level curve
ok 1127 - all banked XP boundaries retain XP and the existing five-level curve
  ---
  duration_ms: 1.1307
  type: 'test'
  ...
# Subtest: acceptance requires kit and actual Oren proximity without campaign consent
ok 1128 - acceptance requires kit and actual Oren proximity without campaign consent
  ---
  duration_ms: 13.966
  type: 'test'
  ...
# Subtest: acceptance is one explicit event and survives cold reload
ok 1129 - acceptance is one explicit event and survives cold reload
  ---
  duration_ms: 2.9233
  type: 'test'
  ...
# Subtest: pre-acceptance pocket has no quest kills or pickups to backfill
ok 1130 - pre-acceptance pocket has no quest kills or pickups to backfill
  ---
  duration_ms: 1.9559
  type: 'test'
  ...
# Subtest: room dispatch and each objective use real collision-valid routes
ok 1131 - room dispatch and each objective use real collision-valid routes
  ---
  duration_ms: 31.8198
  type: 'test'
  ...
# Subtest: each bundle is unique, proximity checked and never spends ordinary materials
ok 1132 - each bundle is unique, proximity checked and never spends ordinary materials
  ---
  duration_ms: 5.919
  type: 'test'
  ...
# Subtest: named defeat can precede bundles and stays resolved after returning/re-entry
ok 1133 - named defeat can precede bundles and stays resolved after returning/re-entry
  ---
  duration_ms: 2.5932
  type: 'test'
  ...
# Subtest: incomplete, distant and unknown-reward turn-ins refuse atomically
ok 1134 - incomplete, distant and unknown-reward turn-ins refuse atomically
  ---
  duration_ms: 3.5381
  type: 'test'
  ...
# Subtest: full currency capacity preserves every objective and reward for retry
ok 1135 - full currency capacity preserves every objective and reward for retry
  ---
  duration_ms: 2.7135
  type: 'test'
  ...
# Subtest: oren_sunblade is awarded once, deliberately equipped, and saved with correct mechanics
ok 1136 - oren_sunblade is awarded once, deliberately equipped, and saved with correct mechanics
  ---
  duration_ms: 3.0164
  type: 'test'
  ...
# Subtest: oren_reedbow is awarded once, deliberately equipped, and saved with correct mechanics
ok 1137 - oren_reedbow is awarded once, deliberately equipped, and saved with correct mechanics
  ---
  duration_ms: 2.0713
  type: 'test'
  ...
# Subtest: single veteran temper preserves weapon identity, socket, cadence and health
ok 1138 - single veteran temper preserves weapon identity, socket, cadence and health
  ---
  duration_ms: 1.1664
  type: 'test'
  ...
# Subtest: temper refuses unknown, unowned and armor targets without a partial payout
ok 1139 - temper refuses unknown, unowned and armor targets without a partial payout
  ---
  duration_ms: 3.2662
  type: 'test'
  ...
# Subtest: new bow really launches primary and piercing projectiles with costs and hit events
ok 1140 - new bow really launches primary and piercing projectiles with costs and hit events
  ---
  duration_ms: 8.4093
  type: 'test'
  ...
# Subtest: practice target supports blade and yields no XP, loot, coins or quest progress
ok 1141 - practice target supports blade and yields no XP, loot, coins or quest progress
  ---
  duration_ms: 1.2104
  type: 'test'
  ...
# Subtest: new equipment keeps independent removable socket and validates after reload
ok 1142 - new equipment keeps independent removable socket and validates after reload
  ---
  duration_ms: 3.8065
  type: 'test'
  ...
# Subtest: named tell locks aim and allows both a guarded hit and a movement response
ok 1143 - named tell locks aim and allows both a guarded hit and a movement response
  ---
  duration_ms: 15.3141
  type: 'test'
  ...
# Subtest: save validation rejects impossible quest state and reward combinations
ok 1144 - save validation rejects impossible quest state and reward combinations
  ---
  duration_ms: 3.43
  type: 'test'
  ...
# Subtest: kit blade sees the actual ordinary tell and Brace halves its resolved hit
ok 1145 - kit blade sees the actual ordinary tell and Brace halves its resolved hit
  ---
  duration_ms: 56.4325
  type: 'test'
  ...
# Subtest: fresh bow sees the actual ordinary tell and Brace halves its resolved hit
ok 1146 - fresh bow sees the actual ordinary tell and Brace halves its resolved hit
  ---
  duration_ms: 62.7524
  type: 'test'
  ...
# Subtest: movement away from the locked ordinary aim avoids its actual impact with the kit
ok 1147 - movement away from the locked ordinary aim avoids its actual impact with the kit
  ---
  duration_ms: 15.7265
  type: 'test'
  ...
# Subtest: fixed ordinary health stays easy for stronger gear without scaling or changing banked XP
ok 1148 - fixed ordinary health stays easy for stronger gear without scaling or changing banked XP
  ---
  duration_ms: 205.0385
  type: 'test'
  ...
# Subtest: ordinary fights stay optional and named threat, rewards, cooldown and weapon distinctions retain their rules
ok 1149 - ordinary fights stay optional and named threat, rewards, cooldown and weapon distinctions retain their rules
  ---
  duration_ms: 1.166
  type: 'test'
  ...
# Subtest: both decoded maps are required; scene clear neither cancels nor reloads engine maps
ok 1150 - both decoded maps are required; scene clear neither cancels nor reloads engine maps
  ---
  duration_ms: 8.6951
  type: 'test'
  ...
# Subtest: missing maps and incompatible contracts stay usable with untextured fallback
ok 1151 - missing maps and incompatible contracts stay usable with untextured fallback
  ---
  duration_ms: 15.1112
  type: 'test'
  ...
# Subtest: PNG payload type and grayscale header are checked before decoding
ok 1152 - PNG payload type and grayscale header are checked before decoding
  ---
  duration_ms: 2.1202
  type: 'test'
  ...
# Subtest: decode errors and wrong decoded dimensions cancel peers and stale completions
ok 1153 - decode errors and wrong decoded dimensions cancel peers and stale completions
  ---
  duration_ms: 3.0343
  type: 'test'
  ...
# Subtest: failed uploads free temporary maps and restore shared texture/unpack state
ok 1154 - failed uploads free temporary maps and restore shared texture/unpack state
  ---
  duration_ms: 2.8078
  type: 'test'
  ...
# Subtest: map-only disposal invalidates in-flight completions and deletes only owned ready textures
ok 1155 - map-only disposal invalidates in-flight completions and deletes only owned ready textures
  ---
  duration_ms: 4.0086
  type: 'test'
  ...
# Subtest: two engines independently own their decoders and uploaded maps
ok 1156 - two engines independently own their decoders and uploaded maps
  ---
  duration_ms: 1.7441
  type: 'test'
  ...
# Subtest: context loss invalidates images and maps with no restoration or later upload
ok 1157 - context loss invalidates images and maps with no restoration or later upload
  ---
  duration_ms: 3.6615
  type: 'test'
  ...
# Subtest: timber shares exact box geometry and collision extent with complete grain-oriented face UVs
ok 1158 - timber shares exact box geometry and collision extent with complete grain-oriented face UVs
  ---
  duration_ms: 1.8616
  type: 'test'
  ...
# Subtest: material flags stay per batch; reflection uses material while depth and cutaway retain their scope
ok 1159 - material flags stay per batch; reflection uses material while depth and cutaway retain their scope
  ---
  duration_ms: 3.1054
  type: 'test'
  ...
# Subtest: unstarted, absent, unknown and unowned equipment produce no gear
ok 1160 - unstarted, absent, unknown and unowned equipment produce no gear
  ---
  duration_ms: 43.2545
  type: 'test'
  ...
# Subtest: read-only attachment summary reports exactly the rendered grip and actual markers
ok 1161 - read-only attachment summary reports exactly the rendered grip and actual markers
  ---
  duration_ms: 19.9255
  type: 'test'
  ...
# Subtest: a command-earned kit is held at the right palm through actual root yaw and terrain height
ok 1162 - a command-earned kit is held at the right palm through actual root yaw and terrain height
  ---
  duration_ms: 4.723
  type: 'test'
  ...
# Subtest: curved bow grip and both string segments attach to the two moving palms
ok 1163 - curved bow grip and both string segments attach to the two moving palms
  ---
  duration_ms: 4.9817
  type: 'test'
  ...
# Subtest: ordinary travel stows blade at hip and bow at back without hand-held copies
ok 1164 - ordinary travel stows blade at hip and bow at back without hand-held copies
  ---
  duration_ms: 42.6466
  type: 'test'
  ...
# Subtest: each catalogue weapon preserves its own colour, gem, fittings and separate Oren temper
ok 1165 - each catalogue weapon preserves its own colour, gem, fittings and separate Oren temper
  ---
  duration_ms: 195.8007
  type: 'test'
  ...
# Subtest: markers project only the selected weapon rather than another owned weapon
ok 1166 - markers project only the selected weapon rather than another owned weapon
  ---
  duration_ms: 3.5092
  type: 'test'
  ...
# Subtest: family silhouettes differ within a bounded traveller scale
ok 1167 - family silhouettes differ within a bounded traveller scale
  ---
  duration_ms: 23.8578
  type: 'test'
  ...
# Subtest: blade anticipation, recovery and guard keep the grip connected while changing orientation
ok 1168 - blade anticipation, recovery and guard keep the grip connected while changing orientation
  ---
  duration_ms: 4.6303
  type: 'test'
  ...
# Subtest: reduced motion keeps essential palm connections without phase-driven blade flourishes
ok 1169 - reduced motion keeps essential palm connections without phase-driven blade flourishes
  ---
  duration_ms: 6.6016
  type: 'test'
  ...
# Subtest: all equipment transforms stay finite, orthogonal and under forty instances
ok 1170 - all equipment transforms stay finite, orthogonal and under forty instances
  ---
  duration_ms: 47.9993
  type: 'test'
  ...
# Subtest: read-only rendering does not create runtime, commands, effects or arrows
ok 1171 - read-only rendering does not create runtime, commands, effects or arrows
  ---
  duration_ms: 4.6861
  type: 'test'
  ...
# Subtest: gathered and command-crafted bow projects the actual equipped item
ok 1172 - gathered and command-crafted bow projects the actual equipped item
  ---
  duration_ms: 75.5715
  type: 'test'
  ...
# Subtest: finite realm collars preserve prior markers and follow the actual blade or curved bow segment
ok 1173 - finite realm collars preserve prior markers and follow the actual blade or curved bow segment
  ---
  duration_ms: 263.3391
  type: 'test'
  ...
# Subtest: queued release joins the actual full windup pose, including submitted blade axis
ok 1174 - queued release joins the actual full windup pose, including submitted blade axis
  ---
  duration_ms: 24.3239
  type: 'test'
  ...
# Subtest: direct accepted strikes start at ready and never fabricate a prior windup
ok 1175 - direct accepted strikes start at ready and never fabricate a prior windup
  ---
  duration_ms: 0.8142
  type: 'test'
  ...
# Subtest: a bounded cut has intermediate poses and settles without a phase-boundary jump
ok 1176 - a bounded cut has intermediate poses and settles without a phase-boundary jump
  ---
  duration_ms: 5.1444
  type: 'test'
  ...
# Subtest: submitted blade basis has no arbitrary roll flips during its complete cut and settle
ok 1177 - submitted blade basis has no arbitrary roll flips during its complete cut and settle
  ---
  duration_ms: 72.5871
  type: 'test'
  ...
# Subtest: actual blade and tip volumes clear the conservative head bounds through the whole attack
ok 1178 - actual blade and tip volumes clear the conservative head bounds through the whole attack
  ---
  duration_ms: 326.5812
  type: 'test'
  ...
# Subtest: body balance is visible above fixed physical feet and quiet in reduced motion
ok 1179 - body balance is visible above fixed physical feet and quiet in reduced motion
  ---
  duration_ms: 22.1229
  type: 'test'
  ...
# Subtest: reduced motion bounds the blade hand cue and suppresses secondary equipment/body sweep
ok 1180 - reduced motion bounds the blade hand cue and suppresses secondary equipment/body sweep
  ---
  duration_ms: 3.8631
  type: 'test'
  ...
# Subtest: guard and swim override both release origins without adding a second attack pose
ok 1181 - guard and swim override both release origins without adding a second attack pose
  ---
  duration_ms: 4.9162
  type: 'test'
  ...
# Subtest: rendered palms, balanced torso and canonical gear share one frame through actual world yaw
ok 1182 - rendered palms, balanced torso and canonical gear share one frame through actual world yaw
  ---
  duration_ms: 25.0231
  type: 'test'
  ...
# Subtest: carried gear and the held blade sheath remain outside the accepted-release curves
ok 1183 - carried gear and the held blade sheath remain outside the accepted-release curves
  ---
  duration_ms: 11.5377
  type: 'test'
  ...
# Subtest: production autoattack still uses its real queued epoch and accepted manual attack has no fake anticipation
ok 1184 - production autoattack still uses its real queued epoch and accepted manual attack has no fake anticipation
  ---
  duration_ms: 18.4674
  type: 'test'
  ...
# Subtest: CommonJS and browser globals expose the same bounded rig API
ok 1185 - CommonJS and browser globals expose the same bounded rig API
  ---
  duration_ms: 1.1475
  type: 'test'
  ...
# Subtest: gallery stroke keeps limbs connected and reduced motion settles the arms
ok 1186 - gallery stroke keeps limbs connected and reduced motion settles the arms
  ---
  duration_ms: 1.0732
  type: 'test'
  ...
# Subtest: gait phase follows accepted distance and survives frame subdivision
ok 1187 - gait phase follows accepted distance and survives frame subdivision
  ---
  duration_ms: 1.289
  type: 'test'
  ...
# Subtest: stationary walking intent never drives foot shuffling
ok 1188 - stationary walking intent never drives foot shuffling
  ---
  duration_ms: 0.5386
  type: 'test'
  ...
# Subtest: stopping holds phase and eases the feet into a settled stance
ok 1189 - stopping holds phase and eases the feet into a settled stance
  ---
  duration_ms: 0.3295
  type: 'test'
  ...
# Subtest: repeated samples and long pauses preserve the complete drawable pose
ok 1190 - repeated samples and long pauses preserve the complete drawable pose
  ---
  duration_ms: 2.0551
  type: 'test'
  ...
# Subtest: paused coordinates are consumed without turning skipped travel into steps
ok 1191 - paused coordinates are consumed without turning skipped travel into steps
  ---
  duration_ms: 0.2992
  type: 'test'
  ...
# Subtest: scene changes, teleports and clock discontinuities reset the stance
ok 1192 - scene changes, teleports and clock discontinuities reset the stance
  ---
  duration_ms: 0.2847
  type: 'test'
  ...
# Subtest: reduced motion keeps essential gait and weapon alignment without secondary drift
ok 1193 - reduced motion keeps essential gait and weapon alignment without secondary drift
  ---
  duration_ms: 0.7699
  type: 'test'
  ...
# Subtest: walking has visible foot clearance and preserves fixed limb lengths
ok 1194 - walking has visible foot clearance and preserves fixed limb lengths
  ---
  duration_ms: 2.8543
  type: 'test'
  ...
# Subtest: blade/bow anticipation, recovery and guard are connected and distinct
ok 1195 - blade/bow anticipation, recovery and guard are connected and distinct
  ---
  duration_ms: 1.1986
  type: 'test'
  ...
# Subtest: draw segments actually connect the named joints under root translation and yaw
ok 1196 - draw segments actually connect the named joints under root translation and yaw
  ---
  duration_ms: 3.0938
  type: 'test'
  ...
# Subtest: palette choices and explicitly supplied armor colour are retained
ok 1197 - palette choices and explicitly supplied armor colour are retained
  ---
  duration_ms: 1.4649
  type: 'test'
  ...
# Subtest: all transforms stay finite, actor geometry has no camera authority, and budget stays bounded
ok 1198 - all transforms stay finite, actor geometry has no camera authority, and budget stays bounded
  ---
  duration_ms: 40.8507
  type: 'test'
  ...
# Subtest: malformed numerical motion inputs cannot poison matrices
ok 1199 - malformed numerical motion inputs cannot poison matrices
  ---
  duration_ms: 0.6845
  type: 'test'
  ...
# Subtest: sampling, posing and drawing leave input rules, motion and profiles immutable
ok 1200 - sampling, posing and drawing leave input rules, motion and profiles immutable
  ---
  duration_ms: 1.0123
  type: 'test'
  ...
# Subtest: refused bow transaction preserves every live field and can retry one identical request
ok 1201 - refused bow transaction preserves every live field and can retry one identical request
  ---
  duration_ms: 28.6928
  type: 'test'
  ...
# Subtest: sandbox craft saves materials, output, receipt and journal together
ok 1202 - sandbox craft saves materials, output, receipt and journal together
  ---
  duration_ms: 5.2952
  type: 'test'
  ...
# Subtest: forge cannot spend ore or coins before a durable write
ok 1203 - forge cannot spend ore or coins before a durable write
  ---
  duration_ms: 3.888
  type: 'test'
  ...
# Subtest: socket replacement and removal preserve loose gems on refusal and return them exactly once
ok 1204 - socket replacement and removal preserve loose gems on refusal and return them exactly once
  ---
  duration_ms: 12.1372
  type: 'test'
  ...
# Subtest: equipping preserves selected equipment on refusal and retains the live combat runtime
ok 1205 - equipping preserves selected equipment on refusal and retains the live combat runtime
  ---
  duration_ms: 4.2867
  type: 'test'
  ...
# Subtest: both finite field-guide fittings save exact costs and keep weapon identity, socket and equipment
ok 1206 - both finite field-guide fittings save exact costs and keep weapon identity, socket and equipment
  ---
  duration_ms: 9.1243
  type: 'test'
  ...
# Subtest: explicit starter oren_sunblade survives refusal and pays its one canonical reward
ok 1207 - explicit starter oren_sunblade survives refusal and pays its one canonical reward
  ---
  duration_ms: 6.4145
  type: 'test'
  ...
# Subtest: explicit starter oren_reedbow survives refusal and pays its one canonical reward
ok 1208 - explicit starter oren_reedbow survives refusal and pays its one canonical reward
  ---
  duration_ms: 4.385
  type: 'test'
  ...
# Subtest: explicit starter temper survives refusal and pays its one canonical reward
ok 1209 - explicit starter temper survives refusal and pays its one canonical reward
  ---
  duration_ms: 3.7556
  type: 'test'
  ...
# Subtest: completed survey payout is one atomic current-run ledger transition
ok 1210 - completed survey payout is one atomic current-run ledger transition
  ---
  duration_ms: 3.4148
  type: 'test'
  ...
# Subtest: Tessa tonic uses current road context and durably spends exactly one offer
ok 1211 - Tessa tonic uses current road context and durably spends exactly one offer
  ---
  duration_ms: 327.7268
  type: 'test'
  ...
# Subtest: Tessa mantle uses current road context and durably spends exactly one offer
ok 1212 - Tessa mantle uses current road context and durably spends exactly one offer
  ---
  duration_ms: 7.7553
  type: 'test'
  ...
# Subtest: Tessa sell-copper uses current road context and durably spends exactly one offer
ok 1213 - Tessa sell-copper uses current road context and durably spends exactly one offer
  ---
  duration_ms: 7.4729
  type: 'test'
  ...
# Subtest: Tessa sell-berries uses current road context and durably spends exactly one offer
ok 1214 - Tessa sell-berries uses current road context and durably spends exactly one offer
  ---
  duration_ms: 7.2973
  type: 'test'
  ...
# Subtest: Bellweather bench uses actual local position while saving the home checkpoint
ok 1215 - Bellweather bench uses actual local position while saving the home checkpoint
  ---
  duration_ms: 4.97
  type: 'test'
  ...
# Subtest: source conflict leaves supplies and the other tab saved bytes intact
ok 1216 - source conflict leaves supplies and the other tab saved bytes intact
  ---
  duration_ms: 2.6263
  type: 'test'
  ...
# Subtest: managed character writer rejection keeps current character materials and receipts intact
ok 1217 - managed character writer rejection keeps current character materials and receipts intact
  ---
  duration_ms: 5.6069
  type: 'test'
  ...
# Subtest: thrown saver preserves the full live state and does not reserve the request identity
ok 1218 - thrown saver preserves the full live state and does not reserve the request identity
  ---
  duration_ms: 2.5774
  type: 'test'
  ...
# Subtest: rules refuse wrong benches, insufficient costs, invalid ownership and changed receipt terms before saving
ok 1219 - rules refuse wrong benches, insufficient costs, invalid ownership and changed receipt terms before saving
  ---
  duration_ms: 3.1607
  type: 'test'
  ...
# Subtest: pause policies remain canonical and a saver is always required for a new successful action
ok 1220 - pause policies remain canonical and a saver is always required for a new successful action
  ---
  duration_ms: 2.0006
  type: 'test'
  ...
# Subtest: validation refusal keeps the exact live canonical state and prevents saving
ok 1221 - validation refusal keeps the exact live canonical state and prevents saving
  ---
  duration_ms: 1.0019
  type: 'test'
  ...
# Subtest: only the reviewed state-only economic and finite Earth-story names are accepted
ok 1222 - only the reviewed state-only economic and finite Earth-story names are accepted
  ---
  duration_ms: 0.9078
  type: 'test'
  ...
# Subtest: exactly five finite Earth-story actions join the explicit command set
ok 1223 - exactly five finite Earth-story actions join the explicit command set
  ---
  duration_ms: 0.1276
  type: 'test'
  ...
# Subtest: Earth consent saves before adoption and keeps all live context and actor epochs
ok 1224 - Earth consent saves before adoption and keeps all live context and actor epochs
  ---
  duration_ms: 2.7037
  type: 'test'
  ...
# Subtest: every mill delivery transition survives quota refusal and same-request retry with one cost and payout
ok 1225 - every mill delivery transition survives quota refusal and same-request retry with one cost and payout
  ---
  duration_ms: 25.6267
  type: 'test'
  ...
# Subtest: Earth task prerequisites, cost, source room, local position and pause refuse before saving
ok 1226 - Earth task prerequisites, cost, source room, local position and pause refuse before saving
  ---
  duration_ms: 6.4664
  type: 'test'
  ...
# Subtest: all compatible improvements remain available after the single delivery without a second payout
ok 1227 - all compatible improvements remain available after the single delivery without a second payout
  ---
  duration_ms: 21.4408
  type: 'test'
  ...
# Subtest: each Earth payment capacity refusal preserves unpaid work and exact rewards have zero XP
ok 1228 - each Earth payment capacity refusal preserves unpaid work and exact rewards have zero XP
  ---
  duration_ms: 22.2125
  type: 'test'
  ...
# Subtest: Earth repair rejects foreign source bytes and keeps the other writer intact
ok 1229 - Earth repair rejects foreign source bytes and keeps the other writer intact
  ---
  duration_ms: 4.4846
  type: 'test'
  ...
# Subtest: managed writer refusal preserves Earth payment and permits a later owned retry
ok 1230 - managed writer refusal preserves Earth payment and permits a later owned retry
  ---
  duration_ms: 7.6922
  type: 'test'
  ...
# Subtest: all new static scenery uses supported finite meshes instead of silent cylinder fallback
ok 1231 - all new static scenery uses supported finite meshes instead of silent cylinder fallback
  ---
  duration_ms: 372.228
  type: 'test'
  ...
# Subtest: visible solid boxes match canonical body collision footprints and heights
ok 1232 - visible solid boxes match canonical body collision footprints and heights
  ---
  duration_ms: 57.2711
  type: 'test'
  ...
# Subtest: submitted opaque geometry leaves the actual 3D gallery body route clear
ok 1233 - submitted opaque geometry leaves the actual 3D gallery body route clear
  ---
  duration_ms: 34.1479
  type: 'test'
  ...
# Subtest: wet volume under the civic deck retains actual head clearance
ok 1234 - wet volume under the civic deck retains actual head clearance
  ---
  duration_ms: 2.2887
  type: 'test'
  ...
# Subtest: only the two exact Atlantis shelter roofs receive preference-controlled roof reveal
ok 1235 - only the two exact Atlantis shelter roofs receive preference-controlled roof reveal
  ---
  duration_ms: 49.4201
  type: 'test'
  ...
# Subtest: exact two canonical realms have finite, unique, immutable data and stable work identities
ok 1236 - exact two canonical realms have finite, unique, immutable data and stable work identities
  ---
  duration_ms: 3.9181
  type: 'test'
  ...
# Subtest: module load publishes only its declared API and never reads a simulation or host service
ok 1237 - module load publishes only its declared API and never reads a simulation or host service
  ---
  duration_ms: 2.8526
  type: 'test'
  ...
# Subtest: every entry and interaction anchor has full actor clearance on bounded dry ground
ok 1238 - every entry and interaction anchor has full actor clearance on bounded dry ground
  ---
  duration_ms: 0.9264
  type: 'test'
  ...
# Subtest: both Earth approaches, work loop and optional side routes have analytically continuous ground
ok 1239 - both Earth approaches, work loop and optional side routes have analytically continuous ground
  ---
  duration_ms: 7.2056
  type: 'test'
  ...
# Subtest: Farwake work and the far landing remain connected without diving or a closed civic back wall
ok 1240 - Farwake work and the far landing remain connected without diving or a closed civic back wall
  ---
  duration_ms: 1.3869
  type: 'test'
  ...
# Subtest: bounded gallery route clears physical walls and full body depth, including the real court doorway
ok 1241 - bounded gallery route clears physical walls and full body depth, including the real court doorway
  ---
  duration_ms: 0.4947
  type: 'test'
  ...
# Subtest: dive entry and wet exit anchors agree with reachable transfer destinations
ok 1242 - dive entry and wet exit anchors agree with reachable transfer destinations
  ---
  duration_ms: 0.1513
  type: 'test'
  ...
# Subtest: actual decoration is finite, deterministic, bounded and pure across claimed/unclaimed worlds
ok 1243 - actual decoration is finite, deterministic, bounded and pure across claimed/unclaimed worlds
  ---
  duration_ms: 67.0402
  type: 'test'
  ...
# Subtest: roofs and important structural decoration agree with the canonical solid footprints
ok 1244 - roofs and important structural decoration agree with the canonical solid footprints
  ---
  duration_ms: 3.8954
  type: 'test'
  ...
# Subtest: civic side support physically meets the canopy underside across its full length
ok 1245 - civic side support physically meets the canopy underside across its full length
  ---
  duration_ms: 0.6196
  type: 'test'
  ...
# Subtest: the real Farwake civic canopy participates in the existing preference-controlled shelter reveal
ok 1246 - the real Farwake civic canopy participates in the existing preference-controlled shelter reveal
  ---
  duration_ms: 0.4211
  type: 'test'
  ...
# Subtest: bridge timber skins use the real UV mesh, clear every retained joint and stay above only existing deck
ok 1247 - bridge timber skins use the real UV mesh, clear every retained joint and stay above only existing deck
  ---
  duration_ms: 6.6325
  type: 'test'
  ...
# Subtest: narrow field path geometry lies wholly on supported clear ground and door faces remain closed decoration
ok 1248 - narrow field path geometry lies wholly on supported clear ground and door faces remain closed decoration
  ---
  duration_ms: 9.2059
  type: 'test'
  ...
# Subtest: distant ridges use the actual mountain mesh and remain outside Earth rather than becoming false paths
ok 1249 - distant ridges use the actual mountain mesh and remain outside Earth rather than becoming false paths
  ---
  duration_ms: 28.7467
  type: 'test'
  ...
# Subtest: every accepted objective has a validated production path back to its own giver
ok 1250 - every accepted objective has a validated production path back to its own giver
  ---
  duration_ms: 478.1795
  type: 'test'
  ...
# Subtest: blade falls in hell and revives at home with accepted work and belongings retained
ok 1251 - blade falls in hell and revives at home with accepted work and belongings retained
  ---
  duration_ms: 113.4481
  type: 'test'
  ...
# Subtest: bow falls in earthlands and revives at home with accepted work and belongings retained
ok 1252 - bow falls in earthlands and revives at home with accepted work and belongings retained
  ---
  duration_ms: 178.5939
  type: 'test'
  ...
# Subtest: blade earns hell defeat, guarded combat, retreat and free return without legacy rewards
ok 1253 - blade earns hell defeat, guarded combat, retreat and free return without legacy rewards
  ---
  duration_ms: 68.2664
  type: 'test'
  ...
# {"realm":"hell","style":"blade","weapon":"trail_blade","entry":{"x":0,"z":31,"yaw":3.141592653589793},"stage":{"x":44,"z":-82},"battle":{"x":44,"z":-92.9},"refuge":{"x":44,"z":-60},"firstBrace":{"at":47.59999999999943,"aim":{"x":44,"z":-92.9},"windupRemaining":1.05,"hitAfter":1.0499999999999403,"healthBefore":100,"healthAfter":96,"recoveryRemaining":1.1},"firstAttack":{"hits":1,"hp":90,"firstArrowAfter":null,"impacts":[{"after":0.19999999999998863,"before":90,"hp":74}]},"secondBrace":{"at":114.49999999999564,"aim":{"x":44,"z":-92.9},"windupRemaining":1.05,"hitAfter":1.0499999999999403,"healthBefore":100,"healthAfter":96,"recoveryRemaining":1.1},"battleResult":{"hits":6,"hp":90,"firstArrowAfter":null,"impacts":[{"after":0.19999999999998863,"before":90,"hp":74},{"after":0.7999999999999545,"before":74,"hp":58},{"after":1.3999999999999204,"before":58,"hp":42},{"after":1.9999999999998863,"before":42,"hp":26},{"after":2.599999999999852,"before":26,"hp":10},{"after":3.199999999999818,"before":10,"hp":0}]},"tickSeconds":0.05}
# Subtest: bow earns hell defeat, guarded combat, retreat and free return without legacy rewards
ok 1254 - bow earns hell defeat, guarded combat, retreat and free return without legacy rewards
  ---
  duration_ms: 67.4881
  type: 'test'
  ...
# {"realm":"hell","style":"bow","weapon":"trail_bow","entry":{"x":0,"z":31,"yaw":3.141592653589793},"stage":{"x":44,"z":-82},"battle":{"x":44,"z":-90},"refuge":{"x":44,"z":-60},"firstBrace":{"at":99.49999999999649,"aim":{"x":44,"z":-90},"windupRemaining":1.05,"hitAfter":1.0499999999999403,"healthBefore":100,"healthAfter":96,"recoveryRemaining":1.1},"firstAttack":{"hits":1,"hp":90,"firstArrowAfter":0.19999999999998863,"impacts":[{"after":0.3499999999999801,"before":90,"hp":77}]},"secondBrace":{"at":165.65000000000342,"aim":{"x":44,"z":-90},"windupRemaining":1.05,"hitAfter":1.0500000000002387,"healthBefore":100,"healthAfter":96,"recoveryRemaining":1.1},"battleResult":{"hits":7,"hp":90,"firstArrowAfter":0.20000000000004547,"impacts":[{"after":0.3500000000000796,"before":90,"hp":77},{"after":1.1500000000002615,"before":77,"hp":64},{"after":1.9500000000004434,"before":64,"hp":51},{"after":2.7500000000006253,"before":51,"hp":38},{"after":3.550000000000807,"before":38,"hp":25},{"after":4.350000000000989,"before":25,"hp":12},{"after":5.150000000001171,"before":12,"hp":0}]},"tickSeconds":0.05}
# Subtest: blade earns earthlands defeat, guarded combat, retreat and free return without legacy rewards
ok 1255 - blade earns earthlands defeat, guarded combat, retreat and free return without legacy rewards
  ---
  duration_ms: 266.2353
  type: 'test'
  ...
# {"realm":"earthlands","style":"blade","weapon":"trail_blade","entry":{"x":0,"z":104,"yaw":3.141592653589793},"stage":{"x":-29,"z":-8},"battle":{"x":-29,"z":-18.9},"refuge":{"x":0,"z":23},"firstBrace":{"at":51.14999999999923,"aim":{"x":-29,"z":-18.9},"windupRemaining":0.75,"hitAfter":0.7499999999999574,"healthBefore":100,"healthAfter":96,"recoveryRemaining":1.1},"firstAttack":{"hits":1,"hp":72,"firstArrowAfter":null,"impacts":[{"after":0.19999999999998863,"before":72,"hp":56}]},"secondBrace":{"at":127.4499999999949,"aim":{"x":-29,"z":-18.9},"windupRemaining":0.75,"hitAfter":0.75,"healthBefore":100,"healthAfter":96,"recoveryRemaining":1.1},"battleResult":{"hits":5,"hp":72,"firstArrowAfter":null,"impacts":[{"after":0.20000000000004547,"before":72,"hp":56},{"after":0.7500000000001705,"before":56,"hp":40},{"after":1.3000000000002956,"before":40,"hp":24},{"after":1.8500000000004206,"before":24,"hp":8},{"after":2.4000000000005457,"before":8,"hp":0}]},"tickSeconds":0.05}
# Subtest: bow earns earthlands defeat, guarded combat, retreat and free return without legacy rewards
ok 1256 - bow earns earthlands defeat, guarded combat, retreat and free return without legacy rewards
  ---
  duration_ms: 265.4073
  type: 'test'
  ...
# {"realm":"earthlands","style":"bow","weapon":"trail_bow","entry":{"x":0,"z":104,"yaw":3.141592653589793},"stage":{"x":-29,"z":-8},"battle":{"x":-29,"z":-16},"refuge":{"x":0,"z":23},"firstBrace":{"at":101.1499999999964,"aim":{"x":-29,"z":-16},"windupRemaining":0.75,"hitAfter":0.7499999999999574,"healthBefore":100,"healthAfter":96,"recoveryRemaining":1.1},"firstAttack":{"hits":1,"hp":72,"firstArrowAfter":0.19999999999998863,"impacts":[{"after":0.29999999999998295,"before":72,"hp":59}]},"secondBrace":{"at":175.2000000000056,"aim":{"x":-29,"z":-16},"windupRemaining":0.75,"hitAfter":0.7500000000001705,"healthBefore":100,"healthAfter":96,"recoveryRemaining":1.1},"battleResult":{"hits":6,"hp":72,"firstArrowAfter":0.20000000000004547,"impacts":[{"after":0.3000000000000682,"before":72,"hp":59},{"after":1.1000000000002501,"before":59,"hp":46},{"after":1.900000000000432,"before":46,"hp":33},{"after":2.700000000000614,"before":33,"hp":20},{"after":3.500000000000796,"before":20,"hp":7},{"after":4.300000000000978,"before":7,"hp":0}]},"tickSeconds":0.05}
# Subtest: optional journeys migrate old world 9 saves without touching banked XP, choices, home or music
ok 1257 - optional journeys migrate old world 9 saves without touching banked XP, choices, home or music
  ---
  duration_ms: 14.3344
  type: 'test'
  ...
# Subtest: new schema rejects forward, malformed, unknown and impossible claim history
ok 1258 - new schema rejects forward, malformed, unknown and impossible claim history
  ---
  duration_ms: 6.8405
  type: 'test'
  ...
# Subtest: five-light gate is supported and separate from existing lake and Cosmos markers
ok 1259 - five-light gate is supported and separate from existing lake and Cosmos markers
  ---
  duration_ms: 3.0798
  type: 'test'
  ...
# Subtest: travel checkpoints original state, and rejects changed owner, revision, position or ticket
ok 1260 - travel checkpoints original state, and rejects changed owner, revision, position or ticket
  ---
  duration_ms: 11.6699
  type: 'test'
  ...
# Subtest: travel, free return, re-entry and cold reload do not grant or advance accepted work
ok 1261 - travel, free return, re-entry and cold reload do not grant or advance accepted work
  ---
  duration_ms: 3.9358
  type: 'test'
  ...
# Subtest: accepted objectives require physical arrival and current run; repeats remain once-only
ok 1262 - accepted objectives require physical arrival and current run; repeats remain once-only
  ---
  duration_ms: 3.833
  type: 'test'
  ...
# Subtest: save refusal and capacity-blocked turn-in preserve completed objectives, currency and journal atomically
ok 1263 - save refusal and capacity-blocked turn-in preserve completed objectives, currency and journal atomically
  ---
  duration_ms: 5.8665
  type: 'test'
  ...
# Subtest: claim fences survive changed request IDs, reload, re-entry and intentional smaller repeat runs
ok 1264 - claim fences survive changed request IDs, reload, re-entry and intentional smaller repeat runs
  ---
  duration_ms: 6.3703
  type: 'test'
  ...
# Subtest: reward changes only declared fields and retains explicit classes, gear, sockets, XP ceiling and story history
ok 1265 - reward changes only declared fields and retains explicit classes, gear, sockets, XP ceiling and story history
  ---
  duration_ms: 2.9939
  type: 'test'
  ...
# Subtest: only canonical local enemies use local defeat records and never enter legacy loot history
ok 1266 - only canonical local enemies use local defeat records and never enter legacy loot history
  ---
  duration_ms: 2.2321
  type: 'test'
  ...
# Subtest: copied or live enemies cannot manufacture a defeat, and a real defeat preserves the revision ceiling
ok 1267 - copied or live enemies cannot manufacture a defeat, and a real defeat preserves the revision ceiling
  ---
  duration_ms: 1.7326
  type: 'test'
  ...
# Subtest: bow targets and actual arrows use new scene ground, while solid cover blocks hits
ok 1268 - bow targets and actual arrows use new scene ground, while solid cover blocks hits
  ---
  duration_ms: 6.5856
  type: 'test'
  ...
# Subtest: skipped active run identities are rejected rather than inventing an unknown payout history
ok 1269 - skipped active run identities are rejected rather than inventing an unknown payout history
  ---
  duration_ms: 0.8458
  type: 'test'
  ...
# Subtest: failure after scene sync restores the original runtime graph as well as position and room
ok 1270 - failure after scene sync restores the original runtime graph as well as position and room
  ---
  duration_ms: 1.8296
  type: 'test'
  ...
# Subtest: every new realm objective can return to its real giver through production navigation
ok 1271 - every new realm objective can return to its real giver through production navigation
  ---
  duration_ms: 333.0784
  type: 'test'
  ...
# Subtest: gallery has actual depth, held release, body/camera medium separation and true blocking air-court walls
ok 1272 - gallery has actual depth, held release, body/camera medium separation and true blocking air-court walls
  ---
  duration_ms: 1.9929
  type: 'test'
  ...
# Subtest: companion menu preserves dry waiting position, and an explicit recall uses the dry entry during a dive
ok 1273 - companion menu preserves dry waiting position, and an explicit recall uses the dry entry during a dive
  ---
  duration_ms: 1.3411
  type: 'test'
  ...
# Subtest: isolated IIFE and CommonJS expose only one frozen pure function
ok 1274 - isolated IIFE and CommonJS expose only one frozen pure function
  ---
  duration_ms: 2.576
  type: 'test'
  ...
# Subtest: actual 955-cell expanded Earth partition reduces to 64 exact rectangles
ok 1275 - actual 955-cell expanded Earth partition reduces to 64 exact rectangles
  ---
  duration_ms: 46.4618
  type: 'test'
  ...
# Subtest: every shared world-ground caller and old Coastward retain exact floor area, owner, color and height
ok 1276 - every shared world-ground caller and old Coastward retain exact floor area, owner, color and height
  ---
  duration_ms: 46.46
  type: 'test'
  ...
# Subtest: real bridge source boundaries and river void remain separate from bank masses
ok 1277 - real bridge source boundaries and river void remain separate from bank masses
  ---
  duration_ms: 10.2658
  type: 'test'
  ...
# Subtest: Atlantis gallery edge partitions remain exact and no cell crosses camera-medium boundary
ok 1278 - Atlantis gallery edge partitions remain exact and no cell crosses camera-medium boundary
  ---
  duration_ms: 2.6156
  type: 'test'
  ...
# Subtest: a labelled untagged Atlantis control demonstrates why caller-owned gallery metadata is required
ok 1279 - a labelled untagged Atlantis control demonstrates why caller-owned gallery metadata is required
  ---
  duration_ms: 2.8592
  type: 'test'
  ...
# Subtest: only complete shared edges merge; holes, corners, tiny gaps and differing metadata remain
ok 1280 - only complete shared edges merge; holes, corners, tiny gaps and differing metadata remain
  ---
  duration_ms: 1.7749
  type: 'test'
  ...
# Subtest: metadata values and arrays are deep-fresh, order-independent and never aliases
ok 1281 - metadata values and arrays are deep-fresh, order-independent and never aliases
  ---
  duration_ms: 0.7873
  type: 'test'
  ...
# Subtest: empty input, input permutations and repeated coalescing are deterministic and fresh
ok 1282 - empty input, input permutations and repeated coalescing are deterministic and fresh
  ---
  duration_ms: 41.7158
  type: 'test'
  ...
# Subtest: invalid, overlapping, accessor or nondata records refuse before input mutation
ok 1283 - invalid, overlapping, accessor or nondata records refuse before input mutation
  ---
  duration_ms: 1.8242
  type: 'test'
  ...
# Subtest: actual submitted vertices stay finite and terrain draw work falls without dropping area
ok 1284 - actual submitted vertices stay finite and terrain draw work falls without dropping area
  ---
  duration_ms: 5.7633
  type: 'test'
  ...
# Subtest: heaven: stable contract, finite geometry, pure bounded quest and readable anchors
ok 1285 - heaven: stable contract, finite geometry, pure bounded quest and readable anchors
  ---
  duration_ms: 3.2366
  type: 'test'
  ...
# Subtest: heaven: connected physical ground gives every point and enemy a body-width approach and return
ok 1286 - heaven: connected physical ground gives every point and enemy a body-width approach and return
  ---
  duration_ms: 193.836
  type: 'test'
  ...
# Subtest: heaven: submitted original art has finite transforms, matched cover, and a modest local instance/triangle budget
ok 1287 - heaven: submitted original art has finite transforms, matched cover, and a modest local instance/triangle budget
  ---
  duration_ms: 97.625
  type: 'test'
  ...
# Subtest: heaven: decorating is deterministic, owns no scene lifecycle and leaves all source/simulation/inventory state unchanged
ok 1288 - heaven: decorating is deterministic, owns no scene lifecycle and leaves all source/simulation/inventory state unchanged
  ---
  duration_ms: 16.1404
  type: 'test'
  ...
# Subtest: heaven: height supplied by the world caller shifts all local structures, routes and markers coherently
ok 1289 - heaven: height supplied by the world caller shifts all local structures, routes and markers coherently
  ---
  duration_ms: 6.8508
  type: 'test'
  ...
# Subtest: hell: stable contract, finite geometry, pure bounded quest and readable anchors
ok 1290 - hell: stable contract, finite geometry, pure bounded quest and readable anchors
  ---
  duration_ms: 0.4476
  type: 'test'
  ...
# Subtest: hell: connected physical ground gives every point and enemy a body-width approach and return
ok 1291 - hell: connected physical ground gives every point and enemy a body-width approach and return
  ---
  duration_ms: 92.0125
  type: 'test'
  ...
# Subtest: hell: submitted original art has finite transforms, matched cover, and a modest local instance/triangle budget
ok 1292 - hell: submitted original art has finite transforms, matched cover, and a modest local instance/triangle budget
  ---
  duration_ms: 37.6537
  type: 'test'
  ...
# Subtest: hell: decorating is deterministic, owns no scene lifecycle and leaves all source/simulation/inventory state unchanged
ok 1293 - hell: decorating is deterministic, owns no scene lifecycle and leaves all source/simulation/inventory state unchanged
  ---
  duration_ms: 6.2874
  type: 'test'
  ...
# Subtest: hell: height supplied by the world caller shifts all local structures, routes and markers coherently
ok 1294 - hell: height supplied by the world caller shifts all local structures, routes and markers coherently
  ---
  duration_ms: 3.6011
  type: 'test'
  ...
# Subtest: Heaven: both actual causeway/arcade loops fit a traveller without stepping through instrument, columns or workshop
ok 1295 - Heaven: both actual causeway/arcade loops fit a traveller without stepping through instrument, columns or workshop
  ---
  duration_ms: 6.8374
  type: 'test'
  ...
# Subtest: Heaven: distinct narrow route inlays sit on supported paving and the fork remains flat and clear
ok 1296 - Heaven: distinct narrow route inlays sit on supported paving and the fork remains flat and clear
  ---
  duration_ms: 15.9452
  type: 'test'
  ...
# Subtest: Heaven: the cultivated Ruby-fork band has actual native support and leaves routes, solids and interaction approaches clear
ok 1297 - Heaven: the cultivated Ruby-fork band has actual native support and leaves routes, solids and interaction approaches clear
  ---
  duration_ms: 30.9856
  type: 'test'
  ...
# Subtest: Heaven: all low blossoms attach to rooted stems and fit their shallow planting beds
ok 1298 - Heaven: all low blossoms attach to rooted stems and fit their shallow planting beds
  ---
  duration_ms: 6.669
  type: 'test'
  ...
# Subtest: Heaven: cultivated detail has a bounded geometry cost and is identical with reduced motion enabled
ok 1299 - Heaven: cultivated detail has a bounded geometry cost and is identical with reduced motion enabled
  ---
  duration_ms: 7.5261
  type: 'test'
  ...
# Subtest: Hell: only the existing Refuge roof slab and patched ribs carry the bounded reveal tag
ok 1300 - Hell: only the existing Refuge roof slab and patched ribs carry the bounded reveal tag
  ---
  duration_ms: 3.261
  type: 'test'
  ...
# Subtest: Hell: distinct east/west approaches and the free home path avoid the optional sentinel even within an eleven-unit threat pocket
ok 1301 - Hell: distinct east/west approaches and the free home path avoid the optional sentinel even within an eleven-unit threat pocket
  ---
  duration_ms: 61.6359
  type: 'test'
  ...
# Subtest: Module exposes the browser/CommonJS contract and rejects unknown decoration without touching the caller
ok 1302 - Module exposes the browser/CommonJS contract and rejects unknown decoration without touching the caller
  ---
  duration_ms: 0.1583
  type: 'test'
  ...
1..1302
# tests 1302
# suites 0
# pass 1302
# fail 0
# cancelled 0
# skipped 0
# todo 0
# duration_ms 6849.1253
