TAP version 13
# Subtest: adventure defaults round trip without equipment or story
ok 1 - adventure defaults round trip without equipment or story
  ---
  duration_ms: 2.7212
  type: 'test'
  ...
# Subtest: v4 migration preserves sandbox, composition, notes, appearance without source mutation
ok 2 - v4 migration preserves sandbox, composition, notes, appearance without source mutation
  ---
  duration_ms: 6.1439
  type: 'test'
  ...
# Subtest: realm05 browser key is copied without overwriting previous save
ok 3 - realm05 browser key is copied without overwriting previous save
  ---
  duration_ms: 3.7151
  type: 'test'
  ...
# Subtest: starter supplies require actual workshop proximity
ok 4 - starter supplies require actual workshop proximity
  ---
  duration_ms: 7.8822
  type: 'test'
  ...
# Subtest: starter kit is one claim and equips owned items
ok 5 - starter kit is one claim and equips owned items
  ---
  duration_ms: 0.8986
  type: 'test'
  ...
# Subtest: retry is idempotent while changed terms under same ID are rejected
ok 6 - retry is idempotent while changed terms under same ID are rejected
  ---
  duration_ms: 1.5652
  type: 'test'
  ...
# Subtest: entry requires supplies, repaired crossing, pickaxe and proximity
ok 7 - entry requires supplies, repaired crossing, pickaxe and proximity
  ---
  duration_ms: 0.9836
  type: 'test'
  ...
# Subtest: interior saves retain safe exterior return position
ok 8 - interior saves retain safe exterior return position
  ---
  duration_ms: 1.8507
  type: 'test'
  ...
# Subtest: authored entry, fox and encounter positions are walkable
ok 9 - authored entry, fox and encounter positions are walkable
  ---
  duration_ms: 0.3392
  type: 'test'
  ...
# Subtest: outer walls and NaN cannot be walked through
ok 10 - outer walls and NaN cannot be walked through
  ---
  duration_ms: 0.3362
  type: 'test'
  ...
# Subtest: digging checks scene, tool and reach before mutation
ok 11 - digging checks scene, tool and reach before mutation
  ---
  duration_ms: 1.9694
  type: 'test'
  ...
# Subtest: two actual strikes excavate rock and open a path
ok 12 - two actual strikes excavate rock and open a path
  ---
  duration_ms: 12.8719
  type: 'test'
  ...
# Subtest: pick cooldown prevents duplicate immediate strokes
ok 13 - pick cooldown prevents duplicate immediate strokes
  ---
  duration_ms: 8.8589
  type: 'test'
  ...
# Subtest: outer cells refuse excavation
ok 14 - outer cells refuse excavation
  ---
  duration_ms: 0.551
  type: 'test'
  ...
# Subtest: removed stone cannot pay again
ok 15 - removed stone cannot pay again
  ---
  duration_ms: 4.1765
  type: 'test'
  ...
# Subtest: cold reopening reconstructs excavation but restarts outside
ok 16 - cold reopening reconstructs excavation but restarts outside
  ---
  duration_ms: 14.5272
  type: 'test'
  ...
# Subtest: attacks cannot damage distant targets
ok 17 - attacks cannot damage distant targets
  ---
  duration_ms: 0.7626
  type: 'test'
  ...
# Subtest: line of sight blocks attacks through rock
ok 18 - line of sight blocks attacks through rock
  ---
  duration_ms: 0.5847
  type: 'test'
  ...
# Subtest: melee decreases health, respects cooldown and creates one defeat/cache
ok 19 - melee decreases health, respects cooldown and creates one defeat/cache
  ---
  duration_ms: 7.5762
  type: 'test'
  ...
# Subtest: sweep consumes stamina only once per cooldown
ok 20 - sweep consumes stamina only once per cooldown
  ---
  duration_ms: 0.6947
  type: 'test'
  ...
# Subtest: insufficient stamina refuses without mutation
ok 21 - insufficient stamina refuses without mutation
  ---
  duration_ms: 1.1495
  type: 'test'
  ...
# Subtest: dodge respects cave collision instead of tunneling
ok 22 - dodge respects cave collision instead of tunneling
  ---
  duration_ms: 0.4408
  type: 'test'
  ...
# Subtest: dodge avoidance protects against imminent impact
ok 23 - dodge avoidance protects against imminent impact
  ---
  duration_ms: 3.2651
  type: 'test'
  ...
# Subtest: telegraph hits its declared destination, not a tracking player
ok 24 - telegraph hits its declared destination, not a tracking player
  ---
  duration_ms: 0.8745
  type: 'test'
  ...
# Subtest: failed evasion incurs damage reduced by armor
ok 25 - failed evasion incurs damage reduced by armor
  ---
  duration_ms: 0.8206
  type: 'test'
  ...
# Subtest: pause stops actual timers and combat
ok 26 - pause stops actual timers and combat
  ---
  duration_ms: 1.8493
  type: 'test'
  ...
# Subtest: daylight slider is not a cooldown cheat
ok 27 - daylight slider is not a cooldown cheat
  ---
  duration_ms: 0.5807
  type: 'test'
  ...
# Subtest: healing consumes tonic, caps at maximum and has cooldown
ok 28 - healing consumes tonic, caps at maximum and has cooldown
  ---
  duration_ms: 0.4455
  type: 'test'
  ...
# Subtest: rest requires spring and is not available in combat
ok 29 - rest requires spring and is not available in combat
  ---
  duration_ms: 0.6514
  type: 'test'
  ...
# Subtest: death stops movement and resurrection preserves loot
ok 30 - death stops movement and resurrection preserves loot
  ---
  duration_ms: 0.5898
  type: 'test'
  ...
# Subtest: paused resurrection is possible without resuming time implicitly
ok 31 - paused resurrection is possible without resuming time implicitly
  ---
  duration_ms: 0.5218
  type: 'test'
  ...
# Subtest: living players cannot resurrect for a free teleport
ok 32 - living players cannot resurrect for a free teleport
  ---
  duration_ms: 0.3954
  type: 'test'
  ...
# Subtest: loot is proximity checked and cannot be claimed twice
ok 33 - loot is proximity checked and cannot be claimed twice
  ---
  duration_ms: 0.5068
  type: 'test'
  ...
# Subtest: full pouch rejects atomically and preserves cache
ok 34 - full pouch rejects atomically and preserves cache
  ---
  duration_ms: 1.19
  type: 'test'
  ...
# Subtest: equipment must be owned and goes into the declared slot
ok 35 - equipment must be owned and goes into the declared slot
  ---
  duration_ms: 0.4012
  type: 'test'
  ...
# Subtest: increased health capacity does not heal on equip
ok 36 - increased health capacity does not heal on equip
  ---
  duration_ms: 0.3446
  type: 'test'
  ...
# Subtest: forge consumes exact inputs once
ok 37 - forge consumes exact inputs once
  ---
  duration_ms: 0.406
  type: 'test'
  ...
# Subtest: forge outside workbench fails without cost
ok 38 - forge outside workbench fails without cost
  ---
  duration_ms: 1.0959
  type: 'test'
  ...
# Subtest: rescue requires proximity and threat clearance
ok 39 - rescue requires proximity and threat clearance
  ---
  duration_ms: 0.5645
  type: 'test'
  ...
# Subtest: companion naming is bounded data and mode is enumerated
ok 40 - companion naming is bounded data and mode is enumerated
  ---
  duration_ms: 0.4861
  type: 'test'
  ...
# Subtest: Stay retains fox in its scene during active session
ok 41 - Stay retains fox in its scene during active session
  ---
  duration_ms: 0.4737
  type: 'test'
  ...
# Subtest: Follow explicitly recalls across a scene boundary
ok 42 - Follow explicitly recalls across a scene boundary
  ---
  duration_ms: 0.4892
  type: 'test'
  ...
# Subtest: defeated enemies stay defeated on re-entry
ok 43 - defeated enemies stay defeated on re-entry
  ---
  duration_ms: 0.4837
  type: 'test'
  ...
# Subtest: unfinished enemies reset on re-entry; partial health is not a win
ok 44 - unfinished enemies reset on re-entry; partial health is not a win
  ---
  duration_ms: 0.4073
  type: 'test'
  ...
# Subtest: relic requires guardian defeat and proximity, with single claim
ok 45 - relic requires guardian defeat and proximity, with single claim
  ---
  duration_ms: 0.4626
  type: 'test'
  ...
# Subtest: envoy requires relic at the spring
ok 46 - envoy requires relic at the spring
  ---
  duration_ms: 0.3977
  type: 'test'
  ...
# Subtest: final choice stays single across command IDs and cold reload
ok 47 - final choice stays single across command IDs and cold reload
  ---
  duration_ms: 1.7191
  type: 'test'
  ...
# Subtest: import rejects negative ore
ok 48 - import rejects negative ore
  ---
  duration_ms: 0.5322
  type: 'test'
  ...
# Subtest: import rejects NaN stamina
ok 49 - import rejects NaN stamina
  ---
  duration_ms: 0.4285
  type: 'test'
  ...
# Subtest: import rejects foreign gear
ok 50 - import rejects foreign gear
  ---
  duration_ms: 0.1048
  type: 'test'
  ...
# Subtest: import rejects non-owned equip
ok 51 - import rejects non-owned equip
  ---
  duration_ms: 0.0954
  type: 'test'
  ...
# Subtest: import rejects duplicate cells
ok 52 - import rejects duplicate cells
  ---
  duration_ms: 0.0715
  type: 'test'
  ...
# Subtest: import rejects outer excavation
ok 53 - import rejects outer excavation
  ---
  duration_ms: 0.0776
  type: 'test'
  ...
# Subtest: import rejects noncanonical cell
ok 54 - import rejects noncanonical cell
  ---
  duration_ms: 0.0746
  type: 'test'
  ...
# Subtest: import rejects relic without defeat
ok 55 - import rejects relic without defeat
  ---
  duration_ms: 0.0753
  type: 'test'
  ...
# Subtest: import rejects gift without envoy
ok 56 - import rejects gift without envoy
  ---
  duration_ms: 0.1057
  type: 'test'
  ...
# Subtest: import rejects oversized name
ok 57 - import rejects oversized name
  ---
  duration_ms: 0.0925
  type: 'test'
  ...
# Subtest: import rejects duplicate drop
ok 58 - import rejects duplicate drop
  ---
  duration_ms: 0.0867
  type: 'test'
  ...
# Subtest: import rejects impossible chips
ok 59 - import rejects impossible chips
  ---
  duration_ms: 0.086
  type: 'test'
  ...
# Subtest: import rejects excess health
ok 60 - import rejects excess health
  ---
  duration_ms: 0.1235
  type: 'test'
  ...
# Subtest: import rejects foreign enemy
ok 61 - import rejects foreign enemy
  ---
  duration_ms: 0.1148
  type: 'test'
  ...
# Subtest: import rejects unstarted rescue
ok 62 - import rejects unstarted rescue
  ---
  duration_ms: 0.1266
  type: 'test'
  ...
# Subtest: invalid command envelope cannot mutate persistent state
ok 63 - invalid command envelope cannot mutate persistent state
  ---
  duration_ms: 1.3561
  type: 'test'
  ...
# Subtest: prototype-looking item key safely refuses
ok 64 - prototype-looking item key safely refuses
  ---
  duration_ms: 2.4975
  type: 'test'
  ...
# Subtest: circular command data is safely refused
ok 65 - circular command data is safely refused
  ---
  duration_ms: 4.9417
  type: 'test'
  ...
# Subtest: no private memory or credentials enter save
ok 66 - no private memory or credentials enter save
  ---
  duration_ms: 1.0921
  type: 'test'
  ...
# Subtest: version07 raw save migrates without losing road or creative state
ok 67 - version07 raw save migrates without losing road or creative state
  ---
  duration_ms: 10.0986
  type: 'test'
  ...
# Subtest: legacy storage key is copied not overwritten
ok 68 - legacy storage key is copied not overwritten
  ---
  duration_ms: 4.3266
  type: 'test'
  ...
# Subtest: fresh arsenal has no free bows gems or medals
ok 69 - fresh arsenal has no free bows gems or medals
  ---
  duration_ms: 0.3898
  type: 'test'
  ...
# Subtest: gem records reject invalid quantities and unknown fields
ok 70 - gem records reject invalid quantities and unknown fields
  ---
  duration_ms: 12.6623
  type: 'test'
  ...
# Subtest: socket validation needs owned weapon and known gem
ok 71 - socket validation needs owned weapon and known gem
  ---
  duration_ms: 3.6781
  type: 'test'
  ...
# Subtest: medal requires bounded completion time and vice versa
ok 72 - medal requires bounded completion time and vice versa
  ---
  duration_ms: 3.818
  type: 'test'
  ...
# Subtest: unstarted record cannot mint loose gems or a medal
ok 73 - unstarted record cannot mint loose gems or a medal
  ---
  duration_ms: 0.4311
  type: 'test'
  ...
# Subtest: craft refuses before supplies, remote bench, paused or unknown recipe
ok 74 - craft refuses before supplies, remote bench, paused or unknown recipe
  ---
  duration_ms: 5.611
  type: 'test'
  ...
# Subtest: bow recipe consumes exact wood fiber stone and creates a unique item
ok 75 - bow recipe consumes exact wood fiber stone and creates a unique item
  ---
  duration_ms: 1.6005
  type: 'test'
  ...
# Subtest: insufficient material on any ingredient causes no partial charge
ok 76 - insufficient material on any ingredient causes no partial charge
  ---
  duration_ms: 2.5721
  type: 'test'
  ...
# Subtest: longbow requires original bow then keeps it and charges exact components
ok 77 - longbow requires original bow then keeps it and charges exact components
  ---
  duration_ms: 1.2633
  type: 'test'
  ...
# Subtest: craft duplicate id never charges twice and changed content is refused
ok 78 - craft duplicate id never charges twice and changed content is refused
  ---
  duration_ms: 2.0476
  type: 'test'
  ...
# Subtest: gem crafting charges correct actual material and currency balances
ok 79 - gem crafting charges correct actual material and currency balances
  ---
  duration_ms: 0.3896
  type: 'test'
  ...
# Subtest: gem capacity, ore and coin refusals are atomic
ok 80 - gem capacity, ore and coin refusals are atomic
  ---
  duration_ms: 1.4129
  type: 'test'
  ...
# Subtest: socket requires actual outdoor workbench and loose gem
ok 81 - socket requires actual outdoor workbench and loose gem
  ---
  duration_ms: 3.1332
  type: 'test'
  ...
# Subtest: fitting replacing reclaiming preserves total gem quantities
ok 82 - fitting replacing reclaiming preserves total gem quantities
  ---
  duration_ms: 0.567
  type: 'test'
  ...
# Subtest: socket changes stats only for currently equipped weapon
ok 83 - socket changes stats only for currently equipped weapon
  ---
  duration_ms: 0.4132
  type: 'test'
  ...
# Subtest: moonstone raises capacity without healing and removal clamps current HP
ok 84 - moonstone raises capacity without healing and removal clamps current HP
  ---
  duration_ms: 0.3792
  type: 'test'
  ...
# Subtest: socket rejects same setting, wrong slot, foreign weapon, unknown gem
ok 85 - socket rejects same setting, wrong slot, foreign weapon, unknown gem
  ---
  duration_ms: 2.1308
  type: 'test'
  ...
# Subtest: full reclaim pouch prevents swap without consuming new gem
ok 86 - full reclaim pouch prevents swap without consuming new gem
  ---
  duration_ms: 1.7563
  type: 'test'
  ...
# Subtest: socket duplicate cannot charge, reclaim or alter stats twice
ok 87 - socket duplicate cannot charge, reclaim or alter stats twice
  ---
  duration_ms: 1.4329
  type: 'test'
  ...
# Subtest: range entry checks workshop proximity and prepared character
ok 88 - range entry checks workshop proximity and prepared character
  ---
  duration_ms: 2.4899
  type: 'test'
  ...
# Subtest: range collision bounds and pillars affect real walking
ok 89 - range collision bounds and pillars affect real walking
  ---
  duration_ms: 0.8903
  type: 'test'
  ...
# Subtest: range path routes around a pillar, not through it
ok 90 - range path routes around a pillar, not through it
  ---
  duration_ms: 3.2591
  type: 'test'
  ...
# Subtest: range south exit requires proximity and restores workshop position
ok 91 - range south exit requires proximity and restores workshop position
  ---
  duration_ms: 1.3161
  type: 'test'
  ...
# Subtest: save inside court restores outside without unfinished arrows or round
ok 92 - save inside court restores outside without unfinished arrows or round
  ---
  duration_ms: 1.4667
  type: 'test'
  ...
# Subtest: bow provides ranged profile while all previous blades keep their reach
ok 93 - bow provides ranged profile while all previous blades keep their reach
  ---
  duration_ms: 0.6876
  type: 'test'
  ...
# Subtest: bows refuse village shots and blades refuse practice target attacks
ok 94 - bows refuse village shots and blades refuse practice target attacks
  ---
  duration_ms: 2.7941
  type: 'test'
  ...
# Subtest: launch spends exact stamina and damage is delayed until actual travel
ok 95 - launch spends exact stamina and damage is delayed until actual travel
  ---
  duration_ms: 4.5984
  type: 'test'
  ...
# Subtest: cooldown and low stamina refusals do not consume resources
ok 96 - cooldown and low stamina refusals do not consume resources
  ---
  duration_ms: 4.3281
  type: 'test'
  ...
# Subtest: unknown out of range and obstructed targets do not launch
ok 97 - unknown out of range and obstructed targets do not launch
  ---
  duration_ms: 2.4963
  type: 'test'
  ...
# Subtest: arrow direction is fixed and can miss a moving enemy
ok 98 - arrow direction is fixed and can miss a moving enemy
  ---
  duration_ms: 2.0138
  type: 'test'
  ...
# Subtest: damage snapshots the launch gear, not later equipped weapon
ok 99 - damage snapshots the launch gear, not later equipped weapon
  ---
  duration_ms: 0.9829
  type: 'test'
  ...
# Subtest: incoming arrow grants timed enemy awareness at current world time
ok 100 - incoming arrow grants timed enemy awareness at current world time
  ---
  duration_ms: 0.9789
  type: 'test'
  ...
# Subtest: line trace chooses first target regardless of requested target order
ok 101 - line trace chooses first target regardless of requested target order
  ---
  duration_ms: 0.1941
  type: 'test'
  ...
# Subtest: wall precedes targets behind it and already-hit ids are ignored
ok 102 - wall precedes targets behind it and already-hit ids are ignored
  ---
  duration_ms: 0.4631
  type: 'test'
  ...
# Subtest: swept segments catch a target between endpoints
ok 103 - swept segments catch a target between endpoints
  ---
  duration_ms: 0.1183
  type: 'test'
  ...
# Subtest: degenerate and invalid geometry is bounded
ok 104 - degenerate and invalid geometry is bounded
  ---
  duration_ms: 0.4496
  type: 'test'
  ...
# Subtest: projectiles cross road water but not real obstacles
ok 105 - projectiles cross road water but not real obstacles
  ---
  duration_ms: 0.7877
  type: 'test'
  ...
# Subtest: mine stone and court pillars stop arrows
ok 106 - mine stone and court pillars stop arrows
  ---
  duration_ms: 0.5977
  type: 'test'
  ...
# Subtest: piercing light can hit at most two bodies and each at most once
ok 107 - piercing light can hit at most two bodies and each at most once
  ---
  duration_ms: 1.0392
  type: 'test'
  ...
# Subtest: ordinary arrow only hits first intervening target
ok 108 - ordinary arrow only hits first intervening target
  ---
  duration_ms: 2.0843
  type: 'test'
  ...
# Subtest: leaving and dying discard transient arrows
ok 109 - leaving and dying discard transient arrows
  ---
  duration_ms: 1.1286
  type: 'test'
  ...
# Subtest: no arrow follows an enemy forever
ok 110 - no arrow follows an enemy forever
  ---
  duration_ms: 1.8562
  type: 'test'
  ...
# Subtest: a fired arrow reaching zero HP creates one ordinary cache and XP result
ok 111 - a fired arrow reaching zero HP creates one ordinary cache and XP result
  ---
  duration_ms: 1.0659
  type: 'test'
  ...
# Subtest: target motion is reproducible and only the sun moves
ok 112 - target motion is reproducible and only the sun moves
  ---
  duration_ms: 0.1932
  type: 'test'
  ...
# Subtest: round requires range and bow and cannot restart a running clock
ok 113 - round requires range and bow and cannot restart a running clock
  ---
  duration_ms: 3.0498
  type: 'test'
  ...
# Subtest: practice arrows hit real targets without XP harm defeat or loot
ok 114 - practice arrows hit real targets without XP harm defeat or loot
  ---
  duration_ms: 1.6556
  type: 'test'
  ...
# Subtest: untimed target hits cannot mint a practice reward
ok 115 - untimed target hits cannot mint a practice reward
  ---
  duration_ms: 0.36
  type: 'test'
  ...
# Subtest: known-answer six hits award one medal five coins one amber
ok 116 - known-answer six hits award one medal five coins one amber
  ---
  duration_ms: 0.5295
  type: 'test'
  ...
# Subtest: repeated completed rounds improve best but never pay again
ok 117 - repeated completed rounds improve best but never pay again
  ---
  duration_ms: 0.452
  type: 'test'
  ...
# Subtest: longer round preserves faster recorded time
ok 118 - longer round preserves faster recorded time
  ---
  duration_ms: 0.4716
  type: 'test'
  ...
# Subtest: partial hits and timeout have no reward; new round starts empty
ok 119 - partial hits and timeout have no reward; new round starts empty
  ---
  duration_ms: 6.494
  type: 'test'
  ...
# Subtest: pause freezes timer projectile and moving target
ok 120 - pause freezes timer projectile and moving target
  ---
  duration_ms: 2.3714
  type: 'test'
  ...
# Subtest: daylight adjustment does not advance practice clock
ok 121 - daylight adjustment does not advance practice clock
  ---
  duration_ms: 0.3885
  type: 'test'
  ...
# Subtest: round stop preserves prior medal and clears arrows
ok 122 - round stop preserves prior medal and clears arrows
  ---
  duration_ms: 1.804
  type: 'test'
  ...
# Subtest: reward overflow does not mark medal or partly pay
ok 123 - reward overflow does not mark medal or partly pay
  ---
  duration_ms: 1.0546
  type: 'test'
  ...
# Subtest: saved medal sockets and health validate in a cold restart
ok 124 - saved medal sockets and health validate in a cold restart
  ---
  duration_ms: 1.2256
  type: 'test'
  ...
# Subtest: equipped amber modifies actual fox damage, unequipped amber does not
ok 125 - equipped amber modifies actual fox damage, unequipped amber does not
  ---
  duration_ms: 1.153
  type: 'test'
  ...
# Subtest: old Core saves add only the empty optional owner; exact schema refuses future and impossible history
ok 126 - old Core saves add only the empty optional owner; exact schema refuses future and impossible history
  ---
  duration_ms: 10.7981
  type: 'test'
  ...
# Subtest: every required descendant depends on the retained observation, not merely the other optional reading
ok 127 - every required descendant depends on the retained observation, not merely the other optional reading
  ---
  duration_ms: 18.1523
  type: 'test'
  ...
# Subtest: acceptance checks real character, chart, owner and revision; refused candidate is never adopted
ok 128 - acceptance checks real character, chart, owner and revision; refused candidate is never adopted
  ---
  duration_ms: 6.2373
  type: 'test'
  ...
# Subtest: saving cannot adopt into a replaced character, changed owner or reentrant state
ok 129 - saving cannot adopt into a replaced character, changed owner or reentrant state
  ---
  duration_ms: 5.6468
  type: 'test'
  ...
# Subtest: depth and medium are physical; an obstructed nearby control cannot be worked through a wall
ok 130 - depth and medium are physical; an obstructed nearby control cannot be worked through a wall
  ---
  duration_ms: 1.9338
  type: 'test'
  ...
# Subtest: first approach is deliberate and retained; wrong or premature pressure has no loss or progress
ok 131 - first approach is deliberate and retained; wrong or premature pressure has no loss or progress
  ---
  duration_ms: 10.2968
  type: 'test'
  ...
# Subtest: all 24 authored branches use actual commands, actual damage, sequential releases and a separate one-time fee
ok 132 - all 24 authored branches use actual commands, actual damage, sequential releases and a separate one-time fee
  ---
  duration_ms: 383.7458
  type: 'test'
  ...
# Subtest: whole fee capacity includes crystal; stored XP cap never blocks full fixed materials or refills a character
ok 133 - whole fee capacity includes crystal; stored XP cap never blocks full fixed materials or refills a character
  ---
  duration_ms: 15.1949
  type: 'test'
  ...
# Subtest: revision and event limits refuse without consuming fees or trimming prior history
ok 134 - revision and event limits refuse without consuming fees or trimming prior history
  ---
  duration_ms: 3.9635
  type: 'test'
  ...
# Subtest: stored early XP one through five earns only the fixed fee and never resets equipment or health at a level boundary
ok 135 - stored early XP one through five earns only the fixed fee and never resets equipment or health at a level boundary
  ---
  duration_ms: 8.5045
  type: 'test'
  ...
# Subtest: read-only accepted witnesses have stable ownership and saved outlet controls Damar’s actual presence
ok 136 - read-only accepted witnesses have stable ownership and saved outlet controls Damar’s actual presence
  ---
  duration_ms: 3.0003
  type: 'test'
  ...
# Subtest: real owned moving Custodian can take ordinary damage in all live phases; copies and false origins cannot
ok 137 - real owned moving Custodian can take ordinary damage in all live phases; copies and false origins cannot
  ---
  duration_ms: 0.817
  type: 'test'
  ...
# Subtest: real lethal damage saves bearing once, refuses to HP one, and never invokes legacy loot
ok 138 - real lethal damage saves bearing once, refuses to HP one, and never invokes legacy loot
  ---
  duration_ms: 1.9156
  type: 'test'
  ...
# Subtest: an invalid character envelope refuses real exhaustion without leaving an unstored zero-HP owner
ok 139 - an invalid character envelope refuses real exhaustion without leaving an unstored zero-HP owner
  ---
  duration_ms: 1.3957
  type: 'test'
  ...
# Subtest: actual bow projectile can hit an ordinary windup and resolve only the campaign bearing
ok 140 - actual bow projectile can hit an ordinary windup and resolve only the campaign bearing
  ---
  duration_ms: 7.4436
  type: 'test'
  ...
# Subtest: real bow-distance AI selects its declared intake while the Custodian remains anchored and retreat stays out of reach
ok 141 - real bow-distance AI selects its declared intake while the Custodian remains anchored and retreat stays out of reach
  ---
  duration_ms: 25.367
  type: 'test'
  ...
# Subtest: two immutable locked patterns cycle with fixed timing and cannot follow a moved traveler or use a copied frame
ok 142 - two immutable locked patterns cycle with fixed timing and cannot follow a moved traveler or use a copied frame
  ---
  duration_ms: 1.5078
  type: 'test'
  ...
# Subtest: independent closest-shape oracle checks sector edge and rounded intake corners across directions
ok 143 - independent closest-shape oracle checks sector edge and rounded intake corners across directions
  ---
  duration_ms: 34.7182
  type: 'test'
  ...
# Subtest: anchored intake meets canonical visible service cover without moving the machine
ok 144 - anchored intake meets canonical visible service cover without moving the machine
  ---
  duration_ms: 6.6542
  type: 'test'
  ...
# Subtest: locked intake clips the whole supported lane at real quay edges and opaque cover, not merely its centerline
ok 145 - locked intake clips the whole supported lane at real quay edges and opaque cover, not merely its centerline
  ---
  duration_ms: 8.7635
  type: 'test'
  ...
# Subtest: pull requires exact real intake ownership/time/contact and preserves depth, yaw, HP and durable ledgers
ok 146 - pull requires exact real intake ownership/time/contact and preserves depth, yaw, HP and durable ledgers
  ---
  duration_ms: 5.2832
  type: 'test'
  ...
# Subtest: ordinary simulation time applies the final intake fraction once, then recovery; locked escape avoids contact
ok 147 - ordinary simulation time applies the final intake fraction once, then recovery; locked escape avoids contact
  ---
  duration_ms: 2.3622
  type: 'test'
  ...
# Subtest: real shallow current retains y and uses supported small motion; quiet depths, court, pause and refusal do not drift
ok 148 - real shallow current retains y and uses supported small motion; quiet depths, court, pause and refusal do not drift
  ---
  duration_ms: 3.1028
  type: 'test'
  ...
# Subtest: saved manual bypass survives reload without erasing required pressure stages or charging another fee
ok 149 - saved manual bypass survives reload without erasing required pressure stages or charging another fee
  ---
  duration_ms: 1.3627
  type: 'test'
  ...
# Subtest: pure art projects only accepted physical-room facts and creates no rule actor or reward
ok 150 - pure art projects only accepted physical-room facts and creates no rule actor or reward
  ---
  duration_ms: 13.9666
  type: 'test'
  ...
# Subtest: all static transformed vertices use the real dry support or gallery medium, avoid opaque solids and stay finite
ok 151 - all static transformed vertices use the real dry support or gallery medium, avoid opaque solids and stay finite
  ---
  duration_ms: 119.0398
  type: 'test'
  ...
# publish: 100 static instances, 1516 triangles
# limited: 96 static instances, 1468 triangles
# license: 96 static instances, 1460 triangles
# Subtest: real full swimmer bodies remain clear beside wet and court fittings at each physical anchor
ok 152 - real full swimmer bodies remain clear beside wet and court fittings at each physical anchor
  ---
  duration_ms: 45.9977
  type: 'test'
  ...
# Subtest: depth markings retain both observations, chosen required reading and only each recorded pressure setting
ok 153 - depth markings retain both observations, chosen required reading and only each recorded pressure setting
  ---
  duration_ms: 1.677
  type: 'test'
  ...
# Subtest: current bands stay within their actual complete bounds and direction marks read only the owner status
ok 154 - current bands stay within their actual complete bounds and direction marks read only the owner status
  ---
  duration_ms: 4.2934
  type: 'test'
  ...
# Subtest: saved dispositions have distinct municipal fittings while keeping both complete receipts visible
ok 155 - saved dispositions have distinct municipal fittings while keeping both complete receipts visible
  ---
  duration_ms: 5.0314
  type: 'test'
  ...
# Subtest: the squat whole Custodian is grounded inside its real radius at every actor yaw and all live phases
ok 156 - the squat whole Custodian is grounded inside its real radius at every actor yaw and all live phases
  ---
  duration_ms: 348.6542
  type: 'test'
  ...
# Subtest: Custodian projection rejects copied, foreign, unstored exhausted, underwater and resolved actors
ok 157 - Custodian projection rejects copied, foreign, unstored exhausted, underwater and resolved actors
  ---
  duration_ms: 5.8455
  type: 'test'
  ...
# Subtest: paired sweep strokes project the immutable actual sector, including tiny supplied radius frames
ok 158 - paired sweep strokes project the immutable actual sector, including tiny supplied radius frames
  ---
  duration_ms: 320.6188
  type: 'test'
  ...
# Subtest: paired intake strokes never exceed actual clipped length or width, even at very short cover clips
ok 159 - paired intake strokes never exceed actual clipped length or width, even at very short cover clips
  ---
  duration_ms: 205.4396
  type: 'test'
  ...
# Subtest: warning pose follows the fixed strike rather than actor/player movement; zero or inactive lanes emit nothing
ok 160 - warning pose follows the fixed strike rather than actor/player movement; zero or inactive lanes emit nothing
  ---
  duration_ms: 1.4556
  type: 'test'
  ...
# Subtest: support-clipped south intake and real opaque-bollard clip use only their supplied frame
ok 161 - support-clipped south intake and real opaque-bollard clip use only their supplied frame
  ---
  duration_ms: 13.1523
  type: 'test'
  ...
# Subtest: exact owned Ilyra and Damar actors appear at their accepted facts, are grounded and never clone existing locals
ok 162 - exact owned Ilyra and Damar actors appear at their accepted facts, are grounded and never clone existing locals
  ---
  duration_ms: 139.4606
  type: 'test'
  ...
# Subtest: pause, reduced motion and arbitrary wall time preserve quiet deterministic fittings and locked frames
ok 163 - pause, reduced motion and arbitrary wall time preserve quiet deterministic fittings and locked frames
  ---
  duration_ms: 5.6153
  type: 'test'
  ...
# Subtest: combined fixtures, owned witnesses and worst warning stay within the bounded presentation budget
ok 164 - combined fixtures, owned witnesses and worst warning stay within the bounded presentation budget
  ---
  duration_ms: 5.069
  type: 'test'
  ...
# 180 combined instances, 3408 triangles
# Subtest: journal, map, route labels and terms are read-pure and explicit acceptance needs the old claimed chart
ok 165 - journal, map, route labels and terms are read-pure and explicit acceptance needs the old claimed chart
  ---
  duration_ms: 10.6837
  type: 'test'
  ...
# Subtest: wet map labels are depth-reading controls; dry walk uses the existing supported approach without work
ok 166 - wet map labels are depth-reading controls; dry walk uses the existing supported approach without work
  ---
  duration_ms: 2.4734
  type: 'test'
  ...
# Subtest: gallery controls expose the existing physical dive handler and honest E-at-landing exit, with no new exit action
ok 167 - gallery controls expose the existing physical dive handler and honest E-at-landing exit, with no new exit action
  ---
  duration_ms: 1.3335
  type: 'test'
  ...
# Subtest: production medium and feet depth reject overhead or wrong-depth actions; real wet and court anchors expose controls
ok 168 - production medium and feet depth reject overhead or wrong-depth actions; real wet and court anchors expose controls
  ---
  duration_ms: 1.3806
  type: 'test'
  ...
# Subtest: pressure controls use exact catalogue tokens and sequential availability; no remote or combat-completion dispatch
ok 169 - pressure controls use exact catalogue tokens and sequential availability; no remote or combat-completion dispatch
  ---
  duration_ms: 4.9223
  type: 'test'
  ...
# Subtest: retained approaches use explicit preview, cancel and owner-bound confirmation without read or preview credit
ok 170 - retained approaches use explicit preview, cancel and owner-bound confirmation without read or preview credit
  ---
  duration_ms: 3.331
  type: 'test'
  ...
# Subtest: each disposition confirms once through the current physical owner, quotes recognition only after verification and pays separately
ok 171 - each disposition confirms once through the current physical owner, quotes recognition only after verification and pays separately
  ---
  duration_ms: 9.9591
  type: 'test'
  ...
# Subtest: every stale traveller, revision, medium, depth, position or page fence refuses mutation and stale confirmation
ok 172 - every stale traveller, revision, medium, depth, position or page fence refuses mutation and stale confirmation
  ---
  duration_ms: 6.1445
  type: 'test'
  ...
# Subtest: context, tracker and route reads never record work or courier arrival and retain all old save fields
ok 173 - context, tracker and route reads never record work or courier arrival and retain all old save fields
  ---
  duration_ms: 1.2563
  type: 'test'
  ...
# Subtest: tracker prioritizes the retained required reading and mandatory repair over available optional work
ok 174 - tracker prioritizes the retained required reading and mandatory repair over available optional work
  ---
  duration_ms: 1.1633
  type: 'test'
  ...
# Subtest: Atlantis catalogue: immutable exact imports grant no progress, actor, support or old-owner change
ok 175 - Atlantis catalogue: immutable exact imports grant no progress, actor, support or old-owner change
  ---
  duration_ms: 3.6335
  type: 'test'
  ...
# Subtest: Atlantis entry and witnesses: existing chart and giver stay distinct; new accepted witnesses do not duplicate residents
ok 176 - Atlantis entry and witnesses: existing chart and giver stay distinct; new accepted witnesses do not duplicate residents
  ---
  duration_ms: 60.0159
  type: 'test'
  ...
# Subtest: Atlantis graph: named pressure order, retained approach and real exhaustion guard all mandatory edges
ok 177 - Atlantis graph: named pressure order, retained approach and real exhaustion guard all mandatory edges
  ---
  duration_ms: 0.8525
  type: 'test'
  ...
# Subtest: Atlantis branches: exhaustive authored fact sets cover both approaches, optional evidence/bypass and every disposition
ok 178 - Atlantis branches: exhaustive authored fact sets cover both approaches, optional evidence/bypass and every disposition
  ---
  duration_ms: 2.0105
  type: 'test'
  ...
# Subtest: Atlantis dry geography: every dry action and declared waiting witness has a full supported home path
ok 179 - Atlantis dry geography: every dry action and declared waiting witness has a full supported home path
  ---
  duration_ms: 608.7409
  type: 'test'
  ...
# Subtest: Atlantis wet geography: exact depth/medium actions connect through the existing whole-body gallery route
ok 180 - Atlantis wet geography: exact depth/medium actions connect through the existing whole-body gallery route
  ---
  duration_ms: 12.7777
  type: 'test'
  ...
# Subtest: Atlantis current: marked shallow region is entirely water; lower reading, manual bypass and air court remain outside
ok 181 - Atlantis current: marked shallow region is entirely water; lower reading, manual bypass and air court remain outside
  ---
  duration_ms: 0.7185
  type: 'test'
  ...
# Subtest: Atlantis encounter: grounded sweep fits; intake exposes the real south-edge clipping requirement
ok 182 - Atlantis encounter: grounded sweep fits; intake exposes the real south-edge clipping requirement
  ---
  duration_ms: 5.0846
  type: 'test'
  ...
# Subtest: Atlantis fee and dispositions: fixed complete payload contributes to actual recipes and keeps recognition local
ok 183 - Atlantis fee and dispositions: fixed complete payload contributes to actual recipes and keeps recognition local
  ---
  duration_ms: 0.6232
  type: 'test'
  ...
# Subtest: Realm08 world migrates to current schema without changing supported content
ok 184 - Realm08 world migrates to current schema without changing supported content
  ---
  duration_ms: 11.8756
  type: 'test'
  ...
# Subtest: fresh beacon contains no earned alignment or free story completion
ok 185 - fresh beacon contains no earned alignment or free story completion
  ---
  duration_ms: 0.4609
  type: 'test'
  ...
# Subtest: beacon import rejects version
ok 186 - beacon import rejects version
  ---
  duration_ms: 0.6683
  type: 'test'
  ...
# Subtest: beacon import rejects missingSoul
ok 187 - beacon import rejects missingSoul
  ---
  duration_ms: 0.4632
  type: 'test'
  ...
# Subtest: beacon import rejects badStatus
ok 188 - beacon import rejects badStatus
  ---
  duration_ms: 0.4355
  type: 'test'
  ...
# Subtest: beacon import rejects badCounts
ok 189 - beacon import rejects badCounts
  ---
  duration_ms: 1.4247
  type: 'test'
  ...
# Subtest: beacon import rejects unknownRoute
ok 190 - beacon import rejects unknownRoute
  ---
  duration_ms: 1.4584
  type: 'test'
  ...
# Subtest: beacon import rejects unearnedCompletion
ok 191 - beacon import rejects unearnedCompletion
  ---
  duration_ms: 2.8571
  type: 'test'
  ...
# Subtest: beacon import rejects rewardEarly
ok 192 - beacon import rejects rewardEarly
  ---
  duration_ms: 0.3543
  type: 'test'
  ...
# Subtest: beacon import rejects graceEarly
ok 193 - beacon import rejects graceEarly
  ---
  duration_ms: 0.3552
  type: 'test'
  ...
# Subtest: beacon import rejects negativeRadiance
ok 194 - beacon import rejects negativeRadiance
  ---
  duration_ms: 0.2679
  type: 'test'
  ...
# Subtest: beacon import rejects corruptionNoHistory
ok 195 - beacon import rejects corruptionNoHistory
  ---
  duration_ms: 0.1968
  type: 'test'
  ...
# Subtest: beacon import rejects falsePower
ok 196 - beacon import rejects falsePower
  ---
  duration_ms: 0.1878
  type: 'test'
  ...
# Subtest: beacon import rejects fakeScar
ok 197 - beacon import rejects fakeScar
  ---
  duration_ms: 0.1973
  type: 'test'
  ...
# Subtest: beacon import rejects duplicatedScars
ok 198 - beacon import rejects duplicatedScars
  ---
  duration_ms: 0.4902
  type: 'test'
  ...
# Subtest: beacon import rejects unearnedRelic
ok 199 - beacon import rejects unearnedRelic
  ---
  duration_ms: 1.3868
  type: 'test'
  ...
# Subtest: beacon import rejects nonintegerAttempts
ok 200 - beacon import rejects nonintegerAttempts
  ---
  duration_ms: 0.3908
  type: 'test'
  ...
# Subtest: beacon opening requires story and physical scene
ok 201 - beacon opening requires story and physical scene
  ---
  duration_ms: 19.7029
  type: 'test'
  ...
# Subtest: answer at beacon settles an unreported chapter II exactly once
ok 202 - answer at beacon settles an unreported chapter II exactly once
  ---
  duration_ms: 5.404
  type: 'test'
  ...
# Subtest: arrival has three actual valid paths and does not start combat automatically
ok 203 - arrival has three actual valid paths and does not start combat automatically
  ---
  duration_ms: 18.5337
  type: 'test'
  ...
# Subtest: cannot accept Grace or start battle during the descent
ok 204 - cannot accept Grace or start battle during the descent
  ---
  duration_ms: 5.5627
  type: 'test'
  ...
# Subtest: Grace is optional and a deliberate single claim
ok 205 - Grace is optional and a deliberate single claim
  ---
  duration_ms: 6.7689
  type: 'test'
  ...
# Subtest: first defense can start without accepting a Grace
ok 206 - first defense can start without accepting a Grace
  ---
  duration_ms: 8.9787
  type: 'test'
  ...
# Subtest: new events never insert their IDs into ordinary defeat or cache persistence
ok 207 - new events never insert their IDs into ordinary defeat or cache persistence
  ---
  duration_ms: 6.7588
  type: 'test'
  ...
# Subtest: complete waves opens exactly one reward, replaying request cannot double pay
ok 208 - complete waves opens exactly one reward, replaying request cannot double pay
  ---
  duration_ms: 78.8852
  type: 'test'
  ...
# Subtest: full pouch refuses defense reward atomically
ok 209 - full pouch refuses defense reward atomically
  ---
  duration_ms: 137.7929
  type: 'test'
  ...
# Subtest: ordinary failure is recoverable and protects completed content
ok 210 - ordinary failure is recoverable and protects completed content
  ---
  duration_ms: 16.2243
  type: 'test'
  ...
# Subtest: withdrawal loses the encounter but a reload does not invent a win
ok 211 - withdrawal loses the encounter but a reload does not invent a win
  ---
  duration_ms: 5.5076
  type: 'test'
  ...
# Subtest: pause stops arrival movement, enemy windups, ward and timers
ok 212 - pause stops arrival movement, enemy windups, ward and timers
  ---
  duration_ms: 8.5185
  type: 'test'
  ...
# Subtest: repair spends actual stamina, obeys position cooldown and maximum
ok 213 - repair spends actual stamina, obeys position cooldown and maximum
  ---
  duration_ms: 17.2749
  type: 'test'
  ...
# Subtest: Oren repairs, Mara reveals and Ilan replenishes stamina on active schedules
ok 214 - Oren repairs, Mara reveals and Ilan replenishes stamina on active schedules
  ---
  duration_ms: 12.8821
  type: 'test'
  ...
# Subtest: passive presence is not a guaranteed defense win
ok 215 - passive presence is not a guaranteed defense win
  ---
  duration_ms: 82.7318
  type: 'test'
  ...
# Subtest: attempt cap refuses before healing or spending resources
ok 216 - attempt cap refuses before healing or spending resources
  ---
  duration_ms: 13.2536
  type: 'test'
  ...
# Subtest: cinder is an explicit exclusive choice and acceptance does not corrupt
ok 217 - cinder is an explicit exclusive choice and acceptance does not corrupt
  ---
  duration_ms: 58.7891
  type: 'test'
  ...
# Subtest: sealing a cinder imposes neither power nor corruption
ok 218 - sealing a cinder imposes neither power nor corruption
  ---
  duration_ms: 95.3332
  type: 'test'
  ...
# Subtest: replay rewards and failures cannot damage a completed chapter
ok 219 - replay rewards and failures cannot damage a completed chapter
  ---
  duration_ms: 63.1237
  type: 'test'
  ...
# Subtest: future route records do not teleport or unlock nonexistent geography
ok 220 - future route records do not teleport or unlock nonexistent geography
  ---
  duration_ms: 66.7605
  type: 'test'
  ...
# Subtest: target cycling is nearest-first, reversible and never starts attacking
ok 221 - target cycling is nearest-first, reversible and never starts attacking
  ---
  duration_ms: 5.7816
  type: 'test'
  ...
# Subtest: hidden dead and very distant targets are not selectable
ok 222 - hidden dead and very distant targets are not selectable
  ---
  duration_ms: 6.0571
  type: 'test'
  ...
# Subtest: autoattack repeatedly uses real cooldowns without moving the player
ok 223 - autoattack repeatedly uses real cooldowns without moving the player
  ---
  duration_ms: 17.2205
  type: 'test'
  ...
# Subtest: out of range autoattack waits rather than walking or spending stamina
ok 224 - out of range autoattack waits rather than walking or spending stamina
  ---
  duration_ms: 2.5673
  type: 'test'
  ...
# Subtest: selected target death stops autoattack instead of pulling a new foe
ok 225 - selected target death stops autoattack instead of pulling a new foe
  ---
  duration_ms: 2.7202
  type: 'test'
  ...
# Subtest: clear target, scene changes and restart never retain autoattack
ok 226 - clear target, scene changes and restart never retain autoattack
  ---
  duration_ms: 2.5471
  type: 'test'
  ...
# Subtest: Brace halves guarded damage for its actual timed window
ok 227 - Brace halves guarded damage for its actual timed window
  ---
  duration_ms: 3.4597
  type: 'test'
  ...
# Subtest: Brace refuses insufficient stamina without charging a cooldown
ok 228 - Brace refuses insufficient stamina without charging a cooldown
  ---
  duration_ms: 3.3379
  type: 'test'
  ...
# Subtest: Briar reveals a cloaked foe, exposes and interrupts a locked windup
ok 229 - Briar reveals a cloaked foe, exposes and interrupts a locked windup
  ---
  duration_ms: 3.3274
  type: 'test'
  ...
# Subtest: Briar Stay prevents the companion skill
ok 230 - Briar Stay prevents the companion skill
  ---
  duration_ms: 7.1307
  type: 'test'
  ...
# Subtest: Aegis is a finite barrier, not immortality, and needs accepted Grace
ok 231 - Aegis is a finite barrier, not immortality, and needs accepted Grace
  ---
  duration_ms: 11.482
  type: 'test'
  ...
# Subtest: Cinder health cost is nonlethal and its scar is persistent but not repeated
ok 232 - Cinder health cost is nonlethal and its scar is persistent but not repeated
  ---
  duration_ms: 87.568
  type: 'test'
  ...
# Subtest: renouncing the cinder removes power and present corruption, not its history
ok 233 - renouncing the cinder removes power and present corruption, not its history
  ---
  duration_ms: 62.6878
  type: 'test'
  ...
# Subtest: choice switching never grants damage by itself or silently starts PvP
ok 234 - choice switching never grants damage by itself or silently starts PvP
  ---
  duration_ms: 5.0128
  type: 'test'
  ...
# Subtest: mutation receipts protect identical retries and reject changed choices
ok 235 - mutation receipts protect identical retries and reject changed choices
  ---
  duration_ms: 38.6282
  type: 'test'
  ...
# Subtest: first target selected after a scene change survives the next tick
ok 236 - first target selected after a scene change survives the next tick
  ---
  duration_ms: 5.0964
  type: 'test'
  ...
# Subtest: rail eligibility preserves every reviewed bridge transform, color and mesh
ok 237 - rail eligibility preserves every reviewed bridge transform, color and mesh
  ---
  duration_ms: 9.117
  type: 'test'
  ...
# Subtest: rail visibility uniform resets per batch and remains off in reflection, other realms and off-span
ok 238 - rail visibility uniform resets per batch and remains off in reflection, other realms and off-span
  ---
  duration_ms: 1.4531
  type: 'test'
  ...
# Subtest: bridge floor is a continuous narrow supported corridor; flanking water rejects movement and picking
ok 239 - bridge floor is a continuous narrow supported corridor; flanking water rejects movement and picking
  ---
  duration_ms: 409.83
  type: 'test'
  ...
# Subtest: fresh and returning movement crosses both banks and retains canonical ownership
ok 240 - fresh and returning movement crosses both banks and retains canonical ownership
  ---
  duration_ms: 64.9095
  type: 'test'
  ...
# Subtest: bridge pieces respect finite budgets, floor, open rails and per-pier water contact
ok 241 - bridge pieces respect finite budgets, floor, open rails and per-pier water contact
  ---
  duration_ms: 1.4866
  type: 'test'
  ...
# Subtest: vault is actual finite open elliptic geometry, not a filled box or floating ring
ok 242 - vault is actual finite open elliptic geometry, not a filled box or floating ring
  ---
  duration_ms: 1.9856
  type: 'test'
  ...
# Subtest: Earth submits the bridge instead of terrain columns inside its water span
ok 243 - Earth submits the bridge instead of terrain columns inside its water span
  ---
  duration_ms: 18.0948
  type: 'test'
  ...
# Subtest: asymmetric mountain mesh is bounded finite original ground rather than cone peaks
ok 244 - asymmetric mountain mesh is bounded finite original ground rather than cone peaks
  ---
  duration_ms: 21.3492
  type: 'test'
  ...
# Subtest: world cloud basis preserves the exact reflected VP horizontal handedness in both cameras
ok 245 - world cloud basis preserves the exact reflected VP horizontal handedness in both cameras
  ---
  duration_ms: 0.8649
  type: 'test'
  ...
# Subtest: rock skirt has outward finite faces, a straight upper seam and submerged irregular lower edge
ok 246 - rock skirt has outward finite faces, a straight upper seam and submerged irregular lower edge
  ---
  duration_ms: 1.0367
  type: 'test'
  ...
# Subtest: actual shoreline world triangles leave vaults and supported walking floor clear without fake flat ground
ok 247 - actual shoreline world triangles leave vaults and supported walking floor clear without fake flat ground
  ---
  duration_ms: 50.612
  type: 'test'
  ...
# Subtest: mountain spacing leaves three receding layers and fits the existing scenery budget
ok 248 - mountain spacing leaves three receding layers and fits the existing scenery budget
  ---
  duration_ms: 0.5625
  type: 'test'
  ...
# Subtest: old world migrates empty bridge work without changing old fields
ok 249 - old world migrates empty bridge work without changing old fields
  ---
  duration_ms: 9.4929
  type: 'test'
  ...
# Subtest: future/null/impossible bridge records refuse instead of discarding history
ok 250 - future/null/impossible bridge records refuse instead of discarding history
  ---
  duration_ms: 0.3845
  type: 'test'
  ...
# Subtest: acceptance checks kit/proximity and synchronous durability without mutations
ok 251 - acceptance checks kit/proximity and synchronous durability without mutations
  ---
  duration_ms: 32.4951
  type: 'test'
  ...
# Subtest: shelter completed unpaid work is atomic, retryable and paid exactly once
ok 252 - shelter completed unpaid work is atomic, retryable and paid exactly once
  ---
  duration_ms: 42.3002
  type: 'test'
  ...
# Subtest: river-lookout completed unpaid work is atomic, retryable and paid exactly once
ok 253 - river-lookout completed unpaid work is atomic, retryable and paid exactly once
  ---
  duration_ms: 27.5527
  type: 'test'
  ...
# Subtest: work anchors and the living worker remain on full-body supported ground
ok 254 - work anchors and the living worker remain on full-body supported ground
  ---
  duration_ms: 17.7447
  type: 'test'
  ...
# Subtest: claimed community work teaches a single deliberate home board
ok 255 - claimed community work teaches a single deliberate home board
  ---
  duration_ms: 10.1207
  type: 'test'
  ...
# Subtest: blocked-side work, stale requests and unavailable characters preserve every byte and write
ok 256 - blocked-side work, stale requests and unavailable characters preserve every byte and write
  ---
  duration_ms: 7.6723
  type: 'test'
  ...
# Subtest: fitted fixtures, worker and record are read-only, seated and grounded
ok 257 - fitted fixtures, worker and record are read-only, seated and grounded
  ---
  duration_ms: 22.0947
  type: 'test'
  ...
# Subtest: working stop differs from resting stop and the supported actor loop freezes while paused
ok 258 - working stop differs from resting stop and the supported actor loop freezes while paused
  ---
  duration_ms: 91.1798
  type: 'test'
  ...
# Subtest: global/CommonJS expose only a frozen pure planner
ok 259 - global/CommonJS expose only a frozen pure planner
  ---
  duration_ms: 5.9167
  type: 'test'
  ...
# Subtest: actual Hearthwater and Coastward midpoint plans retain the existing adventure framing
ok 260 - actual Hearthwater and Coastward midpoint plans retain the existing adventure framing
  ---
  duration_ms: 0.815
  type: 'test'
  ...
# Subtest: all actual diorama styles retain half nine and relative zoom without switching preset or FOV
ok 261 - all actual diorama styles retain half nine and relative zoom without switching preset or FOV
  ---
  duration_ms: 2.3253
  type: 'test'
  ...
# Subtest: canonical bank joins remain frameable at each actual deck end
ok 262 - canonical bank joins remain frameable at each actual deck end
  ---
  duration_ms: 0.3409
  type: 'test'
  ...
# Subtest: supported ground just beyond each deck refuses framing rather than extending bridge identity
ok 263 - supported ground just beyond each deck refuses framing rather than extending bridge identity
  ---
  duration_ms: 0.5963
  type: 'test'
  ...
# Subtest: Hearthwater physical foot support rejects the visible-deck fringe and retains valid inner edge
ok 264 - Hearthwater physical foot support rejects the visible-deck fringe and retains valid inner edge
  ---
  duration_ms: 0.2968
  type: 'test'
  ...
# Subtest: Coastward framing obeys actual full-actor rail exclusion even inside the supported patch
ok 265 - Coastward framing obeys actual full-actor rail exclusion even inside the supported patch
  ---
  duration_ms: 0.6144
  type: 'test'
  ...
# Subtest: actual supported off-bridge work and roads refuse without any planned camera fields
ok 266 - actual supported off-bridge work and roads refuse without any planned camera fields
  ---
  duration_ms: 0.414
  type: 'test'
  ...
# Subtest: synthetic malformed input/presets/diving/base widths refuse with fresh readable results
ok 267 - synthetic malformed input/presets/diving/base widths refuse with fresh readable results
  ---
  duration_ms: 0.4877
  type: 'test'
  ...
# Subtest: plans ignore health and extra authority objects, preserve frozen inputs and return fresh views
ok 268 - plans ignore health and extra authority objects, preserve frozen inputs and return fresh views
  ---
  duration_ms: 0.6782
  type: 'test'
  ...
# Subtest: synthetic missing/malformed canonical data refuse safely before exposing a view
ok 269 - synthetic missing/malformed canonical data refuse safely before exposing a view
  ---
  duration_ms: 3.0734
  type: 'test'
  ...
# Subtest: per-view preferences roundtrip without changing progression or creative content
ok 270 - per-view preferences roundtrip without changing progression or creative content
  ---
  duration_ms: 13.0158
  type: 'test'
  ...
# Subtest: old camera preferences acquire empty view memory and keep their selected mode
ok 271 - old camera preferences acquire empty view memory and keep their selected mode
  ---
  duration_ms: 2.7775
  type: 'test'
  ...
# Subtest: invalid optional view profiles cannot inject nonfinite camera state or discard valid peers
ok 272 - invalid optional view profiles cannot inject nonfinite camera state or discard valid peers
  ---
  duration_ms: 5.0271
  type: 'test'
  ...
# Subtest: unknown view-memory versions fall back while keeping ordinary settings and saves
ok 273 - unknown view-memory versions fall back while keeping ordinary settings and saves
  ---
  duration_ms: 1.7928
  type: 'test'
  ...
# Subtest: perspective has depth and the requested vertical field of view
ok 274 - perspective has depth and the requested vertical field of view
  ---
  duration_ms: 0.9449
  type: 'test'
  ...
# Subtest: production picking inverts ground projection across orbit, FOV and aspect
ok 275 - production picking inverts ground projection across orbit, FOV and aspect
  ---
  duration_ms: 3.5508
  type: 'test'
  ...
# Subtest: perspective sky and behind-camera points never become movement destinations
ok 276 - perspective sky and behind-camera points never become movement destinations
  ---
  duration_ms: 0.2314
  type: 'test'
  ...
# Subtest: obstruction sweep pulls in before a wall, ignores a clear ray and handles a grazing near plane
ok 277 - obstruction sweep pulls in before a wall, ignores a clear ray and handles a grazing near plane
  ---
  duration_ms: 0.29
  type: 'test'
  ...
# Subtest: perspective water reflection retains contact UV and actual world mirror
ok 278 - perspective water reflection retains contact UV and actual world mirror
  ---
  duration_ms: 0.239
  type: 'test'
  ...
# Subtest: presentation preferences roundtrip without modifying old progression or creative state
ok 279 - presentation preferences roundtrip without modifying old progression or creative state
  ---
  duration_ms: 21.196
  type: 'test'
  ...
# Subtest: clearance bounds preserve rotated wall extents and explicitly exclude foliage and low ground
ok 280 - clearance bounds preserve rotated wall extents and explicitly exclude foliage and low ground
  ---
  duration_ms: 0.7288
  type: 'test'
  ...
# Subtest: clearance sees opted-in dynamic construction and keeps actor batches out
ok 281 - clearance sees opted-in dynamic construction and keeps actor batches out
  ---
  duration_ms: 0.4579
  type: 'test'
  ...
# Subtest: explicit realm walls keep camera clearance below the legacy floor cutoff
ok 282 - explicit realm walls keep camera clearance below the legacy floor cutoff
  ---
  duration_ms: 0.3291
  type: 'test'
  ...
# Subtest: recorder flight snapshots cannot acquire a later live arrow contact
ok 283 - recorder flight snapshots cannot acquire a later live arrow contact
  ---
  duration_ms: 3.1144
  type: 'test'
  ...
# Subtest: legacy load leaves every stored byte untouched until explicit character creation
ok 284 - legacy load leaves every stored byte untouched until explicit character creation
  ---
  duration_ms: 13.7753
  type: 'test'
  ...
# Subtest: switching saves outgoing state and restores complete independent characters
ok 285 - switching saves outgoing state and restores complete independent characters
  ---
  duration_ms: 16.8424
  type: 'test'
  ...
# Subtest: quota failures never switch identity, spend state, or create partial slots
ok 286 - quota failures never switch identity, spend state, or create partial slots
  ---
  duration_ms: 5.91
  type: 'test'
  ...
# Subtest: imports copy a validated character into a new slot and full capacity is atomic
ok 287 - imports copy a validated character into a new slot and full capacity is atomic
  ---
  duration_ms: 3.8356
  type: 'test'
  ...
# Subtest: deletion requires the exact inactive target name and never reuses its identity
ok 288 - deletion requires the exact inactive target name and never reuses its identity
  ---
  duration_ms: 3.9816
  type: 'test'
  ...
# Subtest: stale UI revisions and external storage changes refuse mutations
ok 289 - stale UI revisions and external storage changes refuse mutations
  ---
  duration_ms: 1.4504
  type: 'test'
  ...
# Subtest: a present corrupt library cannot silently restore or overwrite an old world
ok 290 - a present corrupt library cannot silently restore or overwrite an old world
  ---
  duration_ms: 0.4235
  type: 'test'
  ...
# Subtest: managed writes require ownership of the browser editing lock
ok 291 - managed writes require ownership of the browser editing lock
  ---
  duration_ms: 1.7632
  type: 'test'
  ...
# Subtest: a legacy tab detects another writer before save, migration, or explicit replacement
ok 292 - a legacy tab detects another writer before save, migration, or explicit replacement
  ---
  duration_ms: 0.6943
  type: 'test'
  ...
# Subtest: invalid imported state and invalid library identities reject before any write
ok 293 - invalid imported state and invalid library identities reject before any write
  ---
  duration_ms: 2.5393
  type: 'test'
  ...
# Subtest: failed legacy replacement retains the loaded runtime and original bytes
ok 294 - failed legacy replacement retains the loaded runtime and original bytes
  ---
  duration_ms: 0.6329
  type: 'test'
  ...
# Subtest: editing lock is held until release and a competing owner must retry explicitly
ok 295 - editing lock is held until release and a competing owner must retry explicitly
  ---
  duration_ms: 5.4705
  type: 'test'
  ...
# Subtest: version6 migrates to current schema with no inferred class and all banked XP intact
ok 296 - version6 migrates to current schema with no inferred class and all banked XP intact
  ---
  duration_ms: 23.3974
  type: 'test'
  ...
# Subtest: class choice requires kit, proximity, known ID and explicit confirmation atomically
ok 297 - class choice requires kit, proximity, known ID and explicit confirmation atomically
  ---
  duration_ms: 25.2983
  type: 'test'
  ...
# Subtest: hunter is deliberate, one-time, reloadable and grants no gear/history/XP
ok 298 - hunter is deliberate, one-time, reloadable and grants no gear/history/XP
  ---
  duration_ms: 3.1994
  type: 'test'
  ...
# Subtest: magician is deliberate, one-time, reloadable and grants no gear/history/XP
ok 299 - magician is deliberate, one-time, reloadable and grants no gear/history/XP
  ---
  duration_ms: 2.226
  type: 'test'
  ...
# Subtest: invalid class state and impossible unstarted class are refused
ok 300 - invalid class state and impossible unstarted class are refused
  ---
  duration_ms: 0.9189
  type: 'test'
  ...
# Subtest: technique refuses unassigned, wrong scene, pause, death and absent target
ok 301 - technique refuses unassigned, wrong scene, pause, death and absent target
  ---
  duration_ms: 7.2375
  type: 'test'
  ...
# Subtest: hunter validates range, LOS, stamina and durable cooldown before paying
ok 302 - hunter validates range, LOS, stamina and durable cooldown before paying
  ---
  duration_ms: 5.6813
  type: 'test'
  ...
# Subtest: magician validates range, LOS, stamina and durable cooldown before paying
ok 303 - magician validates range, LOS, stamina and durable cooldown before paying
  ---
  duration_ms: 5.5033
  type: 'test'
  ...
# Subtest: hunter marks without a hit and only the next actual blade impact gains bounded damage
ok 304 - hunter marks without a hit and only the next actual blade impact gains bounded damage
  ---
  duration_ms: 1.1148
  type: 'test'
  ...
# Subtest: hunter mark is not consumed by another target, companion or soul damage
ok 305 - hunter mark is not consumed by another target, companion or soul damage
  ---
  duration_ms: 0.8353
  type: 'test'
  ...
# Subtest: bow mark follows swept collision, with no payout on a missed arrow
ok 306 - bow mark follows swept collision, with no payout on a missed arrow
  ---
  duration_ms: 2.299
  type: 'test'
  ...
# Subtest: an obstructed arrow cannot consume mark or make confirmed-hit feedback
ok 307 - an obstructed arrow cannot consume mark or make confirmed-hit feedback
  ---
  duration_ms: 0.819
  type: 'test'
  ...
# Subtest: marks expire and cannot cross scene, run identity or reload
ok 308 - marks expire and cannot cross scene, run identity or reload
  ---
  duration_ms: 2.2258
  type: 'test'
  ...
# Subtest: magician creates one actual damage event, faces target and never spawns an arrow
ok 309 - magician creates one actual damage event, faces target and never spawns an arrow
  ---
  duration_ms: 0.5704
  type: 'test'
  ...
# Subtest: class techniques do not earn the archery medal and leave weapon family free
ok 310 - class techniques do not earn the archery medal and leave weapon family free
  ---
  duration_ms: 1.8098
  type: 'test'
  ...
# Subtest: Coastward skirts are bounded deterministic static instances in one shared mesh kind
ok 311 - Coastward skirts are bounded deterministic static instances in one shared mesh kind
  ---
  duration_ms: 75.6832
  type: 'test'
  ...
# Subtest: every actual upper seam meets rendered grass underside on a real exposed union boundary
ok 312 - every actual upper seam meets rendered grass underside on a real exposed union boundary
  ---
  duration_ms: 23.2846
  type: 'test'
  ...
# Subtest: actual skirt triangles remain below every supported foot plane and sink all lower edge vertices
ok 313 - actual skirt triangles remain below every supported foot plane and sink all lower edge vertices
  ---
  duration_ms: 20.9452
  type: 'test'
  ...
# Subtest: all exposed surface normals retain their positive outward and upward orientation after transformation
ok 314 - all exposed surface normals retain their positive outward and upward orientation after transformation
  ---
  duration_ms: 11.1308
  type: 'test'
  ...
# Subtest: bridge sides remain open and all actual full-body routes stay above decorative geometry
ok 315 - bridge sides remain open and all actual full-body routes stay above decorative geometry
  ---
  duration_ms: 813.7212
  type: 'test'
  ...
# Subtest: normal submission adds skirts only to Coastward and never changes canonical definitions or saves
ok 316 - normal submission adds skirts only to Coastward and never changes canonical definitions or saves
  ---
  duration_ms: 80.4524
  type: 'test'
  ...
# Subtest: joining and subdividing equal-height source cells introduces no interior skirt or duplicate seam
ok 317 - joining and subdividing equal-height source cells introduces no interior skirt or duplicate seam
  ---
  duration_ms: 0.3626
  type: 'test'
  ...
# Subtest: the new woodland floor is actual traversable ground linking both original lanes
ok 318 - the new woodland floor is actual traversable ground linking both original lanes
  ---
  duration_ms: 12.8351
  type: 'test'
  ...
# Subtest: smooth bank surface vertices share normals across triangle joins without changing the old rock mesh
ok 319 - smooth bank surface vertices share normals across triangle joins without changing the old rock mesh
  ---
  duration_ms: 2.0861
  type: 'test'
  ...
# Subtest: only existing channel posts and four approach lamps join the main-view cutaway aperture
ok 320 - only existing channel posts and four approach lamps join the main-view cutaway aperture
  ---
  duration_ms: 91.3485
  type: 'test'
  ...
# Subtest: browser and CommonJS expose the same pure interface without foreign global mutation
ok 321 - browser and CommonJS expose the same pure interface without foreign global mutation
  ---
  duration_ms: 2.5184
  type: 'test'
  ...
# Subtest: all three canonical buildings have bounded deterministic original exterior parts
ok 322 - all three canonical buildings have bounded deterministic original exterior parts
  ---
  duration_ms: 19.2951
  type: 'test'
  ...
# Subtest: roof shells and framing follow actual parent extents and meet the roof profile
ok 323 - roof shells and framing follow actual parent extents and meet the roof profile
  ---
  duration_ms: 1.3282
  type: 'test'
  ...
# Subtest: timber matrices are positive orthonormal and local grain meets declared endpoints
ok 324 - timber matrices are positive orthonormal and local grain meets declared endpoints
  ---
  duration_ms: 2.1762
  type: 'test'
  ...
# Subtest: body-height facade stays within existing collision clearance, eaves remain overhead
ok 325 - body-height facade stays within existing collision clearance, eaves remain overhead
  ---
  duration_ms: 19.6668
  type: 'test'
  ...
# Subtest: actual emitted geometry leaves all authored public routes and task actors clear
ok 326 - actual emitted geometry leaves all authored public routes and task actors clear
  ---
  duration_ms: 295.8182
  type: 'test'
  ...
# Subtest: all opaque dressing inherits house cutaway tags without camera or body authority
ok 327 - all opaque dressing inherits house cutaway tags without camera or body authority
  ---
  duration_ms: 2.2059
  type: 'test'
  ...
# Subtest: changed parent positions and supplied floor heights move dressing rather than hard-code geography
ok 328 - changed parent positions and supplied floor heights move dressing rather than hard-code geography
  ---
  duration_ms: 2.3346
  type: 'test'
  ...
# Subtest: decoration writes only computed geometry and leaves definitions and simulation untouched
ok 329 - decoration writes only computed geometry and leaves definitions and simulation untouched
  ---
  duration_ms: 4.0838
  type: 'test'
  ...
# Subtest: malformed parents or height refuse before any writer mutation
ok 330 - malformed parents or height refuse before any writer mutation
  ---
  duration_ms: 2.3107
  type: 'test'
  ...
# Subtest: isolated global/CommonJS expose only the frozen pure woodland API
ok 331 - isolated global/CommonJS expose only the frozen pure woodland API
  ---
  duration_ms: 2.2594
  type: 'test'
  ...
# Subtest: ten actual parents receive deterministic mixed canopy within the total budget
ok 332 - ten actual parents receive deterministic mixed canopy within the total budget
  ---
  duration_ms: 21.6072
  type: 'test'
  ...
# Subtest: every actual mesh/basis is finite, positive and parent-tagged without new camera/body authority
ok 333 - every actual mesh/basis is finite, positive and parent-tagged without new camera/body authority
  ---
  duration_ms: 58.4164
  type: 'test'
  ...
# Subtest: actual bark faces intersect the unchanged trunk while low roots stay supported and close
ok 334 - actual bark faces intersect the unchanged trunk while low roots stay supported and close
  ---
  duration_ms: 5.7089
  type: 'test'
  ...
# Subtest: rising branches meet the trunk, timber grain endpoints and opaque crown volumes
ok 335 - rising branches meet the trunk, timber grain endpoints and opaque crown volumes
  ---
  duration_ms: 5.3388
  type: 'test'
  ...
# Subtest: upper and lower crown meshes overlap into coherent crowns at the CPU rest pose
ok 336 - upper and lower crown meshes overlap into coherent crowns at the CPU rest pose
  ---
  duration_ms: 1.2728
  type: 'test'
  ...
# Subtest: all route full-body envelopes stay clear including conservative crown wind bounds
ok 337 - all route full-body envelopes stay clear including conservative crown wind bounds
  ---
  duration_ms: 39.9413
  type: 'test'
  ...
# Subtest: high opaque art clears a full actor and canopy spread stays bounded by actual parents
ok 338 - high opaque art clears a full actor and canopy spread stays bounded by actual parents
  ---
  duration_ms: 39.7005
  type: 'test'
  ...
# Subtest: reserved wind envelope matches current source path and only foliage opts in
ok 339 - reserved wind envelope matches current source path and only foliage opts in
  ---
  duration_ms: 1.1991
  type: 'test'
  ...
# Subtest: parent and supplied-height changes move every part without hard-coded coordinates
ok 340 - parent and supplied-height changes move every part without hard-coded coordinates
  ---
  duration_ms: 5.0706
  type: 'test'
  ...
# Subtest: decorate appends only fresh geometry and never reads simulation/progression
ok 341 - decorate appends only fresh geometry and never reads simulation/progression
  ---
  duration_ms: 8.0887
  type: 'test'
  ...
# Subtest: missing/duplicate/malformed parents or unsupported heights refuse before writer mutation
ok 342 - missing/duplicate/malformed parents or unsupported heights refuse before writer mutation
  ---
  duration_ms: 2.2958
  type: 'test'
  ...
# Subtest: selected real-time strike and recovery status retain their actual timer without writes
ok 343 - selected real-time strike and recovery status retain their actual timer without writes
  ---
  duration_ms: 27.6876
  type: 'test'
  ...
# Subtest: owner-aware warning charge
ok 344 - owner-aware warning charge
  ---
  duration_ms: 1.9369
  type: 'test'
  ...
# Subtest: owner-aware warning bell-outer
ok 345 - owner-aware warning bell-outer
  ---
  duration_ms: 0.7035
  type: 'test'
  ...
# Subtest: owner-aware warning bell-inner
ok 346 - owner-aware warning bell-inner
  ---
  duration_ms: 0.7892
  type: 'test'
  ...
# Subtest: owner-aware warning ward
ok 347 - owner-aware warning ward
  ---
  duration_ms: 0.7434
  type: 'test'
  ...
# Subtest: owner-aware warning strike
ok 348 - owner-aware warning strike
  ---
  duration_ms: 0.5857
  type: 'test'
  ...
# Subtest: active charge is untimed and distinct from its preceding warning and later opening
ok 349 - active charge is untimed and distinct from its preceding warning and later opening
  ---
  duration_ms: 0.6507
  type: 'test'
  ...
# Subtest: clears cue at idle
ok 350 - clears cue at idle
  ---
  duration_ms: 0.6384
  type: 'test'
  ...
# Subtest: clears cue at pursue
ok 351 - clears cue at pursue
  ---
  duration_ms: 0.5798
  type: 'test'
  ...
# Subtest: clears cue at return
ok 352 - clears cue at return
  ---
  duration_ms: 0.555
  type: 'test'
  ...
# Subtest: clears cue at practice
ok 353 - clears cue at practice
  ---
  duration_ms: 0.3979
  type: 'test'
  ...
# Subtest: clears cue at hidden
ok 354 - clears cue at hidden
  ---
  duration_ms: 0.3677
  type: 'test'
  ...
# Subtest: clears cue at defeated
ok 355 - clears cue at defeated
  ---
  duration_ms: 0.4337
  type: 'test'
  ...
# Subtest: clears cue at unselected
ok 356 - clears cue at unselected
  ---
  duration_ms: 0.4502
  type: 'test'
  ...
# Subtest: clears cue at far
ok 357 - clears cue at far
  ---
  duration_ms: 0.4297
  type: 'test'
  ...
# Subtest: clears cue at paused
ok 358 - clears cue at paused
  ---
  duration_ms: 0.4152
  type: 'test'
  ...
# Subtest: clears cue at dead-player
ok 359 - clears cue at dead-player
  ---
  duration_ms: 0.414
  type: 'test'
  ...
# Subtest: clears cue at noncombat
ok 360 - clears cue at noncombat
  ---
  duration_ms: 0.4159
  type: 'test'
  ...
# Subtest: clears cue at invalid-timer
ok 361 - clears cue at invalid-timer
  ---
  duration_ms: 0.4198
  type: 'test'
  ...
# Subtest: clears cue at expired-timer
ok 362 - clears cue at expired-timer
  ---
  duration_ms: 0.4338
  type: 'test'
  ...
# Subtest: clears cue at unknown-ring
ok 363 - clears cue at unknown-ring
  ---
  duration_ms: 0.4453
  type: 'test'
  ...
# Subtest: clears cue at missing-aim
ok 364 - clears cue at missing-aim
  ---
  duration_ms: 0.3899
  type: 'test'
  ...
# Subtest: clears cue at unknown-charge
ok 365 - clears cue at unknown-charge
  ---
  duration_ms: 0.3242
  type: 'test'
  ...
# Subtest: clears cue at unknown-owner
ok 366 - clears cue at unknown-owner
  ---
  duration_ms: 0.37
  type: 'test'
  ...
# Subtest: clears cue at invalid-event-kind
ok 367 - clears cue at invalid-event-kind
  ---
  duration_ms: 0.9611
  type: 'test'
  ...
# Subtest: clears cue at invalid-bell-kind
ok 368 - clears cue at invalid-bell-kind
  ---
  duration_ms: 0.4048
  type: 'test'
  ...
# Subtest: opening cue never promises weapon readiness across reach, stamina or obstruction
ok 369 - opening cue never promises weapon readiness across reach, stamina or obstruction
  ---
  duration_ms: 1.1316
  type: 'test'
  ...
# Subtest: blade anticipates then repeatedly hits at its actual cadence, without walking
ok 370 - blade anticipates then repeatedly hits at its actual cadence, without walking
  ---
  duration_ms: 39.4707
  type: 'test'
  ...
# Subtest: bow anticipates then repeatedly hits at its actual cadence, without walking
ok 371 - bow anticipates then repeatedly hits at its actual cadence, without walking
  ---
  duration_ms: 11.0323
  type: 'test'
  ...
# Subtest: pending attack cancels on stop
ok 372 - pending attack cancels on stop
  ---
  duration_ms: 1.6135
  type: 'test'
  ...
# Subtest: pending attack cancels on range
ok 373 - pending attack cancels on range
  ---
  duration_ms: 4.0935
  type: 'test'
  ...
# Subtest: pending attack cancels on target
ok 374 - pending attack cancels on target
  ---
  duration_ms: 1.3357
  type: 'test'
  ...
# Subtest: pending attack cancels on pause
ok 375 - pending attack cancels on pause
  ---
  duration_ms: 0.8496
  type: 'test'
  ...
# Subtest: pending attack cancels on death
ok 376 - pending attack cancels on death
  ---
  duration_ms: 1.2455
  type: 'test'
  ...
# Subtest: blocked arrow has no confirmed hit number or hit reaction
ok 377 - blocked arrow has no confirmed hit number or hit reaction
  ---
  duration_ms: 1.9249
  type: 'test'
  ...
# Subtest: projectile that misses moving target cannot create confirmed feedback
ok 378 - projectile that misses moving target cannot create confirmed feedback
  ---
  duration_ms: 3.3066
  type: 'test'
  ...
# Subtest: confirmed hit stamps the damaged target once and scene change clears transient feedback
ok 379 - confirmed hit stamps the damaged target once and scene change clears transient feedback
  ---
  duration_ms: 2.211
  type: 'test'
  ...
# Subtest: explicit close-target framing faces the living foe without mutating input
ok 380 - explicit close-target framing faces the living foe without mutating input
  ---
  duration_ms: 0.9686
  type: 'test'
  ...
# Subtest: framing retains valid farther zoom and bounds eligibility to declared12m
ok 381 - framing retains valid farther zoom and bounds eligibility to declared12m
  ---
  duration_ms: 0.2939
  type: 'test'
  ...
# Subtest: no wrong-view, invalid, dead, hidden, coincident or stale actor framing
ok 382 - no wrong-view, invalid, dead, hidden, coincident or stale actor framing
  ---
  duration_ms: 0.3834
  type: 'test'
  ...
# Subtest: very close foe deliberately widens framing for a lane behind the player
ok 383 - very close foe deliberately widens framing for a lane behind the player
  ---
  duration_ms: 0.1383
  type: 'test'
  ...
# Subtest: unobstructed flat close lane and body project above a desktop action bar at45to80FOV
ok 384 - unobstructed flat close lane and body project above a desktop action bar at45to80FOV
  ---
  duration_ms: 10.3412
  type: 'test'
  ...
# Subtest: isolated browser global and CommonJS expose the same bounded pure API
ok 385 - isolated browser global and CommonJS expose the same bounded pure API
  ---
  duration_ms: 13.3488
  type: 'test'
  ...
# Subtest: gait phase follows actual displacement and is independent of sampling subdivision/speed
ok 386 - gait phase follows actual displacement and is independent of sampling subdivision/speed
  ---
  duration_ms: 3.2698
  type: 'test'
  ...
# Subtest: stationary blocked intent cannot trot and stopping settles without advancing stride
ok 387 - stationary blocked intent cannot trot and stopping settles without advancing stride
  ---
  duration_ms: 1.8604
  type: 'test'
  ...
# Subtest: repeated samples and long pauses preserve the full pose; paused travel is consumed
ok 388 - repeated samples and long pauses preserve the full pose; paused travel is consumed
  ---
  duration_ms: 4.4315
  type: 'test'
  ...
# Subtest: scene, teleport and clock discontinuities reset gait without mutating previous samples
ok 389 - scene, teleport and clock discontinuities reset gait without mutating previous samples
  ---
  duration_ms: 0.567
  type: 'test'
  ...
# Subtest: injured unbonded Briar is completely still and has no bond collar
ok 390 - injured unbonded Briar is completely still and has no bond collar
  ---
  duration_ms: 1.0947
  type: 'test'
  ...
# Subtest: reduced motion retains all four essential legs while suppressing time-driven secondary drift
ok 391 - reduced motion retains all four essential legs while suppressing time-driven secondary drift
  ---
  duration_ms: 0.4639
  type: 'test'
  ...
# Subtest: diagonal trot has visible clearance, fixed leg lengths and no paw below supplied ground
ok 392 - diagonal trot has visible clearance, fixed leg lengths and no paw below supplied ground
  ---
  duration_ms: 3222.5461
  type: 'test'
  ...
# Subtest: actual bone transforms meet shared joints through every authored pose and placement
ok 393 - actual bone transforms meet shared joints through every authored pose and placement
  ---
  duration_ms: 19.1807
  type: 'test'
  ...
# Subtest: tail segments overlap at shared anchors and cream tip remains attached
ok 394 - tail segments overlap at shared anchors and cream tip remains attached
  ---
  duration_ms: 4.5443
  type: 'test'
  ...
# Subtest: familiar teal collar touches the neck and head details stay in a shared articulated frame
ok 395 - familiar teal collar touches the neck and head details stay in a shared articulated frame
  ---
  duration_ms: 1.5198
  type: 'test'
  ...
# Subtest: inner ear patches stay on and within the actual outer-ear front facets
ok 396 - inner ear patches stay on and within the actual outer-ear front facets
  ---
  duration_ms: 13.0672
  type: 'test'
  ...
# Subtest: all actual mesh transforms are finite, positive and bounded for all part kinds
ok 397 - all actual mesh transforms are finite, positive and bounded for all part kinds
  ---
  duration_ms: 410.6115
  type: 'test'
  ...
# Subtest: pure pose/draw never changes placement, motion, supplied state or existing output entries
ok 398 - pure pose/draw never changes placement, motion, supplied state or existing output entries
  ---
  duration_ms: 1.2727
  type: 'test'
  ...
# Subtest: invalid or mismatched actual placement refuses before any partial draw
ok 399 - invalid or mismatched actual placement refuses before any partial draw
  ---
  duration_ms: 0.6271
  type: 'test'
  ...
# Subtest: fresh world is valid and round trips
ok 400 - fresh world is valid and round trips
  ---
  duration_ms: 12.0561
  type: 'test'
  ...
# Subtest: seeded world decoration is repeatable
ok 401 - seeded world decoration is repeatable
  ---
  duration_ms: 0.4017
  type: 'test'
  ...
# Subtest: water and nonfinite ground are not walkable
ok 402 - water and nonfinite ground are not walkable
  ---
  duration_ms: 0.1688
  type: 'test'
  ...
# Subtest: buildings and the spring are obstacles
ok 403 - buildings and the spring are obstacles
  ---
  duration_ms: 0.1407
  type: 'test'
  ...
# Subtest: every landmark has walkable admission
ok 404 - every landmark has walkable admission
  ---
  duration_ms: 0.7283
  type: 'test'
  ...
# Subtest: all 121 landmark routes exist and sampled segments avoid obstacles
ok 405 - all 121 landmark routes exist and sampled segments avoid obstacles
  ---
  duration_ms: 2156.3932
  type: 'test'
  ...
# Subtest: click movement arrives without overshooting
ok 406 - click movement arrives without overshooting
  ---
  duration_ms: 16.6722
  type: 'test'
  ...
# Subtest: manual motion is bounded at terrain edge
ok 407 - manual motion is bounded at terrain edge
  ---
  duration_ms: 11.6821
  type: 'test'
  ...
# Subtest: invalid move does not replace current route
ok 408 - invalid move does not replace current route
  ---
  duration_ms: 1.0784
  type: 'test'
  ...
# Subtest: invalid tick cannot corrupt time
ok 409 - invalid tick cannot corrupt time
  ---
  duration_ms: 0.9339
  type: 'test'
  ...
# Subtest: pause stops simulation
ok 410 - pause stops simulation
  ---
  duration_ms: 2.7681
  type: 'test'
  ...
# Subtest: time flow setting stops only the clock
ok 411 - time flow setting stops only the clock
  ---
  duration_ms: 2.9978
  type: 'test'
  ...
# Subtest: day rolls over with a new event
ok 412 - day rolls over with a new event
  ---
  duration_ms: 51.0081
  type: 'test'
  ...
# Subtest: all three share home during supper
ok 413 - all three share home during supper
  ---
  duration_ms: 0.2194
  type: 'test'
  ...
# Subtest: daytime projects have different destinations
ok 414 - daytime projects have different destinations
  ---
  duration_ms: 0.1499
  type: 'test'
  ...
# Subtest: routines travel to the shared house
ok 415 - routines travel to the shared house
  ---
  duration_ms: 53.8819
  type: 'test'
  ...
# Subtest: enter requires proximity
ok 416 - enter requires proximity
  ---
  duration_ms: 0.7227
  type: 'test'
  ...
# Subtest: enter, save and leave preserve outside position
ok 417 - enter, save and leave preserve outside position
  ---
  duration_ms: 7.4838
  type: 'test'
  ...
# Subtest: interior table and walls collide
ok 418 - interior table and walls collide
  ---
  duration_ms: 0.2526
  type: 'test'
  ...
# Subtest: non-interior locations cannot be entered
ok 419 - non-interior locations cannot be entered
  ---
  duration_ms: 0.8585
  type: 'test'
  ...
# Subtest: planting requires being in the garden
ok 420 - planting requires being in the garden
  ---
  duration_ms: 1.7266
  type: 'test'
  ...
# Subtest: twelve flowers are bounded and recoverable
ok 421 - twelve flowers are bounded and recoverable
  ---
  duration_ms: 10.203
  type: 'test'
  ...
# Subtest: duplicate accepted command does not duplicate a note
ok 422 - duplicate accepted command does not duplicate a note
  ---
  duration_ms: 0.5259
  type: 'test'
  ...
# Subtest: same id with changed payload conflicts
ok 423 - same id with changed payload conflicts
  ---
  duration_ms: 0.4594
  type: 'test'
  ...
# Subtest: duplicate refusal remains refusal
ok 424 - duplicate refusal remains refusal
  ---
  duration_ms: 5.4327
  type: 'test'
  ...
# Subtest: notes are data, not markup
ok 425 - notes are data, not markup
  ---
  duration_ms: 0.4901
  type: 'test'
  ...
# Subtest: notebook enforces length and capacity
ok 426 - notebook enforces length and capacity
  ---
  duration_ms: 0.457
  type: 'test'
  ...
# Subtest: authored conversation records encounter without a network request
ok 427 - authored conversation records encounter without a network request
  ---
  duration_ms: 0.4207
  type: 'test'
  ...
# Subtest: unknown resident is rejected
ok 428 - unknown resident is rejected
  ---
  duration_ms: 0.3617
  type: 'test'
  ...
# Subtest: journal retains 200 ordered entries
ok 429 - journal retains 200 ordered entries
  ---
  duration_ms: 1.2725
  type: 'test'
  ...
# Subtest: save and load accept acknowledged storage
ok 430 - save and load accept acknowledged storage
  ---
  duration_ms: 1.878
  type: 'test'
  ...
# Subtest: quota refusal is not a saved success
ok 431 - quota refusal is not a saved success
  ---
  duration_ms: 0.7883
  type: 'test'
  ...
# Subtest: corrupt storage is preserved rather than overwritten on load
ok 432 - corrupt storage is preserved rather than overwritten on load
  ---
  duration_ms: 0.2028
  type: 'test'
  ...
# Subtest: import rejects invalid locations and malformed versions
ok 433 - import rejects invalid locations and malformed versions
  ---
  duration_ms: 0.8803
  type: 'test'
  ...
# Subtest: import roster is exact and extra prototype properties are discarded
ok 434 - import roster is exact and extra prototype properties are discarded
  ---
  duration_ms: 0.8289
  type: 'test'
  ...
# Subtest: import cannot enable audio and rejects invalid event sequence
ok 435 - import cannot enable audio and rejects invalid event sequence
  ---
  duration_ms: 0.6037
  type: 'test'
  ...
# Subtest: actual preimage returns unsafe direct links despite clear large-body endpoints
ok 436 - actual preimage returns unsafe direct links despite clear large-body endpoints
  ---
  duration_ms: 31.2363
  type: 'test'
  ...
# Subtest: new direct tests reject the cover shortcut and every complete .65/.95 detour is clear
ok 437 - new direct tests reject the cover shortcut and every complete .65/.95 detour is clear
  ---
  duration_ms: 22.3073
  type: 'test'
  ...
# Subtest: actual segment observers prove radius reaches direct, nearby, grid and smoothing links
ok 438 - actual segment observers prove radius reaches direct, nearby, grid and smoothing links
  ---
  duration_ms: 18.0286
  type: 'test'
  ...
# Subtest: smaller permitted body can cross the actual observatory gap without being forced to .31
ok 439 - smaller permitted body can cross the actual observatory gap without being forced to .31
  ---
  duration_ms: 10.5019
  type: 'test'
  ...
# Subtest: actual bridge support accepts player/body radii and refuses a body wider than its deck
ok 440 - actual bridge support accepts player/body radii and refuses a body wider than its deck
  ---
  duration_ms: 1.5013
  type: 'test'
  ...
# Subtest: generic sampled room links also use requested radius instead of its player default
ok 441 - generic sampled room links also use requested radius instead of its player default
  ---
  duration_ms: 13.7152
  type: 'test'
  ...
# Subtest: WorldFoundation branch remains radius-qualified through the unified line helper
ok 442 - WorldFoundation branch remains radius-qualified through the unified line helper
  ---
  duration_ms: 20.2402
  type: 'test'
  ...
# Subtest: default .31 complete paths and explicit .31 paths remain exactly compatible with preimage
ok 443 - default .31 complete paths and explicit .31 paths remain exactly compatible with preimage
  ---
  duration_ms: 791.5962
  type: 'test'
  ...
# Subtest: both APIs reject invalid radii, permit bounded zero/two, and do not query geometry on invalid input
ok 444 - both APIs reject invalid radii, permit bounded zero/two, and do not query geometry on invalid input
  ---
  duration_ms: 3.3675
  type: 'test'
  ...
# Subtest: installed Cosmos extension uses the actual body-qualified Core and permanent geometry
ok 445 - installed Cosmos extension uses the actual body-qualified Core and permanent geometry
  ---
  duration_ms: 210.3557
  type: 'test'
  ...
# Subtest: both ground approaches connect arrival to occupied observatory with radius clearance
ok 446 - both ground approaches connect arrival to occupied observatory with radius clearance
  ---
  duration_ms: 77.5272
  type: 'test'
  ...
# Subtest: entry saves the exact source before changing scenes, and reload returns to that source
ok 447 - entry saves the exact source before changing scenes, and reload returns to that source
  ---
  duration_ms: 23.9971
  type: 'test'
  ...
# Subtest: a failed save or unavailable scene refuses travel atomically
ok 448 - a failed save or unavailable scene refuses travel atomically
  ---
  duration_ms: 3.0971
  type: 'test'
  ...
# Subtest: stale character, revision, simulation, position and cancelled tickets cannot enter
ok 449 - stale character, revision, simulation, position and cancelled tickets cannot enter
  ---
  duration_ms: 1.8899
  type: 'test'
  ...
# Subtest: scene build failure restores the source and a consumed ticket cannot retry
ok 450 - scene build failure restores the source and a consumed ticket cannot retry
  ---
  duration_ms: 1.639
  type: 'test'
  ...
# Subtest: fall recovery recalls to safe ground and normal return works from the far end
ok 451 - fall recovery recalls to safe ground and normal return works from the far end
  ---
  duration_ms: 2.3429
  type: 'test'
  ...
# Subtest: height-aware ray picks real support and refuses sky, the ridge and cover
ok 452 - height-aware ray picks real support and refuses sky, the ridge and cover
  ---
  duration_ms: 18.3478
  type: 'test'
  ...
# Subtest: manual walking slides along boundaries without crossing unsupported corner segments
ok 453 - manual walking slides along boundaries without crossing unsupported corner segments
  ---
  duration_ms: 11.4766
  type: 'test'
  ...
# Subtest: unaccepted or wrong-scene artwork creates no scene items or saved work
ok 454 - unaccepted or wrong-scene artwork creates no scene items or saved work
  ---
  duration_ms: 4.8639
  type: 'test'
  ...
# Subtest: original apparatus transforms are finite, collision-free and leave all state unchanged
ok 455 - original apparatus transforms are finite, collision-free and leave all state unchanged
  ---
  duration_ms: 4.6138
  type: 'test'
  ...
# Subtest: ring rims remain centred on the frozen contact frame at rotated world positions
ok 456 - ring rims remain centred on the frozen contact frame at rotated world positions
  ---
  duration_ms: 75.2906
  type: 'test'
  ...
# Subtest: released outer feed visibly changes only supplied future-frame radius
ok 457 - released outer feed visibly changes only supplied future-frame radius
  ---
  duration_ms: 9.4152
  type: 'test'
  ...
# Subtest: asymmetrically clipped cross arms render within each actual locked extent after rotation
ok 458 - asymmetrically clipped cross arms render within each actual locked extent after rotation
  ---
  duration_ms: 12.0114
  type: 'test'
  ...
# Subtest: released transverse feed produces one actual warned arm without inventing a second
ok 459 - released transverse feed produces one actual warned arm without inventing a second
  ---
  duration_ms: 2.1909
  type: 'test'
  ...
# Subtest: locked Optical line warning honors its clipped length with no protruding decoration
ok 460 - locked Optical line warning honors its clipped length with no protruding decoration
  ---
  duration_ms: 5.9293
  type: 'test'
  ...
# Subtest: unowned, settled or non-live bodies cannot impersonate an active warning
ok 461 - unowned, settled or non-live bodies cannot impersonate an active warning
  ---
  duration_ms: 0.9647
  type: 'test'
  ...
# Subtest: retained support settings/account change appearance without creating completed facts
ok 462 - retained support settings/account change appearance without creating completed facts
  ---
  duration_ms: 1.2471
  type: 'test'
  ...
# Subtest: opening a paused workspace preserves the owned body and its already locked warning
ok 463 - opening a paused workspace preserves the owned body and its already locked warning
  ---
  duration_ms: 1.6814
  type: 'test'
  ...
# Subtest: very short clipped warnings keep every cap inside the supplied frame
ok 464 - very short clipped warnings keep every cap inside the supplied frame
  ---
  duration_ms: 21.686
  type: 'test'
  ...
# READ_ONLY_SOURCE_EPOCH_FILES 6
# Subtest: catalogue and all nested structures are frozen; import is data only
ok 465 - catalogue and all nested structures are frozen; import is data only
  ---
  duration_ms: 1.9672
  type: 'test'
  ...
# Subtest: exact existing room/prerequisite/giver remain owned by the current source
ok 466 - exact existing room/prerequisite/giver remain owned by the current source
  ---
  duration_ms: 1.3079
  type: 'test'
  ...
# Subtest: all identifiers are finite and every dependency precedes its consumer
ok 467 - all identifiers are finite and every dependency precedes its consumer
  ---
  duration_ms: 0.5515
  type: 'test'
  ...
# Subtest: any two DISTINCT supports suffice; two variants of one never qualify
ok 468 - any two DISTINCT supports suffice; two variants of one never qualify
  ---
  duration_ms: 0.3269
  type: 'test'
  ...
# Subtest: all three pairs and all four assistance combinations complete the abstract graph
ok 469 - all three pairs and all four assistance combinations complete the abstract graph
  ---
  duration_ms: 3.4348
  type: 'test'
  ...
# Subtest: all-three variants enrich the same graph without a larger fee or third-support gate
ok 470 - all-three variants enrich the same graph without a larger fee or third-support gate
  ---
  duration_ms: 1.8982
  type: 'test'
  ...
# Subtest: supplied alternatives are explicit and require neither rare work nor payment
ok 471 - supplied alternatives are explicit and require neither rare work nor payment
  ---
  duration_ms: 0.2553
  type: 'test'
  ...
# Subtest: actual exhaustion, both physical feeds and central disable remain independent facts
ok 472 - actual exhaustion, both physical feeds and central disable remain independent facts
  ---
  duration_ms: 0.2049
  type: 'test'
  ...
# Subtest: physical reconfiguration of two PREPARED supports is required after accountability
ok 473 - physical reconfiguration of two PREPARED supports is required after accountability
  ---
  duration_ms: 0.2086
  type: 'test'
  ...
# Subtest: finite version-one migration and open/account/claim facts have explicit boundaries
ok 474 - finite version-one migration and open/account/claim facts have explicit boundaries
  ---
  duration_ms: 0.257
  type: 'test'
  ...
# Subtest: honest whole-payload fee is fixed, with no equipment grant or existing-curve change
ok 475 - honest whole-payload fee is fixed, with no equipment grant or existing-curve change
  ---
  duration_ms: 0.1651
  type: 'test'
  ...
# Subtest: two prospective threat identities are distinct ordinary fixed bodies with safe retreat
ok 476 - two prospective threat identities are distinct ordinary fixed bodies with safe retreat
  ---
  duration_ms: 0.5883
  type: 'test'
  ...
# Subtest: both guardian attacks have distinct measurable safe regions
ok 477 - both guardian attacks have distinct measurable safe regions
  ---
  duration_ms: 0.1329
  type: 'test'
  ...
# Subtest: saved physical releases change future geometry rather than health/damage/timing
ok 478 - saved physical releases change future geometry rather than health/damage/timing
  ---
  duration_ms: 0.1678
  type: 'test'
  ...
# Subtest: prospective geometry stays within seven patches/eight STATIC solids and fixed height
ok 479 - prospective geometry stays within seven patches/eight STATIC solids and fixed height
  ---
  duration_ms: 0.2075
  type: 'test'
  ...
# Subtest: extension meets the actual east service edge without a height seam
ok 480 - extension meets the actual east service edge without a height seam
  ---
  duration_ms: 7.0825
  type: 'test'
  ...
# Subtest: every declared whole route passes actual production W.segment and independent continuous support
ok 481 - every declared whole route passes actual production W.segment and independent continuous support
  ---
  duration_ms: 4.7911
  type: 'test'
  ...
# Subtest: all action/witness anchors fit whole bodies and every new action is connected to its service route
ok 482 - all action/witness anchors fit whole bodies and every new action is connected to its service route
  ---
  duration_ms: 1.281
  type: 'test'
  ...
# Subtest: full anchored ring/cross envelopes remain on the prospective arena floor at every yaw
ok 483 - full anchored ring/cross envelopes remain on the prospective arena floor at every yaw
  ---
  duration_ms: 3.2569
  type: 'test'
  ...
# Subtest: whole-body check rejects a genuine narrow gap despite supported endpoints
ok 484 - whole-body check rejects a genuine narrow gap despite supported endpoints
  ---
  duration_ms: 0.3632
  type: 'test'
  ...
# Subtest: byte-pinned original geometry lacks the extension; actual installed support supplies it
ok 485 - byte-pinned original geometry lacks the extension; actual installed support supplies it
  ---
  duration_ms: 0.3125
  type: 'test'
  ...
# Subtest: byte-frozen attribution retains exact recovered-proposal anchors and bounded public/private scope
ok 486 - byte-frozen attribution retains exact recovered-proposal anchors and bounded public/private scope
  ---
  duration_ms: 0.2647
  type: 'test'
  ...
# Subtest: all installed/preimage input bytes stay untouched after catalogue/support checks
ok 487 - all installed/preimage input bytes stay untouched after catalogue/support checks
  ---
  duration_ms: 1.4117
  type: 'test'
  ...
# Subtest: installed contracts and globals are the actual Core/Adventure/World/Cosmos owners
ok 488 - installed contracts and globals are the actual Core/Adventure/World/Cosmos owners
  ---
  duration_ms: 5.3529
  type: 'test'
  ...
# Subtest: optional version-one Core migration adds only empty Cosmos state and preserves prior owners
ok 489 - optional version-one Core migration adds only empty Cosmos state and preserves prior owners
  ---
  duration_ms: 45.3584
  type: 'test'
  ...
# Subtest: actual Core rejects malformed/future owner, impossible prerequisites and reordered history
ok 490 - actual Core rejects malformed/future owner, impossible prerequisites and reordered history
  ---
  duration_ms: 70.1491
  type: 'test'
  ...
# Subtest: physical acceptance/work are fenced by actual character, revision, room, kit and comparator
ok 491 - physical acceptance/work are fenced by actual character, revision, room, kit and comparator
  ---
  duration_ms: 5.916
  type: 'test'
  ...
# Subtest: save refusal and exceptions never adopt acceptance or trim protected snapshot owners
ok 492 - save refusal and exceptions never adopt acceptance or trim protected snapshot owners
  ---
  duration_ms: 13.3475
  type: 'test'
  ...
# Subtest: real save candidate refuses character, room, revision or reentrant field mutation before adoption
ok 493 - real save candidate refuses character, room, revision or reentrant field mutation before adoption
  ---
  duration_ms: 21.3619
  type: 'test'
  ...
# Subtest: any two distinct supplied/ordinary supports qualify; exclusive alternatives cannot count twice
ok 494 - any two distinct supplied/ordinary supports qualify; exclusive alternatives cannot count twice
  ---
  duration_ms: 11.8574
  type: 'test'
  ...
# Subtest: wrong settings and manual exhaustion/choice requests cannot create gate or encounter facts
ok 495 - wrong settings and manual exhaustion/choice requests cannot create gate or encounter facts
  ---
  duration_ms: 7.1235
  type: 'test'
  ...
# Subtest: all forty declared lead/mode/choice combinations preserve old owners and pay a separate fee once
ok 496 - all forty declared lead/mode/choice combinations preserve old owners and pay a separate fee once
  ---
  duration_ms: 1432.8439
  type: 'test'
  ...
# Subtest: prepared configuration, accountability, opened, verified and claimed remain separate saved gates
ok 497 - prepared configuration, accountability, opened, verified and claimed remain separate saved gates
  ---
  duration_ms: 23.6065
  type: 'test'
  ...
# Subtest: whole-fee capacity and refused claim save are atomic and retry without double payout
ok 498 - whole-fee capacity and refused claim save are atomic and retry without double payout
  ---
  duration_ms: 185.2922
  type: 'test'
  ...
# Subtest: claim refusal for a changed character leaves the local apparatus unpaid and retryable
ok 499 - claim refusal for a changed character leaves the local apparatus unpaid and retryable
  ---
  duration_ms: 43.1308
  type: 'test'
  ...
# Subtest: stored XP one through five and cap retain health, sockets, equipment, cameras and prior claims
ok 500 - stored XP one through five and cap retain health, sockets, equipment, cameras and prior claims
  ---
  duration_ms: 186.5448
  type: 'test'
  ...
# Subtest: accepted witness reads are pure; exact roster identity, anchor, body and character own damage
ok 501 - accepted witness reads are pure; exact roster identity, anchor, body and character own damage
  ---
  duration_ms: 17.6626
  type: 'test'
  ...
# Subtest: actual Adventure lethal damage dispatch saves only campaign exhaustion; refusal restores HP one
ok 502 - actual Adventure lethal damage dispatch saves only campaign exhaustion; refusal restores HP one
  ---
  duration_ms: 13.4293
  type: 'test'
  ...
# Subtest: actual targeted blade and swept bow callers can hit live owners with no generic reward replay
ok 503 - actual targeted blade and swept bow callers can hit live owners with no generic reward replay
  ---
  duration_ms: 20.4731
  type: 'test'
  ...
# Subtest: actual Cosmos arrow geometry rejects opaque cover, unsupported floor, invalid aim and diving
ok 504 - actual Cosmos arrow geometry rejects opaque cover, unsupported floor, invalid aim and diving
  ---
  duration_ms: 28.9351
  type: 'test'
  ...
# Subtest: actual AI initiates immutable ring, makes one scheduled contact and stays anchored through recovery
ok 505 - actual AI initiates immutable ring, makes one scheduled contact and stays anchored through recovery
  ---
  duration_ms: 29.3052
  type: 'test'
  ...
# Subtest: actual locked ring permits physical quiet-circle escape without retargeting or contact
ok 506 - actual locked ring permits physical quiet-circle escape without retargeting or contact
  ---
  duration_ms: 56.6688
  type: 'test'
  ...
# Subtest: pause preserves the exact actual lock and schedule while damage caller remains inactive
ok 507 - pause preserves the exact actual lock and schedule while damage caller remains inactive
  ---
  duration_ms: 58.7382
  type: 'test'
  ...
# Subtest: actual bow-distance AI selects a cross without forced cycle; beyond actual reach stays quiet
ok 508 - actual bow-distance AI selects a cross without forced cycle; beyond actual reach stays quiet
  ---
  duration_ms: 54.9179
  type: 'test'
  ...
# Subtest: live cross clips unequal arms at installed opaque cover and misses a clear quadrant or covered traveler
ok 509 - live cross clips unequal arms at installed opaque cover and misses a clear quadrant or covered traveler
  ---
  duration_ms: 26.0223
  type: 'test'
  ...
# Subtest: live physical releases preserve the current frame and alter only subsequent AI locks
ok 510 - live physical releases preserve the current frame and alter only subsequent AI locks
  ---
  duration_ms: 22.4961
  type: 'test'
  ...
# Subtest: actual clipped warnings stay finite on real support and cover across representative clear AI aims
ok 511 - actual clipped warnings stay finite on real support and cover across representative clear AI aims
  ---
  duration_ms: 100.64
  type: 'test'
  ...
# Subtest: leave/reload retain saved work but reconstruct only unfinished actual owners and clear transient locks
ok 512 - leave/reload retain saved work but reconstruct only unfinished actual owners and clear transient locks
  ---
  duration_ms: 19.2265
  type: 'test'
  ...
# Subtest: bounded revision/journal refusal preserves unpaid history and whole-fee balances
ok 513 - bounded revision/journal refusal preserves unpaid history and whole-fee balances
  ---
  duration_ms: 56.9423
  type: 'test'
  ...
# Subtest: all actual installed test inputs remain byte-frozen during this bounded run
ok 514 - all actual installed test inputs remain byte-frozen during this bounded run
  ---
  duration_ms: 2.6165
  type: 'test'
  ...
# Subtest: import defines helpers without loading game owners or writing/generating a fixture
ok 515 - import defines helpers without loading game owners or writing/generating a fixture
  ---
  duration_ms: 121.7228
  type: 'test'
  ...
# Subtest: defaults cover three real kit families, all three lead pairs and both account choices
ok 516 - defaults cover three real kit families, all three lead pairs and both account choices
  ---
  duration_ms: 1.218
  type: 'test'
  ...
# Subtest: every two/three-support ordinary/supplied selection remains explicit and distinct
ok 517 - every two/three-support ordinary/supplied selection remains explicit and distinct
  ---
  duration_ms: 1.4499
  type: 'test'
  ...
# Subtest: invalid, duplicated, hidden or incomplete support choices refuse before execution
ok 518 - invalid, duplicated, hidden or incomplete support choices refuse before execution
  ---
  duration_ms: 1.4777
  type: 'test'
  ...
# Subtest: CLI has exact public options and refuses missing values, seed-only success or unsupported switches
ok 519 - CLI has exact public options and refuses missing values, seed-only success or unsupported switches
  ---
  duration_ms: 0.434
  type: 'test'
  ...
# Subtest: portable installed default uses exact canonical JSON scratch; staged default stays local
ok 520 - portable installed default uses exact canonical JSON scratch; staged default stays local
  ---
  duration_ms: 0.2963
  type: 'test'
  ...
# Subtest: new output is bounded, refuses traversal/overwrite and arbitrary checkout writes
ok 521 - new output is bounded, refuses traversal/overwrite and arbitrary checkout writes
  ---
  duration_ms: 63.8749
  type: 'test'
  ...
# Subtest: bow stand fits the actual installed road body instead of its unsupported centerline edge
ok 522 - bow stand fits the actual installed road body instead of its unsupported centerline edge
  ---
  duration_ms: 5.5616
  type: 'test'
  ...
# Subtest: history checks detect equipment/socket/class/old-campaign/construction changes without freezing legitimate crop time
ok 523 - history checks detect equipment/socket/class/old-campaign/construction changes without freezing legitimate crop time
  ---
  duration_ms: 2.3824
  type: 'test'
  ...
# Subtest: runner source contains no actor/health/progress/cycle injection or direct resolution/attack-frame call
ok 524 - runner source contains no actor/health/progress/cycle injection or direct resolution/attack-frame call
  ---
  duration_ms: 0.8448
  type: 'test'
  ...
# Subtest: terms disclose exact fee, danger, alternatives and account before consent; panel grants nothing
ok 525 - terms disclose exact fee, danger, alternatives and account before consent; panel grants nothing
  ---
  duration_ms: 2.9881
  type: 'test'
  ...
# Subtest: accept intent uses current active and revision; reading and walking never grant acceptance
ok 526 - accept intent uses current active and revision; reading and walking never grant acceptance
  ---
  duration_ms: 2.7135
  type: 'test'
  ...
# Subtest: old panel binding cannot command after movement, revision, character or context replacement
ok 527 - old panel binding cannot command after movement, revision, character or context replacement
  ---
  duration_ms: 16.3941
  type: 'test'
  ...
# Subtest: routes contain available physical objectives and no fake completion marker
ok 528 - routes contain available physical objectives and no fake completion marker
  ---
  duration_ms: 1.4097
  type: 'test'
  ...
# Subtest: configure sends exact declared setting only at an available real fixture
ok 529 - configure sends exact declared setting only at an available real fixture
  ---
  duration_ms: 1.9913
  type: 'test'
  ...
# Subtest: missing work or a forged defeat action cannot command its completion from the UI
ok 530 - missing work or a forged defeat action cannot command its completion from the UI
  ---
  duration_ms: 1.302
  type: 'test'
  ...
# Subtest: choice preview leaves ledger unchanged; explicit confirm binds exact choice and checkpoint
ok 531 - choice preview leaves ledger unchanged; explicit confirm binds exact choice and checkpoint
  ---
  duration_ms: 2.3149
  type: 'test'
  ...
# Subtest: changed preview or alternate confirmation cannot record consent
ok 532 - changed preview or alternate confirmation cannot record consent
  ---
  duration_ms: 7.6362
  type: 'test'
  ...
# Subtest: cancel and stale tick preserve undecided consent; completed tracking returns to story
ok 533 - cancel and stale tick preserve undecided consent; completed tracking returns to story
  ---
  duration_ms: 1.7225
  type: 'test'
  ...
# Subtest: prepared-support tracker makes two-support gate legible without advancing history
ok 534 - prepared-support tracker makes two-support gate legible without advancing history
  ---
  duration_ms: 2.0572
  type: 'test'
  ...
# Subtest: missing-prerequisite guidance names the actual separately owned comparator
ok 535 - missing-prerequisite guidance names the actual separately owned comparator
  ---
  duration_ms: 3.8643
  type: 'test'
  ...
# Subtest: the RPG page adapter filters unrelated tabs without rebinding a confirmation
ok 536 - the RPG page adapter filters unrelated tabs without rebinding a confirmation
  ---
  duration_ms: 2.2556
  type: 'test'
  ...
# INSTALLED_GEOMETRY_INPUT_FILES 46
# Subtest: exact original source fixtures and installed catalogue match the declared freeze
ok 537 - exact original source fixtures and installed catalogue match the declared freeze
  ---
  duration_ms: 1.8173
  type: 'test'
  ...
# Subtest: original geometry rejects the new reach; installed owner adds only seven patches/eight solids
ok 538 - original geometry rejects the new reach; installed owner adds only seven patches/eight solids
  ---
  duration_ms: 29.4455
  type: 'test'
  ...
# Subtest: existing entry, slopes, actors, instrument and all legacy geometry remain exact
ok 539 - existing entry, slopes, actors, instrument and all legacy geometry remain exact
  ---
  duration_ms: 8.7417
  type: 'test'
  ...
# Subtest: every declared route is accepted by both real physical owners with full body/capsule clearance
ok 540 - every declared route is accepted by both real physical owners with full body/capsule clearance
  ---
  duration_ms: 23.4965
  type: 'test'
  ...
# Subtest: all action/witness anchors and full ring/cross court footprints fit actual fixed-height support
ok 541 - all action/witness anchors and full ring/cross court footprints fit actual fixed-height support
  ---
  duration_ms: 11.9526
  type: 'test'
  ...
# Subtest: public loop remains physical regardless of any proposed saved campaign choice/open state
ok 542 - public loop remains physical regardless of any proposed saved campaign choice/open state
  ---
  duration_ms: 40.7155
  type: 'test'
  ...
# Subtest: exact body support rejects compass-sample holes and unsupported patch shortcuts
ok 543 - exact body support rejects compass-sample holes and unsupported patch shortcuts
  ---
  duration_ms: 52.0736
  type: 'test'
  ...
# Subtest: each real blocker refuses body, sight and first-hit pick while the declared detour stays clear
ok 544 - each real blocker refuses body, sight and first-hit pick while the declared detour stays clear
  ---
  duration_ms: 17.2049
  type: 'test'
  ...
# Subtest: real height-aware picks see garden/road/court, and camera blocker bounds match all eight solids
ok 545 - real height-aware picks see garden/road/court, and camera blocker bounds match all eight solids
  ---
  duration_ms: 11.893
  type: 'test'
  ...
# Subtest: actual production Core routes from Anik to every new anchor and back around the permanent public loop
ok 546 - actual production Core routes from Anik to every new anchor and back around the permanent public loop
  ---
  duration_ms: 5309.2481
  type: 'test'
  ...
# Subtest: real movement and ordinary return preserve the empty installed campaign and fee balances
ok 547 - real movement and ordinary return preserve the empty installed campaign and fee balances
  ---
  duration_ms: 422.4462
  type: 'test'
  ...
# Subtest: new geometry art uses actual WorldArt and real mesh transforms; exact opaque envelope metadata survives submission
ok 548 - new geometry art uses actual WorldArt and real mesh transforms; exact opaque envelope metadata survives submission
  ---
  duration_ms: 11.6912
  type: 'test'
  ...
# Subtest: new floor partition is an exact nonoverlapping rectangle union excluding the original ground
ok 549 - new floor partition is an exact nonoverlapping rectangle union excluding the original ground
  ---
  duration_ms: 2.2972
  type: 'test'
  ...
# Subtest: old sloping floor/vegetation, observatory and sky submissions stay byte-equivalent; new slabs never flatten them
ok 550 - old sloping floor/vegetation, observatory and sky submissions stay byte-equivalent; new slabs never flatten them
  ---
  duration_ms: 27.1375
  type: 'test'
  ...
# Subtest: paint/work/plant details stay on genuine supported surfaces and create no extra opaque blocker
ok 551 - paint/work/plant details stay on genuine supported surfaces and create no extra opaque blocker
  ---
  duration_ms: 68.4653
  type: 'test'
  ...
# Subtest: new static geometry stays bounded and art import/make/draw grant no campaign or economic facts
ok 552 - new static geometry stays bounded and art import/make/draw grant no campaign or economic facts
  ---
  duration_ms: 6.3917
  type: 'test'
  ...
# 308 added static instances / 3576 actual procedural triangles / 9 shared static batches
# Subtest: actual repaired Core keeps the large-body cover detour and map frames the full supported reach
ok 553 - actual repaired Core keeps the large-body cover detour and map frames the full supported reach
  ---
  duration_ms: 4.2952
  type: 'test'
  ...
# Subtest: both ground approaches connect arrival to occupied observatory with radius clearance
ok 554 - both ground approaches connect arrival to occupied observatory with radius clearance
  ---
  duration_ms: 200.1653
  type: 'test'
  ...
# Subtest: entry saves the exact source before changing scenes, and reload returns to that source
ok 555 - entry saves the exact source before changing scenes, and reload returns to that source
  ---
  duration_ms: 3.0123
  type: 'test'
  ...
# Subtest: a failed save or unavailable scene refuses travel atomically
ok 556 - a failed save or unavailable scene refuses travel atomically
  ---
  duration_ms: 1.7821
  type: 'test'
  ...
# Subtest: stale character, revision, simulation, position and cancelled tickets cannot enter
ok 557 - stale character, revision, simulation, position and cancelled tickets cannot enter
  ---
  duration_ms: 1.6096
  type: 'test'
  ...
# Subtest: scene build failure restores the source and a consumed ticket cannot retry
ok 558 - scene build failure restores the source and a consumed ticket cannot retry
  ---
  duration_ms: 1.1379
  type: 'test'
  ...
# Subtest: fall recovery recalls to safe ground and normal return works from the far end
ok 559 - fall recovery recalls to safe ground and normal return works from the far end
  ---
  duration_ms: 1.541
  type: 'test'
  ...
# Subtest: height-aware ray picks real support and refuses sky, the ridge and cover
ok 560 - height-aware ray picks real support and refuses sky, the ridge and cover
  ---
  duration_ms: 38.5803
  type: 'test'
  ...
# Subtest: manual walking slides along boundaries without crossing unsupported corner segments
ok 561 - manual walking slides along boundaries without crossing unsupported corner segments
  ---
  duration_ms: 34.5826
  type: 'test'
  ...
# Subtest: all source dependencies remained byte-frozen throughout the focused run
ok 562 - all source dependencies remained byte-frozen throughout the focused run
  ---
  duration_ms: 2.556
  type: 'test'
  ...
# Subtest: accepted Cosmos uses the visible unified return and hides the obsolete control
ok 563 - accepted Cosmos uses the visible unified return and hides the obsolete control
  ---
  duration_ms: 21.2222
  type: 'test'
  ...
# Subtest: legacy unaccepted Cosmos keeps its own return when no local owner adopts it
ok 564 - legacy unaccepted Cosmos keeps its own return when no local owner adopts it
  ---
  duration_ms: 2.0574
  type: 'test'
  ...
# Subtest: both actual witness models have wholly supported footprints and grounded feet
ok 565 - both actual witness models have wholly supported footprints and grounded feet
  ---
  duration_ms: 35.4588
  type: 'test'
  ...
# Subtest: each witness has a full-body viewing approach reached through the actual planner
ok 566 - each witness has a full-body viewing approach reached through the actual planner
  ---
  duration_ms: 318.9287
  type: 'test'
  ...
# Subtest: Avar left-side gap stays impassable while the right-side approach is supported
ok 567 - Avar left-side gap stays impassable while the right-side approach is supported
  ---
  duration_ms: 0.2127
  type: 'test'
  ...
# Subtest: all original scores have bounded notes and serialize exactly
ok 568 - all original scores have bounded notes and serialize exactly
  ---
  duration_ms: 2.1802
  type: 'test'
  ...
# Subtest: tempo, voice, dimensions and boolean impostors rejected
ok 569 - tempo, voice, dimensions and boolean impostors rejected
  ---
  duration_ms: 0.571
  type: 'test'
  ...
# Subtest: scores discard imported authority and execution fields
ok 570 - scores discard imported authority and execution fields
  ---
  duration_ms: 0.1833
  type: 'test'
  ...
# Subtest: unknown composition does not silently substitute another
ok 571 - unknown composition does not silently substitute another
  ---
  duration_ms: 0.136
  type: 'test'
  ...
# Subtest: score revision compare-and-swap refuses stale changes atomically
ok 572 - score revision compare-and-swap refuses stale changes atomically
  ---
  duration_ms: 12.6482
  type: 'test'
  ...
# Subtest: accepted score edit increments revision and survives cold reconstruction
ok 573 - accepted score edit increments revision and survives cold reconstruction
  ---
  duration_ms: 3.1135
  type: 'test'
  ...
# Subtest: invalid score command does not partially change title or revision
ok 574 - invalid score command does not partially change title or revision
  ---
  duration_ms: 2.0633
  type: 'test'
  ...
# Subtest: duplicate score edit is not applied twice
ok 575 - duplicate score edit is not applied twice
  ---
  duration_ms: 1.1767
  type: 'test'
  ...
# Subtest: version-two import preserves old notes, flowers and user coordinates
ok 576 - version-two import preserves old notes, flowers and user coordinates
  ---
  duration_ms: 1.2394
  type: 'test'
  ...
# Subtest: legacy localStorage is read but never overwritten by a v3 save
ok 577 - legacy localStorage is read but never overwritten by a v3 save
  ---
  duration_ms: 1.8214
  type: 'test'
  ...
# Subtest: corrupt v3 does not fall back to and overwrite an older save
ok 578 - corrupt v3 does not fall back to and overwrite an older save
  ---
  duration_ms: 0.2891
  type: 'test'
  ...
# Subtest: default retreat is schema-valid and entry is clear
ok 579 - default retreat is schema-valid and entry is clear
  ---
  duration_ms: 0.2386
  type: 'test'
  ...
# Subtest: new island is connected while the water alongside bridge is not walkable
ok 580 - new island is connected while the water alongside bridge is not walkable
  ---
  duration_ms: 24.8081
  type: 'test'
  ...
# Subtest: all new destinations are reachable without jumping over obstacles
ok 581 - all new destinations are reachable without jumping over obstacles
  ---
  duration_ms: 34.8296
  type: 'test'
  ...
# Subtest: retreat opens, closes and saves the outside return position
ok 582 - retreat opens, closes and saves the outside return position
  ---
  duration_ms: 70.4637
  type: 'test'
  ...
# Subtest: placement is a real collision obstacle
ok 583 - placement is a real collision obstacle
  ---
  duration_ms: 0.258
  type: 'test'
  ...
# Subtest: rotated furniture footprint rotates with the mesh contract
ok 584 - rotated furniture footprint rotates with the mesh contract
  ---
  duration_ms: 0.1671
  type: 'test'
  ...
# Subtest: rug is visible furniture but not a blocking volume
ok 585 - rug is visible furniture but not a blocking volume
  ---
  duration_ms: 0.9036
  type: 'test'
  ...
# Subtest: duplicate slots, unknown types, invalid rotations and palettes rejected
ok 586 - duplicate slots, unknown types, invalid rotations and palettes rejected
  ---
  duration_ms: 0.3317
  type: 'test'
  ...
# Subtest: edit, undo and redo retain monotonic layout revisions
ok 587 - edit, undo and redo retain monotonic layout revisions
  ---
  duration_ms: 0.7117
  type: 'test'
  ...
# Subtest: stale layout mutation leaves full state unchanged
ok 588 - stale layout mutation leaves full state unchanged
  ---
  duration_ms: 1.7106
  type: 'test'
  ...
# Subtest: furniture cannot be placed on the visitor
ok 589 - furniture cannot be placed on the visitor
  ---
  duration_ms: 2.6431
  type: 'test'
  ...
# Subtest: every furniture kind in every slot preserves an entry escape route
ok 590 - every furniture kind in every slot preserves an entry escape route
  ---
  duration_ms: 2.8018
  type: 'test'
  ...
# Subtest: visitor appearance and exact name are exportable data
ok 591 - visitor appearance and exact name are exportable data
  ---
  duration_ms: 1.0187
  type: 'test'
  ...
# Subtest: invalid appearance refuses unknown indexes and does not mutate
ok 592 - invalid appearance refuses unknown indexes and does not mutate
  ---
  duration_ms: 1.0689
  type: 'test'
  ...
# Subtest: family gathering requires proximity to real stage
ok 593 - family gathering requires proximity to real stage
  ---
  duration_ms: 0.2969
  type: 'test'
  ...
# Subtest: gathering routes three inhabitants rather than teleporting
ok 594 - gathering routes three inhabitants rather than teleporting
  ---
  duration_ms: 55.7566
  type: 'test'
  ...
# Subtest: gathering expires and does not resume as a false persisted performance
ok 595 - gathering expires and does not resume as a false persisted performance
  ---
  duration_ms: 52.6508
  type: 'test'
  ...
# Subtest: event timing matches 16 eighth-notes and MIDI two-bar length
ok 596 - event timing matches 16 eighth-notes and MIDI two-bar length
  ---
  duration_ms: 0.6143
  type: 'test'
  ...
# Subtest: all voices synthesize finite stereo data and bounded peaks
ok 597 - all voices synthesize finite stereo data and bounded peaks
  ---
  duration_ms: 173.6697
  type: 'test'
  ...
# Subtest: an empty score produces actual silence, not a hidden soundtrack
ok 598 - an empty score produces actual silence, not a hidden soundtrack
  ---
  duration_ms: 4.125
  type: 'test'
  ...
# Subtest: synthesized output is reproducible for identical scores
ok 599 - synthesized output is reproducible for identical scores
  ---
  duration_ms: 101.0295
  type: 'test'
  ...
# Subtest: different edited notes change actual rendered audio
ok 600 - different edited notes change actual rendered audio
  ---
  duration_ms: 80.8329
  type: 'test'
  ...
# Subtest: WAV header, byte length and final samples are correct
ok 601 - WAV header, byte length and final samples are correct
  ---
  duration_ms: 52.779
  type: 'test'
  ...
# Subtest: WAV encoder refuses malformed or nonfinite channels
ok 602 - WAV encoder refuses malformed or nonfinite channels
  ---
  duration_ms: 0.3185
  type: 'test'
  ...
# Subtest: MIDI has one type-zero track, valid length, tempo and end marker
ok 603 - MIDI has one type-zero track, valid length, tempo and end marker
  ---
  duration_ms: 15.6728
  type: 'test'
  ...
# Subtest: 09 save migrates without mutating original or losing chapters
ok 604 - 09 save migrates without mutating original or losing chapters
  ---
  duration_ms: 13.5158
  type: 'test'
  ...
# Subtest: new world has no free entry, equipment, attunement or chapter rewards
ok 605 - new world has no free entry, equipment, attunement or chapter rewards
  ---
  duration_ms: 0.5211
  type: 'test'
  ...
# Subtest: strict crossing save rejects wrongVersion
ok 606 - strict crossing save rejects wrongVersion
  ---
  duration_ms: 1.2579
  type: 'test'
  ...
# Subtest: strict crossing save rejects missingField
ok 607 - strict crossing save rejects missingField
  ---
  duration_ms: 0.7801
  type: 'test'
  ...
# Subtest: strict crossing save rejects nonbool
ok 608 - strict crossing save rejects nonbool
  ---
  duration_ms: 0.377
  type: 'test'
  ...
# Subtest: strict crossing save rejects unvisitedAttune
ok 609 - strict crossing save rejects unvisitedAttune
  ---
  duration_ms: 1.5403
  type: 'test'
  ...
# Subtest: strict crossing save rejects unvisitedProject
ok 610 - strict crossing save rejects unvisitedProject
  ---
  duration_ms: 0.4055
  type: 'test'
  ...
# Subtest: strict crossing save rejects unknownProject
ok 611 - strict crossing save rejects unknownProject
  ---
  duration_ms: 0.3304
  type: 'test'
  ...
# Subtest: strict crossing save rejects duplicateProject
ok 612 - strict crossing save rejects duplicateProject
  ---
  duration_ms: 0.3409
  type: 'test'
  ...
# Subtest: strict crossing save rejects earlyRepair
ok 613 - strict crossing save rejects earlyRepair
  ---
  duration_ms: 0.4073
  type: 'test'
  ...
# Subtest: strict crossing save rejects earlyComplete
ok 614 - strict crossing save rejects earlyComplete
  ---
  duration_ms: 0.3213
  type: 'test'
  ...
# Subtest: strict crossing save rejects earlyReward
ok 615 - strict crossing save rejects earlyReward
  ---
  duration_ms: 0.2427
  type: 'test'
  ...
# Subtest: entry requires the defended beacon and actual gate location
ok 616 - entry requires the defended beacon and actual gate location
  ---
  duration_ms: 58.4465
  type: 'test'
  ...
# Subtest: entry resets target/auto and gives no items or health
ok 617 - entry resets target/auto and gives no items or health
  ---
  duration_ms: 26.115
  type: 'test'
  ...
# Subtest: all named places, bells, encounter homes, clapper and entry are reachable
ok 618 - all named places, bells, encounter homes, clapper and entry are reachable
  ---
  duration_ms: 120.675
  type: 'test'
  ...
# Subtest: buildings and outer bounds stop walking and arrows
ok 619 - buildings and outer bounds stop walking and arrows
  ---
  duration_ms: 0.3651
  type: 'test'
  ...
# Subtest: stream blocks walking except bridge but not travelling arrows
ok 620 - stream blocks walking except bridge but not travelling arrows
  ---
  duration_ms: 2.3143
  type: 'test'
  ...
# Subtest: outdoor construction and gathering cannot mutate village geography
ok 621 - outdoor construction and gathering cannot mutate village geography
  ---
  duration_ms: 3.7792
  type: 'test'
  ...
# Subtest: public forge is a true workbench; components cost actual material
ok 622 - public forge is a true workbench; components cost actual material
  ---
  duration_ms: 2.5045
  type: 'test'
  ...
# Subtest: meeting and clue require local proximity and are single claim
ok 623 - meeting and clue require local proximity and are single claim
  ---
  duration_ms: 10.5464
  type: 'test'
  ...
# Subtest: Briar search has real location, bond, follow and route prerequisites
ok 624 - Briar search has real location, bond, follow and route prerequisites
  ---
  duration_ms: 53.0549
  type: 'test'
  ...
# Subtest: manual close inspection works when Briar stays behind
ok 625 - manual close inspection works when Briar stays behind
  ---
  duration_ms: 20.0583
  type: 'test'
  ...
# Subtest: search pause keeps discovery and companion motion frozen
ok 626 - search pause keeps discovery and companion motion frozen
  ---
  duration_ms: 18.6541
  type: 'test'
  ...
# Subtest: new guardian uses distinct ring and circle impact rules
ok 627 - new guardian uses distinct ring and circle impact rules
  ---
  duration_ms: 0.2307
  type: 'test'
  ...
# Subtest: wide ring rewards entering center; next tell alternates to inner strike
ok 628 - wide ring rewards entering center; next tell alternates to inner strike
  ---
  duration_ms: 125.2669
  type: 'test'
  ...
# Subtest: new encounters are targetable and respond to real autoattack
ok 629 - new encounters are targetable and respond to real autoattack
  ---
  duration_ms: 59.6402
  type: 'test'
  ...
# Subtest: clear event caches pay the new roster once and persist separately
ok 630 - clear event caches pay the new roster once and persist separately
  ---
  duration_ms: 16.9324
  type: 'test'
  ...
# Subtest: bell repair requires clapper and all three clearances
ok 631 - bell repair requires clapper and all three clearances
  ---
  duration_ms: 10.463
  type: 'test'
  ...
# Subtest: wrong bell order restarts sequence without taking inventory
ok 632 - wrong bell order restarts sequence without taking inventory
  ---
  duration_ms: 39.7587
  type: 'test'
  ...
# Subtest: bell cannot be played remotely or faster than its cooldown
ok 633 - bell cannot be played remotely or faster than its cooldown
  ---
  duration_ms: 33.1432
  type: 'test'
  ...
# Subtest: three local ordered tones complete the bell but not the reward
ok 634 - three local ordered tones complete the bell but not the reward
  ---
  duration_ms: 44.1729
  type: 'test'
  ...
# Subtest: Rowan reward is atomic, local and cannot be duplicated
ok 635 - Rowan reward is atomic, local and cannot be duplicated
  ---
  duration_ms: 44.8203
  type: 'test'
  ...
# Subtest: free bell playing after completion cannot reset quest or pay loot
ok 636 - free bell playing after completion cannot reset quest or pay loot
  ---
  duration_ms: 33.6997
  type: 'test'
  ...
# Subtest: tone entry is transient; repair, kills and clues survive reload
ok 637 - tone entry is transient; repair, kills and clues survive reload
  ---
  duration_ms: 28.8337
  type: 'test'
  ...
# Subtest: merchant exchanges fail cleanly when funds, quantities or scope fail
ok 638 - merchant exchanges fail cleanly when funds, quantities or scope fail
  ---
  duration_ms: 33.4227
  type: 'test'
  ...
# Subtest: merchant armor retains proper slot and does not heal on purchase/equip
ok 639 - merchant armor retains proper slot and does not heal on purchase/equip
  ---
  duration_ms: 65.2211
  type: 'test'
  ...
# Subtest: ore and berries exchange deduct exactly, overflow is refused
ok 640 - ore and berries exchange deduct exactly, overflow is refused
  ---
  duration_ms: 17.5173
  type: 'test'
  ...
# Subtest: inn restores actual vitals and denies service outside its porch
ok 641 - inn restores actual vitals and denies service outside its porch
  ---
  duration_ms: 7.2323
  type: 'test'
  ...
# Subtest: common works deduct actual materials once and preserve home layout
ok 642 - common works deduct actual materials once and preserve home layout
  ---
  duration_ms: 6.8755
  type: 'test'
  ...
# Subtest: commission failure leaves supplies and flags untouched
ok 643 - commission failure leaves supplies and flags untouched
  ---
  duration_ms: 17.4709
  type: 'test'
  ...
# Subtest: waystone needs discovery and physical origin, does not heal or charge
ok 644 - waystone needs discovery and physical origin, does not heal or charge
  ---
  duration_ms: 17.2854
  type: 'test'
  ...
# Subtest: unattuned village cannot be fast-travelled to
ok 645 - unattuned village cannot be fast-travelled to
  ---
  duration_ms: 8.9114
  type: 'test'
  ...
# Subtest: travel refuses active attack modes and beacon assault
ok 646 - travel refuses active attack modes and beacon assault
  ---
  duration_ms: 12.7685
  type: 'test'
  ...
# Subtest: ordinary departure is local and preserves progress
ok 647 - ordinary departure is local and preserves progress
  ---
  duration_ms: 8.2675
  type: 'test'
  ...
# Subtest: same command receipt cannot be repurposed or pay twice
ok 648 - same command receipt cannot be repurposed or pay twice
  ---
  duration_ms: 7.085
  type: 'test'
  ...
# Subtest: defeat recovery preserves crossing facts and revives outside
ok 649 - defeat recovery preserves crossing facts and revives outside
  ---
  duration_ms: 14.2638
  type: 'test'
  ...
# Subtest: cutaway preference is persisted and old migration defaults on
ok 650 - cutaway preference is persisted and old migration defaults on
  ---
  duration_ms: 2.8661
  type: 'test'
  ...
# Subtest: Fenna retains exact supported rule-adjacent anchors and does not invent consent
ok 651 - Fenna retains exact supported rule-adjacent anchors and does not invent consent
  ---
  duration_ms: 15.6154
  type: 'test'
  ...
# Subtest: confirmed arrival alone opens the load, and payment cannot redraw or repay it
ok 652 - confirmed arrival alone opens the load, and payment cannot redraw or repay it
  ---
  duration_ms: 4.9977
  type: 'test'
  ...
# Subtest: bounded complete drover and cart transforms remain positive and finite
ok 653 - bounded complete drover and cart transforms remain positive and finite
  ---
  duration_ms: 234.4156
  type: 'test'
  ...
# Subtest: rope grasp shares the actual coil frame, with connected upper and lower arms
ok 654 - rope grasp shares the actual coil frame, with connected upper and lower arms
  ---
  duration_ms: 10.3577
  type: 'test'
  ...
# Subtest: feet and four cart wheel rims meet actual terrain at both existing sites
ok 655 - feet and four cart wheel rims meet actual terrain at both existing sites
  ---
  duration_ms: 1.7383
  type: 'test'
  ...
# Subtest: short cart shafts stay clear of the established gathering cloth approach
ok 656 - short cart shafts stay clear of the established gathering cloth approach
  ---
  duration_ms: 0.555
  type: 'test'
  ...
# Subtest: cart shafts cannot pass through Fenna at either existing waiting or delivered stance
ok 657 - cart shafts cannot pass through Fenna at either existing waiting or delivered stance
  ---
  duration_ms: 12.7108
  type: 'test'
  ...
# Subtest: sampling has no hidden clock, and reduced motion holds a connected complete pose
ok 658 - sampling has no hidden clock, and reduced motion holds a connected complete pose
  ---
  duration_ms: 7.9384
  type: 'test'
  ...
# Subtest: entry requires resolved delivery and physical field table; unpaid arrival is eligible
ok 659 - entry requires resolved delivery and physical field table; unpaid arrival is eligible
  ---
  duration_ms: 27.1826
  type: 'test'
  ...
# Subtest: table and all marks have real connected, walkable approaches
ok 660 - table and all marks have real connected, walkable approaches
  ---
  duration_ms: 327.707
  type: 'test'
  ...
# Subtest: no pre-accept backfill; each accepted physical observation occurs once
ok 661 - no pre-accept backfill; each accepted physical observation occurs once
  ---
  duration_ms: 20.0044
  type: 'test'
  ...
# Subtest: table comparison rejects missing clues, obstructed or distant approach and malformed bearings atomically
ok 662 - table comparison rejects missing clues, obstructed or distant approach and malformed bearings atomically
  ---
  duration_ms: 12.6207
  type: 'test'
  ...
# Subtest: axis 0 and honest old-road preserve every reward and earlier system
ok 663 - axis 0 and honest old-road preserve every reward and earlier system
  ---
  duration_ms: 6.0252
  type: 'test'
  ...
# Subtest: axis 0 and honest waterworks preserve every reward and earlier system
ok 664 - axis 0 and honest waterworks preserve every reward and earlier system
  ---
  duration_ms: 6.9825
  type: 'test'
  ...
# Subtest: axis 180 and honest old-road preserve every reward and earlier system
ok 665 - axis 180 and honest old-road preserve every reward and earlier system
  ---
  duration_ms: 11.1495
  type: 'test'
  ...
# Subtest: axis 180 and honest waterworks preserve every reward and earlier system
ok 666 - axis 180 and honest waterworks preserve every reward and earlier system
  ---
  duration_ms: 5.5852
  type: 'test'
  ...
# Subtest: each accepted, partly observed, compared and recorded stage survives reload
ok 667 - each accepted, partly observed, compared and recorded stage survives reload
  ---
  duration_ms: 7.9655
  type: 'test'
  ...
# Subtest: schema8 migration preserves unpaid delivery and all prior fields at XP boundaries without changing input
ok 668 - schema8 migration preserves unpaid delivery and all prior fields at XP boundaries without changing input
  ---
  duration_ms: 9.0151
  type: 'test'
  ...
# Subtest: missing, future, unknown and inconsistent notes refuse without erasing state
ok 669 - missing, future, unknown and inconsistent notes refuse without erasing state
  ---
  duration_ms: 5.8312
  type: 'test'
  ...
# Subtest: array-coerced interpretation cannot masquerade as a stable ID in a completed save
ok 670 - array-coerced interpretation cannot masquerade as a stable ID in a completed save
  ---
  duration_ms: 0.9908
  type: 'test'
  ...
# Subtest: inspection and declined job create no progress; acceptance needs kit and proximity
ok 671 - inspection and declined job create no progress; acceptance needs kit and proximity
  ---
  duration_ms: 21.476
  type: 'test'
  ...
# Subtest: every task uses supported reachable Earth ground
ok 672 - every task uses supported reachable Earth ground
  ---
  duration_ms: 1063.9582
  type: 'test'
  ...
# Subtest: mill prerequisites and timber cost are atomic and charged once
ok 673 - mill prerequisites and timber cost are atomic and charged once
  ---
  duration_ms: 5.5175
  type: 'test'
  ...
# Subtest: mill completes with one finite payout and no gear, XP or chapter changes
ok 674 - mill completes with one finite payout and no gear, XP or chapter changes
  ---
  duration_ms: 3.1586
  type: 'test'
  ...
# Subtest: quarry completes with one finite payout and no gear, XP or chapter changes
ok 675 - quarry completes with one finite payout and no gear, XP or chapter changes
  ---
  duration_ms: 1.9434
  type: 'test'
  ...
# Subtest: detour completes with one finite payout and no gear, XP or chapter changes
ok 676 - detour completes with one finite payout and no gear, XP or chapter changes
  ---
  duration_ms: 3.3159
  type: 'test'
  ...
# Subtest: quarry and detour never consume personal materials; both observations precede lane marking
ok 677 - quarry and detour never consume personal materials; both observations precede lane marking
  ---
  duration_ms: 1.8838
  type: 'test'
  ...
# Subtest: full ore refuses entire payout and preserves completed entitlement
ok 678 - full ore refuses entire payout and preserves completed entitlement
  ---
  duration_ms: 2.0908
  type: 'test'
  ...
# Subtest: full coins refuses entire payout and preserves completed entitlement
ok 679 - full coins refuses entire payout and preserves completed entitlement
  ---
  duration_ms: 1.7966
  type: 'test'
  ...
# Subtest: full fiber refuses entire payout and preserves completed entitlement
ok 680 - full fiber refuses entire payout and preserves completed entitlement
  ---
  duration_ms: 1.7361
  type: 'test'
  ...
# Subtest: all durable stages survive canonical reload with no implicit rewards or reacceptance
ok 681 - all durable stages survive canonical reload with no implicit rewards or reacceptance
  ---
  duration_ms: 7.5887
  type: 'test'
  ...
# Subtest: schema7 migration preserves banked XP and every older canonical field without mutating input
ok 682 - schema7 migration preserves banked XP and every older canonical field without mutating input
  ---
  duration_ms: 9.9696
  type: 'test'
  ...
# Subtest: current-schema missing, future and inconsistent story state refuses instead of erasing
ok 683 - current-schema missing, future and inconsistent story state refuses instead of erasing
  ---
  duration_ms: 6.0403
  type: 'test'
  ...
# Subtest: other improvements remain available after claim without replaying delivery or payment
ok 684 - other improvements remain available after claim without replaying delivery or payment
  ---
  duration_ms: 3.7878
  type: 'test'
  ...
# Subtest: new trail marker does not steal the existing Lantern Pier interaction radius
ok 685 - new trail marker does not steal the existing Lantern Pier interaction radius
  ---
  duration_ms: 18.2881
  type: 'test'
  ...
# Subtest: orchard and ridge approaches connect the lake to Bellweather west road
ok 686 - orchard and ridge approaches connect the lake to Bellweather west road
  ---
  duration_ms: 113.0127
  type: 'test'
  ...
# Subtest: entry saves exact lake checkpoint and transient Earth room never becomes persisted position
ok 687 - entry saves exact lake checkpoint and transient Earth room never becomes persisted position
  ---
  duration_ms: 16.9931
  type: 'test'
  ...
# Subtest: travel refusal and scene failure are atomic
ok 688 - travel refusal and scene failure are atomic
  ---
  duration_ms: 4.7509
  type: 'test'
  ...
# Subtest: stale character, revision, position and cancellation cannot enter
ok 689 - stale character, revision, position and cancellation cannot enter
  ---
  duration_ms: 1.9817
  type: 'test'
  ...
# Subtest: fall recovery uses supported entry and return works from the far road
ok 690 - fall recovery uses supported entry and return works from the far road
  ---
  duration_ms: 1.9967
  type: 'test'
  ...
# Subtest: height-aware surface pick accepts ground and refuses watercourse, solids and sky
ok 691 - height-aware surface pick accepts ground and refuses watercourse, solids and sky
  ---
  duration_ms: 26.8028
  type: 'test'
  ...
# Subtest: manual movement slides without crossing unsupported segments
ok 692 - manual movement slides without crossing unsupported segments
  ---
  duration_ms: 18.9695
  type: 'test'
  ...
# Subtest: the grounded brute pursues outside its short physical sweep instead of striking remotely
ok 693 - the grounded brute pursues outside its short physical sweep instead of striking remotely
  ---
  duration_ms: 48.0824
  type: 'test'
  ...
# Subtest: warning locks the physical lane; turning and moving later cannot chase the target
ok 694 - warning locks the physical lane; turning and moving later cannot chase the target
  ---
  duration_ms: 26.7409
  type: 'test'
  ...
# Subtest: contact hits inside the locked lane exactly once, Brace halves actual damage
ok 695 - contact hits inside the locked lane exactly once, Brace halves actual damage
  ---
  duration_ms: 40.2492
  type: 'test'
  ...
# Subtest: the full warning has no early contact and the full recovery remains an attack-free opening
ok 696 - the full warning has no early contact and the full recovery remains an attack-free opening
  ---
  duration_ms: 19.5132
  type: 'test'
  ...
# Subtest: footprint rotates in world space, includes body edge and excludes sides/rear/far
ok 697 - footprint rotates in world space, includes body edge and excludes sides/rear/far
  ---
  duration_ms: 1.3845
  type: 'test'
  ...
# Subtest: only exact accepted encounter identities use a bank sweep, generic sentinels keep their owner
ok 698 - only exact accepted encounter identities use a bank sweep, generic sentinels keep their owner
  ---
  duration_ms: 1.0323
  type: 'test'
  ...
# Subtest: pause freezes warning and damage; returning/free-home removes transient strike
ok 699 - pause freezes warning and damage; returning/free-home removes transient strike
  ---
  duration_ms: 1.332
  type: 'test'
  ...
# Subtest: selected threat names the actual sweep and recovery without writing progression
ok 700 - selected threat names the actual sweep and recovery without writing progression
  ---
  duration_ms: 6.1583
  type: 'test'
  ...
# Subtest: a real wall blocks contact even when the player body lies within the sweep
ok 701 - a real wall blocks contact even when the player body lies within the sweep
  ---
  duration_ms: 1.6215
  type: 'test'
  ...
# Subtest: visible warning follows locked frame; reduced motion keeps the complete rectangle and no moving deadline
ok 702 - visible warning follows locked frame; reduced motion keeps the complete rectangle and no moving deadline
  ---
  duration_ms: 0.7733
  type: 'test'
  ...
# Subtest: saved clearance stages only the first brace; a new patrol does not inherit a cleared inspection tag
ok 703 - saved clearance stages only the first brace; a new patrol does not inherit a cleared inspection tag
  ---
  duration_ms: 2.2513
  type: 'test'
  ...
# Subtest: refused actual defeat saves leave no clearance or supplied kit and can be retried
ok 704 - refused actual defeat saves leave no clearance or supplied kit and can be retried
  ---
  duration_ms: 5.9386
  type: 'test'
  ...
# PASS deep-frozen finite catalogue and branch allocations
# PASS stable finite IDs, physical anchors, and required ordered DAG
# PASS only optional missing world ledger migrates to fresh
# PASS all story subsets enforce real prerequisites, allocation, acceptance and claim
# PASS patrol accepted identity is exactly lastClaim plus one and follows its own DAG
# PASS progress exposes only reachable next actions and both physical choices without mutation
# PASS required binding validates canonical owned weapons, exact shape and paired nulls
# PASS bonus follows selected equipped weapon and never mutates HP, sockets or old fittings
# PASS enemy catalogue is accepted-phase/run-qualified and never a legacy payout
# PASS Core contract either fails closed before integration or saves before live adoption
# PASS real Core migrates Adventure11 only and rejects missing/current/future/crossfield records
# PASS real integrated anchor support and objective-to-giver production paths
# PASS accepted physical actions enforce kit, realm, proximity, branch and DAG
# PASS complete payment capacity rejects every overflowing currency/material before saver
# PASS successful physical work confirms the completed action and keeps payment unclaimed
# PASS ready payment survives refused and throwing durable savers, then cap-bound XP pays zero once
# PASS defeat requires actual accepted actor identity and zero HP; refused death recovers one HP
# PASS same-room accepted roster changes preserve actual live HP, projectiles and combat state
# PASS patrol stale accept/step/claim cannot start or pay a different run
# PASS binding costs/once-only/owned station/health and equipment state are atomic
# {"status":"passed","checks":20,"method":"pure schema/topology/bonus and explicitly labelled adversarial fixtures; physical production journey separate"}
# Subtest: D:\\07-GAMES\\Firstlight\\verification\\current-qualified-game\\tests\\earth_expedition.test.cjs
ok 41 - D:\\07-GAMES\\Firstlight\\verification\\current-qualified-game\\tests\\earth_expedition.test.cjs
  ---
  duration_ms: 3000.4732
  type: 'test'
  ...
# Subtest: installed brace actually contacts the east wall outer face and clears the open passage
ok 706 - installed brace actually contacts the east wall outer face and clears the open passage
  ---
  duration_ms: 5.8198
  type: 'test'
  ...
# Subtest: delivered boards rest on the real glade rack and stack without unsupported gaps
ok 707 - delivered boards rest on the real glade rack and stack without unsupported gaps
  ---
  duration_ms: 102.0416
  type: 'test'
  ...
# Subtest: managed allocation material rests on ground and connects its prepared bands
ok 708 - managed allocation material rests on ground and connects its prepared bands
  ---
  duration_ms: 1.197
  type: 'test'
  ...
# Subtest: both shape-valid allocation histories project only their recorded steps and explicit claim
ok 709 - both shape-valid allocation histories project only their recorded steps and explicit claim
  ---
  duration_ms: 25.0481
  type: 'test'
  ...
# Subtest: worksite actual mesh stays supported and full-body routes/choice/work/foe anchors remain clear
ok 710 - worksite actual mesh stays supported and full-body routes/choice/work/foe anchors remain clear
  ---
  duration_ms: 410.494
  type: 'test'
  ...
# Subtest: grounded board/posts and shallow readable record layers keep connected construction
ok 711 - grounded board/posts and shallow readable record layers keep connected construction
  ---
  duration_ms: 1.9356
  type: 'test'
  ...
# Subtest: actual static caller emits coalesced floor, unchanged seventy banks and one box per physical solid
ok 712 - actual static caller emits coalesced floor, unchanged seventy banks and one box per physical solid
  ---
  duration_ms: 227.2389
  type: 'test'
  ...
# Subtest: worn path quads use actual support and undergrowth intersects soil without blocking bodies
ok 713 - worn path quads use actual support and undergrowth intersects soil without blocking bodies
  ---
  duration_ms: 488.0048
  type: 'test'
  ...
# Subtest: binding attaches to actual production rig across every weapon/carry/combat/reduced-motion phase and preserves older parts
ok 714 - binding attaches to actual production rig across every weapon/carry/combat/reduced-motion phase and preserves older parts
  ---
  duration_ms: 1959.0315
  type: 'test'
  ...
# Subtest: binding presentation belongs only to an actual selected owned item, never another character or equipped item
ok 715 - binding presentation belongs only to an actual selected owned item, never another character or equipped item
  ---
  duration_ms: 1.484
  type: 'test'
  ...
# Subtest: actual WorldArt dynamic timber caller submits recorded work and resets scene/fog ownership
ok 716 - actual WorldArt dynamic timber caller submits recorded work and resets scene/fog ownership
  ---
  duration_ms: 47.876
  type: 'test'
  ...
# Subtest: production fog frame has finite translation-relative focus, no non-Earth ownership and strict guards
ok 717 - production fog frame has finite translation-relative focus, no non-Earth ownership and strict guards
  ---
  duration_ms: 10.9975
  type: 'test'
  ...
# Subtest: borrowed kit belongs to exact active inspection, restores its checked form and never backfills paid runs
ok 718 - borrowed kit belongs to exact active inspection, restores its checked form and never backfills paid runs
  ---
  duration_ms: 6.0478
  type: 'test'
  ...
# Subtest: isolated global-script/CommonJS export a dependency-free frozen appearance API only
ok 719 - isolated global-script/CommonJS export a dependency-free frozen appearance API only
  ---
  duration_ms: 18.0508
  type: 'test'
  ...
# Subtest: only actual windup and recovery timers produce the grounded combat posture
ok 720 - only actual windup and recovery timers produce the grounded combat posture
  ---
  duration_ms: 13.3154
  type: 'test'
  ...
# Subtest: stationary chase intent, pause and elapsed time never fabricate trot, attack results or recoil
ok 721 - stationary chase intent, pause and elapsed time never fabricate trot, attack results or recoil
  ---
  duration_ms: 25.7657
  type: 'test'
  ...
# Subtest: actual triangle bounds stay grounded, finite, compact and inside the existing tell radius
ok 722 - actual triangle bounds stay grounded, finite, compact and inside the existing tell radius
  ---
  duration_ms: 1110.8173
  type: 'test'
  ...
# Subtest: four articulated legs connect actual body, knee meshes and grounded hooves
ok 723 - four articulated legs connect actual body, knee meshes and grounded hooves
  ---
  duration_ms: 48.3261
  type: 'test'
  ...
# Subtest: head, muzzle, tusks, ridge and tail have actual attached mesh anchors
ok 724 - head, muzzle, tusks, ridge and tail have actual attached mesh anchors
  ---
  duration_ms: 116.3992
  type: 'test'
  ...
# Subtest: world root applies translation, supplied support and actual yaw exactly once
ok 725 - world root applies translation, supplied support and actual yaw exactly once
  ---
  duration_ms: 8.68
  type: 'test'
  ...
# Subtest: confirmed flash changes colors only, and all records are fresh read-only projections
ok 726 - confirmed flash changes colors only, and all records are fresh read-only projections
  ---
  duration_ms: 1.5242
  type: 'test'
  ...
# Subtest: invalid placements/durations/modes and unwritable outputs refuse before partial emission
ok 727 - invalid placements/durations/modes and unwritable outputs refuse before partial emission
  ---
  duration_ms: 20.74
  type: 'test'
  ...
# Subtest: actual expedition root encounters retain exact rules and physical anchors after pure art projection
ok 728 - actual expedition root encounters retain exact rules and physical anchors after pure art projection
  ---
  duration_ms: 309.2543
  type: 'test'
  ...
# Subtest: production first-story and patrol roster actors from synthetic histories dispatch exactly once
ok 729 - production first-story and patrol roster actors from synthetic histories dispatch exactly once
  ---
  duration_ms: 41.9333
  type: 'test'
  ...
# Subtest: unrelated actual mine and world sentinels retain the five-part original golden control
ok 730 - unrelated actual mine and world sentinels retain the five-part original golden control
  ---
  duration_ms: 7.9471
  type: 'test'
  ...
# Subtest: wrong step, missing/unknown/prefixed/suffixed quest, wrong kind and absent terms do not dispatch
ok 731 - wrong step, missing/unknown/prefixed/suffixed quest, wrong kind and absent terms do not dispatch
  ---
  duration_ms: 14.8229
  type: 'test'
  ...
# Subtest: dead root actor keeps existing dead suppression without warning or target emissions
ok 732 - dead root actor keeps existing dead suppression without warning or target emissions
  ---
  duration_ms: 5.9366
  type: 'test'
  ...
# Subtest: nonzero yaw, support height and actual confirmed-hit recoil are submitted exactly once
ok 733 - nonzero yaw, support height and actual confirmed-hit recoil are submitted exactly once
  ---
  duration_ms: 21.7139
  type: 'test'
  ...
# Subtest: future, missing, expired and reduced-motion hit samples add no recoil
ok 734 - future, missing, expired and reduced-motion hit samples add no recoil
  ---
  duration_ms: 16.9882
  type: 'test'
  ...
# Subtest: actual flash lifetime recolors only the selected beast geometry
ok 735 - actual flash lifetime recolors only the selected beast geometry
  ---
  duration_ms: 7.2307
  type: 'test'
  ...
# Subtest: locked sweep and actor target ring stay outside confirmed body recoil; old distant ring is absent
ok 736 - locked sweep and actor target ring stay outside confirmed body recoil; old distant ring is absent
  ---
  duration_ms: 6.3065
  type: 'test'
  ...
# Subtest: root-only diorama health bar follows actual ground while generic bar retains its original height
ok 737 - root-only diorama health bar follows actual ground while generic bar retains its original height
  ---
  duration_ms: 6.2684
  type: 'test'
  ...
# Subtest: actual paused caller ignores unrelated render time and preserves source state and timer-driven posture
ok 738 - actual paused caller ignores unrelated render time and preserves source state and timer-driven posture
  ---
  duration_ms: 15.7043
  type: 'test'
  ...
# Subtest: the actual caller retains distance gait for one enemy and stops it through pause and recovery
ok 739 - the actual caller retains distance gait for one enemy and stops it through pause and recovery
  ---
  duration_ms: 5.1859
  type: 'test'
  ...
# PASS only existing exact person identities and frozen API are exported
# PASS unknown people refuse without aliasing protected/old residents or deriving a speaker from input
# PASS fresh optional presentation neither accepts work nor assumes a prior visit or repair
# PASS every accepted story stage and both retained choices have short deterministic quiet readings
# PASS all story subsets reject false prerequisite, allocation and claim histories before composing speech
# PASS unpaid deliveries recognize the actual allocation and require a separate explicit camp claim
# PASS only claimed stories recognize exact paid currency/materials and existing support, without guessing XP or current balance
# PASS active and ready patrol readings preserve first repair, allocation and exact run without claiming new payment
# PASS paid patrol and finite record boundary do not promise another repair or an unavailable next circuit
# PASS binding recognition follows canonical committed record, never equipment, inventory or a granted new option
# PASS specific route and encounter advice matches current anchors and distinct real weapon constraints
# PASS presentation leaves an entire production world and its accepted/paid/bound records byte-identical
# PASS browser IIFE and CommonJS return identical pure readings with no DOM or runtime globals
# PASS CommonJS canonical lookup remains pure when the already-loaded Adventure global is absent
# Earth expedition dialogue: 14 focused cases passed; 318 frozen output checks. Synthetic presentation fixtures, not native dialogue or earned progression.
# Subtest: D:\\07-GAMES\\Firstlight\\verification\\current-qualified-game\\tests\\earth_expedition_dialogue.test.cjs
ok 45 - D:\\07-GAMES\\Firstlight\\verification\\current-qualified-game\\tests\\earth_expedition_dialogue.test.cjs
  ---
  duration_ms: 326.4408
  type: 'test'
  ...
# PASS completed unpaid patrol gives one current return instruction
# PASS patrol terms and accepted final action remember either actual allocation
# PASS old ready run claim refusal retains its checked kit and successful claim settles it once
# PASS fresh invitation exposes both exact allocations, fixed danger, binding cost and deliberate consent
# PASS actual RPG dispatch gives near expedition priority and closing clears an unspent preview
# PASS missing optional ledger migrates to read-only fresh UI while malformed/current/future records never reach it
# PASS real UI delegates acceptance and physical branch work; remote, premature and forged defeat clicks grant nothing
# PASS all valid story stages expose only current DAG routes; legend never performs remote work
# PASS walk dispatch is current-route filtered, physically supported and never grants objective credit
# PASS ready UI requires explicit local claim and preserves complete reward on save refusal
# PASS rendered patrol metadata fences stale accept/work/claim including missing and malformed run fields
# PASS production comparison retains bow behavior, socket, current XP and earlier fits without auto-equipping
# PASS binding preview refuses changed character, simulation, adventure revision and weapon; cancellation spends nothing
# PASS real CharacterStore saver refuses an external write between binding preview and confirmation atomically
# PASS explicit binding confirmation spends once at actual station, leaves equipment/HP/XP and socket intact
# PASS capped and near-cap acceptance cards disclose actual credit and real claim agrees
# PASS actual RPG tick leaves expedition ready/paid/patrol tracker last over concurrent survey and trail
# PASS hydrated expedition restores over an older pinned project once, then respects manual tracking
# PASS actual app applyWorld restore selects accepted or ready expedition and active patrol without losing history
# PASS actual app worldContext installs synchronous savers on fresh restored Sim before active expedition combat
# Earth expedition CPU UI: 20/20 cases passed; 0 failed.
# Subtest: D:\\07-GAMES\\Firstlight\\verification\\current-qualified-game\\tests\\earth_expedition_ui.test.cjs
ok 46 - D:\\07-GAMES\\Firstlight\\verification\\current-qualified-game\\tests\\earth_expedition_ui.test.cjs
  ---
  duration_ms: 670.5758
  type: 'test'
  ...
# Subtest: orchard worksite crossing preserves outer save checkpoint and returns to the orchard
ok 742 - orchard worksite crossing preserves outer save checkpoint and returns to the orchard
  ---
  duration_ms: 43.2104
  type: 'test'
  ...
# Subtest: initial kit and physical orchard arrival are required; the scene cannot bypass old chapter gates
ok 743 - initial kit and physical orchard arrival are required; the scene cannot bypass old chapter gates
  ---
  duration_ms: 6.1151
  type: 'test'
  ...
# Subtest: worksite travel write and construction failures preserve the exact active source
ok 744 - worksite travel write and construction failures preserve the exact active source
  ---
  duration_ms: 9.3125
  type: 'test'
  ...
# Subtest: worksite preview rejects stale identity, source revision, source position and simulation
ok 745 - worksite preview rejects stale identity, source revision, source position and simulation
  ---
  duration_ms: 4.5142
  type: 'test'
  ...
# Subtest: river exit only returns to Earth for an active Earth trip; the old workshop route is unchanged
ok 746 - river exit only returns to Earth for an active Earth trip; the old workshop route is unchanged
  ---
  duration_ms: 0.8295
  type: 'test'
  ...
# Subtest: a completed unclaimed survey, class cooldown and companion survive both route boundaries
ok 747 - a completed unclaimed survey, class cooldown and companion survive both route boundaries
  ---
  duration_ms: 3.7225
  type: 'test'
  ...
# Subtest: death recovery from the connected worksite clears all transient route state
ok 748 - death recovery from the connected worksite clears all transient route state
  ---
  duration_ms: 1.0991
  type: 'test'
  ...
# Subtest: browser return protocol rolls back failed construction with live encounter state intact
ok 749 - browser return protocol rolls back failed construction with live encounter state intact
  ---
  duration_ms: 3.4643
  type: 'test'
  ...
# Subtest: Oren supplies earned through the orchard persist without consuming ordinary materials
ok 750 - Oren supplies earned through the orchard persist without consuming ordinary materials
  ---
  duration_ms: 3.4981
  type: 'test'
  ...
# Subtest: Earth scenery cannot overlap walking ground or the close third-person camera corridor
ok 751 - Earth scenery cannot overlap walking ground or the close third-person camera corridor
  ---
  duration_ms: 37.7469
  type: 'test'
  ...
# Subtest: Cosmos invitation labels belong only to the valley, never Earth or the riverbank
ok 752 - Cosmos invitation labels belong only to the valley, never Earth or the riverbank
  ---
  duration_ms: 1.4499
  type: 'test'
  ...
# Subtest: captured terrain, field random sequence, static scenery, camera solids and bridge remain byte-identical to PR33
ok 753 - captured terrain, field random sequence, static scenery, camera solids and bridge remain byte-identical to PR33
  ---
  duration_ms: 32.2139
  type: 'test'
  ...
# Subtest: nine bounded tapering rock sections dress thirty-six actual grass strips in the existing batch
ok 754 - nine bounded tapering rock sections dress thirty-six actual grass strips in the existing batch
  ---
  duration_ms: 13.4195
  type: 'test'
  ...
# Subtest: upper rock seam matches every transformed grass underside rather than canonical edge height
ok 755 - upper rock seam matches every transformed grass underside rather than canonical edge height
  ---
  duration_ms: 12.1336
  type: 'test'
  ...
# Subtest: orthogonal positive bases preserve renderer normals without a shear shortcut
ok 756 - orthogonal positive bases preserve renderer normals without a shear shortcut
  ---
  duration_ms: 14.1252
  type: 'test'
  ...
# Subtest: every actual slope vertex stays outside ground below the lip and within measured endpoint margin
ok 757 - every actual slope vertex stays outside ground below the lip and within measured endpoint margin
  ---
  duration_ms: 14.9242
  type: 'test'
  ...
# Subtest: actual non-cap faces have outward normals and never create a horizontal walking shelf
ok 758 - actual non-cap faces have outward normals and never create a horizontal walking shelf
  ---
  duration_ms: 10.0021
  type: 'test'
  ...
# Subtest: actual adjacent cap planes retain overlap at every exposed height, not only the top endpoints
ok 759 - actual adjacent cap planes retain overlap at every exposed height, not only the top endpoints
  ---
  duration_ms: 9.3634
  type: 'test'
  ...
# Subtest: near-edge road movement and old task approaches survive while outside ground and picking stay refused
ok 760 - near-edge road movement and old task approaches survive while outside ground and picking stay refused
  ---
  duration_ms: 75.0051
  type: 'test'
  ...
# Subtest: projection never mutates its source strips and is independent of simulation time or task state
ok 761 - projection never mutates its source strips and is independent of simulation time or task state
  ---
  duration_ms: 8.404
  type: 'test'
  ...
# Subtest: Rill native diorama approach clears the former foreground canopy with a detecting old-placement control
ok 762 - Rill native diorama approach clears the former foreground canopy with a detecting old-placement control
  ---
  duration_ms: 33.6611
  type: 'test'
  ...
# Subtest: camp low diorama ray clears the moved stands and detects the intermediate blocking placement
ok 763 - camp low diorama ray clears the moved stands and detects the intermediate blocking placement
  ---
  duration_ms: 4.981
  type: 'test'
  ...
# Subtest: isolated global/CommonJS expose only the pure API and recursively frozen authority data
ok 764 - isolated global/CommonJS expose only the pure API and recursively frozen authority data
  ---
  duration_ms: 3.1023
  type: 'test'
  ...
# Subtest: extension IDs appear exactly once and installed production retains the physical contract
ok 765 - extension IDs appear exactly once and installed production retains the physical contract
  ---
  duration_ms: 8.1905
  type: 'test'
  ...
# Subtest: broad connected floor footprint and all solids are finite, bounded and supported
ok 766 - broad connected floor footprint and all solids are finite, bounded and supported
  ---
  duration_ms: 7.2484
  type: 'test'
  ...
# Subtest: all intended legs and old routes use the actual production full-radius support/solid rules
ok 767 - all intended legs and old routes use the actual production full-radius support/solid rules
  ---
  duration_ms: 62.4827
  type: 'test'
  ...
# Subtest: bridge crosses a real four-metre river gap with open centered approaches
ok 768 - bridge crosses a real four-metre river gap with open centered approaches
  ---
  duration_ms: 4.1422
  type: 'test'
  ...
# Subtest: root passage and enemy side pockets preserve free return routes and supported reading/support anchors
ok 769 - root passage and enemy side pockets preserve free return routes and supported reading/support anchors
  ---
  duration_ms: 7.6064
  type: 'test'
  ...
# Subtest: deterministic bounded tier geometry never changes frozen physical data or accesses state
ok 770 - deterministic bounded tier geometry never changes frozen physical data or accesses state
  ---
  duration_ms: 29.8564
  type: 'test'
  ...
# Subtest: actual submitted mesh transforms are finite, positive, orthogonal and supported-kind compatible
ok 771 - actual submitted mesh transforms are finite, positive, orthogonal and supported-kind compatible
  ---
  duration_ms: 277.1934
  type: 'test'
  ...
# Subtest: every ground-detail vertex rests on actual land and low roots remain within parent clearance
ok 772 - every ground-detail vertex rests on actual land and low roots remain within parent clearance
  ---
  duration_ms: 514.9592
  type: 'test'
  ...
# Subtest: actual opaque mesh envelopes clear every full-body route and task/NPC/encounter anchor
ok 773 - actual opaque mesh envelopes clear every full-body route and task/NPC/encounter anchor
  ---
  duration_ms: 3131.9219
  type: 'test'
  ...
# Subtest: branches intersect their parent and actual crown volume, with a bounded existing shader envelope
ok 774 - branches intersect their parent and actual crown volume, with a bounded existing shader envelope
  ---
  duration_ms: 7.8116
  type: 'test'
  ...
# Subtest: overlapping opaque crowns form connected rest silhouettes instead of detached floating clusters
ok 775 - overlapping opaque crowns form connected rest silhouettes instead of detached floating clusters
  ---
  duration_ms: 4.6144
  type: 'test'
  ...
# Subtest: overhead crown and shelter parts follow cutaway while collision/camera authority is unchanged
ok 776 - overhead crown and shelter parts follow cutaway while collision/camera authority is unchanged
  ---
  duration_ms: 34.036
  type: 'test'
  ...
# Subtest: schema 9 migrates non-destructively with an unaccepted invitation
ok 777 - schema 9 migrates non-destructively with an unaccepted invitation
  ---
  duration_ms: 14.1775
  type: 'test'
  ...
# Subtest: missing current record and forward schema are refused
ok 778 - missing current record and forward schema are refused
  ---
  duration_ms: 1.3815
  type: 'test'
  ...
# Subtest: arrival not payment opens the invitation
ok 779 - arrival not payment opens the invitation
  ---
  duration_ms: 12.8069
  type: 'test'
  ...
# Subtest: supported places are reachable by actual pathfinder
ok 780 - supported places are reachable by actual pathfinder
  ---
  duration_ms: 6.3871
  type: 'test'
  ...
# Subtest: all arrangements complete silently without economy, score or campaign changes
ok 781 - all arrangements complete silently without economy, score or campaign changes
  ---
  duration_ms: 7.8529
  type: 'test'
  ...
# Subtest: early or unknown actions change nothing
ok 782 - early or unknown actions change nothing
  ---
  duration_ms: 4.7879
  type: 'test'
  ...
# Subtest: prototype and non-string choices are refused atomically
ok 783 - prototype and non-string choices are refused atomically
  ---
  duration_ms: 9.7142
  type: 'test'
  ...
# Subtest: completion cannot be repeated after receipt eviction
ok 784 - completion cannot be repeated after receipt eviction
  ---
  duration_ms: 5.3148
  type: 'test'
  ...
# Subtest: changed terms cannot reuse an accepted command identity
ok 785 - changed terms cannot reuse an accepted command identity
  ---
  duration_ms: 1.5668
  type: 'test'
  ...
# Subtest: paused, fallen and revision-saturated characters cannot progress
ok 786 - paused, fallen and revision-saturated characters cannot progress
  ---
  duration_ms: 4.4102
  type: 'test'
  ...
# Subtest: malformed durable combinations do not load
ok 787 - malformed durable combinations do not load
  ---
  duration_ms: 0.652
  type: 'test'
  ...
# Subtest: original arrangements are deterministic, finite, stereo and bounded
ok 788 - original arrangements are deterministic, finite, stereo and bounded
  ---
  duration_ms: 514.4304
  type: 'test'
  ...
# Subtest: full schema9 world migration preserves unpaid delivery, personal creations and every XP boundary
ok 789 - full schema9 world migration preserves unpaid delivery, personal creations and every XP boundary
  ---
  duration_ms: 13.2547
  type: 'test'
  ...
# Subtest: native character library migrates each world without sharing the table memory
ok 790 - native character library migrates each world without sharing the table memory
  ---
  duration_ms: 3.3951
  type: 'test'
  ...
# Subtest: forward adventure saves stay refused by native storage and leave exact bytes intact
ok 791 - forward adventure saves stay refused by native storage and leave exact bytes intact
  ---
  duration_ms: 2.5325
  type: 'test'
  ...
# Subtest: the actual drawn tabletop is reachable and supports the gathering interaction
ok 792 - the actual drawn tabletop is reachable and supports the gathering interaction
  ---
  duration_ms: 2.2982
  type: 'test'
  ...
# Subtest: prepared cloth and the actual Earth tabletop share one reachable location
ok 793 - prepared cloth and the actual Earth tabletop share one reachable location
  ---
  duration_ms: 12.0974
  type: 'test'
  ...
# Subtest: silent completion: mill; cloth→lantern→stand
ok 794 - silent completion: mill; cloth→lantern→stand
  ---
  duration_ms: 7.3391
  type: 'test'
  ...
# Subtest: silent completion: mill; cloth→stand→lantern
ok 795 - silent completion: mill; cloth→stand→lantern
  ---
  duration_ms: 1.1428
  type: 'test'
  ...
# Subtest: silent completion: mill; lantern→cloth→stand
ok 796 - silent completion: mill; lantern→cloth→stand
  ---
  duration_ms: 1.4926
  type: 'test'
  ...
# Subtest: silent completion: mill; lantern→stand→cloth
ok 797 - silent completion: mill; lantern→stand→cloth
  ---
  duration_ms: 0.9488
  type: 'test'
  ...
# Subtest: silent completion: mill; stand→cloth→lantern
ok 798 - silent completion: mill; stand→cloth→lantern
  ---
  duration_ms: 0.9496
  type: 'test'
  ...
# Subtest: silent completion: mill; stand→lantern→cloth
ok 799 - silent completion: mill; stand→lantern→cloth
  ---
  duration_ms: 1.2335
  type: 'test'
  ...
# Subtest: silent completion: quarry; cloth→lantern→stand
ok 800 - silent completion: quarry; cloth→lantern→stand
  ---
  duration_ms: 0.601
  type: 'test'
  ...
# Subtest: silent completion: quarry; cloth→stand→lantern
ok 801 - silent completion: quarry; cloth→stand→lantern
  ---
  duration_ms: 0.5422
  type: 'test'
  ...
# Subtest: silent completion: quarry; lantern→cloth→stand
ok 802 - silent completion: quarry; lantern→cloth→stand
  ---
  duration_ms: 1.0956
  type: 'test'
  ...
# Subtest: silent completion: quarry; lantern→stand→cloth
ok 803 - silent completion: quarry; lantern→stand→cloth
  ---
  duration_ms: 0.7173
  type: 'test'
  ...
# Subtest: silent completion: quarry; stand→cloth→lantern
ok 804 - silent completion: quarry; stand→cloth→lantern
  ---
  duration_ms: 0.9534
  type: 'test'
  ...
# Subtest: silent completion: quarry; stand→lantern→cloth
ok 805 - silent completion: quarry; stand→lantern→cloth
  ---
  duration_ms: 0.9518
  type: 'test'
  ...
# Subtest: silent completion: detour; cloth→lantern→stand
ok 806 - silent completion: detour; cloth→lantern→stand
  ---
  duration_ms: 0.5134
  type: 'test'
  ...
# Subtest: silent completion: detour; cloth→stand→lantern
ok 807 - silent completion: detour; cloth→stand→lantern
  ---
  duration_ms: 1.3272
  type: 'test'
  ...
# Subtest: silent completion: detour; lantern→cloth→stand
ok 808 - silent completion: detour; lantern→cloth→stand
  ---
  duration_ms: 0.4995
  type: 'test'
  ...
# Subtest: silent completion: detour; lantern→stand→cloth
ok 809 - silent completion: detour; lantern→stand→cloth
  ---
  duration_ms: 0.4876
  type: 'test'
  ...
# Subtest: silent completion: detour; stand→cloth→lantern
ok 810 - silent completion: detour; stand→cloth→lantern
  ---
  duration_ms: 0.9238
  type: 'test'
  ...
# Subtest: silent completion: detour; stand→lantern→cloth
ok 811 - silent completion: detour; stand→lantern→cloth
  ---
  duration_ms: 0.5921
  type: 'test'
  ...
# Subtest: new table never captures unpaid-delivery interaction on the overlap edge
ok 812 - new table never captures unpaid-delivery interaction on the overlap edge
  ---
  duration_ms: 0.6758
  type: 'test'
  ...
# Subtest: finished preparation relinquishes its contextual interaction
ok 813 - finished preparation relinquishes its contextual interaction
  ---
  duration_ms: 1.0659
  type: 'test'
  ...
# Subtest: arrival is a boolean fact, not arbitrary truthy data
ok 814 - arrival is a boolean fact, not arbitrary truthy data
  ---
  duration_ms: 0.0974
  type: 'test'
  ...
# Subtest: missing arrival cannot grant invitation
ok 815 - missing arrival cannot grant invitation
  ---
  duration_ms: 0.0622
  type: 'test'
  ...
# Subtest: invalid choice refuses without mutation: null
ok 816 - invalid choice refuses without mutation: null
  ---
  duration_ms: 0.8598
  type: 'test'
  ...
# Subtest: invalid choice refuses without mutation: 1
ok 817 - invalid choice refuses without mutation: 1
  ---
  duration_ms: 0.3728
  type: 'test'
  ...
# Subtest: invalid choice refuses without mutation: ["mill"]
ok 818 - invalid choice refuses without mutation: ["mill"]
  ---
  duration_ms: 0.3204
  type: 'test'
  ...
# Subtest: invalid choice refuses without mutation: {}
ok 819 - invalid choice refuses without mutation: {}
  ---
  duration_ms: 0.3626
  type: 'test'
  ...
# Subtest: invalid choice refuses without mutation: "constructor"
ok 820 - invalid choice refuses without mutation: "constructor"
  ---
  duration_ms: 0.3421
  type: 'test'
  ...
# Subtest: invalid choice refuses without mutation: "__proto__"
ok 821 - invalid choice refuses without mutation: "__proto__"
  ---
  duration_ms: 0.6812
  type: 'test'
  ...
# Subtest: invalid choice refuses without mutation: "unknown"
ok 822 - invalid choice refuses without mutation: "unknown"
  ---
  duration_ms: 0.3144
  type: 'test'
  ...
# Subtest: distant or wrong-scene acceptance cannot mutate state
ok 823 - distant or wrong-scene acceptance cannot mutate state
  ---
  duration_ms: 0.1751
  type: 'test'
  ...
# Subtest: distant or wrong-scene acceptance cannot mutate state
ok 824 - distant or wrong-scene acceptance cannot mutate state
  ---
  duration_ms: 0.1227
  type: 'test'
  ...
# Subtest: distant or wrong-scene acceptance cannot mutate state
ok 825 - distant or wrong-scene acceptance cannot mutate state
  ---
  duration_ms: 0.1494
  type: 'test'
  ...
# Subtest: impossible saved gathering is refused
ok 826 - impossible saved gathering is refused
  ---
  duration_ms: 0.275
  type: 'test'
  ...
# Subtest: impossible saved gathering is refused
ok 827 - impossible saved gathering is refused
  ---
  duration_ms: 0.0568
  type: 'test'
  ...
# Subtest: impossible saved gathering is refused
ok 828 - impossible saved gathering is refused
  ---
  duration_ms: 0.0662
  type: 'test'
  ...
# Subtest: impossible saved gathering is refused
ok 829 - impossible saved gathering is refused
  ---
  duration_ms: 0.0583
  type: 'test'
  ...
# Subtest: impossible saved gathering is refused
ok 830 - impossible saved gathering is refused
  ---
  duration_ms: 0.0606
  type: 'test'
  ...
# Subtest: stop is safe even when an audio node already disconnected
ok 831 - stop is safe even when an audio node already disconnected
  ---
  duration_ms: 325.4261
  type: 'test'
  ...
# Subtest: suspended context starts no source until resume succeeds
ok 832 - suspended context starts no source until resume succeeds
  ---
  duration_ms: 247.7944
  type: 'test'
  ...
# Subtest: stopping while resume is pending prevents late music
ok 833 - stopping while resume is pending prevents late music
  ---
  duration_ms: 0.2572
  type: 'test'
  ...
# Subtest: a newer preview cannot be replaced by an older resume completion
ok 834 - a newer preview cannot be replaced by an older resume completion
  ---
  duration_ms: 283.6315
  type: 'test'
  ...
# Subtest: denied resume resolves false with no source or unhandled rejection
ok 835 - denied resume resolves false with no source or unhandled rejection
  ---
  duration_ms: 0.3463
  type: 'test'
  ...
# Subtest: failed source startup cleans every newly created node
ok 836 - failed source startup cleans every newly created node
  ---
  duration_ms: 269.7315
  type: 'test'
  ...
# Subtest: owner eligibility is rechecked after a delayed resume
ok 837 - owner eligibility is rechecked after a delayed resume
  ---
  duration_ms: 0.3515
  type: 'test'
  ...
# Subtest: an ended callback from an old source cannot stop new audio
ok 838 - an ended callback from an old source cannot stop new audio
  ---
  duration_ms: 513.2417
  type: 'test'
  ...
# Subtest: deterministic, finite, stereo music: mill
ok 839 - deterministic, finite, stereo music: mill
  ---
  duration_ms: 149.3088
  type: 'test'
  ...
# Subtest: deterministic, finite, stereo music: quarry
ok 840 - deterministic, finite, stereo music: quarry
  ---
  duration_ms: 140.2692
  type: 'test'
  ...
# Subtest: deterministic, finite, stereo music: detour
ok 841 - deterministic, finite, stereo music: detour
  ---
  duration_ms: 124.98
  type: 'test'
  ...
# Subtest: absence adds only empty optional Heaven history and malformed/future histories refuse
ok 842 - absence adds only empty optional Heaven history and malformed/future histories refuse
  ---
  duration_ms: 13.3234
  type: 'test'
  ...
# Subtest: acceptance needs claimed Broken Choir and exact owner/revision; refusal changes nothing
ok 843 - acceptance needs claimed Broken Choir and exact owner/revision; refusal changes nothing
  ---
  duration_ms: 14.1
  type: 'test'
  ...
# Subtest: manual defeat/arrival and unprepared invitation cannot manufacture history
ok 844 - manual defeat/arrival and unprepared invitation cannot manufacture history
  ---
  duration_ms: 4.6601
  type: 'test'
  ...
# Subtest: two locked attacks differ and grounded mirror lengthens only beam warning
ok 845 - two locked attacks differ and grounded mirror lengthens only beam warning
  ---
  duration_ms: 3.1448
  type: 'test'
  ...
# Subtest: real damage in windup is accepted, actual defeat saves once and no legacy loot is produced
ok 846 - real damage in windup is accepted, actual defeat saves once and no legacy loot is produced
  ---
  duration_ms: 4.5806
  type: 'test'
  ...
# Subtest: courier is one owned real actor, waits out of range and unfinished reload resets only its walk
ok 847 - courier is one owned real actor, waits out of range and unfinished reload resets only its walk
  ---
  duration_ms: 7.4221
  type: 'test'
  ...
# Subtest: courier completes every supported segment before actual arrival and save refusal remains retryable
ok 848 - courier completes every supported segment before actual arrival and save refusal remains retryable
  ---
  duration_ms: 77.3151
  type: 'test'
  ...
# Subtest: whole claim is atomic across costs/capacity/refusal and repeat IDs cannot pay twice
ok 849 - whole claim is atomic across costs/capacity/refusal and repeat IDs cannot pay twice
  ---
  duration_ms: 30.0408
  type: 'test'
  ...
# Subtest: welcome is explicit and lasting; activation is short transient ordinary use with no payout
ok 850 - welcome is explicit and lasting; activation is short transient ordinary use with no payout
  ---
  duration_ms: 4.3247
  type: 'test'
  ...
# Subtest: the real lock clips its entire beam width against existing cover and keeps art/contact identical
ok 851 - the real lock clips its entire beam width against existing cover and keeps art/contact identical
  ---
  duration_ms: 2.4643
  type: 'test'
  ...
# Subtest: real arrow collision accepts a winding-up Heaven apparatus and reports one actual killing impact
ok 852 - real arrow collision accepts a winding-up Heaven apparatus and reports one actual killing impact
  ---
  duration_ms: 4.3775
  type: 'test'
  ...
# Subtest: real leave resets an unfinished courier before immediate re-entry; saved invitation stays intact
ok 853 - real leave resets an unfinished courier before immediate re-entry; saved invitation stays intact
  ---
  duration_ms: 2.869
  type: 'test'
  ...
# Subtest: production adventure drawing preserves owned campaign matrices and contributes no generic warning
ok 854 - production adventure drawing preserves owned campaign matrices and contributes no generic warning
  ---
  duration_ms: 10.5067
  type: 'test'
  ...
# Subtest: courier gait follows actual supported distance and quiet settings retain a grounded stance
ok 855 - courier gait follows actual supported distance and quiet settings retain a grounded stance
  ---
  duration_ms: 7.115
  type: 'test'
  ...
# Subtest: accepted recorded facts alone project static work; reading and art preserve every stored field
ok 856 - accepted recorded facts alone project static work; reading and art preserve every stored field
  ---
  duration_ms: 18.5464
  type: 'test'
  ...
# Subtest: every transformed static footprint uses existing ground, avoids existing solids and stays within the draw budget
ok 857 - every transformed static footprint uses existing ground, avoids existing solids and stays within the draw budget
  ---
  duration_ms: 106.1093
  type: 'test'
  ...
# accessible-assist: 67 static instances, 800 triangles
# broadened-activation: 67 static instances, 800 triangles
# Subtest: supplied optional mirror is loose until its own recorded action, and waymarks follow the exact existing escort route
ok 858 - supplied optional mirror is loose until its own recorded action, and waymarks follow the exact existing escort route
  ---
  duration_ms: 1.7509
  type: 'test'
  ...
# Subtest: both saved arrangements have distinct ordinary fittings readable on both faces while retaining three ceremonial notches per face
ok 859 - both saved arrangements have distinct ordinary fittings readable on both faces while retaining three ceremonial notches per face
  ---
  duration_ms: 4.6104
  type: 'test'
  ...
# Subtest: instrument motion belongs to a current matching bounded activation; pause, reduced motion and rest stay quiet
ok 860 - instrument motion belongs to a current matching bounded activation; pause, reduced motion and rest stay quiet
  ---
  duration_ms: 10.381
  type: 'test'
  ...
# Subtest: each actual apparatus uses its owned runtime actor frame and all transformed body vertices fit the declared impact radius
ok 861 - each actual apparatus uses its owned runtime actor frame and all transformed body vertices fit the declared impact radius
  ---
  duration_ms: 77.0901
  type: 'test'
  ...
# Subtest: directed beam warning projects only the immutable locked rectangle, independent of later actor or player movement
ok 862 - directed beam warning projects only the immutable locked rectangle, independent of later actor or player movement
  ---
  duration_ms: 6.9378
  type: 'test'
  ...
# Subtest: stationary warning borders clear real authored paving and retain strong palette contrast without flashing
ok 863 - stationary warning borders clear real authored paving and retain strong palette contrast without flashing
  ---
  duration_ms: 19.3294
  type: 'test'
  ...
# Subtest: relay warning is a radial perimeter at the actual locked pulse center and never exceeds its real radius
ok 864 - relay warning is a radial perimeter at the actual locked pulse center and never exceeds its real radius
  ---
  duration_ms: 9.2911
  type: 'test'
  ...
# Subtest: a supplied lock clipped before the existing Garden instrument cannot project past cover, and zero length warns nowhere
ok 865 - a supplied lock clipped before the existing Garden instrument cannot project past cover, and zero length warns nowhere
  ---
  duration_ms: 7.4795
  type: 'test'
  ...
# Subtest: short positive cover-clipped beam warnings keep caps and directional notches inside the supplied locked length
ok 866 - short positive cover-clipped beam warnings keep caps and directional notches inside the supplied locked length
  ---
  duration_ms: 31.75
  type: 'test'
  ...
# Subtest: combat pause and reduced motion preserve deterministic frames with actual phase differences
ok 867 - combat pause and reduced motion preserve deterministic frames with actual phase differences
  ---
  duration_ms: 1.8628
  type: 'test'
  ...
# Subtest: courier art uses only the actual transient actor and never reconstructs a second courier from saved invitation or arrival
ok 868 - courier art uses only the actual transient actor and never reconstructs a second courier from saved invitation or arrival
  ---
  duration_ms: 25.7617
  type: 'test'
  ...
# Subtest: worst-case union of all fittings, separately owned encounter frames and courier stays within the combined geometry budget
ok 869 - worst-case union of all fittings, separately owned encounter frames and courier stays within the combined geometry budget
  ---
  duration_ms: 11.348
  type: 'test'
  ...
# 193 combined instances, 2928 triangles
# Subtest: journal, map, legend and page are pure; defeats and actual courier arrival have no completion buttons
ok 870 - journal, map, legend and page are pure; defeats and actual courier arrival have no completion buttons
  ---
  duration_ms: 3.6547
  type: 'test'
  ...
# Subtest: remote first invite and a reset escort walk link both reach the real staging anchor without work or actor creation
ok 871 - remote first invite and a reset escort walk link both reach the real staging anchor without work or actor creation
  ---
  duration_ms: 2.8308
  type: 'test'
  ...
# Subtest: active map position comes from the actual live courier while reset preserves only honest staging and destination guidance
ok 872 - active map position comes from the actual live courier while reset preserves only honest staging and destination guidance
  ---
  duration_ms: 5.116
  type: 'test'
  ...
# Subtest: arrival save refusal keeps the exact courier visible at its real destination and explains callback retries without claiming arrival or payment
ok 873 - arrival save refusal keeps the exact courier visible at its real destination and explains callback retries without claiming arrival or payment
  ---
  duration_ms: 3.2986
  type: 'test'
  ...
# Subtest: choice preview grants no work and confirmation submits the exact current character and revision
ok 874 - choice preview grants no work and confirmation submits the exact current character and revision
  ---
  duration_ms: 1.6441
  type: 'test'
  ...
# Subtest: stale active character, roster, adventure revision, sim, context identity, room and physical preview cannot dispatch a saved choice
ok 875 - stale active character, roster, adventure revision, sim, context identity, room and physical preview cannot dispatch a saved choice
  ---
  duration_ms: 6.9431
  type: 'test'
  ...
# Subtest: successful deliberate activation closes the workspace; refusals and stale owners preserve it with no presentation-owned mutation
ok 876 - successful deliberate activation closes the workspace; refusals and stale owners preserve it with no presentation-owned mutation
  ---
  duration_ms: 1.3741
  type: 'test'
  ...
# Subtest: verified choice recognition quotes the actual catalogue callers including the courier, without claiming an unpaid or clipped fee
ok 877 - verified choice recognition quotes the actual catalogue callers including the courier, without claiming an unpaid or clipped fee
  ---
  duration_ms: 1.3511
  type: 'test'
  ...
# Subtest: Heaven catalogue: frozen exact API imports without starting gameplay or changing older owners
ok 878 - Heaven catalogue: frozen exact API imports without starting gameplay or changing older owners
  ---
  duration_ms: 4.6329
  type: 'test'
  ...
# Subtest: Heaven entry: exact existing Broken Choir owner, ordinary source anchors and independent identities
ok 879 - Heaven entry: exact existing Broken Choir owner, ordinary source anchors and independent identities
  ---
  duration_ms: 6.4517
  type: 'test'
  ...
# Subtest: Heaven graph: all deliberate branches are acyclic and no preparation, defeat or escort is a fake button
ok 880 - Heaven graph: all deliberate branches are acyclic and no preparation, defeat or escort is a fake button
  ---
  duration_ms: 0.6636
  type: 'test'
  ...
# Subtest: Heaven branches: exhaust every legal fact set and both arrangements with and without supplied preparation
ok 881 - Heaven branches: exhaust every legal fact set and both arrangements with and without supplied preparation
  ---
  duration_ms: 1.1766
  type: 'test'
  ...
# Subtest: Heaven geography: every action, branch and return uses complete production support without opening the terrace
ok 882 - Heaven geography: every action, branch and return uses complete production support without opening the terrace
  ---
  duration_ms: 619.9338
  type: 'test'
  ...
# Subtest: Heaven enemy bodies: fixed body-qualified routes clear actual cover and reject player-only narrow clearance
ok 883 - Heaven enemy bodies: fixed body-qualified routes clear actual cover and reject player-only narrow clearance
  ---
  duration_ms: 92.8566
  type: 'test'
  ...
# Subtest: Heaven escort: the actual seven-point service loop clears the full courier body, including the bench detour
ok 884 - Heaven escort: the actual seven-point service loop clears the full courier body, including the bench detour
  ---
  duration_ms: 1.3717
  type: 'test'
  ...
# Subtest: Heaven encounters: directed beam and local pulse differ, admit ordinary damage and grant no separate rewards
ok 885 - Heaven encounters: directed beam and local pulse differ, admit ordinary damage and grant no separate rewards
  ---
  duration_ms: 0.5071
  type: 'test'
  ...
# Subtest: Heaven reward and choices: one common finite material fee, explicit public usability and earned recognition
ok 886 - Heaven reward and choices: one common finite material fee, explicit public usability and earned recognition
  ---
  duration_ms: 2.1351
  type: 'test'
  ...
# Subtest: old worlds migrate only empty optional Hell state; all older fields are retained
ok 887 - old worlds migrate only empty optional Hell state; all older fields are retained
  ---
  duration_ms: 17.4423
  type: 'test'
  ...
# Subtest: unearned entry, stale revision and foreign character cannot accept or mutate
ok 888 - unearned entry, stale revision and foreign character cannot accept or mutate
  ---
  duration_ms: 6.3002
  type: 'test'
  ...
# Subtest: acceptance and physical work require whole durable success and exact prerequisites
ok 889 - acceptance and physical work require whole durable success and exact prerequisites
  ---
  duration_ms: 30.8544
  type: 'test'
  ...
# Subtest: full claim is atomic on every capacity boundary and save refusal; retries cannot duplicate
ok 890 - full claim is atomic on every capacity boundary and save refusal; retries cannot duplicate
  ---
  duration_ms: 64.9837
  type: 'test'
  ...
# Subtest: explicit lasting disposition validates choice, proximity and truth; reopen cannot overwrite
ok 891 - explicit lasting disposition validates choice, proximity and truth; reopen cannot overwrite
  ---
  duration_ms: 15.7112
  type: 'test'
  ...
# Subtest: locked sweep/line geometry differs; tell aim cannot follow movement; supports affect matching recovery only
ok 892 - locked sweep/line geometry differs; tell aim cannot follow movement; supports affect matching recovery only
  ---
  duration_ms: 2.8097
  type: 'test'
  ...
# Subtest: actual combat alone can resolve Warden; closed armor gives no hit flash/number/HP; refusal preserves unpaid fight
ok 893 - actual combat alone can resolve Warden; closed armor gives no hit flash/number/HP; refusal preserves unpaid fight
  ---
  duration_ms: 5.3135
  type: 'test'
  ...
# Subtest: campaign roster retirement preserves unrelated salvage actor and paid history across reload
ok 894 - campaign roster retirement preserves unrelated salvage actor and paid history across reload
  ---
  duration_ms: 3.5399
  type: 'test'
  ...
# Subtest: real arrow collision rejects closed armor feedback but preserves confirmed killing hit feedback
ok 895 - real arrow collision rejects closed armor feedback but preserves confirmed killing hit feedback
  ---
  duration_ms: 7.1178
  type: 'test'
  ...
# Subtest: static work appears only for actual accepted recorded actions and never draws a second witness
ok 896 - static work appears only for actual accepted recorded actions and never draws a second witness
  ---
  duration_ms: 17.9185
  type: 'test'
  ...
# Subtest: all transformed service props have real supported ground and avoid canonical solids
ok 897 - all transformed service props have real supported ground and avoid canonical solids
  ---
  duration_ms: 52.4929
  type: 'test'
  ...
# Subtest: Unbind, Divert and License have different engine and plate shapes tied to the saved disposition
ok 898 - Unbind, Divert and License have different engine and plate shapes tied to the saved disposition
  ---
  duration_ms: 8.0211
  type: 'test'
  ...
# Subtest: supplied optional fittings visibly change from loose to seated only after their own action
ok 899 - supplied optional fittings visibly change from loose to seated only after their own action
  ---
  duration_ms: 1.0022
  type: 'test'
  ...
# Subtest: Veyr uses the canonical live actor frame and its entire transformed body fits the declared .65 impact radius
ok 900 - Veyr uses the canonical live actor frame and its entire transformed body fits the declared .65 impact radius
  ---
  duration_ms: 19.2697
  type: 'test'
  ...
# Subtest: locked rectangular warnings follow the immutable strike frame and preserve distinct broad/short versus narrow/long footprints
ok 901 - locked rectangular warnings follow the immutable strike frame and preserve distinct broad/short versus narrow/long footprints
  ---
  duration_ms: 4.3225
  type: 'test'
  ...
# Subtest: reduced motion and pause keep art deterministic across wall-clock samples while the real combat mode remains readable
ok 902 - reduced motion and pause keep art deterministic across wall-clock samples while the real combat mode remains readable
  ---
  duration_ms: 1.3791
  type: 'test'
  ...
# Subtest: journal, map and page are pure; route points never accept work or turn a combat defeat into a button
ok 903 - journal, map and page are pure; route points never accept work or turn a combat defeat into a button
  ---
  duration_ms: 1.8278
  type: 'test'
  ...
# Subtest: the verified saved choice has visible distinct Istra, Tovan and Neris recognition without a premature claim
ok 904 - the verified saved choice has visible distinct Istra, Tovan and Neris recognition without a premature claim
  ---
  duration_ms: 2.3363
  type: 'test'
  ...
# Subtest: a disposition requires explicit two-stage confirmation and retains expected character ownership
ok 905 - a disposition requires explicit two-stage confirmation and retains expected character ownership
  ---
  duration_ms: 1.4827
  type: 'test'
  ...
# Subtest: stale same-revision character, roster revision, physical position and campaign revision refuse a disposition preview without dispatch
ok 906 - stale same-revision character, roster revision, physical position and campaign revision refuse a disposition preview without dispatch
  ---
  duration_ms: 2.5835
  type: 'test'
  ...
# Subtest: Hell campaign data: exact frozen catalogue, source boundary and import without gameplay mutation
ok 907 - Hell campaign data: exact frozen catalogue, source boundary and import without gameplay mutation
  ---
  duration_ms: 8.2672
  type: 'test'
  ...
# Subtest: Hell campaign graph: consent, real combat, stabilization, deliberate disposition and verification
ok 908 - Hell campaign graph: consent, real combat, stabilization, deliberate disposition and verification
  ---
  duration_ms: 0.7043
  type: 'test'
  ...
# Subtest: Hell campaign geography: all authored anchors use supported existing ground and production paths
ok 909 - Hell campaign geography: all authored anchors use supported existing ground and production paths
  ---
  duration_ms: 1313.0844
  type: 'test'
  ...
# Subtest: Hell campaign patterns: distinct fixed locked-shape terms and narrow optional recovery supports
ok 910 - Hell campaign patterns: distinct fixed locked-shape terms and narrow optional recovery supports
  ---
  duration_ms: 0.5264
  type: 'test'
  ...
# Subtest: Hell campaign body clearance: production paths respect Veyr radius around existing Bell Yard support
ok 911 - Hell campaign body clearance: production paths respect Veyr radius around existing Bell Yard support
  ---
  duration_ms: 6.8033
  type: 'test'
  ...
# Subtest: Hell campaign outcomes: three lasting local choices retain safety, truth and one common fixed fee
ok 912 - Hell campaign outcomes: three lasting local choices retain safety, truth and one common fixed fee
  ---
  duration_ms: 0.7469
  type: 'test'
  ...
# Subtest: absent homeHistory migrates to empty v1 without replaying claimed knowledge or prior fields
ok 913 - absent homeHistory migrates to empty v1 without replaying claimed knowledge or prior fields
  ---
  duration_ms: 15.0551
  type: 'test'
  ...
# Subtest: null, future, unknown, duplicate and malformed ledgers refuse instead of clearing
ok 914 - null, future, unknown, duplicate and malformed ledgers refuse instead of clearing
  ---
  duration_ms: 0.8691
  type: 'test'
  ...
# Subtest: a prior acceptance or complete unpaid work never grants ownership
ok 915 - a prior acceptance or complete unpaid work never grants ownership
  ---
  duration_ms: 4.3167
  type: 'test'
  ...
# Subtest: pin is independent of equipment projects and accepting story or work
ok 916 - pin is independent of equipment projects and accepting story or work
  ---
  duration_ms: 3.3919
  type: 'test'
  ...
# Subtest: memory-cuttings validates costs before spending and saves before adopting once-only ownership
ok 917 - memory-cuttings validates costs before spending and saves before adopting once-only ownership
  ---
  duration_ms: 6.7103
  type: 'test'
  ...
# Subtest: memory-cuttings missing material, wrong bench, paused/dead owner and stale revision leave exact state
ok 918 - memory-cuttings missing material, wrong bench, paused/dead owner and stale revision leave exact state
  ---
  duration_ms: 10.7714
  type: 'test'
  ...
# Subtest: memory-cuttings unowned and duplicate placements reject through save, direct decorate and forged history
ok 919 - memory-cuttings unowned and duplicate placements reject through save, direct decorate and forged history
  ---
  duration_ms: 4.036
  type: 'test'
  ...
# Subtest: memory-cuttings deliberate move/remove and undo/redo save refusal keep history and costs atomic
ok 920 - memory-cuttings deliberate move/remove and undo/redo save refusal keep history and costs atomic
  ---
  duration_ms: 10.8123
  type: 'test'
  ...
# Subtest: memory-cuttings original geometry is bounded by its declared floor footprint in all rotations
ok 921 - memory-cuttings original geometry is bounded by its declared floor footprint in all rotations
  ---
  duration_ms: 1.024
  type: 'test'
  ...
# Subtest: memory-refuge validates costs before spending and saves before adopting once-only ownership
ok 922 - memory-refuge validates costs before spending and saves before adopting once-only ownership
  ---
  duration_ms: 5.1409
  type: 'test'
  ...
# Subtest: memory-refuge missing material, wrong bench, paused/dead owner and stale revision leave exact state
ok 923 - memory-refuge missing material, wrong bench, paused/dead owner and stale revision leave exact state
  ---
  duration_ms: 5.8699
  type: 'test'
  ...
# Subtest: memory-refuge unowned and duplicate placements reject through save, direct decorate and forged history
ok 924 - memory-refuge unowned and duplicate placements reject through save, direct decorate and forged history
  ---
  duration_ms: 2.6116
  type: 'test'
  ...
# Subtest: memory-refuge deliberate move/remove and undo/redo save refusal keep history and costs atomic
ok 925 - memory-refuge deliberate move/remove and undo/redo save refusal keep history and costs atomic
  ---
  duration_ms: 9.4426
  type: 'test'
  ...
# Subtest: memory-refuge original geometry is bounded by its declared floor footprint in all rotations
ok 926 - memory-refuge original geometry is bounded by its declared floor footprint in all rotations
  ---
  duration_ms: 0.2303
  type: 'test'
  ...
# Subtest: memory-bellglass validates costs before spending and saves before adopting once-only ownership
ok 927 - memory-bellglass validates costs before spending and saves before adopting once-only ownership
  ---
  duration_ms: 4.2703
  type: 'test'
  ...
# Subtest: memory-bellglass missing material, wrong bench, paused/dead owner and stale revision leave exact state
ok 928 - memory-bellglass missing material, wrong bench, paused/dead owner and stale revision leave exact state
  ---
  duration_ms: 4.001
  type: 'test'
  ...
# Subtest: memory-bellglass unowned and duplicate placements reject through save, direct decorate and forged history
ok 929 - memory-bellglass unowned and duplicate placements reject through save, direct decorate and forged history
  ---
  duration_ms: 2.2839
  type: 'test'
  ...
# Subtest: memory-bellglass deliberate move/remove and undo/redo save refusal keep history and costs atomic
ok 930 - memory-bellglass deliberate move/remove and undo/redo save refusal keep history and costs atomic
  ---
  duration_ms: 8.171
  type: 'test'
  ...
# Subtest: memory-bellglass original geometry is bounded by its declared floor footprint in all rotations
ok 931 - memory-bellglass original geometry is bounded by its declared floor footprint in all rotations
  ---
  duration_ms: 0.2202
  type: 'test'
  ...
# Subtest: memory-farroad validates costs before spending and saves before adopting once-only ownership
ok 932 - memory-farroad validates costs before spending and saves before adopting once-only ownership
  ---
  duration_ms: 5.5301
  type: 'test'
  ...
# Subtest: memory-farroad missing material, wrong bench, paused/dead owner and stale revision leave exact state
ok 933 - memory-farroad missing material, wrong bench, paused/dead owner and stale revision leave exact state
  ---
  duration_ms: 9.2546
  type: 'test'
  ...
# Subtest: memory-farroad unowned and duplicate placements reject through save, direct decorate and forged history
ok 934 - memory-farroad unowned and duplicate placements reject through save, direct decorate and forged history
  ---
  duration_ms: 2.0704
  type: 'test'
  ...
# Subtest: memory-farroad deliberate move/remove and undo/redo save refusal keep history and costs atomic
ok 935 - memory-farroad deliberate move/remove and undo/redo save refusal keep history and costs atomic
  ---
  duration_ms: 8.3426
  type: 'test'
  ...
# Subtest: memory-farroad original geometry is bounded by its declared floor footprint in all rotations
ok 936 - memory-farroad original geometry is bounded by its declared floor footprint in all rotations
  ---
  duration_ms: 0.2469
  type: 'test'
  ...
# Subtest: memory-crossing validates costs before spending and saves before adopting once-only ownership
ok 937 - memory-crossing validates costs before spending and saves before adopting once-only ownership
  ---
  duration_ms: 5.3226
  type: 'test'
  ...
# Subtest: memory-crossing missing material, wrong bench, paused/dead owner and stale revision leave exact state
ok 938 - memory-crossing missing material, wrong bench, paused/dead owner and stale revision leave exact state
  ---
  duration_ms: 5.1823
  type: 'test'
  ...
# Subtest: memory-crossing unowned and duplicate placements reject through save, direct decorate and forged history
ok 939 - memory-crossing unowned and duplicate placements reject through save, direct decorate and forged history
  ---
  duration_ms: 2.4909
  type: 'test'
  ...
# Subtest: memory-crossing deliberate move/remove and undo/redo save refusal keep history and costs atomic
ok 940 - memory-crossing deliberate move/remove and undo/redo save refusal keep history and costs atomic
  ---
  duration_ms: 12.179
  type: 'test'
  ...
# Subtest: memory-crossing original geometry is bounded by its declared floor footprint in all rotations
ok 941 - memory-crossing original geometry is bounded by its declared floor footprint in all rotations
  ---
  duration_ms: 0.27
  type: 'test'
  ...
# Subtest: inside placement uses actual body position while durable snapshot keeps its home checkpoint
ok 942 - inside placement uses actual body position while durable snapshot keeps its home checkpoint
  ---
  duration_ms: 2.858
  type: 'test'
  ...
# Subtest: one of each occupies four chosen slots with no extra power or campaign payout
ok 943 - one of each occupies four chosen slots with no extra power or campaign payout
  ---
  duration_ms: 6.9378
  type: 'test'
  ...
# Subtest: pending placement cannot transfer to another character with identical ownership and revision
ok 944 - pending placement cannot transfer to another character with identical ownership and revision
  ---
  duration_ms: 3.9614
  type: 'test'
  ...
# Subtest: all five trails distinguish unaccepted, active, ready and claimed saved facts
ok 945 - all five trails distinguish unaccepted, active, ready and claimed saved facts
  ---
  duration_ms: 20.3685
  type: 'test'
  ...
# Subtest: eligible work lists preparations, never a later locked encounter or optional work as required
ok 946 - eligible work lists preparations, never a later locked encounter or optional work as required
  ---
  duration_ms: 2.0731
  type: 'test'
  ...
# Subtest: one realm can retain a once-only trail and a separate repeat survey run without merging fees
ok 947 - one realm can retain a once-only trail and a separate repeat survey run without merging fees
  ---
  duration_ms: 1.1268
  type: 'test'
  ...
# Subtest: unpaid completion stays ahead of other work and paid trails have no next action
ok 948 - unpaid completion stays ahead of other work and paid trails have no next action
  ---
  duration_ms: 0.7011
  type: 'test'
  ...
# Subtest: journal and road statuses remain pure and never construct an escort actor
ok 949 - journal and road statuses remain pure and never construct an escort actor
  ---
  duration_ms: 2.0766
  type: 'test'
  ...
# Subtest: home journal retains exact fees, giver, progress and explicitly separate survey identity
ok 950 - home journal retains exact fees, giver, progress and explicitly separate survey identity
  ---
  duration_ms: 0.9096
  type: 'test'
  ...
# Subtest: empty journal gives a deliberate road entry and preserves campaign ordering below it
ok 951 - empty journal gives a deliberate road entry and preserves campaign ordering below it
  ---
  duration_ms: 0.5878
  type: 'test'
  ...
# Subtest: claim control is absent before completion and present only at the actual ready giver
ok 952 - claim control is absent before completion and present only at the actual ready giver
  ---
  duration_ms: 2.1869
  type: 'test'
  ...
# Subtest: survey claim control also requires its own complete current run at the correct separate giver
ok 953 - survey claim control also requires its own complete current run at the correct separate giver
  ---
  duration_ms: 1.278
  type: 'test'
  ...
# Subtest: a recorded or prerequisite-locked dry route refuses stale controls without walking
ok 954 - a recorded or prerequisite-locked dry route refuses stale controls without walking
  ---
  duration_ms: 1.6459
  type: 'test'
  ...
# Subtest: a route uses the restored current simulation, refusing a previous character trail id
ok 955 - a route uses the restored current simulation, refusing a previous character trail id
  ---
  duration_ms: 1.7022
  type: 'test'
  ...
# Subtest: water, air-court and escort routes give guidance without impossible dry walks
ok 956 - water, air-court and escort routes give guidance without impossible dry walks
  ---
  duration_ms: 1.8067
  type: 'test'
  ...
# Subtest: available-action map legend routes dry work but names gallery controls instead of walking underwater
ok 957 - available-action map legend routes dry work but names gallery controls instead of walking underwater
  ---
  duration_ms: 1.6084
  type: 'test'
  ...
# Subtest: Road marker navigation uses the current realm return point and refuses unrelated or wet rooms
ok 958 - Road marker navigation uses the current realm return point and refuses unrelated or wet rooms
  ---
  duration_ms: 0.9572
  type: 'test'
  ...
# Subtest: road cards show claimed trails and current repeat runs as distinct records
ok 959 - road cards show claimed trails and current repeat runs as distinct records
  ---
  duration_ms: 1.2125
  type: 'test'
  ...
# Subtest: a brute with real displacement has alternating lifted and planted hooves
ok 960 - a brute with real displacement has alternating lifted and planted hooves
  ---
  duration_ms: 2.1953
  type: 'test'
  ...
# Subtest: brute hooves follow the actual animated leg endpoints without changing its world
ok 961 - brute hooves follow the actual animated leg endpoints without changing its world
  ---
  duration_ms: 4.9003
  type: 'test'
  ...
# Subtest: traveler cloth, skin and leather retain distinct physical material responses
ok 962 - traveler cloth, skin and leather retain distinct physical material responses
  ---
  duration_ms: 2.5383
  type: 'test'
  ...
# Subtest: only real bow anticipation carries a visible nocked shaft, removed on release
ok 963 - only real bow anticipation carries a visible nocked shaft, removed on release
  ---
  duration_ms: 15.6303
  type: 'test'
  ...
# Subtest: bow grip, string nock and anticipated shaft face the actual root shot direction
ok 964 - bow grip, string nock and anticipated shaft face the actual root shot direction
  ---
  duration_ms: 19.0589
  type: 'test'
  ...
# Subtest: the bow draw sleeve centers clear the fitted torso through anticipation and guard
ok 965 - the bow draw sleeve centers clear the fitted torso through anticipation and guard
  ---
  duration_ms: 2.0906
  type: 'test'
  ...
# Subtest: older world9 migrates optional localLife1 without altering existing histories
ok 966 - older world9 migrates optional localLife1 without altering existing histories
  ---
  duration_ms: 26.2607
  type: 'test'
  ...
# Subtest: current malformed/future local work refuses rather than resetting progress
ok 967 - current malformed/future local work refuses rather than resetting progress
  ---
  duration_ms: 0.5078
  type: 'test'
  ...
# Subtest: the new local ledger does not extend or rewrite the old five trail definitions
ok 968 - the new local ledger does not extend or rewrite the old five trail definitions
  ---
  duration_ms: 0.2354
  type: 'test'
  ...
# Subtest: heaven-propagation-bed-v1 rejects offsite acceptance, invalid arrangement and absent prerequisite atomically
ok 969 - heaven-propagation-bed-v1 rejects offsite acceptance, invalid arrangement and absent prerequisite atomically
  ---
  duration_ms: 18.0212
  type: 'test'
  ...
# Subtest: heaven-propagation-bed-v1 channel physical work, durable candidate refusal and exact one payout
ok 970 - heaven-propagation-bed-v1 channel physical work, durable candidate refusal and exact one payout
  ---
  duration_ms: 45.4207
  type: 'test'
  ...
# Subtest: heaven-propagation-bed-v1 wick physical work, durable candidate refusal and exact one payout
ok 971 - heaven-propagation-bed-v1 wick physical work, durable candidate refusal and exact one payout
  ---
  duration_ms: 15.5852
  type: 'test'
  ...
# Subtest: hell-refuge-water-v1 rejects offsite acceptance, invalid arrangement and absent prerequisite atomically
ok 972 - hell-refuge-water-v1 rejects offsite acceptance, invalid arrangement and absent prerequisite atomically
  ---
  duration_ms: 6.6568
  type: 'test'
  ...
# Subtest: hell-refuge-water-v1 cartridge physical work, durable candidate refusal and exact one payout
ok 973 - hell-refuge-water-v1 cartridge physical work, durable candidate refusal and exact one payout
  ---
  duration_ms: 18.5049
  type: 'test'
  ...
# Subtest: hell-refuge-water-v1 hand-filter physical work, durable candidate refusal and exact one payout
ok 974 - hell-refuge-water-v1 hand-filter physical work, durable candidate refusal and exact one payout
  ---
  duration_ms: 24.8449
  type: 'test'
  ...
# Subtest: atlantis-bellglass-lamp-v1 rejects offsite acceptance, invalid arrangement and absent prerequisite atomically
ok 975 - atlantis-bellglass-lamp-v1 rejects offsite acceptance, invalid arrangement and absent prerequisite atomically
  ---
  duration_ms: 3.2777
  type: 'test'
  ...
# Subtest: atlantis-bellglass-lamp-v1 approach physical work, durable candidate refusal and exact one payout
ok 976 - atlantis-bellglass-lamp-v1 approach physical work, durable candidate refusal and exact one payout
  ---
  duration_ms: 14.6008
  type: 'test'
  ...
# Subtest: atlantis-bellglass-lamp-v1 desk physical work, durable candidate refusal and exact one payout
ok 977 - atlantis-bellglass-lamp-v1 desk physical work, durable candidate refusal and exact one payout
  ---
  duration_ms: 10.7983
  type: 'test'
  ...
# Subtest: cosmos-drawing-shelf-v1 rejects offsite acceptance, invalid arrangement and absent prerequisite atomically
ok 978 - cosmos-drawing-shelf-v1 rejects offsite acceptance, invalid arrangement and absent prerequisite atomically
  ---
  duration_ms: 14.2077
  type: 'test'
  ...
# Subtest: cosmos-drawing-shelf-v1 route physical work, durable candidate refusal and exact one payout
ok 979 - cosmos-drawing-shelf-v1 route physical work, durable candidate refusal and exact one payout
  ---
  duration_ms: 42.1847
  type: 'test'
  ...
# Subtest: cosmos-drawing-shelf-v1 sheltered physical work, durable candidate refusal and exact one payout
ok 980 - cosmos-drawing-shelf-v1 sheltered physical work, durable candidate refusal and exact one payout
  ---
  duration_ms: 9.648
  type: 'test'
  ...
# Subtest: dry sites and both selected Heaven beds retain full canonical foot support
ok 981 - dry sites and both selected Heaven beds retain full canonical foot support
  ---
  duration_ms: 0.7469
  type: 'test'
  ...
# Subtest: Atlantis work requires actual gallery body depth and medium
ok 982 - Atlantis work requires actual gallery body depth and medium
  ---
  duration_ms: 12.8549
  type: 'test'
  ...
# Subtest: material capacity and 9999 XP boundary retain whole-payment atomicity
ok 983 - material capacity and 9999 XP boundary retain whole-payment atomicity
  ---
  duration_ms: 4.4233
  type: 'test'
  ...
# Subtest: new art reads accepted state, emits finite supported shapes and preserves canonical state
ok 984 - new art reads accepted state, emits finite supported shapes and preserves canonical state
  ---
  duration_ms: 12.5369
  type: 'test'
  ...
# Subtest: both fitted Cosmos arrangements clear the production bench backrest
ok 985 - both fitted Cosmos arrangements clear the production bench backrest
  ---
  duration_ms: 5.4757
  type: 'test'
  ...
# Subtest: legacy Cosmos presentation is handed over only after explicit local acceptance
ok 986 - legacy Cosmos presentation is handed over only after explicit local acceptance
  ---
  duration_ms: 3.1858
  type: 'test'
  ...
# Subtest: gate lift is a pure projection of the existing saved repair
ok 987 - gate lift is a pure projection of the existing saved repair
  ---
  duration_ms: 2.2148
  type: 'test'
  ...
# Subtest: five separated timber planks have positive connected transforms and vertical grain
ok 988 - five separated timber planks have positive connected transforms and vertical grain
  ---
  duration_ms: 0.458
  type: 'test'
  ...
# Subtest: jammed and repaired hardware differ without becoming navigation or camera authorities
ok 989 - jammed and repaired hardware differ without becoming navigation or camera authorities
  ---
  duration_ms: 0.4012
  type: 'test'
  ...
# Subtest: rack stays engaged with the fixed pinion in both leaf positions
ok 990 - rack stays engaged with the fixed pinion in both leaf positions
  ---
  duration_ms: 0.3324
  type: 'test'
  ...
# Subtest: fixed frame stays around the established bank anchor with three mapped members
ok 991 - fixed frame stays around the established bank anchor with three mapped members
  ---
  duration_ms: 0.5645
  type: 'test'
  ...
# Subtest: gate projection remains bounded to 29 moving parts and five timber instances
ok 992 - gate projection remains bounded to 29 moving parts and five timber instances
  ---
  duration_ms: 0.2662
  type: 'test'
  ...
# Subtest: Ansel keeps the exact Earth resident anchor and excludes navigation/camera ownership
ok 993 - Ansel keeps the exact Earth resident anchor and excludes navigation/camera ownership
  ---
  duration_ms: 4.2139
  type: 'test'
  ...
# Subtest: bounded body and tool transforms remain finite and positive through the full work cycle
ok 994 - bounded body and tool transforms remain finite and positive through the full work cycle
  ---
  duration_ms: 39.9552
  type: 'test'
  ...
# Subtest: both hands belong to the actual square frame throughout inspection
ok 995 - both hands belong to the actual square frame throughout inspection
  ---
  duration_ms: 1.0742
  type: 'test'
  ...
# Subtest: proper 3D segments connect both elbows, hands and legs without cross-body gaps
ok 996 - proper 3D segments connect both elbows, hands and legs without cross-body gaps
  ---
  duration_ms: 0.7419
  type: 'test'
  ...
# Subtest: feet meet the supplied ground and the square has a real right angle
ok 997 - feet meet the supplied ground and the square has a real right angle
  ---
  duration_ms: 0.8036
  type: 'test'
  ...
# Subtest: pure sampling changes only with supplied time and reduced motion keeps one complete stance
ok 998 - pure sampling changes only with supplied time and reduced motion keeps one complete stance
  ---
  duration_ms: 3.1138
  type: 'test'
  ...
# Subtest: creative presentation tick preserves sandbox blueprint and grid
ok 999 - creative presentation tick preserves sandbox blueprint and grid
  ---
  duration_ms: 12.724
  type: 'test'
  ...
# Subtest: creative tick still clears its own stale playing and room-selection fields
ok 1000 - creative tick still clears its own stale playing and room-selection fields
  ---
  duration_ms: 2.9407
  type: 'test'
  ...
# Subtest: selected slot and active music never replace another presentation owner
ok 1001 - selected slot and active music never replace another presentation owner
  ---
  duration_ms: 2.9645
  type: 'test'
  ...
# Subtest: placement confirmation stays disabled before a tile is selected
ok 1002 - placement confirmation stays disabled before a tile is selected
  ---
  duration_ms: 2.5541
  type: 'test'
  ...
# Subtest: explicit survey acceptance uses kit and the next expected sequence
ok 1003 - explicit survey acceptance uses kit and the next expected sequence
  ---
  duration_ms: 17.6039
  type: 'test'
  ...
# Subtest: older saves acquire empty project data without changing XP or creative work
ok 1004 - older saves acquire empty project data without changing XP or creative work
  ---
  duration_ms: 39.6755
  type: 'test'
  ...
# Subtest: a pin is a persisted attainable choice, not ownership or campaign consent
ok 1005 - a pin is a persisted attainable choice, not ownership or campaign consent
  ---
  duration_ms: 4.7938
  type: 'test'
  ...
# Subtest: guide projects real craft sources and honest comparisons for an unowned weapon
ok 1006 - guide projects real craft sources and honest comparisons for an unowned weapon
  ---
  duration_ms: 1.0794
  type: 'test'
  ...
# Subtest: next-step preview resolves the Ashwood prerequisite separately from the longbow target
ok 1007 - next-step preview resolves the Ashwood prerequisite separately from the longbow target
  ---
  duration_ms: 1.4817
  type: 'test'
  ...
# Subtest: each prerequisite and target preview matches the actual craft then deliberate equip
ok 1008 - each prerequisite and target preview matches the actual craft then deliberate equip
  ---
  duration_ms: 3.9722
  type: 'test'
  ...
# Subtest: next-step forge and both finite fittings match accepted commands without spending during preview
ok 1009 - next-step forge and both finite fittings match accepted commands without spending during preview
  ---
  duration_ms: 3.2375
  type: 'test'
  ...
# Subtest: unequipped bow fitting preview keeps distinct sockets, health and Oren temper
ok 1010 - unequipped bow fitting preview keeps distinct sockets, health and Oren temper
  ---
  duration_ms: 1.8317
  type: 'test'
  ...
# Subtest: finished, uncraftable and invalid project IDs have no invented next step
ok 1011 - finished, uncraftable and invalid project IDs have no invented next step
  ---
  duration_ms: 2.0513
  type: 'test'
  ...
# Subtest: repeated immutable next-step previews keep XP, all history, cost, vitals and selected socket unchanged
ok 1012 - repeated immutable next-step previews keep XP, all history, cost, vitals and selected socket unchanged
  ---
  duration_ms: 5.9597
  type: 'test'
  ...
# Subtest: Oren comparisons explicitly use current XP and do not project or award the separate XP reward
ok 1013 - Oren comparisons explicitly use current XP and do not project or award the separate XP reward
  ---
  duration_ms: 13.59
  type: 'test'
  ...
# Subtest: survey cannot be accepted remotely or before kit, and failed start is atomic
ok 1014 - survey cannot be accepted remotely or before kit, and failed start is atomic
  ---
  duration_ms: 4.8766
  type: 'test'
  ...
# Subtest: survey temporarily owns encounters without replaying the once-only quest
ok 1015 - survey temporarily owns encounters without replaying the once-only quest
  ---
  duration_ms: 3.7896
  type: 'test'
  ...
# Subtest: accepted sample events require run identity, proximity and once-per-run ownership
ok 1016 - accepted sample events require run identity, proximity and once-per-run ownership
  ---
  duration_ms: 4.2118
  type: 'test'
  ...
# Subtest: actual defeat progresses the active run but creates no story defeat, cache or XP
ok 1017 - actual defeat progresses the active run but creates no story defeat, cache or XP
  ---
  duration_ms: 1.2971
  type: 'test'
  ...
# Subtest: each deliberate completed run pays once, including after reload and receipt eviction
ok 1018 - each deliberate completed run pays once, including after reload and receipt eviction
  ---
  duration_ms: 5.6729
  type: 'test'
  ...
# Subtest: changed request IDs cannot claim an incomplete run or a stale entitlement
ok 1019 - changed request IDs cannot claim an incomplete run or a stale entitlement
  ---
  duration_ms: 2.3707
  type: 'test'
  ...
# Subtest: full ore refuses the entire claim and preserves earned entitlement
ok 1020 - full ore refuses the entire claim and preserves earned entitlement
  ---
  duration_ms: 1.4318
  type: 'test'
  ...
# Subtest: full coins refuses the entire claim and preserves earned entitlement
ok 1021 - full coins refuses the entire claim and preserves earned entitlement
  ---
  duration_ms: 4.3211
  type: 'test'
  ...
# Subtest: full fiber refuses the entire claim and preserves earned entitlement
ok 1022 - full fiber refuses the entire claim and preserves earned entitlement
  ---
  duration_ms: 1.5536
  type: 'test'
  ...
# Subtest: finite fittings consume whole costs, keep equipped identity and preserve sockets
ok 1023 - finite fittings consume whole costs, keep equipped identity and preserve sockets
  ---
  duration_ms: 2.5611
  type: 'test'
  ...
# Subtest: invalid, distant, out-of-order and missing-cost fittings never partly spend materials
ok 1024 - invalid, distant, out-of-order and missing-cost fittings never partly spend materials
  ---
  duration_ms: 3.0604
  type: 'test'
  ...
# Subtest: improving an unequipped bow never equips it or changes the equipped socket
ok 1025 - improving an unequipped bow never equips it or changes the equipped socket
  ---
  duration_ms: 0.3836
  type: 'test'
  ...
# Subtest: fittings affect both real damage paths and leave obstruction rules intact
ok 1026 - fittings affect both real damage paths and leave obstruction rules intact
  ---
  duration_ms: 6.1991
  type: 'test'
  ...
# Subtest: present malformed ledgers refuse import instead of resetting paid history
ok 1027 - present malformed ledgers refuse import instead of resetting paid history
  ---
  duration_ms: 5.3817
  type: 'test'
  ...
# Subtest: Darric remains at the supported existing anchor beside the real collection approach
ok 1028 - Darric remains at the supported existing anchor beside the real collection approach
  ---
  duration_ms: 4.313
  type: 'test'
  ...
# Subtest: complete actor and actual tool matrices remain finite positive and bounded across every stage
ok 1029 - complete actor and actual tool matrices remain finite positive and bounded across every stage
  ---
  duration_ms: 104.367
  type: 'test'
  ...
# Subtest: both gloved hands meet the real resting handle through every pose and stage
ok 1030 - both gloved hands meet the real resting handle through every pose and stage
  ---
  duration_ms: 3.0858
  type: 'test'
  ...
# Subtest: full 3D limb bases connect submitted endpoints instead of rotating only in one plane
ok 1031 - full 3D limb bases connect submitted endpoints instead of rotating only in one plane
  ---
  duration_ms: 0.7325
  type: 'test'
  ...
# Subtest: transformed soles meet canonical shallow ground within six millimetres
ok 1032 - transformed soles meet canonical shallow ground within six millimetres
  ---
  duration_ms: 0.7681
  type: 'test'
  ...
# Subtest: actual actor and mallet volumes clear collection stance sign and reserved blocks at pose extremes
ok 1033 - actual actor and mallet volumes clear collection stance sign and reserved blocks at pose extremes
  ---
  duration_ms: 55.8011
  type: 'test'
  ...
# Subtest: actual mallet head clears body boxes and conservative round bounds through the full posing cycle
ok 1034 - actual mallet head clears body boxes and conservative round bounds through the full posing cycle
  ---
  duration_ms: 481.947
  type: 'test'
  ...
# Subtest: three stable individually tallied blocks project release only and twelve flush stones project packing only
ok 1035 - three stable individually tallied blocks project release only and twelve flush stones project packing only
  ---
  duration_ms: 3.0722
  type: 'test'
  ...
# Subtest: pure pose uses only supplied simulation time and reduced motion freezes each complete stage
ok 1036 - pure pose uses only supplied simulation time and reduced motion freezes each complete stage
  ---
  duration_ms: 8.025
  type: 'test'
  ...
# Subtest: the pure API owns the nine retained points and two Elderweald residents, with unchanged names and deeply frozen profiles
ok 1037 - the pure API owns the nine retained points and two Elderweald residents, with unchanged names and deeply frozen profiles
  ---
  duration_ms: 2.1457
  type: 'test'
  ...
# Subtest: actual production mesh vertices are finite, supported and bounded through real ground height and yaw
ok 1038 - actual production mesh vertices are finite, supported and bounded through real ground height and yaw
  ---
  duration_ms: 665.8833
  type: 'test'
  ...
# Subtest: the exact actor meshes stay on current patches and clear authoritative nearby solid boxes
ok 1039 - the exact actor meshes stay on current patches and clear authoritative nearby solid boxes
  ---
  duration_ms: 393.0298
  type: 'test'
  ...
# Subtest: actual beam mesh endpoints connect the named limb and tool joints under root transforms
ok 1040 - actual beam mesh endpoints connect the named limb and tool joints under root transforms
  ---
  duration_ms: 3.8272
  type: 'test'
  ...
# Subtest: each useful tool actually touches its holding palm and has a supported component graph
ok 1041 - each useful tool actually touches its holding palm and has a supported component graph
  ---
  duration_ms: 16.1703
  type: 'test'
  ...
# Subtest: Calen alone has source-backed folded wings joined to the real cloak surface and clear of hands and head
ok 1042 - Calen alone has source-backed folded wings joined to the real cloak surface and clear of hands and head
  ---
  duration_ms: 26.159
  type: 'test'
  ...
# Subtest: material combinations, clothing silhouettes and tools are distinct without assigning game classes or ancestry
ok 1043 - material combinations, clothing silhouettes and tools are distinct without assigning game classes or ancestry
  ---
  duration_ms: 2.97
  type: 'test'
  ...
# Subtest: repeated time samples are pure, idle never walks or works, and pause/reduced motion are quiet
ok 1044 - repeated time samples are pure, idle never walks or works, and pause/reduced motion are quiet
  ---
  duration_ms: 60.1713
  type: 'test'
  ...
# Subtest: unknown people, invalid anchors or output refuse before any partial mutation
ok 1045 - unknown people, invalid anchors or output refuse before any partial mutation
  ---
  duration_ms: 0.6224
  type: 'test'
  ...
# Subtest: adventure 10 and missing optional trails preserve all ten XP boundaries and source input
ok 1046 - adventure 10 and missing optional trails preserve all ten XP boundaries and source input
  ---
  duration_ms: 39.9838
  type: 'test'
  ...
# Subtest: current/future schemas refuse missing fields, foreign steps and impossible histories
ok 1047 - current/future schemas refuse missing fields, foreign steps and impossible histories
  ---
  duration_ms: 12.3367
  type: 'test'
  ...
# Subtest: trail acceptance and realm fitting require their cross-owner earned histories on import
ok 1048 - trail acceptance and realm fitting require their cross-owner earned histories on import
  ---
  duration_ms: 2.1543
  type: 'test'
  ...
# Subtest: acceptance requires the kit, correct realm, physical giver and living dry character
ok 1049 - acceptance requires the kit, correct realm, physical giver and living dry character
  ---
  duration_ms: 6.7715
  type: 'test'
  ...
# Subtest: malformed transient XZ and depth cannot qualify a physical trail action
ok 1050 - malformed transient XZ and depth cannot qualify a physical trail action
  ---
  duration_ms: 8.5459
  type: 'test'
  ...
# Subtest: accept/step refusal from throwing or unavailable persistence changes no live state
ok 1051 - accept/step refusal from throwing or unavailable persistence changes no live state
  ---
  duration_ms: 6.7209
  type: 'test'
  ...
# Subtest: supply preparation is physical, dependency-checked and grants nothing before claim
ok 1052 - supply preparation is physical, dependency-checked and grants nothing before claim
  ---
  duration_ms: 5.653
  type: 'test'
  ...
# Subtest: wet readings need actual depth/body medium and cannot be recorded on the overhead deck
ok 1053 - wet readings need actual depth/body medium and cannot be recorded on the overhead deck
  ---
  duration_ms: 4.6112
  type: 'test'
  ...
# Subtest: Bellglass chart works in the actual air court and wrong choices are costless refusals
ok 1054 - Bellglass chart works in the actual air court and wrong choices are costless refusals
  ---
  duration_ms: 7.5157
  type: 'test'
  ...
# Subtest: each material slot and currency limit refuses the whole declared claim, then exact capacity succeeds
ok 1055 - each material slot and currency limit refuses the whole declared claim, then exact capacity succeeds
  ---
  duration_ms: 33.2116
  type: 'test'
  ...
# Subtest: claim validates/saves the full paid candidate before applying it and retains live owner objects
ok 1056 - claim validates/saves the full paid candidate before applying it and retains live owner objects
  ---
  duration_ms: 13.4209
  type: 'test'
  ...
# Subtest: claim clamps XP at 9999 without replacing the retained five-level curve
ok 1057 - claim clamps XP at 9999 without replacing the retained five-level curve
  ---
  duration_ms: 8.5305
  type: 'test'
  ...
# Subtest: partial, ready and paid records survive snapshot/reload without accepting or paying again
ok 1058 - partial, ready and paid records survive snapshot/reload without accepting or paying again
  ---
  duration_ms: 7.7098
  type: 'test'
  ...
# Subtest: a real in-memory character Store makes quota refusal atomic and pays one saved entitlement
ok 1059 - a real in-memory character Store makes quota refusal atomic and pays one saved entitlement
  ---
  duration_ms: 5.448
  type: 'test'
  ...
# Subtest: a missing saver refuses claim and fitting without recording a false durable success
ok 1060 - a missing saver refuses claim and fitting without recording a false durable success
  ---
  duration_ms: 8.1306
  type: 'test'
  ...
# Subtest: managed Store writer and changed-source refusals preserve the complete unpaid trail
ok 1061 - managed Store writer and changed-source refusals preserve the complete unpaid trail
  ---
  duration_ms: 11.996
  type: 'test'
  ...
# Subtest: independent character worlds keep trail claims and the fitting entitlement separate
ok 1062 - independent character worlds keep trail claims and the fitting entitlement separate
  ---
  duration_ms: 15.3199
  type: 'test'
  ...
# Subtest: a fitting requires claimed work, an outdoor bench, life, an owned weapon and complete cost
ok 1063 - a fitting requires claimed work, an outdoor bench, life, an owned weapon and complete cost
  ---
  duration_ms: 39.7728
  type: 'test'
  ...
# Subtest: finite fitting spends only after persistence and adds exactly three to the selected equipped blade
ok 1064 - finite fitting spends only after persistence and adds exactly three to the selected equipped blade
  ---
  duration_ms: 4.7841
  type: 'test'
  ...
# Subtest: fitting an unequipped canonical bow never equips it and the one global spend excludes another weapon
ok 1065 - fitting an unequipped canonical bow never equips it and the one global spend excludes another weapon
  ---
  duration_ms: 6.3093
  type: 'test'
  ...
# Subtest: returning finite starter/river work, ruby, pinned project, banked XP and weapon behavior survive fitting
ok 1066 - returning finite starter/river work, ruby, pinned project, banked XP and weapon behavior survive fitting
  ---
  duration_ms: 4.9839
  type: 'test'
  ...
# Subtest: accepted Atlantis pages are readable at home and from another realm after cold reload
ok 1067 - accepted Atlantis pages are readable at home and from another realm after cold reload
  ---
  duration_ms: 4.0187
  type: 'test'
  ...
# Subtest: all legal Southern progress snapshots emit bounded supported kinds and finite positive production matrices
ok 1068 - all legal Southern progress snapshots emit bounded supported kinds and finite positive production matrices
  ---
  duration_ms: 77.4339
  type: 'test'
  ...
# Subtest: appearance projects acceptance and each true step; the packed job appears only after all supplies and packing
ok 1069 - appearance projects acceptance and each true step; the packed job appears only after all supplies and packing
  ---
  duration_ms: 3.3237
  type: 'test'
  ...
# Subtest: Bellglass reveals separate recorded readings, corrected layered chart and fitted marker without erasing the older scale
ok 1070 - Bellglass reveals separate recorded readings, corrected layered chart and fitted marker without erasing the older scale
  ---
  duration_ms: 3.4696
  type: 'test'
  ...
# Subtest: actual Earth mesh feet stay on canonical ground and clear walking, task and giver body envelopes
ok 1071 - actual Earth mesh feet stay on canonical ground and clear walking, task and giver body envelopes
  ---
  duration_ms: 181.7083
  type: 'test'
  ...
# Subtest: actual Bellglass full meshes clear the complete XYZ visitor route, dive blockers and step bodies
ok 1072 - actual Bellglass full meshes clear the complete XYZ visitor route, dive blockers and step bodies
  ---
  duration_ms: 44.4208
  type: 'test'
  ...
# Subtest: desk, inclined layered chart, suspended gauge and bed-mounted feet meet their real supports
ok 1073 - desk, inclined layered chart, suspended gauge and bed-mounted feet meet their real supports
  ---
  duration_ms: 2.8432
  type: 'test'
  ...
# Subtest: bed, court and suspended-gauge support heights agree with the actual generic scene writer
ok 1074 - bed, court and suspended-gauge support heights agree with the actual generic scene writer
  ---
  duration_ms: 7.9287
  type: 'test'
  ...
# Subtest: South work geometry is static across pause, time, reduced motion and both camera settings; all input data stays unchanged
ok 1075 - South work geometry is static across pause, time, reduced motion and both camera settings; all input data stays unchanged
  ---
  duration_ms: 35.5479
  type: 'test'
  ...
# Subtest: real trail commands leave the chart unconnected after wrong choice or refused save, then project a committed correction
ok 1076 - real trail commands leave the chart unconnected after wrong choice or refused save, then project a committed correction
  ---
  duration_ms: 34.5807
  type: 'test'
  ...
# Subtest: six northern and Cosmos projections retain pinned base output without depending on Git history
ok 1077 - six northern and Cosmos projections retain pinned base output without depending on Git history
  ---
  duration_ms: 3.6043
  type: 'test'
  ...
# Subtest: browser global and CommonJS preserve the original interface and add no foreign global authority
ok 1078 - browser global and CommonJS preserve the original interface and add no foreign global authority
  ---
  duration_ms: 1.6972
  type: 'test'
  ...
# Subtest: one stable finite definition has supported schema and exact declared payment
ok 1079 - one stable finite definition has supported schema and exact declared payment
  ---
  duration_ms: 1.885
  type: 'test'
  ...
# Subtest: every nested catalogue value is immutable, including target anchors
ok 1080 - every nested catalogue value is immutable, including target anchors
  ---
  duration_ms: 0.5231
  type: 'test'
  ...
# Subtest: instrument readings follow the actual authored XZ anchors and strict finite scale
ok 1081 - instrument readings follow the actual authored XZ anchors and strict finite scale
  ---
  duration_ms: 0.3727
  type: 'test'
  ...
# Subtest: both optical targets agree with geometry actually submitted by CosmosArt
ok 1082 - both optical targets agree with geometry actually submitted by CosmosArt
  ---
  duration_ms: 38.3213
  type: 'test'
  ...
# Subtest: giver and all three actions use actual dry floor, radius clearance and line access
ok 1083 - giver and all three actions use actual dry floor, radius clearance and line access
  ---
  duration_ms: 0.8811
  type: 'test'
  ...
# Subtest: complete out-and-back circuit follows production segments with dense radius-safe samples
ok 1084 - complete out-and-back circuit follows production segments with dense radius-safe samples
  ---
  duration_ms: 21.5967
  type: 'test'
  ...
# Subtest: data loading and browser export do not invoke save, simulation, reward or art authority
ok 1085 - data loading and browser export do not invoke save, simulation, reward or art authority
  ---
  duration_ms: 8.7
  type: 'test'
  ...
# Subtest: two real sight stations expose earned comparator preview without mutating the world
ok 1086 - two real sight stations expose earned comparator preview without mutating the world
  ---
  duration_ms: 151.4229
  type: 'test'
  ...
# Subtest: misaligned, absent, remote, nonfinite and out-of-scale calibration cannot record or spend
ok 1087 - misaligned, absent, remote, nonfinite and out-of-scale calibration cannot record or spend
  ---
  duration_ms: 93.2633
  type: 'test'
  ...
# Subtest: unrecorded dial resets on cold reload; recorded values, prerequisites and once-only claim survive
ok 1088 - unrecorded dial resets on cold reload; recorded values, prerequisites and once-only claim survive
  ---
  duration_ms: 560.4654
  type: 'test'
  ...
# Subtest: save refusal leaves an aligned physical comparator retryable and its earned state unchanged
ok 1089 - save refusal leaves an aligned physical comparator retryable and its earned state unchanged
  ---
  duration_ms: 88.3006
  type: 'test'
  ...
# Subtest: import refuses fabricated instrument histories while preserving source objects
ok 1090 - import refuses fabricated instrument histories while preserving source objects
  ---
  duration_ms: 55.4769
  type: 'test'
  ...
# Subtest: north trails: exact frozen catalogue contract and distinct persistent namespaces
ok 1091 - north trails: exact frozen catalogue contract and distinct persistent namespaces
  ---
  duration_ms: 7.9121
  type: 'test'
  ...
# Subtest: Heaven: three independent relay actions, optional real opening and post-defeat physical repair
ok 1092 - Heaven: three independent relay actions, optional real opening and post-defeat physical repair
  ---
  duration_ms: 0.377
  type: 'test'
  ...
# Subtest: Hell: all route safety is required; actual ally arrival follows separate defeat and explicit invitation
ok 1093 - Hell: all route safety is required; actual ally arrival follows separate defeat and explicit invitation
  ---
  duration_ms: 0.4189
  type: 'test'
  ...
# Subtest: graph guard detects cycles, unknown prerequisites, optional completion gates and encounter mismatch
ok 1094 - graph guard detects cycles, unknown prerequisites, optional completion gates and encounter mismatch
  ---
  duration_ms: 2.3358
  type: 'test'
  ...
# Subtest: heaven: production ground, exact collision and navigation provide every action a giver/home return
ok 1095 - heaven: production ground, exact collision and navigation provide every action a giver/home return
  ---
  duration_ms: 1203.5832
  type: 'test'
  ...
# Subtest: heaven: production accepted movement physically walks ordered work and freely returns home
ok 1096 - heaven: production accepted movement physically walks ordered work and freely returns home
  ---
  duration_ms: 277.5987
  type: 'test'
  ...
# Subtest: hell: production ground, exact collision and navigation provide every action a giver/home return
ok 1097 - hell: production ground, exact collision and navigation provide every action a giver/home return
  ---
  duration_ms: 2191.9128
  type: 'test'
  ...
# Subtest: hell: production accepted movement physically walks ordered work and freely returns home
ok 1098 - hell: production accepted movement physically walks ordered work and freely returns home
  ---
  duration_ms: 470.6189
  type: 'test'
  ...
# Subtest: Hell: supported escorted macro route uses a real culvert detour and remains within Refuge at its endpoint
ok 1099 - Hell: supported escorted macro route uses a real culvert detour and remains within Refuge at its endpoint
  ---
  duration_ms: 213.6905
  type: 'test'
  ...
# Subtest: catalogue is deterministic inert data in browser and CommonJS hosts, with no save/scene/reward effects
ok 1100 - catalogue is deterministic inert data in browser and CommonJS hosts, with no save/scene/reward effects
  ---
  duration_ms: 4.8218
  type: 'test'
  ...
# Subtest: acceptance needs the correct realm, initial kit and physical giver; inspecting/failed actions remain inert
ok 1101 - acceptance needs the correct realm, initial kit and physical giver; inspecting/failed actions remain inert
  ---
  duration_ms: 136.0448
  type: 'test'
  ...
# Subtest: interactions require actual proximity and all DAG preparations; combat/escort steps cannot be clicked complete
ok 1102 - interactions require actual proximity and all DAG preparations; combat/escort steps cannot be clicked complete
  ---
  duration_ms: 11.6074
  type: 'test'
  ...
# Subtest: strict escort history rejects impossible arrival/checkpoint records while legacy saves migrate without trail credit
ok 1103 - strict escort history rejects impossible arrival/checkpoint records while legacy saves migrate without trail credit
  ---
  duration_ms: 2.7514
  type: 'test'
  ...
# Subtest: story death accepts only the current actual zero-HP actor; replay has no legacy loot or payout
ok 1104 - story death accepts only the current actual zero-HP actor; replay has no legacy loot or payout
  ---
  duration_ms: 35.6342
  type: 'test'
  ...
# Subtest: Heaven closed bearing records no hit; actual pulse recovery is 1.8 and preparation changes a later real opening to 2.6
ok 1105 - Heaven closed bearing records no hit; actual pulse recovery is 1.8 and preparation changes a later real opening to 2.6
  ---
  duration_ms: 13.3346
  type: 'test'
  ...
# Subtest: same-room story roster update preserves current enemy HP/intent, real arrow, companion, effects and invincibility
ok 1106 - same-room story roster update preserves current enemy HP/intent, real arrow, companion, effects and invincibility
  ---
  duration_ms: 177.4585
  type: 'test'
  ...
# Subtest: missing or refused durable combat saver cannot manufacture a defeat; successful retry records it once
ok 1107 - missing or refused durable combat saver cannot manufacture a defeat; successful retry records it once
  ---
  duration_ms: 36.2188
  type: 'test'
  ...
# Subtest: real Neris waits for distance and explicit wait/follow; player-only arrival cannot finish rescue
ok 1108 - real Neris waits for distance and explicit wait/follow; player-only arrival cannot finish rescue
  ---
  duration_ms: 172.6243
  type: 'test'
  ...
# Subtest: actual ordinary sentinel death stops escort; cold reload/revive resumes durable safe checkpoint and owns a fresh actor
ok 1109 - actual ordinary sentinel death stops escort; cold reload/revive resumes durable safe checkpoint and owns a fresh actor
  ---
  duration_ms: 132.7997
  type: 'test'
  ...
# Subtest: refused checkpoint save stays retryable; actual arrival can only be adopted after saver accepts
ok 1110 - refused checkpoint save stays retryable; actual arrival can only be adopted after saver accepts
  ---
  duration_ms: 30.5661
  type: 'test'
  ...
# Subtest: explicit assisted extraction is distinct, actual Refuge placement and save-atomic; completion survives unpaid reload
ok 1111 - explicit assisted extraction is distinct, actual Refuge placement and save-atomic; completion survives unpaid reload
  ---
  duration_ms: 63.9871
  type: 'test'
  ...
# Subtest: ready claim is physical, atomic, once-only and retained on capacity/save refusal and cold replay
ok 1112 - ready claim is physical, atomic, once-only and retained on capacity/save refusal and cold replay
  ---
  duration_ms: 59.7537
  type: 'test'
  ...
# Subtest: finite fitting preserves selected identity, actual prior socket, validated prior pursuit bonus and global once limit
ok 1113 - finite fitting preserves selected identity, actual prior socket, validated prior pursuit bonus and global once limit
  ---
  duration_ms: 37.1068
  type: 'test'
  ...
# Subtest: both terms are deeply frozen and browser/CommonJS exports agree without mutable service access
ok 1114 - both terms are deeply frozen and browser/CommonJS exports agree without mutable service access
  ---
  duration_ms: 4.1492
  type: 'test'
  ...
# Subtest: stable terms, finite step topology and choice references match the approved data contract
ok 1115 - stable terms, finite step topology and choice references match the approved data contract
  ---
  duration_ms: 0.6508
  type: 'test'
  ...
# Subtest: givers retain current canonical point ownership and every dry step has supported collision-free ground
ok 1116 - givers retain current canonical point ownership and every dry step has supported collision-free ground
  ---
  duration_ms: 5.7132
  type: 'test'
  ...
# Subtest: the complete dry circuit follows real supported segments and stays outside the optional foe detection radius
ok 1117 - the complete dry circuit follows real supported segments and stays outside the optional foe detection radius
  ---
  duration_ms: 85.592
  type: 'test'
  ...
# Subtest: underwater and air-court anchors agree with actual full-body clearance and character medium
ok 1118 - underwater and air-court anchors agree with actual full-body clearance and character medium
  ---
  duration_ms: 29.9385
  type: 'test'
  ...
# Subtest: production depth movement reaches every new anchor through the real doorway and east lane, then exits
ok 1119 - production depth movement reaches every new anchor through the real doorway and east lane, then exits
  ---
  duration_ms: 3.8838
  type: 'test'
  ...
# Subtest: the material claim supports an existing recipe without a new item, resource node or weapon stat
ok 1120 - the material claim supports an existing recipe without a new item, resource node or weapon stat
  ---
  duration_ms: 0.4499
  type: 'test'
  ...
# Subtest: labels distinguish job supplies, physical depth, protected history and finite claimed materials
ok 1121 - labels distinguish job supplies, physical depth, protected history and finite claimed materials
  ---
  duration_ms: 0.2231
  type: 'test'
  ...
# Subtest: horizontal reflection keeps every point on its plane fixed
ok 1122 - horizontal reflection keeps every point on its plane fixed
  ---
  duration_ms: 1.143
  type: 'test'
  ...
# Subtest: reflection applied twice restores a point
ok 1123 - reflection applied twice restores a point
  ---
  duration_ms: 0.2562
  type: 'test'
  ...
# Subtest: actual render matrix keeps contact UV invariant at many view angles
ok 1124 - actual render matrix keeps contact UV invariant at many view angles
  ---
  duration_ms: 8.6919
  type: 'test'
  ...
# Subtest: reflected height changes vertical position but not lateral direction
ok 1125 - reflected height changes vertical position but not lateral direction
  ---
  duration_ms: 1.2077
  type: 'test'
  ...
# Subtest: regression specimen detects the previous reflected-lookAt defect
ok 1126 - regression specimen detects the previous reflected-lookAt defect
  ---
  duration_ms: 0.288
  type: 'test'
  ...
# Subtest: non-finite reflection height is rejected
ok 1127 - non-finite reflection height is rejected
  ---
  duration_ms: 0.3148
  type: 'test'
  ...
# Subtest: road defaults are distinct records and start without progress
ok 1128 - road defaults are distinct records and start without progress
  ---
  duration_ms: 1.5791
  type: 'test'
  ...
# Subtest: all route destinations are on terrain; river and trunks are obstacles
ok 1129 - all route destinations are on terrain; river and trunks are obstacles
  ---
  duration_ms: 1.9834
  type: 'test'
  ...
# Subtest: visibility rejects invalid endpoints, extreme inputs, and water crossing
ok 1130 - visibility rejects invalid endpoints, extreme inputs, and water crossing
  ---
  duration_ms: 0.662
  type: 'test'
  ...
# Subtest: consistent completed road validates and all objectives complete
ok 1131 - consistent completed road validates and all objectives complete
  ---
  duration_ms: 1.1218
  type: 'test'
  ...
# Subtest: unearned and duplicate facts are rejected rather than reset
ok 1132 - unearned and duplicate facts are rejected rather than reset
  ---
  duration_ms: 0.6659
  type: 'test'
  ...
# Subtest: road validation requires story, companion, and encounter prerequisites
ok 1133 - road validation requires story, companion, and encounter prerequisites
  ---
  duration_ms: 0.2528
  type: 'test'
  ...
# Subtest: world05 migrates without changing any prior creative/sandbox fields
ok 1134 - world05 migrates without changing any prior creative/sandbox fields
  ---
  duration_ms: 17.6483
  type: 'test'
  ...
# Subtest: all supported previous schemas migrate without road wins
ok 1135 - all supported previous schemas migrate without road wins
  ---
  duration_ms: 6.4992
  type: 'test'
  ...
# Subtest: adapter migration writes new key and leaves previous key unchanged
ok 1136 - adapter migration writes new key and leaves previous key unchanged
  ---
  duration_ms: 2.0874
  type: 'test'
  ...
# Subtest: gate refuses unfinished chapter without mutation
ok 1137 - gate refuses unfinished chapter without mutation
  ---
  duration_ms: 8.3746
  type: 'test'
  ...
# Subtest: gate refuses remote and wrong-scene entry
ok 1138 - gate refuses remote and wrong-scene entry
  ---
  duration_ms: 9.4761
  type: 'test'
  ...
# Subtest: earned gift allows entry and preserves exterior restart
ok 1139 - earned gift allows entry and preserves exterior restart
  ---
  duration_ms: 2.8108
  type: 'test'
  ...
# Subtest: normal road return is restricted to southern gate
ok 1140 - normal road return is restricted to southern gate
  ---
  duration_ms: 2.7741
  type: 'test'
  ...
# Subtest: road save reopens safely outside with progress retained
ok 1141 - road save reopens safely outside with progress retained
  ---
  duration_ms: 4.0954
  type: 'test'
  ...
# Subtest: all map landmarks and encounter origins walkable
ok 1142 - all map landmarks and encounter origins walkable
  ---
  duration_ms: 0.5776
  type: 'test'
  ...
# Subtest: river blocks nonbridge crossings and rejects nonfinite coordinates
ok 1143 - river blocks nonbridge crossings and rejects nonfinite coordinates
  ---
  duration_ms: 0.3297
  type: 'test'
  ...
# Subtest: boulders cart tower and trunks all participate in collision
ok 1144 - boulders cart tower and trunks all participate in collision
  ---
  duration_ms: 0.2491
  type: 'test'
  ...
# Subtest: path crosses bridge instead of cutting across water
ok 1145 - path crosses bridge instead of cutting across water
  ---
  duration_ms: 32.6101
  type: 'test'
  ...
# Subtest: dodge does not tunnel through the river
ok 1146 - dodge does not tunnel through the river
  ---
  duration_ms: 2.2294
  type: 'test'
  ...
# Subtest: new encounters do not enable village combat
ok 1147 - new encounters do not enable village combat
  ---
  duration_ms: 3.7777
  type: 'test'
  ...
# Subtest: melee cannot hit through solid road geometry
ok 1148 - melee cannot hit through solid road geometry
  ---
  duration_ms: 2.739
  type: 'test'
  ...
# Subtest: Seek needs bonded Follow fox and a nearby discoverable scent
ok 1149 - Seek needs bonded Follow fox and a nearby discoverable scent
  ---
  duration_ms: 6.3089
  type: 'test'
  ...
# Subtest: discovery only occurs after physical path travel
ok 1150 - discovery only occurs after physical path travel
  ---
  duration_ms: 40.7816
  type: 'test'
  ...
# Subtest: Stay cancels pending scent without issuing discovery
ok 1151 - Stay cancels pending scent without issuing discovery
  ---
  duration_ms: 14.4326
  type: 'test'
  ...
# Subtest: leaving cancels scent instead of revealing cache remotely
ok 1152 - leaving cancels scent instead of revealing cache remotely
  ---
  duration_ms: 3.7466
  type: 'test'
  ...
# Subtest: unrevealed distant or already claimed cache refuses without mutation
ok 1153 - unrevealed distant or already claimed cache refuses without mutation
  ---
  duration_ms: 5.9199
  type: 'test'
  ...
# Subtest: cache overflow keeps balances and unclaimed discovery
ok 1154 - cache overflow keeps balances and unclaimed discovery
  ---
  duration_ms: 2.4611
  type: 'test'
  ...
# Subtest: cache retry does not duplicate rewards
ok 1155 - cache retry does not duplicate rewards
  ---
  duration_ms: 4.5093
  type: 'test'
  ...
# Subtest: repair needs latch prowler ore and proximity
ok 1156 - repair needs latch prowler ore and proximity
  ---
  duration_ms: 16.3627
  type: 'test'
  ...
# Subtest: repair charges exactly once under any command id
ok 1157 - repair charges exactly once under any command id
  ---
  duration_ms: 2.4647
  type: 'test'
  ...
# Subtest: shop refuses unopened remote and wrong-scene trades
ok 1158 - shop refuses unopened remote and wrong-scene trades
  ---
  duration_ms: 13.0684
  type: 'test'
  ...
# Subtest: tonic purchase obeys cost capacity and idempotency
ok 1159 - tonic purchase obeys cost capacity and idempotency
  ---
  duration_ms: 3.754
  type: 'test'
  ...
# Subtest: changed trade offer under same id is refused
ok 1160 - changed trade offer under same id is refused
  ---
  duration_ms: 5.3377
  type: 'test'
  ...
# Subtest: unique mantle costs 18 and can be equipped not repurchased
ok 1161 - unique mantle costs 18 and can be equipped not repurchased
  ---
  duration_ms: 3.8983
  type: 'test'
  ...
# Subtest: insufficient currency preserves equipment and balance
ok 1162 - insufficient currency preserves equipment and balance
  ---
  duration_ms: 4.3985
  type: 'test'
  ...
# Subtest: copper sale exact and bounded
ok 1163 - copper sale exact and bounded
  ---
  duration_ms: 2.507
  type: 'test'
  ...
# Subtest: sunberry sale consumes actual sandbox garden produce
ok 1164 - sunberry sale consumes actual sandbox garden produce
  ---
  duration_ms: 2.2832
  type: 'test'
  ...
# Subtest: unknown trade never falls through to an offer
ok 1165 - unknown trade never falls through to an offer
  ---
  duration_ms: 10.9403
  type: 'test'
  ...
# Subtest: pause freezes scent movement and time and refuses actions
ok 1166 - pause freezes scent movement and time and refuses actions
  ---
  duration_ms: 5.9317
  type: 'test'
  ...
# Subtest: charge direction locks during windup rather than tracking evasion
ok 1167 - charge direction locks during windup rather than tracking evasion
  ---
  duration_ms: 22.1619
  type: 'test'
  ...
# Subtest: charge sweep respects banks and hits at most once per charge
ok 1168 - charge sweep respects banks and hits at most once per charge
  ---
  duration_ms: 38.4276
  type: 'test'
  ...
# Subtest: leaving charge lane avoids damage
ok 1169 - leaving charge lane avoids damage
  ---
  duration_ms: 4.3004
  type: 'test'
  ...
# Subtest: path follower routes around rock and never enters it
ok 1170 - path follower routes around rock and never enters it
  ---
  duration_ms: 4.4794
  type: 'test'
  ...
# Subtest: fox on invalid ground explicitly recalled rather than stranded
ok 1171 - fox on invalid ground explicitly recalled rather than stranded
  ---
  duration_ms: 3.5425
  type: 'test'
  ...
# Subtest: beacon requires three encounters and only rewards once
ok 1172 - beacon requires three encounters and only rewards once
  ---
  duration_ms: 5.1427
  type: 'test'
  ...
# Subtest: return reward requires cart beacon and actual spring
ok 1173 - return reward requires cart beacon and actual spring
  ---
  duration_ms: 5.6026
  type: 'test'
  ...
# Subtest: new equipment and chapter facts survive round trip
ok 1174 - new equipment and chapter facts survive round trip
  ---
  duration_ms: 2.932
  type: 'test'
  ...
# Subtest: inconsistent completion duplicate IDs and hidden cache claims reject
ok 1175 - inconsistent completion duplicate IDs and hidden cache claims reject
  ---
  duration_ms: 6.4797
  type: 'test'
  ...
# Subtest: invalid nested road data refuses rather than silently resetting
ok 1176 - invalid nested road data refuses rather than silently resetting
  ---
  duration_ms: 0.5063
  type: 'test'
  ...
# Subtest: road defeat permits explicit recovery without erasing quest or inventory
ok 1177 - road defeat permits explicit recovery without erasing quest or inventory
  ---
  duration_ms: 1.392
  type: 'test'
  ...
# Subtest: sandbox starts empty except four seeds and round trips
ok 1178 - sandbox starts empty except four seeds and round trips
  ---
  duration_ms: 9.5363
  type: 'test'
  ...
# Subtest: all village resource nodes have a walkable approach
ok 1179 - all village resource nodes have a walkable approach
  ---
  duration_ms: 0.532
  type: 'test'
  ...
# Subtest: rejected gather leaves inventory and resource unchanged
ok 1180 - rejected gather leaves inventory and resource unchanged
  ---
  duration_ms: 1.9386
  type: 'test'
  ...
# Subtest: wood takes four hand swings and yields five timber once
ok 1181 - wood takes four hand swings and yields five timber once
  ---
  duration_ms: 15.5678
  type: 'test'
  ...
# Subtest: cooldown rejects fast repeated swings without damage
ok 1182 - cooldown rejects fast repeated swings without damage
  ---
  duration_ms: 1.13
  type: 'test'
  ...
# Subtest: axe reduces timber harvest to two swings
ok 1183 - axe reduces timber harvest to two swings
  ---
  duration_ms: 3.2324
  type: 'test'
  ...
# Subtest: fibre supplies actual resource and one seed
ok 1184 - fibre supplies actual resource and one seed
  ---
  duration_ms: 1.6633
  type: 'test'
  ...
# Subtest: resource reappears after active time, not clock slider
ok 1185 - resource reappears after active time, not clock slider
  ---
  duration_ms: 71.9353
  type: 'test'
  ...
# Subtest: pause stops regrowth
ok 1186 - pause stops regrowth
  ---
  duration_ms: 1.0047
  type: 'test'
  ...
# Subtest: craft atomically consumes exact recipe and produces count
ok 1187 - craft atomically consumes exact recipe and produces count
  ---
  duration_ms: 1.4787
  type: 'test'
  ...
# Subtest: insufficient recipe never partially consumes
ok 1188 - insufficient recipe never partially consumes
  ---
  duration_ms: 0.8929
  type: 'test'
  ...
# Subtest: advanced tool requires proximity to workbench
ok 1189 - advanced tool requires proximity to workbench
  ---
  duration_ms: 0.6323
  type: 'test'
  ...
# Subtest: inventory capacity refuses complete recipe before debit
ok 1190 - inventory capacity refuses complete recipe before debit
  ---
  duration_ms: 0.512
  type: 'test'
  ...
# Subtest: old accepted command cannot be replayed after save reload
ok 1191 - old accepted command cannot be replayed after save reload
  ---
  duration_ms: 1.3398
  type: 'test'
  ...
# Subtest: old refusal is stable inside bounded deduplication window
ok 1192 - old refusal is stable inside bounded deduplication window
  ---
  duration_ms: 0.5799
  type: 'test'
  ...
# Subtest: deduplication ledger is bounded and validated
ok 1193 - deduplication ledger is bounded and validated
  ---
  duration_ms: 2.2594
  type: 'test'
  ...
# Subtest: unknown and prototype inventory properties are refused
ok 1194 - unknown and prototype inventory properties are refused
  ---
  duration_ms: 0.323
  type: 'test'
  ...
# Subtest: forged negative or non-finite counts are refused
ok 1195 - forged negative or non-finite counts are refused
  ---
  duration_ms: 0.1941
  type: 'test'
  ...
# Subtest: forged bridge and resource rosters are refused
ok 1196 - forged bridge and resource rosters are refused
  ---
  duration_ms: 0.1457
  type: 'test'
  ...
# Subtest: bridge is gated until paid repair
ok 1197 - bridge is gated until paid repair
  ---
  duration_ms: 0.5283
  type: 'test'
  ...
# Subtest: unlocked bridge has a route to the homestead and back
ok 1198 - unlocked bridge has a route to the homestead and back
  ---
  duration_ms: 33.4327
  type: 'test'
  ...
# Subtest: all frontier resources have an accessible approach after repair
ok 1199 - all frontier resources have an accessible approach after repair
  ---
  duration_ms: 1.0265
  type: 'test'
  ...
# Subtest: crystal requires the crafted pick
ok 1200 - crystal requires the crafted pick
  ---
  duration_ms: 0.5216
  type: 'test'
  ...
# Subtest: building only in marked bounds and within reach
ok 1201 - building only in marked bounds and within reach
  ---
  duration_ms: 0.6397
  type: 'test'
  ...
# Subtest: a block on the player is refused without consuming inventory
ok 1202 - a block on the player is refused without consuming inventory
  ---
  duration_ms: 0.6486
  type: 'test'
  ...
# Subtest: gold lane admits deck but rejects blocking wall
ok 1203 - gold lane admits deck but rejects blocking wall
  ---
  duration_ms: 1.4141
  type: 'test'
  ...
# Subtest: actual building changes pathfinding and reclaim restores it
ok 1204 - actual building changes pathfinding and reclaim restores it
  ---
  duration_ms: 2.6048
  type: 'test'
  ...
# Subtest: deck and block layers may coexist; stone stacks to three only
ok 1205 - deck and block layers may coexist; stone stacks to three only
  ---
  duration_ms: 5.3548
  type: 'test'
  ...
# Subtest: reclaim returns exactly the topmost crafted item
ok 1206 - reclaim returns exactly the topmost crafted item
  ---
  duration_ms: 1.9116
  type: 'test'
  ...
# Subtest: different furniture cannot overlap the same occupied layer
ok 1207 - different furniture cannot overlap the same occupied layer
  ---
  duration_ms: 0.9355
  type: 'test'
  ...
# Subtest: unsupported stacks and duplicate layers fail import
ok 1208 - unsupported stacks and duplicate layers fail import
  ---
  duration_ms: 3.2682
  type: 'test'
  ...
# Subtest: construction cannot trap a player in a closed enclosure
ok 1209 - construction cannot trap a player in a closed enclosure
  ---
  duration_ms: 1.761
  type: 'test'
  ...
# Subtest: harvest follows plant, water, growth, then yields food and seeds
ok 1210 - harvest follows plant, water, growth, then yields food and seeds
  ---
  duration_ms: 18.4397
  type: 'test'
  ...
# Subtest: growing bed cannot be recycled to silently lose crop state
ok 1211 - growing bed cannot be recycled to silently lose crop state
  ---
  duration_ms: 1.1796
  type: 'test'
  ...
# Subtest: placed workbench unlocks workbench recipes locally
ok 1212 - placed workbench unlocks workbench recipes locally
  ---
  duration_ms: 2.0594
  type: 'test'
  ...
# Subtest: save on unlocked shore preserves player, crops and builds
ok 1213 - save on unlocked shore preserves player, crops and builds
  ---
  duration_ms: 2.3904
  type: 'test'
  ...
# Subtest: version-three save migration preserves creative data, starts clean inventory
ok 1214 - version-three save migration preserves creative data, starts clean inventory
  ---
  duration_ms: 1.1396
  type: 'test'
  ...
# Subtest: migration never overwrites earlier storage key
ok 1215 - migration never overwrites earlier storage key
  ---
  duration_ms: 1.9438
  type: 'test'
  ...
# Subtest: invalid bridge-state save cannot place player beyond locked crossing
ok 1216 - invalid bridge-state save cannot place player beyond locked crossing
  ---
  duration_ms: 1.3698
  type: 'test'
  ...
# Subtest: sandbox rejects gameplay in interiors
ok 1217 - sandbox rejects gameplay in interiors
  ---
  duration_ms: 0.4776
  type: 'test'
  ...
# Subtest: an oversized delta cannot fast-forward the sandbox
ok 1218 - an oversized delta cannot fast-forward the sandbox
  ---
  duration_ms: 0.6059
  type: 'test'
  ...
# Subtest: a full end-to-end milestone fixture is consistent and restorable
ok 1219 - a full end-to-end milestone fixture is consistent and restorable
  ---
  duration_ms: 15.6938
  type: 'test'
  ...
# Subtest: isolated browser and CommonJS export only the pure four-function API
ok 1220 - isolated browser and CommonJS export only the pure four-function API
  ---
  duration_ms: 6.165
  type: 'test'
  ...
# Subtest: actual displacement drives stride independently of subdivision, speed and chase intent
ok 1221 - actual displacement drives stride independently of subdivision, speed and chase intent
  ---
  duration_ms: 14.4628
  type: 'test'
  ...
# Subtest: stopping holds phase, settles legs, and repeated samples do not fabricate motion
ok 1222 - stopping holds phase, settles legs, and repeated samples do not fabricate motion
  ---
  duration_ms: 0.3888
  type: 'test'
  ...
# Subtest: long pauses freeze the full drawable pose and consume skipped placement
ok 1223 - long pauses freeze the full drawable pose and consume skipped placement
  ---
  duration_ms: 7.7221
  type: 'test'
  ...
# Subtest: scene/teleport/clock resets are isolated from source samples
ok 1224 - scene/teleport/clock resets are isolated from source samples
  ---
  duration_ms: 0.3577
  type: 'test'
  ...
# Subtest: only actual windup with finite authoritative duration produces the crouched tell
ok 1225 - only actual windup with finite authoritative duration produces the crouched tell
  ---
  duration_ms: 0.7757
  type: 'test'
  ...
# Subtest: recovery uses actual remaining duration to settle the head without implying success
ok 1226 - recovery uses actual remaining duration to settle the head without implying success
  ---
  duration_ms: 0.4061
  type: 'test'
  ...
# Subtest: reduced motion keeps six-leg gait and authoritative tell but suppresses bob
ok 1227 - reduced motion keeps six-leg gait and authoritative tell but suppresses bob
  ---
  duration_ms: 0.4355
  type: 'test'
  ...
# Subtest: six jointed legs use tripod phases, fixed bone lengths and visible swing clearance
ok 1228 - six jointed legs use tripod phases, fixed bone lengths and visible swing clearance
  ---
  duration_ms: 11.5519
  type: 'test'
  ...
# Subtest: actual emitted meshes remain above supplied ground, finite, positive and bounded
ok 1229 - actual emitted meshes remain above supplied ground, finite, positive and bounded
  ---
  duration_ms: 1360.2137
  type: 'test'
  ...
# Subtest: all actual leg skins meet shared anchors at ordinary/named scales and floor/yaw changes
ok 1230 - all actual leg skins meet shared anchors at ordinary/named scales and floor/yaw changes
  ---
  duration_ms: 12.9555
  type: 'test'
  ...
# Subtest: hips, plates and named spine roots attach inside the actual convex carapace
ok 1231 - hips, plates and named spine roots attach inside the actual convex carapace
  ---
  duration_ms: 2.0258
  type: 'test'
  ...
# Subtest: named scale occurs exactly once and unchanged original body envelope is preserved
ok 1232 - named scale occurs exactly once and unchanged original body envelope is preserved
  ---
  duration_ms: 0.4437
  type: 'test'
  ...
# Subtest: confirmed flash color and recoil come only from caller feedback, leaving joints and rules untouched
ok 1233 - confirmed flash color and recoil come only from caller feedback, leaving joints and rules untouched
  ---
  duration_ms: 0.5287
  type: 'test'
  ...
# Subtest: fresh motion/pose/parts and draw preserve all input and existing output records
ok 1234 - fresh motion/pose/parts and draw preserve all input and existing output records
  ---
  duration_ms: 1.2901
  type: 'test'
  ...
# Subtest: malformed placement, recoil or mismatched named pose refuses before output mutation
ok 1235 - malformed placement, recoil or mismatched named pose refuses before output mutation
  ---
  duration_ms: 0.6897
  type: 'test'
  ...
# Subtest: the original immutable room profiles are separate from state and services
ok 1236 - the original immutable room profiles are separate from state and services
  ---
  duration_ms: 2.6187
  type: 'test'
  ...
# Subtest: five roads and actual Atlantis body medium have honest distinct atmosphere
ok 1237 - five roads and actual Atlantis body medium have honest distinct atmosphere
  ---
  duration_ms: 0.349
  type: 'test'
  ...
# Subtest: quiet state is driven by pause hidden page or actual death while retaining profile identity
ok 1238 - quiet state is driven by pause hidden page or actual death while retaining profile identity
  ---
  duration_ms: 0.1967
  type: 'test'
  ...
# Subtest: only living visible daytime outdoor Earth can chirp; no birds underground or in cosmic realms
ok 1239 - only living visible daytime outdoor Earth can chirp; no birds underground or in cosmic realms
  ---
  duration_ms: 0.2732
  type: 'test'
  ...
# Subtest: bounded graph creates exactly one noise loop and three voices connected only to its own bus
ok 1240 - bounded graph creates exactly one noise loop and three voices connected only to its own bus
  ---
  duration_ms: 3.6068
  type: 'test'
  ...
# Subtest: room transitions schedule a new local mix once, with no per-frame allocation or master mutation
ok 1241 - room transitions schedule a new local mix once, with no per-frame allocation or master mutation
  ---
  duration_ms: 1.7057
  type: 'test'
  ...
# Subtest: pause and hidden changes fade the bus without stopping or replacing composed music master
ok 1242 - pause and hidden changes fade the bus without stopping or replacing composed music master
  ---
  duration_ms: 0.584
  type: 'test'
  ...
# Subtest: bird cadence requires continuous elapsed frames and never backfills through reload or hidden gaps
ok 1243 - bird cadence requires continuous elapsed frames and never backfills through reload or hidden gaps
  ---
  duration_ms: 0.5454
  type: 'test'
  ...
# Subtest: disposal retires every owned loop and connection once and fences later updates
ok 1244 - disposal retires every owned loop and connection once and fences later updates
  ---
  duration_ms: 0.6609
  type: 'test'
  ...
# Subtest: profile projection does not change caller state or allocate audio authority
ok 1245 - profile projection does not change caller state or allocate audio authority
  ---
  duration_ms: 0.6378
  type: 'test'
  ...
# Subtest: reward blade and bow use actual equipment material in world geometry
ok 1246 - reward blade and bow use actual equipment material in world geometry
  ---
  duration_ms: 35.277
  type: 'test'
  ...
# Subtest: named warning geometry includes the exact rule-defined strike radius
ok 1247 - named warning geometry includes the exact rule-defined strike radius
  ---
  duration_ms: 9.7848
  type: 'test'
  ...
# Subtest: riverbank rendering enables existing outdoor water and matches collision obstacles
ok 1248 - riverbank rendering enables existing outdoor water and matches collision obstacles
  ---
  duration_ms: 5.1041
  type: 'test'
  ...
# Subtest: new quest state is explicit, versioned and round trips
ok 1249 - new quest state is explicit, versioned and round trips
  ---
  duration_ms: 4.5378
  type: 'test'
  ...
# Subtest: version-five adventure migrates without altering existing campaign or creative data
ok 1250 - version-five adventure migrates without altering existing campaign or creative data
  ---
  duration_ms: 12.1657
  type: 'test'
  ...
# Subtest: all banked XP boundaries retain XP and the existing five-level curve
ok 1251 - all banked XP boundaries retain XP and the existing five-level curve
  ---
  duration_ms: 1.2806
  type: 'test'
  ...
# Subtest: acceptance requires kit and actual Oren proximity without campaign consent
ok 1252 - acceptance requires kit and actual Oren proximity without campaign consent
  ---
  duration_ms: 11.433
  type: 'test'
  ...
# Subtest: acceptance is one explicit event and survives cold reload
ok 1253 - acceptance is one explicit event and survives cold reload
  ---
  duration_ms: 2.4617
  type: 'test'
  ...
# Subtest: pre-acceptance pocket has no quest kills or pickups to backfill
ok 1254 - pre-acceptance pocket has no quest kills or pickups to backfill
  ---
  duration_ms: 2.0109
  type: 'test'
  ...
# Subtest: room dispatch and each objective use real collision-valid routes
ok 1255 - room dispatch and each objective use real collision-valid routes
  ---
  duration_ms: 43.2875
  type: 'test'
  ...
# Subtest: each bundle is unique, proximity checked and never spends ordinary materials
ok 1256 - each bundle is unique, proximity checked and never spends ordinary materials
  ---
  duration_ms: 8.0249
  type: 'test'
  ...
# Subtest: named defeat can precede bundles and stays resolved after returning/re-entry
ok 1257 - named defeat can precede bundles and stays resolved after returning/re-entry
  ---
  duration_ms: 2.9568
  type: 'test'
  ...
# Subtest: incomplete, distant and unknown-reward turn-ins refuse atomically
ok 1258 - incomplete, distant and unknown-reward turn-ins refuse atomically
  ---
  duration_ms: 3.3002
  type: 'test'
  ...
# Subtest: full currency capacity preserves every objective and reward for retry
ok 1259 - full currency capacity preserves every objective and reward for retry
  ---
  duration_ms: 1.454
  type: 'test'
  ...
# Subtest: oren_sunblade is awarded once, deliberately equipped, and saved with correct mechanics
ok 1260 - oren_sunblade is awarded once, deliberately equipped, and saved with correct mechanics
  ---
  duration_ms: 2.1296
  type: 'test'
  ...
# Subtest: oren_reedbow is awarded once, deliberately equipped, and saved with correct mechanics
ok 1261 - oren_reedbow is awarded once, deliberately equipped, and saved with correct mechanics
  ---
  duration_ms: 2.5411
  type: 'test'
  ...
# Subtest: single veteran temper preserves weapon identity, socket, cadence and health
ok 1262 - single veteran temper preserves weapon identity, socket, cadence and health
  ---
  duration_ms: 1.6428
  type: 'test'
  ...
# Subtest: temper refuses unknown, unowned and armor targets without a partial payout
ok 1263 - temper refuses unknown, unowned and armor targets without a partial payout
  ---
  duration_ms: 4.2435
  type: 'test'
  ...
# Subtest: new bow really launches primary and piercing projectiles with costs and hit events
ok 1264 - new bow really launches primary and piercing projectiles with costs and hit events
  ---
  duration_ms: 10.0258
  type: 'test'
  ...
# Subtest: practice target supports blade and yields no XP, loot, coins or quest progress
ok 1265 - practice target supports blade and yields no XP, loot, coins or quest progress
  ---
  duration_ms: 1.1798
  type: 'test'
  ...
# Subtest: new equipment keeps independent removable socket and validates after reload
ok 1266 - new equipment keeps independent removable socket and validates after reload
  ---
  duration_ms: 3.0293
  type: 'test'
  ...
# Subtest: named tell locks aim and allows both a guarded hit and a movement response
ok 1267 - named tell locks aim and allows both a guarded hit and a movement response
  ---
  duration_ms: 15.4039
  type: 'test'
  ...
# Subtest: save validation rejects impossible quest state and reward combinations
ok 1268 - save validation rejects impossible quest state and reward combinations
  ---
  duration_ms: 3.3959
  type: 'test'
  ...
# Subtest: kit blade sees the actual ordinary tell and Brace halves its resolved hit
ok 1269 - kit blade sees the actual ordinary tell and Brace halves its resolved hit
  ---
  duration_ms: 81.7859
  type: 'test'
  ...
# Subtest: fresh bow sees the actual ordinary tell and Brace halves its resolved hit
ok 1270 - fresh bow sees the actual ordinary tell and Brace halves its resolved hit
  ---
  duration_ms: 109.556
  type: 'test'
  ...
# Subtest: movement away from the locked ordinary aim avoids its actual impact with the kit
ok 1271 - movement away from the locked ordinary aim avoids its actual impact with the kit
  ---
  duration_ms: 18.2487
  type: 'test'
  ...
# Subtest: fixed ordinary health stays easy for stronger gear without scaling or changing banked XP
ok 1272 - fixed ordinary health stays easy for stronger gear without scaling or changing banked XP
  ---
  duration_ms: 33.4318
  type: 'test'
  ...
# Subtest: ordinary fights stay optional and named threat, rewards, cooldown and weapon distinctions retain their rules
ok 1273 - ordinary fights stay optional and named threat, rewards, cooldown and weapon distinctions retain their rules
  ---
  duration_ms: 8.3743
  type: 'test'
  ...
# Subtest: both decoded maps are required; scene clear neither cancels nor reloads engine maps
ok 1274 - both decoded maps are required; scene clear neither cancels nor reloads engine maps
  ---
  duration_ms: 9.0114
  type: 'test'
  ...
# Subtest: missing maps and incompatible contracts stay usable with untextured fallback
ok 1275 - missing maps and incompatible contracts stay usable with untextured fallback
  ---
  duration_ms: 11.9224
  type: 'test'
  ...
# Subtest: PNG payload type and grayscale header are checked before decoding
ok 1276 - PNG payload type and grayscale header are checked before decoding
  ---
  duration_ms: 2.0029
  type: 'test'
  ...
# Subtest: decode errors and wrong decoded dimensions cancel peers and stale completions
ok 1277 - decode errors and wrong decoded dimensions cancel peers and stale completions
  ---
  duration_ms: 2.5345
  type: 'test'
  ...
# Subtest: failed uploads free temporary maps and restore shared texture/unpack state
ok 1278 - failed uploads free temporary maps and restore shared texture/unpack state
  ---
  duration_ms: 6.291
  type: 'test'
  ...
# Subtest: map-only disposal invalidates in-flight completions and deletes only owned ready textures
ok 1279 - map-only disposal invalidates in-flight completions and deletes only owned ready textures
  ---
  duration_ms: 4.6957
  type: 'test'
  ...
# Subtest: two engines independently own their decoders and uploaded maps
ok 1280 - two engines independently own their decoders and uploaded maps
  ---
  duration_ms: 2.1131
  type: 'test'
  ...
# Subtest: context loss invalidates images and maps with no restoration or later upload
ok 1281 - context loss invalidates images and maps with no restoration or later upload
  ---
  duration_ms: 5.0719
  type: 'test'
  ...
# Subtest: timber shares exact box geometry and collision extent with complete grain-oriented face UVs
ok 1282 - timber shares exact box geometry and collision extent with complete grain-oriented face UVs
  ---
  duration_ms: 2.1389
  type: 'test'
  ...
# Subtest: material flags stay per batch; reflection uses material while depth and cutaway retain their scope
ok 1283 - material flags stay per batch; reflection uses material while depth and cutaway retain their scope
  ---
  duration_ms: 6.8758
  type: 'test'
  ...
# Subtest: unstarted, absent, unknown and unowned equipment produce no gear
ok 1284 - unstarted, absent, unknown and unowned equipment produce no gear
  ---
  duration_ms: 76.4765
  type: 'test'
  ...
# Subtest: read-only attachment summary reports exactly the rendered grip and actual markers
ok 1285 - read-only attachment summary reports exactly the rendered grip and actual markers
  ---
  duration_ms: 33.955
  type: 'test'
  ...
# Subtest: a command-earned kit is held at the right palm through actual root yaw and terrain height
ok 1286 - a command-earned kit is held at the right palm through actual root yaw and terrain height
  ---
  duration_ms: 6.4719
  type: 'test'
  ...
# Subtest: curved bow grip and both string segments attach to the two moving palms
ok 1287 - curved bow grip and both string segments attach to the two moving palms
  ---
  duration_ms: 6.263
  type: 'test'
  ...
# Subtest: ordinary travel stows blade at hip and bow at back without hand-held copies
ok 1288 - ordinary travel stows blade at hip and bow at back without hand-held copies
  ---
  duration_ms: 66.1073
  type: 'test'
  ...
# Subtest: each catalogue weapon preserves its own colour, gem, fittings and separate Oren temper
ok 1289 - each catalogue weapon preserves its own colour, gem, fittings and separate Oren temper
  ---
  duration_ms: 234.3755
  type: 'test'
  ...
# Subtest: markers project only the selected weapon rather than another owned weapon
ok 1290 - markers project only the selected weapon rather than another owned weapon
  ---
  duration_ms: 11.0678
  type: 'test'
  ...
# Subtest: family silhouettes differ within a bounded traveller scale
ok 1291 - family silhouettes differ within a bounded traveller scale
  ---
  duration_ms: 26.9939
  type: 'test'
  ...
# Subtest: blade anticipation, recovery and guard keep the grip connected while changing orientation
ok 1292 - blade anticipation, recovery and guard keep the grip connected while changing orientation
  ---
  duration_ms: 5.5447
  type: 'test'
  ...
# Subtest: reduced motion keeps essential palm connections without phase-driven blade flourishes
ok 1293 - reduced motion keeps essential palm connections without phase-driven blade flourishes
  ---
  duration_ms: 9.344
  type: 'test'
  ...
# Subtest: all equipment transforms stay finite, orthogonal and under forty instances
ok 1294 - all equipment transforms stay finite, orthogonal and under forty instances
  ---
  duration_ms: 50.7425
  type: 'test'
  ...
# Subtest: read-only rendering does not create runtime, commands, effects or arrows
ok 1295 - read-only rendering does not create runtime, commands, effects or arrows
  ---
  duration_ms: 5.0308
  type: 'test'
  ...
# Subtest: gathered and command-crafted bow projects the actual equipped item
ok 1296 - gathered and command-crafted bow projects the actual equipped item
  ---
  duration_ms: 85.4633
  type: 'test'
  ...
# Subtest: finite realm collars preserve prior markers and follow the actual blade or curved bow segment
ok 1297 - finite realm collars preserve prior markers and follow the actual blade or curved bow segment
  ---
  duration_ms: 328.0157
  type: 'test'
  ...
# Subtest: queued release joins the actual full windup pose, including submitted blade axis
ok 1298 - queued release joins the actual full windup pose, including submitted blade axis
  ---
  duration_ms: 34.1873
  type: 'test'
  ...
# Subtest: direct accepted strikes start at ready and never fabricate a prior windup
ok 1299 - direct accepted strikes start at ready and never fabricate a prior windup
  ---
  duration_ms: 0.9066
  type: 'test'
  ...
# Subtest: a bounded cut has intermediate poses and settles without a phase-boundary jump
ok 1300 - a bounded cut has intermediate poses and settles without a phase-boundary jump
  ---
  duration_ms: 6.5018
  type: 'test'
  ...
# Subtest: submitted blade basis has no arbitrary roll flips during its complete cut and settle
ok 1301 - submitted blade basis has no arbitrary roll flips during its complete cut and settle
  ---
  duration_ms: 79.5142
  type: 'test'
  ...
# Subtest: actual blade and tip volumes clear the conservative head bounds through the whole attack
ok 1302 - actual blade and tip volumes clear the conservative head bounds through the whole attack
  ---
  duration_ms: 393.3165
  type: 'test'
  ...
# Subtest: body balance is visible above fixed physical feet and quiet in reduced motion
ok 1303 - body balance is visible above fixed physical feet and quiet in reduced motion
  ---
  duration_ms: 26.0762
  type: 'test'
  ...
# Subtest: reduced motion bounds the blade hand cue and suppresses secondary equipment/body sweep
ok 1304 - reduced motion bounds the blade hand cue and suppresses secondary equipment/body sweep
  ---
  duration_ms: 4.4552
  type: 'test'
  ...
# Subtest: guard and swim override both release origins without adding a second attack pose
ok 1305 - guard and swim override both release origins without adding a second attack pose
  ---
  duration_ms: 4.8648
  type: 'test'
  ...
# Subtest: rendered palms, balanced torso and canonical gear share one frame through actual world yaw
ok 1306 - rendered palms, balanced torso and canonical gear share one frame through actual world yaw
  ---
  duration_ms: 26.1815
  type: 'test'
  ...
# Subtest: carried gear and the held blade sheath remain outside the accepted-release curves
ok 1307 - carried gear and the held blade sheath remain outside the accepted-release curves
  ---
  duration_ms: 11.7173
  type: 'test'
  ...
# Subtest: production autoattack still uses its real queued epoch and accepted manual attack has no fake anticipation
ok 1308 - production autoattack still uses its real queued epoch and accepted manual attack has no fake anticipation
  ---
  duration_ms: 17.4382
  type: 'test'
  ...
# Subtest: CommonJS and browser globals expose the same bounded rig API
ok 1309 - CommonJS and browser globals expose the same bounded rig API
  ---
  duration_ms: 1.6237
  type: 'test'
  ...
# Subtest: gallery stroke keeps limbs connected and reduced motion settles the arms
ok 1310 - gallery stroke keeps limbs connected and reduced motion settles the arms
  ---
  duration_ms: 1.4778
  type: 'test'
  ...
# Subtest: gait phase follows accepted distance and survives frame subdivision
ok 1311 - gait phase follows accepted distance and survives frame subdivision
  ---
  duration_ms: 1.539
  type: 'test'
  ...
# Subtest: stationary walking intent never drives foot shuffling
ok 1312 - stationary walking intent never drives foot shuffling
  ---
  duration_ms: 0.7103
  type: 'test'
  ...
# Subtest: stopping holds phase and eases the feet into a settled stance
ok 1313 - stopping holds phase and eases the feet into a settled stance
  ---
  duration_ms: 0.3814
  type: 'test'
  ...
# Subtest: repeated samples and long pauses preserve the complete drawable pose
ok 1314 - repeated samples and long pauses preserve the complete drawable pose
  ---
  duration_ms: 2.5056
  type: 'test'
  ...
# Subtest: paused coordinates are consumed without turning skipped travel into steps
ok 1315 - paused coordinates are consumed without turning skipped travel into steps
  ---
  duration_ms: 0.1989
  type: 'test'
  ...
# Subtest: scene changes, teleports and clock discontinuities reset the stance
ok 1316 - scene changes, teleports and clock discontinuities reset the stance
  ---
  duration_ms: 0.2328
  type: 'test'
  ...
# Subtest: reduced motion keeps essential gait and weapon alignment without secondary drift
ok 1317 - reduced motion keeps essential gait and weapon alignment without secondary drift
  ---
  duration_ms: 0.8242
  type: 'test'
  ...
# Subtest: walking has visible foot clearance and preserves fixed limb lengths
ok 1318 - walking has visible foot clearance and preserves fixed limb lengths
  ---
  duration_ms: 3.1085
  type: 'test'
  ...
# Subtest: blade/bow anticipation, recovery and guard are connected and distinct
ok 1319 - blade/bow anticipation, recovery and guard are connected and distinct
  ---
  duration_ms: 1.3475
  type: 'test'
  ...
# Subtest: draw segments actually connect the named joints under root translation and yaw
ok 1320 - draw segments actually connect the named joints under root translation and yaw
  ---
  duration_ms: 3.025
  type: 'test'
  ...
# Subtest: palette choices and explicitly supplied armor colour are retained
ok 1321 - palette choices and explicitly supplied armor colour are retained
  ---
  duration_ms: 2.2178
  type: 'test'
  ...
# Subtest: all transforms stay finite, actor geometry has no camera authority, and budget stays bounded
ok 1322 - all transforms stay finite, actor geometry has no camera authority, and budget stays bounded
  ---
  duration_ms: 66.575
  type: 'test'
  ...
# Subtest: malformed numerical motion inputs cannot poison matrices
ok 1323 - malformed numerical motion inputs cannot poison matrices
  ---
  duration_ms: 0.5037
  type: 'test'
  ...
# Subtest: sampling, posing and drawing leave input rules, motion and profiles immutable
ok 1324 - sampling, posing and drawing leave input rules, motion and profiles immutable
  ---
  duration_ms: 1.0398
  type: 'test'
  ...
# Subtest: refused bow transaction preserves every live field and can retry one identical request
ok 1325 - refused bow transaction preserves every live field and can retry one identical request
  ---
  duration_ms: 34.0179
  type: 'test'
  ...
# Subtest: sandbox craft saves materials, output, receipt and journal together
ok 1326 - sandbox craft saves materials, output, receipt and journal together
  ---
  duration_ms: 5.9565
  type: 'test'
  ...
# Subtest: forge cannot spend ore or coins before a durable write
ok 1327 - forge cannot spend ore or coins before a durable write
  ---
  duration_ms: 6.0522
  type: 'test'
  ...
# Subtest: socket replacement and removal preserve loose gems on refusal and return them exactly once
ok 1328 - socket replacement and removal preserve loose gems on refusal and return them exactly once
  ---
  duration_ms: 13.4619
  type: 'test'
  ...
# Subtest: equipping preserves selected equipment on refusal and retains the live combat runtime
ok 1329 - equipping preserves selected equipment on refusal and retains the live combat runtime
  ---
  duration_ms: 4.8731
  type: 'test'
  ...
# Subtest: both finite field-guide fittings save exact costs and keep weapon identity, socket and equipment
ok 1330 - both finite field-guide fittings save exact costs and keep weapon identity, socket and equipment
  ---
  duration_ms: 11.2064
  type: 'test'
  ...
# Subtest: explicit starter oren_sunblade survives refusal and pays its one canonical reward
ok 1331 - explicit starter oren_sunblade survives refusal and pays its one canonical reward
  ---
  duration_ms: 6.5443
  type: 'test'
  ...
# Subtest: explicit starter oren_reedbow survives refusal and pays its one canonical reward
ok 1332 - explicit starter oren_reedbow survives refusal and pays its one canonical reward
  ---
  duration_ms: 4.8129
  type: 'test'
  ...
# Subtest: explicit starter temper survives refusal and pays its one canonical reward
ok 1333 - explicit starter temper survives refusal and pays its one canonical reward
  ---
  duration_ms: 5.4824
  type: 'test'
  ...
# Subtest: completed survey payout is one atomic current-run ledger transition
ok 1334 - completed survey payout is one atomic current-run ledger transition
  ---
  duration_ms: 4.4159
  type: 'test'
  ...
# Subtest: Tessa tonic uses current road context and durably spends exactly one offer
ok 1335 - Tessa tonic uses current road context and durably spends exactly one offer
  ---
  duration_ms: 11.4306
  type: 'test'
  ...
# Subtest: Tessa mantle uses current road context and durably spends exactly one offer
ok 1336 - Tessa mantle uses current road context and durably spends exactly one offer
  ---
  duration_ms: 7.6682
  type: 'test'
  ...
# Subtest: Tessa sell-copper uses current road context and durably spends exactly one offer
ok 1337 - Tessa sell-copper uses current road context and durably spends exactly one offer
  ---
  duration_ms: 7.6502
  type: 'test'
  ...
# Subtest: Tessa sell-berries uses current road context and durably spends exactly one offer
ok 1338 - Tessa sell-berries uses current road context and durably spends exactly one offer
  ---
  duration_ms: 6.6046
  type: 'test'
  ...
# Subtest: Bellweather bench uses actual local position while saving the home checkpoint
ok 1339 - Bellweather bench uses actual local position while saving the home checkpoint
  ---
  duration_ms: 3.6733
  type: 'test'
  ...
# Subtest: source conflict leaves supplies and the other tab saved bytes intact
ok 1340 - source conflict leaves supplies and the other tab saved bytes intact
  ---
  duration_ms: 5.1823
  type: 'test'
  ...
# Subtest: managed character writer rejection keeps current character materials and receipts intact
ok 1341 - managed character writer rejection keeps current character materials and receipts intact
  ---
  duration_ms: 7.1552
  type: 'test'
  ...
# Subtest: thrown saver preserves the full live state and does not reserve the request identity
ok 1342 - thrown saver preserves the full live state and does not reserve the request identity
  ---
  duration_ms: 2.1906
  type: 'test'
  ...
# Subtest: rules refuse wrong benches, insufficient costs, invalid ownership and changed receipt terms before saving
ok 1343 - rules refuse wrong benches, insufficient costs, invalid ownership and changed receipt terms before saving
  ---
  duration_ms: 3.9788
  type: 'test'
  ...
# Subtest: pause policies remain canonical and a saver is always required for a new successful action
ok 1344 - pause policies remain canonical and a saver is always required for a new successful action
  ---
  duration_ms: 1.4279
  type: 'test'
  ...
# Subtest: validation refusal keeps the exact live canonical state and prevents saving
ok 1345 - validation refusal keeps the exact live canonical state and prevents saving
  ---
  duration_ms: 1.2458
  type: 'test'
  ...
# Subtest: only the reviewed state-only economic and finite Earth-story names are accepted
ok 1346 - only the reviewed state-only economic and finite Earth-story names are accepted
  ---
  duration_ms: 0.956
  type: 'test'
  ...
# Subtest: exactly five finite Earth-story actions join the explicit command set
ok 1347 - exactly five finite Earth-story actions join the explicit command set
  ---
  duration_ms: 0.1183
  type: 'test'
  ...
# Subtest: Earth consent saves before adoption and keeps all live context and actor epochs
ok 1348 - Earth consent saves before adoption and keeps all live context and actor epochs
  ---
  duration_ms: 2.7654
  type: 'test'
  ...
# Subtest: every mill delivery transition survives quota refusal and same-request retry with one cost and payout
ok 1349 - every mill delivery transition survives quota refusal and same-request retry with one cost and payout
  ---
  duration_ms: 40.149
  type: 'test'
  ...
# Subtest: Earth task prerequisites, cost, source room, local position and pause refuse before saving
ok 1350 - Earth task prerequisites, cost, source room, local position and pause refuse before saving
  ---
  duration_ms: 7.3199
  type: 'test'
  ...
# Subtest: all compatible improvements remain available after the single delivery without a second payout
ok 1351 - all compatible improvements remain available after the single delivery without a second payout
  ---
  duration_ms: 31.1581
  type: 'test'
  ...
# Subtest: each Earth payment capacity refusal preserves unpaid work and exact rewards have zero XP
ok 1352 - each Earth payment capacity refusal preserves unpaid work and exact rewards have zero XP
  ---
  duration_ms: 25.007
  type: 'test'
  ...
# Subtest: Earth repair rejects foreign source bytes and keeps the other writer intact
ok 1353 - Earth repair rejects foreign source bytes and keeps the other writer intact
  ---
  duration_ms: 3.0425
  type: 'test'
  ...
# Subtest: managed writer refusal preserves Earth payment and permits a later owned retry
ok 1354 - managed writer refusal preserves Earth payment and permits a later owned retry
  ---
  duration_ms: 7.7784
  type: 'test'
  ...
# Subtest: all new static scenery uses supported finite meshes instead of silent cylinder fallback
ok 1355 - all new static scenery uses supported finite meshes instead of silent cylinder fallback
  ---
  duration_ms: 504.4022
  type: 'test'
  ...
# Subtest: visible solid boxes match canonical body collision footprints and heights
ok 1356 - visible solid boxes match canonical body collision footprints and heights
  ---
  duration_ms: 49.3064
  type: 'test'
  ...
# Subtest: submitted opaque geometry leaves the actual 3D gallery body route clear
ok 1357 - submitted opaque geometry leaves the actual 3D gallery body route clear
  ---
  duration_ms: 29.3077
  type: 'test'
  ...
# Subtest: wet volume under the civic deck retains actual head clearance
ok 1358 - wet volume under the civic deck retains actual head clearance
  ---
  duration_ms: 2.8657
  type: 'test'
  ...
# Subtest: only the two exact Atlantis shelter roofs receive preference-controlled roof reveal
ok 1359 - only the two exact Atlantis shelter roofs receive preference-controlled roof reveal
  ---
  duration_ms: 38.5383
  type: 'test'
  ...
# Subtest: exact two canonical realms have finite, unique, immutable data and stable work identities
ok 1360 - exact two canonical realms have finite, unique, immutable data and stable work identities
  ---
  duration_ms: 4.2204
  type: 'test'
  ...
# Subtest: module load publishes only its declared API and never reads a simulation or host service
ok 1361 - module load publishes only its declared API and never reads a simulation or host service
  ---
  duration_ms: 3.0225
  type: 'test'
  ...
# Subtest: every entry and interaction anchor has full actor clearance on bounded dry ground
ok 1362 - every entry and interaction anchor has full actor clearance on bounded dry ground
  ---
  duration_ms: 0.9931
  type: 'test'
  ...
# Subtest: both Earth approaches, work loop and optional side routes have analytically continuous ground
ok 1363 - both Earth approaches, work loop and optional side routes have analytically continuous ground
  ---
  duration_ms: 8.8803
  type: 'test'
  ...
# Subtest: Farwake work and the far landing remain connected without diving or a closed civic back wall
ok 1364 - Farwake work and the far landing remain connected without diving or a closed civic back wall
  ---
  duration_ms: 2.4424
  type: 'test'
  ...
# Subtest: bounded gallery route clears physical walls and full body depth, including the real court doorway
ok 1365 - bounded gallery route clears physical walls and full body depth, including the real court doorway
  ---
  duration_ms: 0.6579
  type: 'test'
  ...
# Subtest: dive entry and wet exit anchors agree with reachable transfer destinations
ok 1366 - dive entry and wet exit anchors agree with reachable transfer destinations
  ---
  duration_ms: 0.2798
  type: 'test'
  ...
# Subtest: actual decoration is finite, deterministic, bounded and pure across claimed/unclaimed worlds
ok 1367 - actual decoration is finite, deterministic, bounded and pure across claimed/unclaimed worlds
  ---
  duration_ms: 82.5684
  type: 'test'
  ...
# Subtest: roofs and important structural decoration agree with the canonical solid footprints
ok 1368 - roofs and important structural decoration agree with the canonical solid footprints
  ---
  duration_ms: 5.765
  type: 'test'
  ...
# Subtest: civic side support physically meets the canopy underside across its full length
ok 1369 - civic side support physically meets the canopy underside across its full length
  ---
  duration_ms: 0.5134
  type: 'test'
  ...
# Subtest: the real Farwake civic canopy participates in the existing preference-controlled shelter reveal
ok 1370 - the real Farwake civic canopy participates in the existing preference-controlled shelter reveal
  ---
  duration_ms: 0.4079
  type: 'test'
  ...
# Subtest: bridge timber skins use the real UV mesh, clear every retained joint and stay above only existing deck
ok 1371 - bridge timber skins use the real UV mesh, clear every retained joint and stay above only existing deck
  ---
  duration_ms: 7.3883
  type: 'test'
  ...
# Subtest: narrow field path geometry lies wholly on supported clear ground and door faces remain closed decoration
ok 1372 - narrow field path geometry lies wholly on supported clear ground and door faces remain closed decoration
  ---
  duration_ms: 10.6012
  type: 'test'
  ...
# Subtest: distant ridges use the actual mountain mesh and remain outside Earth rather than becoming false paths
ok 1373 - distant ridges use the actual mountain mesh and remain outside Earth rather than becoming false paths
  ---
  duration_ms: 28.5128
  type: 'test'
  ...
# Subtest: every accepted objective has a validated production path back to its own giver
ok 1374 - every accepted objective has a validated production path back to its own giver
  ---
  duration_ms: 546.3771
  type: 'test'
  ...
# Subtest: blade falls in hell and revives at home with accepted work and belongings retained
ok 1375 - blade falls in hell and revives at home with accepted work and belongings retained
  ---
  duration_ms: 165.4898
  type: 'test'
  ...
# Subtest: bow falls in earthlands and revives at home with accepted work and belongings retained
ok 1376 - bow falls in earthlands and revives at home with accepted work and belongings retained
  ---
  duration_ms: 236.3488
  type: 'test'
  ...
# Subtest: blade earns hell defeat, guarded combat, retreat and free return without legacy rewards
ok 1377 - blade earns hell defeat, guarded combat, retreat and free return without legacy rewards
  ---
  duration_ms: 83.8028
  type: 'test'
  ...
# {"realm":"hell","style":"blade","weapon":"trail_blade","entry":{"x":0,"z":31,"yaw":3.141592653589793},"stage":{"x":44,"z":-82},"battle":{"x":44,"z":-92.9},"refuge":{"x":44,"z":-60},"firstBrace":{"at":47.59999999999943,"aim":{"x":44,"z":-92.9},"windupRemaining":1.05,"hitAfter":1.0499999999999403,"healthBefore":100,"healthAfter":96,"recoveryRemaining":1.1},"firstAttack":{"hits":1,"hp":90,"firstArrowAfter":null,"impacts":[{"after":0.19999999999998863,"before":90,"hp":74}]},"secondBrace":{"at":114.49999999999564,"aim":{"x":44,"z":-92.9},"windupRemaining":1.05,"hitAfter":1.0499999999999403,"healthBefore":100,"healthAfter":96,"recoveryRemaining":1.1},"battleResult":{"hits":6,"hp":90,"firstArrowAfter":null,"impacts":[{"after":0.19999999999998863,"before":90,"hp":74},{"after":0.7999999999999545,"before":74,"hp":58},{"after":1.3999999999999204,"before":58,"hp":42},{"after":1.9999999999998863,"before":42,"hp":26},{"after":2.599999999999852,"before":26,"hp":10},{"after":3.199999999999818,"before":10,"hp":0}]},"tickSeconds":0.05}
# Subtest: bow earns hell defeat, guarded combat, retreat and free return without legacy rewards
ok 1378 - bow earns hell defeat, guarded combat, retreat and free return without legacy rewards
  ---
  duration_ms: 72.5311
  type: 'test'
  ...
# {"realm":"hell","style":"bow","weapon":"trail_bow","entry":{"x":0,"z":31,"yaw":3.141592653589793},"stage":{"x":44,"z":-82},"battle":{"x":44,"z":-90},"refuge":{"x":44,"z":-60},"firstBrace":{"at":99.49999999999649,"aim":{"x":44,"z":-90},"windupRemaining":1.05,"hitAfter":1.0499999999999403,"healthBefore":100,"healthAfter":96,"recoveryRemaining":1.1},"firstAttack":{"hits":1,"hp":90,"firstArrowAfter":0.19999999999998863,"impacts":[{"after":0.3499999999999801,"before":90,"hp":77}]},"secondBrace":{"at":165.65000000000342,"aim":{"x":44,"z":-90},"windupRemaining":1.05,"hitAfter":1.0500000000002387,"healthBefore":100,"healthAfter":96,"recoveryRemaining":1.1},"battleResult":{"hits":7,"hp":90,"firstArrowAfter":0.20000000000004547,"impacts":[{"after":0.3500000000000796,"before":90,"hp":77},{"after":1.1500000000002615,"before":77,"hp":64},{"after":1.9500000000004434,"before":64,"hp":51},{"after":2.7500000000006253,"before":51,"hp":38},{"after":3.550000000000807,"before":38,"hp":25},{"after":4.350000000000989,"before":25,"hp":12},{"after":5.150000000001171,"before":12,"hp":0}]},"tickSeconds":0.05}
# Subtest: blade earns earthlands defeat, guarded combat, retreat and free return without legacy rewards
ok 1379 - blade earns earthlands defeat, guarded combat, retreat and free return without legacy rewards
  ---
  duration_ms: 275.4145
  type: 'test'
  ...
# {"realm":"earthlands","style":"blade","weapon":"trail_blade","entry":{"x":0,"z":104,"yaw":3.141592653589793},"stage":{"x":-29,"z":-8},"battle":{"x":-29,"z":-18.9},"refuge":{"x":0,"z":23},"firstBrace":{"at":51.14999999999923,"aim":{"x":-29,"z":-18.9},"windupRemaining":0.75,"hitAfter":0.7499999999999574,"healthBefore":100,"healthAfter":96,"recoveryRemaining":1.1},"firstAttack":{"hits":1,"hp":72,"firstArrowAfter":null,"impacts":[{"after":0.19999999999998863,"before":72,"hp":56}]},"secondBrace":{"at":127.4499999999949,"aim":{"x":-29,"z":-18.9},"windupRemaining":0.75,"hitAfter":0.75,"healthBefore":100,"healthAfter":96,"recoveryRemaining":1.1},"battleResult":{"hits":5,"hp":72,"firstArrowAfter":null,"impacts":[{"after":0.20000000000004547,"before":72,"hp":56},{"after":0.7500000000001705,"before":56,"hp":40},{"after":1.3000000000002956,"before":40,"hp":24},{"after":1.8500000000004206,"before":24,"hp":8},{"after":2.4000000000005457,"before":8,"hp":0}]},"tickSeconds":0.05}
# Subtest: bow earns earthlands defeat, guarded combat, retreat and free return without legacy rewards
ok 1380 - bow earns earthlands defeat, guarded combat, retreat and free return without legacy rewards
  ---
  duration_ms: 255.772
  type: 'test'
  ...
# {"realm":"earthlands","style":"bow","weapon":"trail_bow","entry":{"x":0,"z":104,"yaw":3.141592653589793},"stage":{"x":-29,"z":-8},"battle":{"x":-29,"z":-16},"refuge":{"x":0,"z":23},"firstBrace":{"at":101.1499999999964,"aim":{"x":-29,"z":-16},"windupRemaining":0.75,"hitAfter":0.7499999999999574,"healthBefore":100,"healthAfter":96,"recoveryRemaining":1.1},"firstAttack":{"hits":1,"hp":72,"firstArrowAfter":0.19999999999998863,"impacts":[{"after":0.29999999999998295,"before":72,"hp":59}]},"secondBrace":{"at":175.2000000000056,"aim":{"x":-29,"z":-16},"windupRemaining":0.75,"hitAfter":0.7500000000001705,"healthBefore":100,"healthAfter":96,"recoveryRemaining":1.1},"battleResult":{"hits":6,"hp":72,"firstArrowAfter":0.20000000000004547,"impacts":[{"after":0.3000000000000682,"before":72,"hp":59},{"after":1.1000000000002501,"before":59,"hp":46},{"after":1.900000000000432,"before":46,"hp":33},{"after":2.700000000000614,"before":33,"hp":20},{"after":3.500000000000796,"before":20,"hp":7},{"after":4.300000000000978,"before":7,"hp":0}]},"tickSeconds":0.05}
# Subtest: optional journeys migrate old world 9 saves without touching banked XP, choices, home or music
ok 1381 - optional journeys migrate old world 9 saves without touching banked XP, choices, home or music
  ---
  duration_ms: 11.3847
  type: 'test'
  ...
# Subtest: new schema rejects forward, malformed, unknown and impossible claim history
ok 1382 - new schema rejects forward, malformed, unknown and impossible claim history
  ---
  duration_ms: 6.8871
  type: 'test'
  ...
# Subtest: five-light gate is supported and separate from existing lake and Cosmos markers
ok 1383 - five-light gate is supported and separate from existing lake and Cosmos markers
  ---
  duration_ms: 3.5741
  type: 'test'
  ...
# Subtest: travel checkpoints original state, and rejects changed owner, revision, position or ticket
ok 1384 - travel checkpoints original state, and rejects changed owner, revision, position or ticket
  ---
  duration_ms: 14.7728
  type: 'test'
  ...
# Subtest: travel, free return, re-entry and cold reload do not grant or advance accepted work
ok 1385 - travel, free return, re-entry and cold reload do not grant or advance accepted work
  ---
  duration_ms: 14.4485
  type: 'test'
  ...
# Subtest: accepted objectives require physical arrival and current run; repeats remain once-only
ok 1386 - accepted objectives require physical arrival and current run; repeats remain once-only
  ---
  duration_ms: 4.8415
  type: 'test'
  ...
# Subtest: save refusal and capacity-blocked turn-in preserve completed objectives, currency and journal atomically
ok 1387 - save refusal and capacity-blocked turn-in preserve completed objectives, currency and journal atomically
  ---
  duration_ms: 6.487
  type: 'test'
  ...
# Subtest: claim fences survive changed request IDs, reload, re-entry and intentional smaller repeat runs
ok 1388 - claim fences survive changed request IDs, reload, re-entry and intentional smaller repeat runs
  ---
  duration_ms: 5.6978
  type: 'test'
  ...
# Subtest: reward changes only declared fields and retains explicit classes, gear, sockets, XP ceiling and story history
ok 1389 - reward changes only declared fields and retains explicit classes, gear, sockets, XP ceiling and story history
  ---
  duration_ms: 2.6735
  type: 'test'
  ...
# Subtest: only canonical local enemies use local defeat records and never enter legacy loot history
ok 1390 - only canonical local enemies use local defeat records and never enter legacy loot history
  ---
  duration_ms: 2.5651
  type: 'test'
  ...
# Subtest: copied or live enemies cannot manufacture a defeat, and a real defeat preserves the revision ceiling
ok 1391 - copied or live enemies cannot manufacture a defeat, and a real defeat preserves the revision ceiling
  ---
  duration_ms: 1.6841
  type: 'test'
  ...
# Subtest: bow targets and actual arrows use new scene ground, while solid cover blocks hits
ok 1392 - bow targets and actual arrows use new scene ground, while solid cover blocks hits
  ---
  duration_ms: 7.6582
  type: 'test'
  ...
# Subtest: skipped active run identities are rejected rather than inventing an unknown payout history
ok 1393 - skipped active run identities are rejected rather than inventing an unknown payout history
  ---
  duration_ms: 0.2529
  type: 'test'
  ...
# Subtest: failure after scene sync restores the original runtime graph as well as position and room
ok 1394 - failure after scene sync restores the original runtime graph as well as position and room
  ---
  duration_ms: 1.6171
  type: 'test'
  ...
# Subtest: every new realm objective can return to its real giver through production navigation
ok 1395 - every new realm objective can return to its real giver through production navigation
  ---
  duration_ms: 396.2201
  type: 'test'
  ...
# Subtest: gallery has actual depth, held release, body/camera medium separation and true blocking air-court walls
ok 1396 - gallery has actual depth, held release, body/camera medium separation and true blocking air-court walls
  ---
  duration_ms: 3.3086
  type: 'test'
  ...
# Subtest: companion menu preserves dry waiting position, and an explicit recall uses the dry entry during a dive
ok 1397 - companion menu preserves dry waiting position, and an explicit recall uses the dry entry during a dive
  ---
  duration_ms: 2.0741
  type: 'test'
  ...
# Subtest: isolated IIFE and CommonJS expose only one frozen pure function
ok 1398 - isolated IIFE and CommonJS expose only one frozen pure function
  ---
  duration_ms: 2.3917
  type: 'test'
  ...
# Subtest: actual 955-cell expanded Earth partition reduces to 64 exact rectangles
ok 1399 - actual 955-cell expanded Earth partition reduces to 64 exact rectangles
  ---
  duration_ms: 62.8582
  type: 'test'
  ...
# Subtest: every shared world-ground caller and old Coastward retain exact floor area, owner, color and height
ok 1400 - every shared world-ground caller and old Coastward retain exact floor area, owner, color and height
  ---
  duration_ms: 72.9458
  type: 'test'
  ...
# Subtest: real bridge source boundaries and river void remain separate from bank masses
ok 1401 - real bridge source boundaries and river void remain separate from bank masses
  ---
  duration_ms: 28.8204
  type: 'test'
  ...
# Subtest: Atlantis gallery edge partitions remain exact and no cell crosses camera-medium boundary
ok 1402 - Atlantis gallery edge partitions remain exact and no cell crosses camera-medium boundary
  ---
  duration_ms: 4.5416
  type: 'test'
  ...
# Subtest: a labelled untagged Atlantis control demonstrates why caller-owned gallery metadata is required
ok 1403 - a labelled untagged Atlantis control demonstrates why caller-owned gallery metadata is required
  ---
  duration_ms: 4.0061
  type: 'test'
  ...
# Subtest: only complete shared edges merge; holes, corners, tiny gaps and differing metadata remain
ok 1404 - only complete shared edges merge; holes, corners, tiny gaps and differing metadata remain
  ---
  duration_ms: 1.8606
  type: 'test'
  ...
# Subtest: metadata values and arrays are deep-fresh, order-independent and never aliases
ok 1405 - metadata values and arrays are deep-fresh, order-independent and never aliases
  ---
  duration_ms: 0.7827
  type: 'test'
  ...
# Subtest: empty input, input permutations and repeated coalescing are deterministic and fresh
ok 1406 - empty input, input permutations and repeated coalescing are deterministic and fresh
  ---
  duration_ms: 52.4771
  type: 'test'
  ...
# Subtest: invalid, overlapping, accessor or nondata records refuse before input mutation
ok 1407 - invalid, overlapping, accessor or nondata records refuse before input mutation
  ---
  duration_ms: 1.4811
  type: 'test'
  ...
# Subtest: actual submitted vertices stay finite and terrain draw work falls without dropping area
ok 1408 - actual submitted vertices stay finite and terrain draw work falls without dropping area
  ---
  duration_ms: 7.3129
  type: 'test'
  ...
# Subtest: heaven: stable contract, finite geometry, pure bounded quest and readable anchors
ok 1409 - heaven: stable contract, finite geometry, pure bounded quest and readable anchors
  ---
  duration_ms: 4.1165
  type: 'test'
  ...
# Subtest: heaven: connected physical ground gives every point and enemy a body-width approach and return
ok 1410 - heaven: connected physical ground gives every point and enemy a body-width approach and return
  ---
  duration_ms: 234.7588
  type: 'test'
  ...
# Subtest: heaven: submitted original art has finite transforms, matched cover, and a modest local instance/triangle budget
ok 1411 - heaven: submitted original art has finite transforms, matched cover, and a modest local instance/triangle budget
  ---
  duration_ms: 106.4797
  type: 'test'
  ...
# Subtest: heaven: decorating is deterministic, owns no scene lifecycle and leaves all source/simulation/inventory state unchanged
ok 1412 - heaven: decorating is deterministic, owns no scene lifecycle and leaves all source/simulation/inventory state unchanged
  ---
  duration_ms: 20.6886
  type: 'test'
  ...
# Subtest: heaven: height supplied by the world caller shifts all local structures, routes and markers coherently
ok 1413 - heaven: height supplied by the world caller shifts all local structures, routes and markers coherently
  ---
  duration_ms: 9.0768
  type: 'test'
  ...
# Subtest: hell: stable contract, finite geometry, pure bounded quest and readable anchors
ok 1414 - hell: stable contract, finite geometry, pure bounded quest and readable anchors
  ---
  duration_ms: 0.5208
  type: 'test'
  ...
# Subtest: hell: connected physical ground gives every point and enemy a body-width approach and return
ok 1415 - hell: connected physical ground gives every point and enemy a body-width approach and return
  ---
  duration_ms: 124.5591
  type: 'test'
  ...
# Subtest: hell: submitted original art has finite transforms, matched cover, and a modest local instance/triangle budget
ok 1416 - hell: submitted original art has finite transforms, matched cover, and a modest local instance/triangle budget
  ---
  duration_ms: 48.9176
  type: 'test'
  ...
# Subtest: hell: decorating is deterministic, owns no scene lifecycle and leaves all source/simulation/inventory state unchanged
ok 1417 - hell: decorating is deterministic, owns no scene lifecycle and leaves all source/simulation/inventory state unchanged
  ---
  duration_ms: 9.2132
  type: 'test'
  ...
# Subtest: hell: height supplied by the world caller shifts all local structures, routes and markers coherently
ok 1418 - hell: height supplied by the world caller shifts all local structures, routes and markers coherently
  ---
  duration_ms: 6.201
  type: 'test'
  ...
# Subtest: Heaven: both actual causeway/arcade loops fit a traveller without stepping through instrument, columns or workshop
ok 1419 - Heaven: both actual causeway/arcade loops fit a traveller without stepping through instrument, columns or workshop
  ---
  duration_ms: 4.759
  type: 'test'
  ...
# Subtest: Heaven: distinct narrow route inlays sit on supported paving and the fork remains flat and clear
ok 1420 - Heaven: distinct narrow route inlays sit on supported paving and the fork remains flat and clear
  ---
  duration_ms: 23.5284
  type: 'test'
  ...
# Subtest: Heaven: the cultivated Ruby-fork band has actual native support and leaves routes, solids and interaction approaches clear
ok 1421 - Heaven: the cultivated Ruby-fork band has actual native support and leaves routes, solids and interaction approaches clear
  ---
  duration_ms: 43.7034
  type: 'test'
  ...
# Subtest: Heaven: all low blossoms attach to rooted stems and fit their shallow planting beds
ok 1422 - Heaven: all low blossoms attach to rooted stems and fit their shallow planting beds
  ---
  duration_ms: 9.5511
  type: 'test'
  ...
# Subtest: Heaven: cultivated detail has a bounded geometry cost and is identical with reduced motion enabled
ok 1423 - Heaven: cultivated detail has a bounded geometry cost and is identical with reduced motion enabled
  ---
  duration_ms: 8.3688
  type: 'test'
  ...
# Subtest: Hell: only the existing Refuge roof slab and patched ribs carry the bounded reveal tag
ok 1424 - Hell: only the existing Refuge roof slab and patched ribs carry the bounded reveal tag
  ---
  duration_ms: 4.1187
  type: 'test'
  ...
# Subtest: Hell: distinct east/west approaches and the free home path avoid the optional sentinel even within an eleven-unit threat pocket
ok 1425 - Hell: distinct east/west approaches and the free home path avoid the optional sentinel even within an eleven-unit threat pocket
  ---
  duration_ms: 90.1871
  type: 'test'
  ...
# Subtest: Module exposes the browser/CommonJS contract and rejects unknown decoration without touching the caller
ok 1426 - Module exposes the browser/CommonJS contract and rejects unknown decoration without touching the caller
  ---
  duration_ms: 0.2882
  type: 'test'
  ...
1..1426
# tests 1426
# suites 0
# pass 1426
# fail 0
# cancelled 0
# skipped 0
# todo 0
# duration_ms 7193.9861
