TAP version 13
# Subtest: adventure defaults round trip without equipment or story
ok 1 - adventure defaults round trip without equipment or story
  ---
  duration_ms: 3.6238
  type: 'test'
  ...
# Subtest: v4 migration preserves sandbox, composition, notes, appearance without source mutation
ok 2 - v4 migration preserves sandbox, composition, notes, appearance without source mutation
  ---
  duration_ms: 4.0015
  type: 'test'
  ...
# Subtest: realm05 browser key is copied without overwriting previous save
ok 3 - realm05 browser key is copied without overwriting previous save
  ---
  duration_ms: 2.4193
  type: 'test'
  ...
# Subtest: starter supplies require actual workshop proximity
ok 4 - starter supplies require actual workshop proximity
  ---
  duration_ms: 6.6336
  type: 'test'
  ...
# Subtest: starter kit is one claim and equips owned items
ok 5 - starter kit is one claim and equips owned items
  ---
  duration_ms: 0.7235
  type: 'test'
  ...
# Subtest: retry is idempotent while changed terms under same ID are rejected
ok 6 - retry is idempotent while changed terms under same ID are rejected
  ---
  duration_ms: 1.7246
  type: 'test'
  ...
# Subtest: entry requires supplies, repaired crossing, pickaxe and proximity
ok 7 - entry requires supplies, repaired crossing, pickaxe and proximity
  ---
  duration_ms: 0.9839
  type: 'test'
  ...
# Subtest: interior saves retain safe exterior return position
ok 8 - interior saves retain safe exterior return position
  ---
  duration_ms: 2.2405
  type: 'test'
  ...
# Subtest: authored entry, fox and encounter positions are walkable
ok 9 - authored entry, fox and encounter positions are walkable
  ---
  duration_ms: 0.8015
  type: 'test'
  ...
# Subtest: outer walls and NaN cannot be walked through
ok 10 - outer walls and NaN cannot be walked through
  ---
  duration_ms: 0.4705
  type: 'test'
  ...
# Subtest: digging checks scene, tool and reach before mutation
ok 11 - digging checks scene, tool and reach before mutation
  ---
  duration_ms: 2.7294
  type: 'test'
  ...
# Subtest: two actual strikes excavate rock and open a path
ok 12 - two actual strikes excavate rock and open a path
  ---
  duration_ms: 10.8258
  type: 'test'
  ...
# Subtest: pick cooldown prevents duplicate immediate strokes
ok 13 - pick cooldown prevents duplicate immediate strokes
  ---
  duration_ms: 5.2205
  type: 'test'
  ...
# Subtest: outer cells refuse excavation
ok 14 - outer cells refuse excavation
  ---
  duration_ms: 0.3886
  type: 'test'
  ...
# Subtest: removed stone cannot pay again
ok 15 - removed stone cannot pay again
  ---
  duration_ms: 3.4814
  type: 'test'
  ...
# Subtest: cold reopening reconstructs excavation but restarts outside
ok 16 - cold reopening reconstructs excavation but restarts outside
  ---
  duration_ms: 2.8517
  type: 'test'
  ...
# Subtest: attacks cannot damage distant targets
ok 17 - attacks cannot damage distant targets
  ---
  duration_ms: 0.5024
  type: 'test'
  ...
# Subtest: line of sight blocks attacks through rock
ok 18 - line of sight blocks attacks through rock
  ---
  duration_ms: 0.3752
  type: 'test'
  ...
# Subtest: melee decreases health, respects cooldown and creates one defeat/cache
ok 19 - melee decreases health, respects cooldown and creates one defeat/cache
  ---
  duration_ms: 4.6292
  type: 'test'
  ...
# Subtest: sweep consumes stamina only once per cooldown
ok 20 - sweep consumes stamina only once per cooldown
  ---
  duration_ms: 0.4194
  type: 'test'
  ...
# Subtest: insufficient stamina refuses without mutation
ok 21 - insufficient stamina refuses without mutation
  ---
  duration_ms: 0.6736
  type: 'test'
  ...
# Subtest: dodge respects cave collision instead of tunneling
ok 22 - dodge respects cave collision instead of tunneling
  ---
  duration_ms: 0.2647
  type: 'test'
  ...
# Subtest: dodge avoidance protects against imminent impact
ok 23 - dodge avoidance protects against imminent impact
  ---
  duration_ms: 2.8816
  type: 'test'
  ...
# Subtest: telegraph hits its declared destination, not a tracking player
ok 24 - telegraph hits its declared destination, not a tracking player
  ---
  duration_ms: 1.1607
  type: 'test'
  ...
# Subtest: failed evasion incurs damage reduced by armor
ok 25 - failed evasion incurs damage reduced by armor
  ---
  duration_ms: 0.646
  type: 'test'
  ...
# Subtest: pause stops actual timers and combat
ok 26 - pause stops actual timers and combat
  ---
  duration_ms: 0.9475
  type: 'test'
  ...
# Subtest: daylight slider is not a cooldown cheat
ok 27 - daylight slider is not a cooldown cheat
  ---
  duration_ms: 0.789
  type: 'test'
  ...
# Subtest: healing consumes tonic, caps at maximum and has cooldown
ok 28 - healing consumes tonic, caps at maximum and has cooldown
  ---
  duration_ms: 0.5722
  type: 'test'
  ...
# Subtest: rest requires spring and is not available in combat
ok 29 - rest requires spring and is not available in combat
  ---
  duration_ms: 0.4705
  type: 'test'
  ...
# Subtest: death stops movement and resurrection preserves loot
ok 30 - death stops movement and resurrection preserves loot
  ---
  duration_ms: 0.506
  type: 'test'
  ...
# Subtest: paused resurrection is possible without resuming time implicitly
ok 31 - paused resurrection is possible without resuming time implicitly
  ---
  duration_ms: 0.415
  type: 'test'
  ...
# Subtest: living players cannot resurrect for a free teleport
ok 32 - living players cannot resurrect for a free teleport
  ---
  duration_ms: 0.324
  type: 'test'
  ...
# Subtest: loot is proximity checked and cannot be claimed twice
ok 33 - loot is proximity checked and cannot be claimed twice
  ---
  duration_ms: 0.3872
  type: 'test'
  ...
# Subtest: full pouch rejects atomically and preserves cache
ok 34 - full pouch rejects atomically and preserves cache
  ---
  duration_ms: 1.0035
  type: 'test'
  ...
# Subtest: equipment must be owned and goes into the declared slot
ok 35 - equipment must be owned and goes into the declared slot
  ---
  duration_ms: 0.3386
  type: 'test'
  ...
# Subtest: increased health capacity does not heal on equip
ok 36 - increased health capacity does not heal on equip
  ---
  duration_ms: 0.3203
  type: 'test'
  ...
# Subtest: forge consumes exact inputs once
ok 37 - forge consumes exact inputs once
  ---
  duration_ms: 0.417
  type: 'test'
  ...
# Subtest: forge outside workbench fails without cost
ok 38 - forge outside workbench fails without cost
  ---
  duration_ms: 0.8139
  type: 'test'
  ...
# Subtest: rescue requires proximity and threat clearance
ok 39 - rescue requires proximity and threat clearance
  ---
  duration_ms: 0.5852
  type: 'test'
  ...
# Subtest: companion naming is bounded data and mode is enumerated
ok 40 - companion naming is bounded data and mode is enumerated
  ---
  duration_ms: 0.5478
  type: 'test'
  ...
# Subtest: Stay retains fox in its scene during active session
ok 41 - Stay retains fox in its scene during active session
  ---
  duration_ms: 0.4651
  type: 'test'
  ...
# Subtest: Follow explicitly recalls across a scene boundary
ok 42 - Follow explicitly recalls across a scene boundary
  ---
  duration_ms: 0.723
  type: 'test'
  ...
# Subtest: defeated enemies stay defeated on re-entry
ok 43 - defeated enemies stay defeated on re-entry
  ---
  duration_ms: 0.384
  type: 'test'
  ...
# Subtest: unfinished enemies reset on re-entry; partial health is not a win
ok 44 - unfinished enemies reset on re-entry; partial health is not a win
  ---
  duration_ms: 1.0546
  type: 'test'
  ...
# Subtest: relic requires guardian defeat and proximity, with single claim
ok 45 - relic requires guardian defeat and proximity, with single claim
  ---
  duration_ms: 0.4652
  type: 'test'
  ...
# Subtest: envoy requires relic at the spring
ok 46 - envoy requires relic at the spring
  ---
  duration_ms: 0.3172
  type: 'test'
  ...
# Subtest: final choice stays single across command IDs and cold reload
ok 47 - final choice stays single across command IDs and cold reload
  ---
  duration_ms: 1.0507
  type: 'test'
  ...
# Subtest: import rejects negative ore
ok 48 - import rejects negative ore
  ---
  duration_ms: 0.2977
  type: 'test'
  ...
# Subtest: import rejects NaN stamina
ok 49 - import rejects NaN stamina
  ---
  duration_ms: 0.0801
  type: 'test'
  ...
# Subtest: import rejects foreign gear
ok 50 - import rejects foreign gear
  ---
  duration_ms: 0.0822
  type: 'test'
  ...
# Subtest: import rejects non-owned equip
ok 51 - import rejects non-owned equip
  ---
  duration_ms: 0.0965
  type: 'test'
  ...
# Subtest: import rejects duplicate cells
ok 52 - import rejects duplicate cells
  ---
  duration_ms: 0.0729
  type: 'test'
  ...
# Subtest: import rejects outer excavation
ok 53 - import rejects outer excavation
  ---
  duration_ms: 0.0877
  type: 'test'
  ...
# Subtest: import rejects noncanonical cell
ok 54 - import rejects noncanonical cell
  ---
  duration_ms: 0.0892
  type: 'test'
  ...
# Subtest: import rejects relic without defeat
ok 55 - import rejects relic without defeat
  ---
  duration_ms: 0.0876
  type: 'test'
  ...
# Subtest: import rejects gift without envoy
ok 56 - import rejects gift without envoy
  ---
  duration_ms: 0.0981
  type: 'test'
  ...
# Subtest: import rejects oversized name
ok 57 - import rejects oversized name
  ---
  duration_ms: 0.1077
  type: 'test'
  ...
# Subtest: import rejects duplicate drop
ok 58 - import rejects duplicate drop
  ---
  duration_ms: 0.0993
  type: 'test'
  ...
# Subtest: import rejects impossible chips
ok 59 - import rejects impossible chips
  ---
  duration_ms: 0.0988
  type: 'test'
  ...
# Subtest: import rejects excess health
ok 60 - import rejects excess health
  ---
  duration_ms: 0.1768
  type: 'test'
  ...
# Subtest: import rejects foreign enemy
ok 61 - import rejects foreign enemy
  ---
  duration_ms: 0.1046
  type: 'test'
  ...
# Subtest: import rejects unstarted rescue
ok 62 - import rejects unstarted rescue
  ---
  duration_ms: 0.0876
  type: 'test'
  ...
# Subtest: invalid command envelope cannot mutate persistent state
ok 63 - invalid command envelope cannot mutate persistent state
  ---
  duration_ms: 0.9162
  type: 'test'
  ...
# Subtest: prototype-looking item key safely refuses
ok 64 - prototype-looking item key safely refuses
  ---
  duration_ms: 0.9048
  type: 'test'
  ...
# Subtest: circular command data is safely refused
ok 65 - circular command data is safely refused
  ---
  duration_ms: 0.9116
  type: 'test'
  ...
# Subtest: no private memory or credentials enter save
ok 66 - no private memory or credentials enter save
  ---
  duration_ms: 0.8239
  type: 'test'
  ...
# Subtest: version07 raw save migrates without losing road or creative state
ok 67 - version07 raw save migrates without losing road or creative state
  ---
  duration_ms: 190.8942
  type: 'test'
  ...
# Subtest: legacy storage key is copied not overwritten
ok 68 - legacy storage key is copied not overwritten
  ---
  duration_ms: 4.7672
  type: 'test'
  ...
# Subtest: fresh arsenal has no free bows gems or medals
ok 69 - fresh arsenal has no free bows gems or medals
  ---
  duration_ms: 0.2695
  type: 'test'
  ...
# Subtest: gem records reject invalid quantities and unknown fields
ok 70 - gem records reject invalid quantities and unknown fields
  ---
  duration_ms: 11.1241
  type: 'test'
  ...
# Subtest: socket validation needs owned weapon and known gem
ok 71 - socket validation needs owned weapon and known gem
  ---
  duration_ms: 3.3417
  type: 'test'
  ...
# Subtest: medal requires bounded completion time and vice versa
ok 72 - medal requires bounded completion time and vice versa
  ---
  duration_ms: 3.4018
  type: 'test'
  ...
# Subtest: unstarted record cannot mint loose gems or a medal
ok 73 - unstarted record cannot mint loose gems or a medal
  ---
  duration_ms: 0.3389
  type: 'test'
  ...
# Subtest: craft refuses before supplies, remote bench, paused or unknown recipe
ok 74 - craft refuses before supplies, remote bench, paused or unknown recipe
  ---
  duration_ms: 4.9891
  type: 'test'
  ...
# Subtest: bow recipe consumes exact wood fiber stone and creates a unique item
ok 75 - bow recipe consumes exact wood fiber stone and creates a unique item
  ---
  duration_ms: 0.9159
  type: 'test'
  ...
# Subtest: insufficient material on any ingredient causes no partial charge
ok 76 - insufficient material on any ingredient causes no partial charge
  ---
  duration_ms: 1.6231
  type: 'test'
  ...
# Subtest: longbow requires original bow then keeps it and charges exact components
ok 77 - longbow requires original bow then keeps it and charges exact components
  ---
  duration_ms: 0.6866
  type: 'test'
  ...
# Subtest: craft duplicate id never charges twice and changed content is refused
ok 78 - craft duplicate id never charges twice and changed content is refused
  ---
  duration_ms: 1.3755
  type: 'test'
  ...
# Subtest: gem crafting charges correct actual material and currency balances
ok 79 - gem crafting charges correct actual material and currency balances
  ---
  duration_ms: 0.3564
  type: 'test'
  ...
# Subtest: gem capacity, ore and coin refusals are atomic
ok 80 - gem capacity, ore and coin refusals are atomic
  ---
  duration_ms: 0.8796
  type: 'test'
  ...
# Subtest: socket requires actual outdoor workbench and loose gem
ok 81 - socket requires actual outdoor workbench and loose gem
  ---
  duration_ms: 1.964
  type: 'test'
  ...
# Subtest: fitting replacing reclaiming preserves total gem quantities
ok 82 - fitting replacing reclaiming preserves total gem quantities
  ---
  duration_ms: 0.509
  type: 'test'
  ...
# Subtest: socket changes stats only for currently equipped weapon
ok 83 - socket changes stats only for currently equipped weapon
  ---
  duration_ms: 0.4541
  type: 'test'
  ...
# Subtest: moonstone raises capacity without healing and removal clamps current HP
ok 84 - moonstone raises capacity without healing and removal clamps current HP
  ---
  duration_ms: 0.3333
  type: 'test'
  ...
# Subtest: socket rejects same setting, wrong slot, foreign weapon, unknown gem
ok 85 - socket rejects same setting, wrong slot, foreign weapon, unknown gem
  ---
  duration_ms: 2.2351
  type: 'test'
  ...
# Subtest: full reclaim pouch prevents swap without consuming new gem
ok 86 - full reclaim pouch prevents swap without consuming new gem
  ---
  duration_ms: 1.8712
  type: 'test'
  ...
# Subtest: socket duplicate cannot charge, reclaim or alter stats twice
ok 87 - socket duplicate cannot charge, reclaim or alter stats twice
  ---
  duration_ms: 0.6315
  type: 'test'
  ...
# Subtest: range entry checks workshop proximity and prepared character
ok 88 - range entry checks workshop proximity and prepared character
  ---
  duration_ms: 1.5561
  type: 'test'
  ...
# Subtest: range collision bounds and pillars affect real walking
ok 89 - range collision bounds and pillars affect real walking
  ---
  duration_ms: 0.8006
  type: 'test'
  ...
# Subtest: range path routes around a pillar, not through it
ok 90 - range path routes around a pillar, not through it
  ---
  duration_ms: 3.3641
  type: 'test'
  ...
# Subtest: range south exit requires proximity and restores workshop position
ok 91 - range south exit requires proximity and restores workshop position
  ---
  duration_ms: 1.1576
  type: 'test'
  ...
# Subtest: save inside court restores outside without unfinished arrows or round
ok 92 - save inside court restores outside without unfinished arrows or round
  ---
  duration_ms: 1.1779
  type: 'test'
  ...
# Subtest: bow provides ranged profile while all previous blades keep their reach
ok 93 - bow provides ranged profile while all previous blades keep their reach
  ---
  duration_ms: 0.318
  type: 'test'
  ...
# Subtest: bows refuse village shots and blades refuse practice target attacks
ok 94 - bows refuse village shots and blades refuse practice target attacks
  ---
  duration_ms: 1.8235
  type: 'test'
  ...
# Subtest: launch spends exact stamina and damage is delayed until actual travel
ok 95 - launch spends exact stamina and damage is delayed until actual travel
  ---
  duration_ms: 3.9979
  type: 'test'
  ...
# Subtest: cooldown and low stamina refusals do not consume resources
ok 96 - cooldown and low stamina refusals do not consume resources
  ---
  duration_ms: 3.1794
  type: 'test'
  ...
# Subtest: unknown out of range and obstructed targets do not launch
ok 97 - unknown out of range and obstructed targets do not launch
  ---
  duration_ms: 2.9174
  type: 'test'
  ...
# Subtest: arrow direction is fixed and can miss a moving enemy
ok 98 - arrow direction is fixed and can miss a moving enemy
  ---
  duration_ms: 1.4257
  type: 'test'
  ...
# Subtest: damage snapshots the launch gear, not later equipped weapon
ok 99 - damage snapshots the launch gear, not later equipped weapon
  ---
  duration_ms: 1.2003
  type: 'test'
  ...
# Subtest: incoming arrow grants timed enemy awareness at current world time
ok 100 - incoming arrow grants timed enemy awareness at current world time
  ---
  duration_ms: 0.6776
  type: 'test'
  ...
# Subtest: line trace chooses first target regardless of requested target order
ok 101 - line trace chooses first target regardless of requested target order
  ---
  duration_ms: 0.1724
  type: 'test'
  ...
# Subtest: wall precedes targets behind it and already-hit ids are ignored
ok 102 - wall precedes targets behind it and already-hit ids are ignored
  ---
  duration_ms: 0.0939
  type: 'test'
  ...
# Subtest: swept segments catch a target between endpoints
ok 103 - swept segments catch a target between endpoints
  ---
  duration_ms: 0.065
  type: 'test'
  ...
# Subtest: degenerate and invalid geometry is bounded
ok 104 - degenerate and invalid geometry is bounded
  ---
  duration_ms: 0.3939
  type: 'test'
  ...
# Subtest: projectiles cross road water but not real obstacles
ok 105 - projectiles cross road water but not real obstacles
  ---
  duration_ms: 0.6634
  type: 'test'
  ...
# Subtest: mine stone and court pillars stop arrows
ok 106 - mine stone and court pillars stop arrows
  ---
  duration_ms: 0.8167
  type: 'test'
  ...
# Subtest: piercing light can hit at most two bodies and each at most once
ok 107 - piercing light can hit at most two bodies and each at most once
  ---
  duration_ms: 0.9674
  type: 'test'
  ...
# Subtest: ordinary arrow only hits first intervening target
ok 108 - ordinary arrow only hits first intervening target
  ---
  duration_ms: 1.0071
  type: 'test'
  ...
# Subtest: leaving and dying discard transient arrows
ok 109 - leaving and dying discard transient arrows
  ---
  duration_ms: 1.1747
  type: 'test'
  ...
# Subtest: no arrow follows an enemy forever
ok 110 - no arrow follows an enemy forever
  ---
  duration_ms: 1.1477
  type: 'test'
  ...
# Subtest: a fired arrow reaching zero HP creates one ordinary cache and XP result
ok 111 - a fired arrow reaching zero HP creates one ordinary cache and XP result
  ---
  duration_ms: 1.2106
  type: 'test'
  ...
# Subtest: target motion is reproducible and only the sun moves
ok 112 - target motion is reproducible and only the sun moves
  ---
  duration_ms: 0.1826
  type: 'test'
  ...
# Subtest: round requires range and bow and cannot restart a running clock
ok 113 - round requires range and bow and cannot restart a running clock
  ---
  duration_ms: 2.2622
  type: 'test'
  ...
# Subtest: practice arrows hit real targets without XP harm defeat or loot
ok 114 - practice arrows hit real targets without XP harm defeat or loot
  ---
  duration_ms: 1.0785
  type: 'test'
  ...
# Subtest: untimed target hits cannot mint a practice reward
ok 115 - untimed target hits cannot mint a practice reward
  ---
  duration_ms: 0.3837
  type: 'test'
  ...
# Subtest: known-answer six hits award one medal five coins one amber
ok 116 - known-answer six hits award one medal five coins one amber
  ---
  duration_ms: 0.4845
  type: 'test'
  ...
# Subtest: repeated completed rounds improve best but never pay again
ok 117 - repeated completed rounds improve best but never pay again
  ---
  duration_ms: 0.3875
  type: 'test'
  ...
# Subtest: longer round preserves faster recorded time
ok 118 - longer round preserves faster recorded time
  ---
  duration_ms: 0.4029
  type: 'test'
  ...
# Subtest: partial hits and timeout have no reward; new round starts empty
ok 119 - partial hits and timeout have no reward; new round starts empty
  ---
  duration_ms: 5.1101
  type: 'test'
  ...
# Subtest: pause freezes timer projectile and moving target
ok 120 - pause freezes timer projectile and moving target
  ---
  duration_ms: 2.1447
  type: 'test'
  ...
# Subtest: daylight adjustment does not advance practice clock
ok 121 - daylight adjustment does not advance practice clock
  ---
  duration_ms: 0.5168
  type: 'test'
  ...
# Subtest: round stop preserves prior medal and clears arrows
ok 122 - round stop preserves prior medal and clears arrows
  ---
  duration_ms: 1.9634
  type: 'test'
  ...
# Subtest: reward overflow does not mark medal or partly pay
ok 123 - reward overflow does not mark medal or partly pay
  ---
  duration_ms: 0.7985
  type: 'test'
  ...
# Subtest: saved medal sockets and health validate in a cold restart
ok 124 - saved medal sockets and health validate in a cold restart
  ---
  duration_ms: 1.3615
  type: 'test'
  ...
# Subtest: equipped amber modifies actual fox damage, unequipped amber does not
ok 125 - equipped amber modifies actual fox damage, unequipped amber does not
  ---
  duration_ms: 1.0895
  type: 'test'
  ...
# Subtest: Realm08 world migrates to current schema without changing supported content
ok 126 - Realm08 world migrates to current schema without changing supported content
  ---
  duration_ms: 186.2883
  type: 'test'
  ...
# Subtest: fresh beacon contains no earned alignment or free story completion
ok 127 - fresh beacon contains no earned alignment or free story completion
  ---
  duration_ms: 0.7641
  type: 'test'
  ...
# Subtest: beacon import rejects version
ok 128 - beacon import rejects version
  ---
  duration_ms: 0.4608
  type: 'test'
  ...
# Subtest: beacon import rejects missingSoul
ok 129 - beacon import rejects missingSoul
  ---
  duration_ms: 0.292
  type: 'test'
  ...
# Subtest: beacon import rejects badStatus
ok 130 - beacon import rejects badStatus
  ---
  duration_ms: 0.2264
  type: 'test'
  ...
# Subtest: beacon import rejects badCounts
ok 131 - beacon import rejects badCounts
  ---
  duration_ms: 0.1746
  type: 'test'
  ...
# Subtest: beacon import rejects unknownRoute
ok 132 - beacon import rejects unknownRoute
  ---
  duration_ms: 0.1271
  type: 'test'
  ...
# Subtest: beacon import rejects unearnedCompletion
ok 133 - beacon import rejects unearnedCompletion
  ---
  duration_ms: 0.1429
  type: 'test'
  ...
# Subtest: beacon import rejects rewardEarly
ok 134 - beacon import rejects rewardEarly
  ---
  duration_ms: 0.1729
  type: 'test'
  ...
# Subtest: beacon import rejects graceEarly
ok 135 - beacon import rejects graceEarly
  ---
  duration_ms: 0.1962
  type: 'test'
  ...
# Subtest: beacon import rejects negativeRadiance
ok 136 - beacon import rejects negativeRadiance
  ---
  duration_ms: 0.156
  type: 'test'
  ...
# Subtest: beacon import rejects corruptionNoHistory
ok 137 - beacon import rejects corruptionNoHistory
  ---
  duration_ms: 0.1255
  type: 'test'
  ...
# Subtest: beacon import rejects falsePower
ok 138 - beacon import rejects falsePower
  ---
  duration_ms: 0.0889
  type: 'test'
  ...
# Subtest: beacon import rejects fakeScar
ok 139 - beacon import rejects fakeScar
  ---
  duration_ms: 0.1074
  type: 'test'
  ...
# Subtest: beacon import rejects duplicatedScars
ok 140 - beacon import rejects duplicatedScars
  ---
  duration_ms: 0.1018
  type: 'test'
  ...
# Subtest: beacon import rejects unearnedRelic
ok 141 - beacon import rejects unearnedRelic
  ---
  duration_ms: 0.1132
  type: 'test'
  ...
# Subtest: beacon import rejects nonintegerAttempts
ok 142 - beacon import rejects nonintegerAttempts
  ---
  duration_ms: 0.1175
  type: 'test'
  ...
# Subtest: beacon opening requires story and physical scene
ok 143 - beacon opening requires story and physical scene
  ---
  duration_ms: 16.4789
  type: 'test'
  ...
# Subtest: answer at beacon settles an unreported chapter II exactly once
ok 144 - answer at beacon settles an unreported chapter II exactly once
  ---
  duration_ms: 4.9237
  type: 'test'
  ...
# Subtest: arrival has three actual valid paths and does not start combat automatically
ok 145 - arrival has three actual valid paths and does not start combat automatically
  ---
  duration_ms: 6.1901
  type: 'test'
  ...
# Subtest: cannot accept Grace or start battle during the descent
ok 146 - cannot accept Grace or start battle during the descent
  ---
  duration_ms: 4.7491
  type: 'test'
  ...
# Subtest: Grace is optional and a deliberate single claim
ok 147 - Grace is optional and a deliberate single claim
  ---
  duration_ms: 5.9205
  type: 'test'
  ...
# Subtest: first defense can start without accepting a Grace
ok 148 - first defense can start without accepting a Grace
  ---
  duration_ms: 6.0583
  type: 'test'
  ...
# Subtest: new events never insert their IDs into ordinary defeat or cache persistence
ok 149 - new events never insert their IDs into ordinary defeat or cache persistence
  ---
  duration_ms: 5.3506
  type: 'test'
  ...
# Subtest: complete waves opens exactly one reward, replaying request cannot double pay
ok 150 - complete waves opens exactly one reward, replaying request cannot double pay
  ---
  duration_ms: 53.5198
  type: 'test'
  ...
# Subtest: full pouch refuses defense reward atomically
ok 151 - full pouch refuses defense reward atomically
  ---
  duration_ms: 127.6289
  type: 'test'
  ...
# Subtest: ordinary failure is recoverable and protects completed content
ok 152 - ordinary failure is recoverable and protects completed content
  ---
  duration_ms: 9.0006
  type: 'test'
  ...
# Subtest: withdrawal loses the encounter but a reload does not invent a win
ok 153 - withdrawal loses the encounter but a reload does not invent a win
  ---
  duration_ms: 6.7328
  type: 'test'
  ...
# Subtest: pause stops arrival movement, enemy windups, ward and timers
ok 154 - pause stops arrival movement, enemy windups, ward and timers
  ---
  duration_ms: 8.3716
  type: 'test'
  ...
# Subtest: repair spends actual stamina, obeys position cooldown and maximum
ok 155 - repair spends actual stamina, obeys position cooldown and maximum
  ---
  duration_ms: 15.3001
  type: 'test'
  ...
# Subtest: Oren repairs, Mara reveals and Ilan replenishes stamina on active schedules
ok 156 - Oren repairs, Mara reveals and Ilan replenishes stamina on active schedules
  ---
  duration_ms: 5.7091
  type: 'test'
  ...
# Subtest: passive presence is not a guaranteed defense win
ok 157 - passive presence is not a guaranteed defense win
  ---
  duration_ms: 69.6068
  type: 'test'
  ...
# Subtest: attempt cap refuses before healing or spending resources
ok 158 - attempt cap refuses before healing or spending resources
  ---
  duration_ms: 14.0255
  type: 'test'
  ...
# Subtest: cinder is an explicit exclusive choice and acceptance does not corrupt
ok 159 - cinder is an explicit exclusive choice and acceptance does not corrupt
  ---
  duration_ms: 71.4546
  type: 'test'
  ...
# Subtest: sealing a cinder imposes neither power nor corruption
ok 160 - sealing a cinder imposes neither power nor corruption
  ---
  duration_ms: 59.6089
  type: 'test'
  ...
# Subtest: replay rewards and failures cannot damage a completed chapter
ok 161 - replay rewards and failures cannot damage a completed chapter
  ---
  duration_ms: 72.6885
  type: 'test'
  ...
# Subtest: future route records do not teleport or unlock nonexistent geography
ok 162 - future route records do not teleport or unlock nonexistent geography
  ---
  duration_ms: 84.2954
  type: 'test'
  ...
# Subtest: target cycling is nearest-first, reversible and never starts attacking
ok 163 - target cycling is nearest-first, reversible and never starts attacking
  ---
  duration_ms: 3.3406
  type: 'test'
  ...
# Subtest: hidden dead and very distant targets are not selectable
ok 164 - hidden dead and very distant targets are not selectable
  ---
  duration_ms: 8.7731
  type: 'test'
  ...
# Subtest: autoattack repeatedly uses real cooldowns without moving the player
ok 165 - autoattack repeatedly uses real cooldowns without moving the player
  ---
  duration_ms: 8.3727
  type: 'test'
  ...
# Subtest: out of range autoattack waits rather than walking or spending stamina
ok 166 - out of range autoattack waits rather than walking or spending stamina
  ---
  duration_ms: 4.0507
  type: 'test'
  ...
# Subtest: selected target death stops autoattack instead of pulling a new foe
ok 167 - selected target death stops autoattack instead of pulling a new foe
  ---
  duration_ms: 12.2376
  type: 'test'
  ...
# Subtest: clear target, scene changes and restart never retain autoattack
ok 168 - clear target, scene changes and restart never retain autoattack
  ---
  duration_ms: 4.2631
  type: 'test'
  ...
# Subtest: Brace halves guarded damage for its actual timed window
ok 169 - Brace halves guarded damage for its actual timed window
  ---
  duration_ms: 5.2691
  type: 'test'
  ...
# Subtest: Brace refuses insufficient stamina without charging a cooldown
ok 170 - Brace refuses insufficient stamina without charging a cooldown
  ---
  duration_ms: 3.9568
  type: 'test'
  ...
# Subtest: Briar reveals a cloaked foe, exposes and interrupts a locked windup
ok 171 - Briar reveals a cloaked foe, exposes and interrupts a locked windup
  ---
  duration_ms: 4.8179
  type: 'test'
  ...
# Subtest: Briar Stay prevents the companion skill
ok 172 - Briar Stay prevents the companion skill
  ---
  duration_ms: 7.0755
  type: 'test'
  ...
# Subtest: Aegis is a finite barrier, not immortality, and needs accepted Grace
ok 173 - Aegis is a finite barrier, not immortality, and needs accepted Grace
  ---
  duration_ms: 10.7257
  type: 'test'
  ...
# Subtest: Cinder health cost is nonlethal and its scar is persistent but not repeated
ok 174 - Cinder health cost is nonlethal and its scar is persistent but not repeated
  ---
  duration_ms: 81.0795
  type: 'test'
  ...
# Subtest: renouncing the cinder removes power and present corruption, not its history
ok 175 - renouncing the cinder removes power and present corruption, not its history
  ---
  duration_ms: 96.1219
  type: 'test'
  ...
# Subtest: choice switching never grants damage by itself or silently starts PvP
ok 176 - choice switching never grants damage by itself or silently starts PvP
  ---
  duration_ms: 8.417
  type: 'test'
  ...
# Subtest: mutation receipts protect identical retries and reject changed choices
ok 177 - mutation receipts protect identical retries and reject changed choices
  ---
  duration_ms: 7.1203
  type: 'test'
  ...
# Subtest: first target selected after a scene change survives the next tick
ok 178 - first target selected after a scene change survives the next tick
  ---
  duration_ms: 5.089
  type: 'test'
  ...
# Subtest: rail eligibility preserves every reviewed bridge transform, color and mesh
ok 179 - rail eligibility preserves every reviewed bridge transform, color and mesh
  ---
  duration_ms: 6.2965
  type: 'test'
  ...
# Subtest: rail visibility uniform resets per batch and remains off in reflection, other realms and off-span
ok 180 - rail visibility uniform resets per batch and remains off in reflection, other realms and off-span
  ---
  duration_ms: 1.3809
  type: 'test'
  ...
# Subtest: bridge floor is a continuous narrow supported corridor; flanking water rejects movement and picking
ok 181 - bridge floor is a continuous narrow supported corridor; flanking water rejects movement and picking
  ---
  duration_ms: 410.4481
  type: 'test'
  ...
# Subtest: fresh and returning movement crosses both banks and retains canonical ownership
ok 182 - fresh and returning movement crosses both banks and retains canonical ownership
  ---
  duration_ms: 68.483
  type: 'test'
  ...
# Subtest: bridge pieces respect finite budgets, floor, open rails and per-pier water contact
ok 183 - bridge pieces respect finite budgets, floor, open rails and per-pier water contact
  ---
  duration_ms: 1.1723
  type: 'test'
  ...
# Subtest: vault is actual finite open elliptic geometry, not a filled box or floating ring
ok 184 - vault is actual finite open elliptic geometry, not a filled box or floating ring
  ---
  duration_ms: 2.6437
  type: 'test'
  ...
# Subtest: Earth submits the bridge instead of terrain columns inside its water span
ok 185 - Earth submits the bridge instead of terrain columns inside its water span
  ---
  duration_ms: 44.5649
  type: 'test'
  ...
# Subtest: asymmetric mountain mesh is bounded finite original ground rather than cone peaks
ok 186 - asymmetric mountain mesh is bounded finite original ground rather than cone peaks
  ---
  duration_ms: 19.144
  type: 'test'
  ...
# Subtest: world cloud basis preserves the exact reflected VP horizontal handedness in both cameras
ok 187 - world cloud basis preserves the exact reflected VP horizontal handedness in both cameras
  ---
  duration_ms: 2.6023
  type: 'test'
  ...
# Subtest: rock skirt has outward finite faces, a straight upper seam and submerged irregular lower edge
ok 188 - rock skirt has outward finite faces, a straight upper seam and submerged irregular lower edge
  ---
  duration_ms: 1.8978
  type: 'test'
  ...
# Subtest: actual shoreline world triangles leave vaults and supported walking floor clear without fake flat ground
ok 189 - actual shoreline world triangles leave vaults and supported walking floor clear without fake flat ground
  ---
  duration_ms: 34.8669
  type: 'test'
  ...
# Subtest: mountain spacing leaves three receding layers and fits the existing scenery budget
ok 190 - mountain spacing leaves three receding layers and fits the existing scenery budget
  ---
  duration_ms: 0.5026
  type: 'test'
  ...
# Subtest: global/CommonJS expose only a frozen pure planner
ok 191 - global/CommonJS expose only a frozen pure planner
  ---
  duration_ms: 3.7653
  type: 'test'
  ...
# Subtest: actual Hearthwater and Coastward midpoint plans retain the existing adventure framing
ok 192 - actual Hearthwater and Coastward midpoint plans retain the existing adventure framing
  ---
  duration_ms: 0.952
  type: 'test'
  ...
# Subtest: all actual diorama styles retain half nine and relative zoom without switching preset or FOV
ok 193 - all actual diorama styles retain half nine and relative zoom without switching preset or FOV
  ---
  duration_ms: 1.2208
  type: 'test'
  ...
# Subtest: canonical bank joins remain frameable at each actual deck end
ok 194 - canonical bank joins remain frameable at each actual deck end
  ---
  duration_ms: 0.3314
  type: 'test'
  ...
# Subtest: supported ground just beyond each deck refuses framing rather than extending bridge identity
ok 195 - supported ground just beyond each deck refuses framing rather than extending bridge identity
  ---
  duration_ms: 0.2872
  type: 'test'
  ...
# Subtest: Hearthwater physical foot support rejects the visible-deck fringe and retains valid inner edge
ok 196 - Hearthwater physical foot support rejects the visible-deck fringe and retains valid inner edge
  ---
  duration_ms: 0.3004
  type: 'test'
  ...
# Subtest: Coastward framing obeys actual full-actor rail exclusion even inside the supported patch
ok 197 - Coastward framing obeys actual full-actor rail exclusion even inside the supported patch
  ---
  duration_ms: 0.6701
  type: 'test'
  ...
# Subtest: actual supported off-bridge work and roads refuse without any planned camera fields
ok 198 - actual supported off-bridge work and roads refuse without any planned camera fields
  ---
  duration_ms: 0.2928
  type: 'test'
  ...
# Subtest: synthetic malformed input/presets/diving/base widths refuse with fresh readable results
ok 199 - synthetic malformed input/presets/diving/base widths refuse with fresh readable results
  ---
  duration_ms: 0.4062
  type: 'test'
  ...
# Subtest: plans ignore health and extra authority objects, preserve frozen inputs and return fresh views
ok 200 - plans ignore health and extra authority objects, preserve frozen inputs and return fresh views
  ---
  duration_ms: 0.613
  type: 'test'
  ...
# Subtest: synthetic missing/malformed canonical data refuse safely before exposing a view
ok 201 - synthetic missing/malformed canonical data refuse safely before exposing a view
  ---
  duration_ms: 3.1738
  type: 'test'
  ...
# Subtest: per-view preferences roundtrip without changing progression or creative content
ok 202 - per-view preferences roundtrip without changing progression or creative content
  ---
  duration_ms: 5.8601
  type: 'test'
  ...
# Subtest: old camera preferences acquire empty view memory and keep their selected mode
ok 203 - old camera preferences acquire empty view memory and keep their selected mode
  ---
  duration_ms: 0.8197
  type: 'test'
  ...
# Subtest: invalid optional view profiles cannot inject nonfinite camera state or discard valid peers
ok 204 - invalid optional view profiles cannot inject nonfinite camera state or discard valid peers
  ---
  duration_ms: 0.6336
  type: 'test'
  ...
# Subtest: unknown view-memory versions fall back while keeping ordinary settings and saves
ok 205 - unknown view-memory versions fall back while keeping ordinary settings and saves
  ---
  duration_ms: 0.4818
  type: 'test'
  ...
# Subtest: perspective has depth and the requested vertical field of view
ok 206 - perspective has depth and the requested vertical field of view
  ---
  duration_ms: 0.63
  type: 'test'
  ...
# Subtest: production picking inverts ground projection across orbit, FOV and aspect
ok 207 - production picking inverts ground projection across orbit, FOV and aspect
  ---
  duration_ms: 2.32
  type: 'test'
  ...
# Subtest: perspective sky and behind-camera points never become movement destinations
ok 208 - perspective sky and behind-camera points never become movement destinations
  ---
  duration_ms: 0.15
  type: 'test'
  ...
# Subtest: obstruction sweep pulls in before a wall, ignores a clear ray and handles a grazing near plane
ok 209 - obstruction sweep pulls in before a wall, ignores a clear ray and handles a grazing near plane
  ---
  duration_ms: 0.3732
  type: 'test'
  ...
# Subtest: perspective water reflection retains contact UV and actual world mirror
ok 210 - perspective water reflection retains contact UV and actual world mirror
  ---
  duration_ms: 0.4248
  type: 'test'
  ...
# Subtest: presentation preferences roundtrip without modifying old progression or creative state
ok 211 - presentation preferences roundtrip without modifying old progression or creative state
  ---
  duration_ms: 9.8077
  type: 'test'
  ...
# Subtest: clearance bounds preserve rotated wall extents and explicitly exclude foliage and low ground
ok 212 - clearance bounds preserve rotated wall extents and explicitly exclude foliage and low ground
  ---
  duration_ms: 0.4559
  type: 'test'
  ...
# Subtest: clearance sees opted-in dynamic construction and keeps actor batches out
ok 213 - clearance sees opted-in dynamic construction and keeps actor batches out
  ---
  duration_ms: 0.2531
  type: 'test'
  ...
# Subtest: explicit realm walls keep camera clearance below the legacy floor cutoff
ok 214 - explicit realm walls keep camera clearance below the legacy floor cutoff
  ---
  duration_ms: 0.214
  type: 'test'
  ...
# Subtest: legacy load leaves every stored byte untouched until explicit character creation
ok 215 - legacy load leaves every stored byte untouched until explicit character creation
  ---
  duration_ms: 10.4597
  type: 'test'
  ...
# Subtest: switching saves outgoing state and restores complete independent characters
ok 216 - switching saves outgoing state and restores complete independent characters
  ---
  duration_ms: 4.1696
  type: 'test'
  ...
# Subtest: quota failures never switch identity, spend state, or create partial slots
ok 217 - quota failures never switch identity, spend state, or create partial slots
  ---
  duration_ms: 3.6111
  type: 'test'
  ...
# Subtest: imports copy a validated character into a new slot and full capacity is atomic
ok 218 - imports copy a validated character into a new slot and full capacity is atomic
  ---
  duration_ms: 2.9923
  type: 'test'
  ...
# Subtest: deletion requires the exact inactive target name and never reuses its identity
ok 219 - deletion requires the exact inactive target name and never reuses its identity
  ---
  duration_ms: 2.0708
  type: 'test'
  ...
# Subtest: stale UI revisions and external storage changes refuse mutations
ok 220 - stale UI revisions and external storage changes refuse mutations
  ---
  duration_ms: 1.4936
  type: 'test'
  ...
# Subtest: a present corrupt library cannot silently restore or overwrite an old world
ok 221 - a present corrupt library cannot silently restore or overwrite an old world
  ---
  duration_ms: 0.2359
  type: 'test'
  ...
# Subtest: managed writes require ownership of the browser editing lock
ok 222 - managed writes require ownership of the browser editing lock
  ---
  duration_ms: 0.9897
  type: 'test'
  ...
# Subtest: a legacy tab detects another writer before save, migration, or explicit replacement
ok 223 - a legacy tab detects another writer before save, migration, or explicit replacement
  ---
  duration_ms: 0.5956
  type: 'test'
  ...
# Subtest: invalid imported state and invalid library identities reject before any write
ok 224 - invalid imported state and invalid library identities reject before any write
  ---
  duration_ms: 2.5196
  type: 'test'
  ...
# Subtest: failed legacy replacement retains the loaded runtime and original bytes
ok 225 - failed legacy replacement retains the loaded runtime and original bytes
  ---
  duration_ms: 0.7068
  type: 'test'
  ...
# Subtest: editing lock is held until release and a competing owner must retry explicitly
ok 226 - editing lock is held until release and a competing owner must retry explicitly
  ---
  duration_ms: 3.9175
  type: 'test'
  ...
# Subtest: version6 migrates to current schema with no inferred class and all banked XP intact
ok 227 - version6 migrates to current schema with no inferred class and all banked XP intact
  ---
  duration_ms: 17.2949
  type: 'test'
  ...
# Subtest: class choice requires kit, proximity, known ID and explicit confirmation atomically
ok 228 - class choice requires kit, proximity, known ID and explicit confirmation atomically
  ---
  duration_ms: 13.3995
  type: 'test'
  ...
# Subtest: hunter is deliberate, one-time, reloadable and grants no gear/history/XP
ok 229 - hunter is deliberate, one-time, reloadable and grants no gear/history/XP
  ---
  duration_ms: 2.9422
  type: 'test'
  ...
# Subtest: magician is deliberate, one-time, reloadable and grants no gear/history/XP
ok 230 - magician is deliberate, one-time, reloadable and grants no gear/history/XP
  ---
  duration_ms: 6.2293
  type: 'test'
  ...
# Subtest: invalid class state and impossible unstarted class are refused
ok 231 - invalid class state and impossible unstarted class are refused
  ---
  duration_ms: 0.8452
  type: 'test'
  ...
# Subtest: technique refuses unassigned, wrong scene, pause, death and absent target
ok 232 - technique refuses unassigned, wrong scene, pause, death and absent target
  ---
  duration_ms: 9.1057
  type: 'test'
  ...
# Subtest: hunter validates range, LOS, stamina and durable cooldown before paying
ok 233 - hunter validates range, LOS, stamina and durable cooldown before paying
  ---
  duration_ms: 7.3763
  type: 'test'
  ...
# Subtest: magician validates range, LOS, stamina and durable cooldown before paying
ok 234 - magician validates range, LOS, stamina and durable cooldown before paying
  ---
  duration_ms: 5.1301
  type: 'test'
  ...
# Subtest: hunter marks without a hit and only the next actual blade impact gains bounded damage
ok 235 - hunter marks without a hit and only the next actual blade impact gains bounded damage
  ---
  duration_ms: 1.3762
  type: 'test'
  ...
# Subtest: hunter mark is not consumed by another target, companion or soul damage
ok 236 - hunter mark is not consumed by another target, companion or soul damage
  ---
  duration_ms: 2.6826
  type: 'test'
  ...
# Subtest: bow mark follows swept collision, with no payout on a missed arrow
ok 237 - bow mark follows swept collision, with no payout on a missed arrow
  ---
  duration_ms: 3.1441
  type: 'test'
  ...
# Subtest: an obstructed arrow cannot consume mark or make confirmed-hit feedback
ok 238 - an obstructed arrow cannot consume mark or make confirmed-hit feedback
  ---
  duration_ms: 0.9616
  type: 'test'
  ...
# Subtest: marks expire and cannot cross scene, run identity or reload
ok 239 - marks expire and cannot cross scene, run identity or reload
  ---
  duration_ms: 2.3438
  type: 'test'
  ...
# Subtest: magician creates one actual damage event, faces target and never spawns an arrow
ok 240 - magician creates one actual damage event, faces target and never spawns an arrow
  ---
  duration_ms: 0.9513
  type: 'test'
  ...
# Subtest: class techniques do not earn the archery medal and leave weapon family free
ok 241 - class techniques do not earn the archery medal and leave weapon family free
  ---
  duration_ms: 2.9266
  type: 'test'
  ...
# Subtest: Coastward skirts are bounded deterministic static instances in one shared mesh kind
ok 242 - Coastward skirts are bounded deterministic static instances in one shared mesh kind
  ---
  duration_ms: 41.3854
  type: 'test'
  ...
# Subtest: every actual upper seam meets rendered grass underside on a real exposed union boundary
ok 243 - every actual upper seam meets rendered grass underside on a real exposed union boundary
  ---
  duration_ms: 13.4389
  type: 'test'
  ...
# Subtest: actual skirt triangles remain below every supported foot plane and sink all lower edge vertices
ok 244 - actual skirt triangles remain below every supported foot plane and sink all lower edge vertices
  ---
  duration_ms: 16.0892
  type: 'test'
  ...
# Subtest: all exposed surface normals retain their positive outward and upward orientation after transformation
ok 245 - all exposed surface normals retain their positive outward and upward orientation after transformation
  ---
  duration_ms: 5.9005
  type: 'test'
  ...
# Subtest: bridge sides remain open and all actual full-body routes stay above decorative geometry
ok 246 - bridge sides remain open and all actual full-body routes stay above decorative geometry
  ---
  duration_ms: 795.2615
  type: 'test'
  ...
# Subtest: normal submission adds skirts only to Coastward and never changes canonical definitions or saves
ok 247 - normal submission adds skirts only to Coastward and never changes canonical definitions or saves
  ---
  duration_ms: 106.2715
  type: 'test'
  ...
# Subtest: joining and subdividing equal-height source cells introduces no interior skirt or duplicate seam
ok 248 - joining and subdividing equal-height source cells introduces no interior skirt or duplicate seam
  ---
  duration_ms: 0.5637
  type: 'test'
  ...
# Subtest: the new woodland floor is actual traversable ground linking both original lanes
ok 249 - the new woodland floor is actual traversable ground linking both original lanes
  ---
  duration_ms: 8.6048
  type: 'test'
  ...
# Subtest: smooth bank surface vertices share normals across triangle joins without changing the old rock mesh
ok 250 - smooth bank surface vertices share normals across triangle joins without changing the old rock mesh
  ---
  duration_ms: 2.1032
  type: 'test'
  ...
# Subtest: only existing channel posts and four approach lamps join the main-view cutaway aperture
ok 251 - only existing channel posts and four approach lamps join the main-view cutaway aperture
  ---
  duration_ms: 96.9812
  type: 'test'
  ...
# Subtest: browser and CommonJS expose the same pure interface without foreign global mutation
ok 252 - browser and CommonJS expose the same pure interface without foreign global mutation
  ---
  duration_ms: 2.7507
  type: 'test'
  ...
# Subtest: all three canonical buildings have bounded deterministic original exterior parts
ok 253 - all three canonical buildings have bounded deterministic original exterior parts
  ---
  duration_ms: 14.0962
  type: 'test'
  ...
# Subtest: roof shells and framing follow actual parent extents and meet the roof profile
ok 254 - roof shells and framing follow actual parent extents and meet the roof profile
  ---
  duration_ms: 1.3302
  type: 'test'
  ...
# Subtest: timber matrices are positive orthonormal and local grain meets declared endpoints
ok 255 - timber matrices are positive orthonormal and local grain meets declared endpoints
  ---
  duration_ms: 2.4557
  type: 'test'
  ...
# Subtest: body-height facade stays within existing collision clearance, eaves remain overhead
ok 256 - body-height facade stays within existing collision clearance, eaves remain overhead
  ---
  duration_ms: 15.3787
  type: 'test'
  ...
# Subtest: actual emitted geometry leaves all authored public routes and task actors clear
ok 257 - actual emitted geometry leaves all authored public routes and task actors clear
  ---
  duration_ms: 453.1054
  type: 'test'
  ...
# Subtest: all opaque dressing inherits house cutaway tags without camera or body authority
ok 258 - all opaque dressing inherits house cutaway tags without camera or body authority
  ---
  duration_ms: 1.6528
  type: 'test'
  ...
# Subtest: changed parent positions and supplied floor heights move dressing rather than hard-code geography
ok 259 - changed parent positions and supplied floor heights move dressing rather than hard-code geography
  ---
  duration_ms: 2.5257
  type: 'test'
  ...
# Subtest: decoration writes only computed geometry and leaves definitions and simulation untouched
ok 260 - decoration writes only computed geometry and leaves definitions and simulation untouched
  ---
  duration_ms: 3.6439
  type: 'test'
  ...
# Subtest: malformed parents or height refuse before any writer mutation
ok 261 - malformed parents or height refuse before any writer mutation
  ---
  duration_ms: 2.764
  type: 'test'
  ...
# Subtest: isolated global/CommonJS expose only the frozen pure woodland API
ok 262 - isolated global/CommonJS expose only the frozen pure woodland API
  ---
  duration_ms: 4.1038
  type: 'test'
  ...
# Subtest: ten actual parents receive deterministic mixed canopy within the total budget
ok 263 - ten actual parents receive deterministic mixed canopy within the total budget
  ---
  duration_ms: 5.841
  type: 'test'
  ...
# Subtest: every actual mesh/basis is finite, positive and parent-tagged without new camera/body authority
ok 264 - every actual mesh/basis is finite, positive and parent-tagged without new camera/body authority
  ---
  duration_ms: 54.8285
  type: 'test'
  ...
# Subtest: actual bark faces intersect the unchanged trunk while low roots stay supported and close
ok 265 - actual bark faces intersect the unchanged trunk while low roots stay supported and close
  ---
  duration_ms: 6.5874
  type: 'test'
  ...
# Subtest: rising branches meet the trunk, timber grain endpoints and opaque crown volumes
ok 266 - rising branches meet the trunk, timber grain endpoints and opaque crown volumes
  ---
  duration_ms: 5.0221
  type: 'test'
  ...
# Subtest: upper and lower crown meshes overlap into coherent crowns at the CPU rest pose
ok 267 - upper and lower crown meshes overlap into coherent crowns at the CPU rest pose
  ---
  duration_ms: 1.3595
  type: 'test'
  ...
# Subtest: all route full-body envelopes stay clear including conservative crown wind bounds
ok 268 - all route full-body envelopes stay clear including conservative crown wind bounds
  ---
  duration_ms: 55.0274
  type: 'test'
  ...
# Subtest: high opaque art clears a full actor and canopy spread stays bounded by actual parents
ok 269 - high opaque art clears a full actor and canopy spread stays bounded by actual parents
  ---
  duration_ms: 33.8515
  type: 'test'
  ...
# Subtest: reserved wind envelope matches current source path and only foliage opts in
ok 270 - reserved wind envelope matches current source path and only foliage opts in
  ---
  duration_ms: 2.5518
  type: 'test'
  ...
# Subtest: parent and supplied-height changes move every part without hard-coded coordinates
ok 271 - parent and supplied-height changes move every part without hard-coded coordinates
  ---
  duration_ms: 2.069
  type: 'test'
  ...
# Subtest: decorate appends only fresh geometry and never reads simulation/progression
ok 272 - decorate appends only fresh geometry and never reads simulation/progression
  ---
  duration_ms: 3.2034
  type: 'test'
  ...
# Subtest: missing/duplicate/malformed parents or unsupported heights refuse before writer mutation
ok 273 - missing/duplicate/malformed parents or unsupported heights refuse before writer mutation
  ---
  duration_ms: 2.5924
  type: 'test'
  ...
# Subtest: selected real-time strike and recovery status retain their actual timer without writes
ok 274 - selected real-time strike and recovery status retain their actual timer without writes
  ---
  duration_ms: 19.316
  type: 'test'
  ...
# Subtest: owner-aware warning charge
ok 275 - owner-aware warning charge
  ---
  duration_ms: 1.092
  type: 'test'
  ...
# Subtest: owner-aware warning bell-outer
ok 276 - owner-aware warning bell-outer
  ---
  duration_ms: 0.6554
  type: 'test'
  ...
# Subtest: owner-aware warning bell-inner
ok 277 - owner-aware warning bell-inner
  ---
  duration_ms: 0.4774
  type: 'test'
  ...
# Subtest: owner-aware warning ward
ok 278 - owner-aware warning ward
  ---
  duration_ms: 0.5363
  type: 'test'
  ...
# Subtest: owner-aware warning strike
ok 279 - owner-aware warning strike
  ---
  duration_ms: 0.475
  type: 'test'
  ...
# Subtest: active charge is untimed and distinct from its preceding warning and later opening
ok 280 - active charge is untimed and distinct from its preceding warning and later opening
  ---
  duration_ms: 0.4424
  type: 'test'
  ...
# Subtest: clears cue at idle
ok 281 - clears cue at idle
  ---
  duration_ms: 0.3829
  type: 'test'
  ...
# Subtest: clears cue at pursue
ok 282 - clears cue at pursue
  ---
  duration_ms: 1.0025
  type: 'test'
  ...
# Subtest: clears cue at return
ok 283 - clears cue at return
  ---
  duration_ms: 0.5817
  type: 'test'
  ...
# Subtest: clears cue at practice
ok 284 - clears cue at practice
  ---
  duration_ms: 0.3614
  type: 'test'
  ...
# Subtest: clears cue at hidden
ok 285 - clears cue at hidden
  ---
  duration_ms: 0.3676
  type: 'test'
  ...
# Subtest: clears cue at defeated
ok 286 - clears cue at defeated
  ---
  duration_ms: 0.3716
  type: 'test'
  ...
# Subtest: clears cue at unselected
ok 287 - clears cue at unselected
  ---
  duration_ms: 0.3661
  type: 'test'
  ...
# Subtest: clears cue at far
ok 288 - clears cue at far
  ---
  duration_ms: 0.3709
  type: 'test'
  ...
# Subtest: clears cue at paused
ok 289 - clears cue at paused
  ---
  duration_ms: 0.3435
  type: 'test'
  ...
# Subtest: clears cue at dead-player
ok 290 - clears cue at dead-player
  ---
  duration_ms: 0.3573
  type: 'test'
  ...
# Subtest: clears cue at noncombat
ok 291 - clears cue at noncombat
  ---
  duration_ms: 0.3933
  type: 'test'
  ...
# Subtest: clears cue at invalid-timer
ok 292 - clears cue at invalid-timer
  ---
  duration_ms: 0.3699
  type: 'test'
  ...
# Subtest: clears cue at expired-timer
ok 293 - clears cue at expired-timer
  ---
  duration_ms: 0.3955
  type: 'test'
  ...
# Subtest: clears cue at unknown-ring
ok 294 - clears cue at unknown-ring
  ---
  duration_ms: 0.3455
  type: 'test'
  ...
# Subtest: clears cue at missing-aim
ok 295 - clears cue at missing-aim
  ---
  duration_ms: 0.9039
  type: 'test'
  ...
# Subtest: clears cue at unknown-charge
ok 296 - clears cue at unknown-charge
  ---
  duration_ms: 0.4431
  type: 'test'
  ...
# Subtest: clears cue at unknown-owner
ok 297 - clears cue at unknown-owner
  ---
  duration_ms: 0.4086
  type: 'test'
  ...
# Subtest: clears cue at invalid-event-kind
ok 298 - clears cue at invalid-event-kind
  ---
  duration_ms: 0.3473
  type: 'test'
  ...
# Subtest: clears cue at invalid-bell-kind
ok 299 - clears cue at invalid-bell-kind
  ---
  duration_ms: 0.345
  type: 'test'
  ...
# Subtest: opening cue never promises weapon readiness across reach, stamina or obstruction
ok 300 - opening cue never promises weapon readiness across reach, stamina or obstruction
  ---
  duration_ms: 1.0213
  type: 'test'
  ...
# Subtest: blade anticipates then repeatedly hits at its actual cadence, without walking
ok 301 - blade anticipates then repeatedly hits at its actual cadence, without walking
  ---
  duration_ms: 60.914
  type: 'test'
  ...
# Subtest: bow anticipates then repeatedly hits at its actual cadence, without walking
ok 302 - bow anticipates then repeatedly hits at its actual cadence, without walking
  ---
  duration_ms: 12.4581
  type: 'test'
  ...
# Subtest: pending attack cancels on stop
ok 303 - pending attack cancels on stop
  ---
  duration_ms: 1.7374
  type: 'test'
  ...
# Subtest: pending attack cancels on range
ok 304 - pending attack cancels on range
  ---
  duration_ms: 3.0036
  type: 'test'
  ...
# Subtest: pending attack cancels on target
ok 305 - pending attack cancels on target
  ---
  duration_ms: 1.0739
  type: 'test'
  ...
# Subtest: pending attack cancels on pause
ok 306 - pending attack cancels on pause
  ---
  duration_ms: 0.8493
  type: 'test'
  ...
# Subtest: pending attack cancels on death
ok 307 - pending attack cancels on death
  ---
  duration_ms: 1.941
  type: 'test'
  ...
# Subtest: blocked arrow has no confirmed hit number or hit reaction
ok 308 - blocked arrow has no confirmed hit number or hit reaction
  ---
  duration_ms: 1.4969
  type: 'test'
  ...
# Subtest: projectile that misses moving target cannot create confirmed feedback
ok 309 - projectile that misses moving target cannot create confirmed feedback
  ---
  duration_ms: 3.8575
  type: 'test'
  ...
# Subtest: confirmed hit stamps the damaged target once and scene change clears transient feedback
ok 310 - confirmed hit stamps the damaged target once and scene change clears transient feedback
  ---
  duration_ms: 2.0818
  type: 'test'
  ...
# Subtest: isolated browser global and CommonJS expose the same bounded pure API
ok 311 - isolated browser global and CommonJS expose the same bounded pure API
  ---
  duration_ms: 4.8446
  type: 'test'
  ...
# Subtest: gait phase follows actual displacement and is independent of sampling subdivision/speed
ok 312 - gait phase follows actual displacement and is independent of sampling subdivision/speed
  ---
  duration_ms: 0.7988
  type: 'test'
  ...
# Subtest: stationary blocked intent cannot trot and stopping settles without advancing stride
ok 313 - stationary blocked intent cannot trot and stopping settles without advancing stride
  ---
  duration_ms: 0.7666
  type: 'test'
  ...
# Subtest: repeated samples and long pauses preserve the full pose; paused travel is consumed
ok 314 - repeated samples and long pauses preserve the full pose; paused travel is consumed
  ---
  duration_ms: 3.9875
  type: 'test'
  ...
# Subtest: scene, teleport and clock discontinuities reset gait without mutating previous samples
ok 315 - scene, teleport and clock discontinuities reset gait without mutating previous samples
  ---
  duration_ms: 0.314
  type: 'test'
  ...
# Subtest: injured unbonded Briar is completely still and has no bond collar
ok 316 - injured unbonded Briar is completely still and has no bond collar
  ---
  duration_ms: 0.9529
  type: 'test'
  ...
# Subtest: reduced motion retains all four essential legs while suppressing time-driven secondary drift
ok 317 - reduced motion retains all four essential legs while suppressing time-driven secondary drift
  ---
  duration_ms: 0.4672
  type: 'test'
  ...
# Subtest: diagonal trot has visible clearance, fixed leg lengths and no paw below supplied ground
ok 318 - diagonal trot has visible clearance, fixed leg lengths and no paw below supplied ground
  ---
  duration_ms: 5830.9652
  type: 'test'
  ...
# Subtest: actual bone transforms meet shared joints through every authored pose and placement
ok 319 - actual bone transforms meet shared joints through every authored pose and placement
  ---
  duration_ms: 19.6292
  type: 'test'
  ...
# Subtest: tail segments overlap at shared anchors and cream tip remains attached
ok 320 - tail segments overlap at shared anchors and cream tip remains attached
  ---
  duration_ms: 4.9915
  type: 'test'
  ...
# Subtest: familiar teal collar touches the neck and head details stay in a shared articulated frame
ok 321 - familiar teal collar touches the neck and head details stay in a shared articulated frame
  ---
  duration_ms: 1.8469
  type: 'test'
  ...
# Subtest: inner ear patches stay on and within the actual outer-ear front facets
ok 322 - inner ear patches stay on and within the actual outer-ear front facets
  ---
  duration_ms: 13.4252
  type: 'test'
  ...
# Subtest: all actual mesh transforms are finite, positive and bounded for all part kinds
ok 323 - all actual mesh transforms are finite, positive and bounded for all part kinds
  ---
  duration_ms: 464.2354
  type: 'test'
  ...
# Subtest: pure pose/draw never changes placement, motion, supplied state or existing output entries
ok 324 - pure pose/draw never changes placement, motion, supplied state or existing output entries
  ---
  duration_ms: 1.3446
  type: 'test'
  ...
# Subtest: invalid or mismatched actual placement refuses before any partial draw
ok 325 - invalid or mismatched actual placement refuses before any partial draw
  ---
  duration_ms: 1.2748
  type: 'test'
  ...
# Subtest: fresh world is valid and round trips
ok 326 - fresh world is valid and round trips
  ---
  duration_ms: 11.213
  type: 'test'
  ...
# Subtest: seeded world decoration is repeatable
ok 327 - seeded world decoration is repeatable
  ---
  duration_ms: 0.4166
  type: 'test'
  ...
# Subtest: water and nonfinite ground are not walkable
ok 328 - water and nonfinite ground are not walkable
  ---
  duration_ms: 1.3905
  type: 'test'
  ...
# Subtest: buildings and the spring are obstacles
ok 329 - buildings and the spring are obstacles
  ---
  duration_ms: 0.2233
  type: 'test'
  ...
# Subtest: every landmark has walkable admission
ok 330 - every landmark has walkable admission
  ---
  duration_ms: 2.6309
  type: 'test'
  ...
# Subtest: all 121 landmark routes exist and sampled segments avoid obstacles
ok 331 - all 121 landmark routes exist and sampled segments avoid obstacles
  ---
  duration_ms: 3582.9643
  type: 'test'
  ...
# Subtest: click movement arrives without overshooting
ok 332 - click movement arrives without overshooting
  ---
  duration_ms: 36.4379
  type: 'test'
  ...
# Subtest: manual motion is bounded at terrain edge
ok 333 - manual motion is bounded at terrain edge
  ---
  duration_ms: 23.2821
  type: 'test'
  ...
# Subtest: invalid move does not replace current route
ok 334 - invalid move does not replace current route
  ---
  duration_ms: 0.825
  type: 'test'
  ...
# Subtest: invalid tick cannot corrupt time
ok 335 - invalid tick cannot corrupt time
  ---
  duration_ms: 0.822
  type: 'test'
  ...
# Subtest: pause stops simulation
ok 336 - pause stops simulation
  ---
  duration_ms: 2.9996
  type: 'test'
  ...
# Subtest: time flow setting stops only the clock
ok 337 - time flow setting stops only the clock
  ---
  duration_ms: 6.7794
  type: 'test'
  ...
# Subtest: day rolls over with a new event
ok 338 - day rolls over with a new event
  ---
  duration_ms: 114.2762
  type: 'test'
  ...
# Subtest: all three share home during supper
ok 339 - all three share home during supper
  ---
  duration_ms: 0.1815
  type: 'test'
  ...
# Subtest: daytime projects have different destinations
ok 340 - daytime projects have different destinations
  ---
  duration_ms: 0.1182
  type: 'test'
  ...
# Subtest: routines travel to the shared house
ok 341 - routines travel to the shared house
  ---
  duration_ms: 92.1939
  type: 'test'
  ...
# Subtest: enter requires proximity
ok 342 - enter requires proximity
  ---
  duration_ms: 0.5117
  type: 'test'
  ...
# Subtest: enter, save and leave preserve outside position
ok 343 - enter, save and leave preserve outside position
  ---
  duration_ms: 8.3015
  type: 'test'
  ...
# Subtest: interior table and walls collide
ok 344 - interior table and walls collide
  ---
  duration_ms: 0.2006
  type: 'test'
  ...
# Subtest: non-interior locations cannot be entered
ok 345 - non-interior locations cannot be entered
  ---
  duration_ms: 0.3526
  type: 'test'
  ...
# Subtest: planting requires being in the garden
ok 346 - planting requires being in the garden
  ---
  duration_ms: 0.7925
  type: 'test'
  ...
# Subtest: twelve flowers are bounded and recoverable
ok 347 - twelve flowers are bounded and recoverable
  ---
  duration_ms: 12.4892
  type: 'test'
  ...
# Subtest: duplicate accepted command does not duplicate a note
ok 348 - duplicate accepted command does not duplicate a note
  ---
  duration_ms: 0.3904
  type: 'test'
  ...
# Subtest: same id with changed payload conflicts
ok 349 - same id with changed payload conflicts
  ---
  duration_ms: 0.3218
  type: 'test'
  ...
# Subtest: duplicate refusal remains refusal
ok 350 - duplicate refusal remains refusal
  ---
  duration_ms: 4.067
  type: 'test'
  ...
# Subtest: notes are data, not markup
ok 351 - notes are data, not markup
  ---
  duration_ms: 0.3397
  type: 'test'
  ...
# Subtest: notebook enforces length and capacity
ok 352 - notebook enforces length and capacity
  ---
  duration_ms: 0.3277
  type: 'test'
  ...
# Subtest: authored conversation records encounter without a network request
ok 353 - authored conversation records encounter without a network request
  ---
  duration_ms: 0.4463
  type: 'test'
  ...
# Subtest: unknown resident is rejected
ok 354 - unknown resident is rejected
  ---
  duration_ms: 0.338
  type: 'test'
  ...
# Subtest: journal retains 200 ordered entries
ok 355 - journal retains 200 ordered entries
  ---
  duration_ms: 0.9601
  type: 'test'
  ...
# Subtest: save and load accept acknowledged storage
ok 356 - save and load accept acknowledged storage
  ---
  duration_ms: 1.6356
  type: 'test'
  ...
# Subtest: quota refusal is not a saved success
ok 357 - quota refusal is not a saved success
  ---
  duration_ms: 0.7289
  type: 'test'
  ...
# Subtest: corrupt storage is preserved rather than overwritten on load
ok 358 - corrupt storage is preserved rather than overwritten on load
  ---
  duration_ms: 0.1771
  type: 'test'
  ...
# Subtest: import rejects invalid locations and malformed versions
ok 359 - import rejects invalid locations and malformed versions
  ---
  duration_ms: 0.6693
  type: 'test'
  ...
# Subtest: import roster is exact and extra prototype properties are discarded
ok 360 - import roster is exact and extra prototype properties are discarded
  ---
  duration_ms: 0.6528
  type: 'test'
  ...
# Subtest: import cannot enable audio and rejects invalid event sequence
ok 361 - import cannot enable audio and rejects invalid event sequence
  ---
  duration_ms: 0.4701
  type: 'test'
  ...
# Subtest: both ground approaches connect arrival to occupied observatory with radius clearance
ok 362 - both ground approaches connect arrival to occupied observatory with radius clearance
  ---
  duration_ms: 143.2203
  type: 'test'
  ...
# Subtest: entry saves the exact source before changing scenes, and reload returns to that source
ok 363 - entry saves the exact source before changing scenes, and reload returns to that source
  ---
  duration_ms: 26.0857
  type: 'test'
  ...
# Subtest: a failed save or unavailable scene refuses travel atomically
ok 364 - a failed save or unavailable scene refuses travel atomically
  ---
  duration_ms: 3.6632
  type: 'test'
  ...
# Subtest: stale character, revision, simulation, position and cancelled tickets cannot enter
ok 365 - stale character, revision, simulation, position and cancelled tickets cannot enter
  ---
  duration_ms: 1.7876
  type: 'test'
  ...
# Subtest: scene build failure restores the source and a consumed ticket cannot retry
ok 366 - scene build failure restores the source and a consumed ticket cannot retry
  ---
  duration_ms: 3.2887
  type: 'test'
  ...
# Subtest: fall recovery recalls to safe ground and normal return works from the far end
ok 367 - fall recovery recalls to safe ground and normal return works from the far end
  ---
  duration_ms: 3.8217
  type: 'test'
  ...
# Subtest: height-aware ray picks real support and refuses sky, the ridge and cover
ok 368 - height-aware ray picks real support and refuses sky, the ridge and cover
  ---
  duration_ms: 19.518
  type: 'test'
  ...
# Subtest: manual walking slides along boundaries without crossing unsupported corner segments
ok 369 - manual walking slides along boundaries without crossing unsupported corner segments
  ---
  duration_ms: 20.506
  type: 'test'
  ...
# Subtest: all original scores have bounded notes and serialize exactly
ok 370 - all original scores have bounded notes and serialize exactly
  ---
  duration_ms: 7.5567
  type: 'test'
  ...
# Subtest: tempo, voice, dimensions and boolean impostors rejected
ok 371 - tempo, voice, dimensions and boolean impostors rejected
  ---
  duration_ms: 1.3271
  type: 'test'
  ...
# Subtest: scores discard imported authority and execution fields
ok 372 - scores discard imported authority and execution fields
  ---
  duration_ms: 0.3027
  type: 'test'
  ...
# Subtest: unknown composition does not silently substitute another
ok 373 - unknown composition does not silently substitute another
  ---
  duration_ms: 4.0119
  type: 'test'
  ...
# Subtest: score revision compare-and-swap refuses stale changes atomically
ok 374 - score revision compare-and-swap refuses stale changes atomically
  ---
  duration_ms: 23.3637
  type: 'test'
  ...
# Subtest: accepted score edit increments revision and survives cold reconstruction
ok 375 - accepted score edit increments revision and survives cold reconstruction
  ---
  duration_ms: 4.1995
  type: 'test'
  ...
# Subtest: invalid score command does not partially change title or revision
ok 376 - invalid score command does not partially change title or revision
  ---
  duration_ms: 6.9272
  type: 'test'
  ...
# Subtest: duplicate score edit is not applied twice
ok 377 - duplicate score edit is not applied twice
  ---
  duration_ms: 0.6538
  type: 'test'
  ...
# Subtest: version-two import preserves old notes, flowers and user coordinates
ok 378 - version-two import preserves old notes, flowers and user coordinates
  ---
  duration_ms: 1.4083
  type: 'test'
  ...
# Subtest: legacy localStorage is read but never overwritten by a v3 save
ok 379 - legacy localStorage is read but never overwritten by a v3 save
  ---
  duration_ms: 2.3306
  type: 'test'
  ...
# Subtest: corrupt v3 does not fall back to and overwrite an older save
ok 380 - corrupt v3 does not fall back to and overwrite an older save
  ---
  duration_ms: 0.6014
  type: 'test'
  ...
# Subtest: default retreat is schema-valid and entry is clear
ok 381 - default retreat is schema-valid and entry is clear
  ---
  duration_ms: 1.2467
  type: 'test'
  ...
# Subtest: new island is connected while the water alongside bridge is not walkable
ok 382 - new island is connected while the water alongside bridge is not walkable
  ---
  duration_ms: 23.2391
  type: 'test'
  ...
# Subtest: all new destinations are reachable without jumping over obstacles
ok 383 - all new destinations are reachable without jumping over obstacles
  ---
  duration_ms: 31.5072
  type: 'test'
  ...
# Subtest: retreat opens, closes and saves the outside return position
ok 384 - retreat opens, closes and saves the outside return position
  ---
  duration_ms: 42.4477
  type: 'test'
  ...
# Subtest: placement is a real collision obstacle
ok 385 - placement is a real collision obstacle
  ---
  duration_ms: 0.3205
  type: 'test'
  ...
# Subtest: rotated furniture footprint rotates with the mesh contract
ok 386 - rotated furniture footprint rotates with the mesh contract
  ---
  duration_ms: 0.2521
  type: 'test'
  ...
# Subtest: rug is visible furniture but not a blocking volume
ok 387 - rug is visible furniture but not a blocking volume
  ---
  duration_ms: 0.1713
  type: 'test'
  ...
# Subtest: duplicate slots, unknown types, invalid rotations and palettes rejected
ok 388 - duplicate slots, unknown types, invalid rotations and palettes rejected
  ---
  duration_ms: 0.3197
  type: 'test'
  ...
# Subtest: edit, undo and redo retain monotonic layout revisions
ok 389 - edit, undo and redo retain monotonic layout revisions
  ---
  duration_ms: 0.8177
  type: 'test'
  ...
# Subtest: stale layout mutation leaves full state unchanged
ok 390 - stale layout mutation leaves full state unchanged
  ---
  duration_ms: 4.6213
  type: 'test'
  ...
# Subtest: furniture cannot be placed on the visitor
ok 391 - furniture cannot be placed on the visitor
  ---
  duration_ms: 1.5072
  type: 'test'
  ...
# Subtest: every furniture kind in every slot preserves an entry escape route
ok 392 - every furniture kind in every slot preserves an entry escape route
  ---
  duration_ms: 3.7955
  type: 'test'
  ...
# Subtest: visitor appearance and exact name are exportable data
ok 393 - visitor appearance and exact name are exportable data
  ---
  duration_ms: 0.9795
  type: 'test'
  ...
# Subtest: invalid appearance refuses unknown indexes and does not mutate
ok 394 - invalid appearance refuses unknown indexes and does not mutate
  ---
  duration_ms: 1.0381
  type: 'test'
  ...
# Subtest: family gathering requires proximity to real stage
ok 395 - family gathering requires proximity to real stage
  ---
  duration_ms: 0.3507
  type: 'test'
  ...
# Subtest: gathering routes three inhabitants rather than teleporting
ok 396 - gathering routes three inhabitants rather than teleporting
  ---
  duration_ms: 40.1634
  type: 'test'
  ...
# Subtest: gathering expires and does not resume as a false persisted performance
ok 397 - gathering expires and does not resume as a false persisted performance
  ---
  duration_ms: 66.7016
  type: 'test'
  ...
# Subtest: event timing matches 16 eighth-notes and MIDI two-bar length
ok 398 - event timing matches 16 eighth-notes and MIDI two-bar length
  ---
  duration_ms: 0.6424
  type: 'test'
  ...
# Subtest: all voices synthesize finite stereo data and bounded peaks
ok 399 - all voices synthesize finite stereo data and bounded peaks
  ---
  duration_ms: 177.6636
  type: 'test'
  ...
# Subtest: an empty score produces actual silence, not a hidden soundtrack
ok 400 - an empty score produces actual silence, not a hidden soundtrack
  ---
  duration_ms: 31.6047
  type: 'test'
  ...
# Subtest: synthesized output is reproducible for identical scores
ok 401 - synthesized output is reproducible for identical scores
  ---
  duration_ms: 82.0185
  type: 'test'
  ...
# Subtest: different edited notes change actual rendered audio
ok 402 - different edited notes change actual rendered audio
  ---
  duration_ms: 125.6388
  type: 'test'
  ...
# Subtest: WAV header, byte length and final samples are correct
ok 403 - WAV header, byte length and final samples are correct
  ---
  duration_ms: 55.2159
  type: 'test'
  ...
# Subtest: WAV encoder refuses malformed or nonfinite channels
ok 404 - WAV encoder refuses malformed or nonfinite channels
  ---
  duration_ms: 0.3159
  type: 'test'
  ...
# Subtest: MIDI has one type-zero track, valid length, tempo and end marker
ok 405 - MIDI has one type-zero track, valid length, tempo and end marker
  ---
  duration_ms: 1.3638
  type: 'test'
  ...
# Subtest: 09 save migrates without mutating original or losing chapters
ok 406 - 09 save migrates without mutating original or losing chapters
  ---
  duration_ms: 170.5308
  type: 'test'
  ...
# Subtest: new world has no free entry, equipment, attunement or chapter rewards
ok 407 - new world has no free entry, equipment, attunement or chapter rewards
  ---
  duration_ms: 0.4721
  type: 'test'
  ...
# Subtest: strict crossing save rejects wrongVersion
ok 408 - strict crossing save rejects wrongVersion
  ---
  duration_ms: 0.6551
  type: 'test'
  ...
# Subtest: strict crossing save rejects missingField
ok 409 - strict crossing save rejects missingField
  ---
  duration_ms: 2.0158
  type: 'test'
  ...
# Subtest: strict crossing save rejects nonbool
ok 410 - strict crossing save rejects nonbool
  ---
  duration_ms: 0.4976
  type: 'test'
  ...
# Subtest: strict crossing save rejects unvisitedAttune
ok 411 - strict crossing save rejects unvisitedAttune
  ---
  duration_ms: 0.4591
  type: 'test'
  ...
# Subtest: strict crossing save rejects unvisitedProject
ok 412 - strict crossing save rejects unvisitedProject
  ---
  duration_ms: 0.3443
  type: 'test'
  ...
# Subtest: strict crossing save rejects unknownProject
ok 413 - strict crossing save rejects unknownProject
  ---
  duration_ms: 0.2767
  type: 'test'
  ...
# Subtest: strict crossing save rejects duplicateProject
ok 414 - strict crossing save rejects duplicateProject
  ---
  duration_ms: 0.2893
  type: 'test'
  ...
# Subtest: strict crossing save rejects earlyRepair
ok 415 - strict crossing save rejects earlyRepair
  ---
  duration_ms: 0.3575
  type: 'test'
  ...
# Subtest: strict crossing save rejects earlyComplete
ok 416 - strict crossing save rejects earlyComplete
  ---
  duration_ms: 0.2522
  type: 'test'
  ...
# Subtest: strict crossing save rejects earlyReward
ok 417 - strict crossing save rejects earlyReward
  ---
  duration_ms: 0.2001
  type: 'test'
  ...
# Subtest: entry requires the defended beacon and actual gate location
ok 418 - entry requires the defended beacon and actual gate location
  ---
  duration_ms: 30.159
  type: 'test'
  ...
# Subtest: entry resets target/auto and gives no items or health
ok 419 - entry resets target/auto and gives no items or health
  ---
  duration_ms: 4.9052
  type: 'test'
  ...
# Subtest: all named places, bells, encounter homes, clapper and entry are reachable
ok 420 - all named places, bells, encounter homes, clapper and entry are reachable
  ---
  duration_ms: 142.4953
  type: 'test'
  ...
# Subtest: buildings and outer bounds stop walking and arrows
ok 421 - buildings and outer bounds stop walking and arrows
  ---
  duration_ms: 0.4316
  type: 'test'
  ...
# Subtest: stream blocks walking except bridge but not travelling arrows
ok 422 - stream blocks walking except bridge but not travelling arrows
  ---
  duration_ms: 3.2632
  type: 'test'
  ...
# Subtest: outdoor construction and gathering cannot mutate village geography
ok 423 - outdoor construction and gathering cannot mutate village geography
  ---
  duration_ms: 4.2075
  type: 'test'
  ...
# Subtest: public forge is a true workbench; components cost actual material
ok 424 - public forge is a true workbench; components cost actual material
  ---
  duration_ms: 4.7024
  type: 'test'
  ...
# Subtest: meeting and clue require local proximity and are single claim
ok 425 - meeting and clue require local proximity and are single claim
  ---
  duration_ms: 8.6371
  type: 'test'
  ...
# Subtest: Briar search has real location, bond, follow and route prerequisites
ok 426 - Briar search has real location, bond, follow and route prerequisites
  ---
  duration_ms: 40.3555
  type: 'test'
  ...
# Subtest: manual close inspection works when Briar stays behind
ok 427 - manual close inspection works when Briar stays behind
  ---
  duration_ms: 7.1291
  type: 'test'
  ...
# Subtest: search pause keeps discovery and companion motion frozen
ok 428 - search pause keeps discovery and companion motion frozen
  ---
  duration_ms: 10.5561
  type: 'test'
  ...
# Subtest: new guardian uses distinct ring and circle impact rules
ok 429 - new guardian uses distinct ring and circle impact rules
  ---
  duration_ms: 0.2201
  type: 'test'
  ...
# Subtest: wide ring rewards entering center; next tell alternates to inner strike
ok 430 - wide ring rewards entering center; next tell alternates to inner strike
  ---
  duration_ms: 177.3595
  type: 'test'
  ...
# Subtest: new encounters are targetable and respond to real autoattack
ok 431 - new encounters are targetable and respond to real autoattack
  ---
  duration_ms: 56.4556
  type: 'test'
  ...
# Subtest: clear event caches pay the new roster once and persist separately
ok 432 - clear event caches pay the new roster once and persist separately
  ---
  duration_ms: 5.1483
  type: 'test'
  ...
# Subtest: bell repair requires clapper and all three clearances
ok 433 - bell repair requires clapper and all three clearances
  ---
  duration_ms: 3.9232
  type: 'test'
  ...
# Subtest: wrong bell order restarts sequence without taking inventory
ok 434 - wrong bell order restarts sequence without taking inventory
  ---
  duration_ms: 3.8056
  type: 'test'
  ...
# Subtest: bell cannot be played remotely or faster than its cooldown
ok 435 - bell cannot be played remotely or faster than its cooldown
  ---
  duration_ms: 5.516
  type: 'test'
  ...
# Subtest: three local ordered tones complete the bell but not the reward
ok 436 - three local ordered tones complete the bell but not the reward
  ---
  duration_ms: 71.4937
  type: 'test'
  ...
# Subtest: Rowan reward is atomic, local and cannot be duplicated
ok 437 - Rowan reward is atomic, local and cannot be duplicated
  ---
  duration_ms: 159.6187
  type: 'test'
  ...
# Subtest: free bell playing after completion cannot reset quest or pay loot
ok 438 - free bell playing after completion cannot reset quest or pay loot
  ---
  duration_ms: 202.3175
  type: 'test'
  ...
# Subtest: tone entry is transient; repair, kills and clues survive reload
ok 439 - tone entry is transient; repair, kills and clues survive reload
  ---
  duration_ms: 2.7524
  type: 'test'
  ...
# Subtest: merchant exchanges fail cleanly when funds, quantities or scope fail
ok 440 - merchant exchanges fail cleanly when funds, quantities or scope fail
  ---
  duration_ms: 15.3589
  type: 'test'
  ...
# Subtest: merchant armor retains proper slot and does not heal on purchase/equip
ok 441 - merchant armor retains proper slot and does not heal on purchase/equip
  ---
  duration_ms: 67.815
  type: 'test'
  ...
# Subtest: ore and berries exchange deduct exactly, overflow is refused
ok 442 - ore and berries exchange deduct exactly, overflow is refused
  ---
  duration_ms: 80.621
  type: 'test'
  ...
# Subtest: inn restores actual vitals and denies service outside its porch
ok 443 - inn restores actual vitals and denies service outside its porch
  ---
  duration_ms: 3.7873
  type: 'test'
  ...
# Subtest: common works deduct actual materials once and preserve home layout
ok 444 - common works deduct actual materials once and preserve home layout
  ---
  duration_ms: 8.4666
  type: 'test'
  ...
# Subtest: commission failure leaves supplies and flags untouched
ok 445 - commission failure leaves supplies and flags untouched
  ---
  duration_ms: 12.4641
  type: 'test'
  ...
# Subtest: waystone needs discovery and physical origin, does not heal or charge
ok 446 - waystone needs discovery and physical origin, does not heal or charge
  ---
  duration_ms: 11.1845
  type: 'test'
  ...
# Subtest: unattuned village cannot be fast-travelled to
ok 447 - unattuned village cannot be fast-travelled to
  ---
  duration_ms: 4.628
  type: 'test'
  ...
# Subtest: travel refuses active attack modes and beacon assault
ok 448 - travel refuses active attack modes and beacon assault
  ---
  duration_ms: 39.4072
  type: 'test'
  ...
# Subtest: ordinary departure is local and preserves progress
ok 449 - ordinary departure is local and preserves progress
  ---
  duration_ms: 96.4811
  type: 'test'
  ...
# Subtest: same command receipt cannot be repurposed or pay twice
ok 450 - same command receipt cannot be repurposed or pay twice
  ---
  duration_ms: 4.5143
  type: 'test'
  ...
# Subtest: defeat recovery preserves crossing facts and revives outside
ok 451 - defeat recovery preserves crossing facts and revives outside
  ---
  duration_ms: 7.4967
  type: 'test'
  ...
# Subtest: cutaway preference is persisted and old migration defaults on
ok 452 - cutaway preference is persisted and old migration defaults on
  ---
  duration_ms: 10.9632
  type: 'test'
  ...
# Subtest: Fenna retains exact supported rule-adjacent anchors and does not invent consent
ok 453 - Fenna retains exact supported rule-adjacent anchors and does not invent consent
  ---
  duration_ms: 15.9804
  type: 'test'
  ...
# Subtest: confirmed arrival alone opens the load, and payment cannot redraw or repay it
ok 454 - confirmed arrival alone opens the load, and payment cannot redraw or repay it
  ---
  duration_ms: 5.1329
  type: 'test'
  ...
# Subtest: bounded complete drover and cart transforms remain positive and finite
ok 455 - bounded complete drover and cart transforms remain positive and finite
  ---
  duration_ms: 244.9236
  type: 'test'
  ...
# Subtest: rope grasp shares the actual coil frame, with connected upper and lower arms
ok 456 - rope grasp shares the actual coil frame, with connected upper and lower arms
  ---
  duration_ms: 10.2487
  type: 'test'
  ...
# Subtest: feet and four cart wheel rims meet actual terrain at both existing sites
ok 457 - feet and four cart wheel rims meet actual terrain at both existing sites
  ---
  duration_ms: 6.1323
  type: 'test'
  ...
# Subtest: short cart shafts stay clear of the established gathering cloth approach
ok 458 - short cart shafts stay clear of the established gathering cloth approach
  ---
  duration_ms: 0.5517
  type: 'test'
  ...
# Subtest: cart shafts cannot pass through Fenna at either existing waiting or delivered stance
ok 459 - cart shafts cannot pass through Fenna at either existing waiting or delivered stance
  ---
  duration_ms: 13.5777
  type: 'test'
  ...
# Subtest: sampling has no hidden clock, and reduced motion holds a connected complete pose
ok 460 - sampling has no hidden clock, and reduced motion holds a connected complete pose
  ---
  duration_ms: 9.1028
  type: 'test'
  ...
# Subtest: entry requires resolved delivery and physical field table; unpaid arrival is eligible
ok 461 - entry requires resolved delivery and physical field table; unpaid arrival is eligible
  ---
  duration_ms: 25.0194
  type: 'test'
  ...
# Subtest: table and all marks have real connected, walkable approaches
ok 462 - table and all marks have real connected, walkable approaches
  ---
  duration_ms: 298.8591
  type: 'test'
  ...
# Subtest: no pre-accept backfill; each accepted physical observation occurs once
ok 463 - no pre-accept backfill; each accepted physical observation occurs once
  ---
  duration_ms: 8.83
  type: 'test'
  ...
# Subtest: table comparison rejects missing clues, obstructed or distant approach and malformed bearings atomically
ok 464 - table comparison rejects missing clues, obstructed or distant approach and malformed bearings atomically
  ---
  duration_ms: 12.2
  type: 'test'
  ...
# Subtest: axis 0 and honest old-road preserve every reward and earlier system
ok 465 - axis 0 and honest old-road preserve every reward and earlier system
  ---
  duration_ms: 5.7253
  type: 'test'
  ...
# Subtest: axis 0 and honest waterworks preserve every reward and earlier system
ok 466 - axis 0 and honest waterworks preserve every reward and earlier system
  ---
  duration_ms: 5.2324
  type: 'test'
  ...
# Subtest: axis 180 and honest old-road preserve every reward and earlier system
ok 467 - axis 180 and honest old-road preserve every reward and earlier system
  ---
  duration_ms: 4.8852
  type: 'test'
  ...
# Subtest: axis 180 and honest waterworks preserve every reward and earlier system
ok 468 - axis 180 and honest waterworks preserve every reward and earlier system
  ---
  duration_ms: 7.4416
  type: 'test'
  ...
# Subtest: each accepted, partly observed, compared and recorded stage survives reload
ok 469 - each accepted, partly observed, compared and recorded stage survives reload
  ---
  duration_ms: 7.8471
  type: 'test'
  ...
# Subtest: schema8 migration preserves unpaid delivery and all prior fields at XP boundaries without changing input
ok 470 - schema8 migration preserves unpaid delivery and all prior fields at XP boundaries without changing input
  ---
  duration_ms: 8.3048
  type: 'test'
  ...
# Subtest: missing, future, unknown and inconsistent notes refuse without erasing state
ok 471 - missing, future, unknown and inconsistent notes refuse without erasing state
  ---
  duration_ms: 5.9824
  type: 'test'
  ...
# Subtest: array-coerced interpretation cannot masquerade as a stable ID in a completed save
ok 472 - array-coerced interpretation cannot masquerade as a stable ID in a completed save
  ---
  duration_ms: 1.4601
  type: 'test'
  ...
# Subtest: inspection and declined job create no progress; acceptance needs kit and proximity
ok 473 - inspection and declined job create no progress; acceptance needs kit and proximity
  ---
  duration_ms: 30.5421
  type: 'test'
  ...
# Subtest: every task uses supported reachable Earth ground
ok 474 - every task uses supported reachable Earth ground
  ---
  duration_ms: 1157.23
  type: 'test'
  ...
# Subtest: mill prerequisites and timber cost are atomic and charged once
ok 475 - mill prerequisites and timber cost are atomic and charged once
  ---
  duration_ms: 5.6414
  type: 'test'
  ...
# Subtest: mill completes with one finite payout and no gear, XP or chapter changes
ok 476 - mill completes with one finite payout and no gear, XP or chapter changes
  ---
  duration_ms: 2.6009
  type: 'test'
  ...
# Subtest: quarry completes with one finite payout and no gear, XP or chapter changes
ok 477 - quarry completes with one finite payout and no gear, XP or chapter changes
  ---
  duration_ms: 2.3421
  type: 'test'
  ...
# Subtest: detour completes with one finite payout and no gear, XP or chapter changes
ok 478 - detour completes with one finite payout and no gear, XP or chapter changes
  ---
  duration_ms: 1.8556
  type: 'test'
  ...
# Subtest: quarry and detour never consume personal materials; both observations precede lane marking
ok 479 - quarry and detour never consume personal materials; both observations precede lane marking
  ---
  duration_ms: 1.2047
  type: 'test'
  ...
# Subtest: full ore refuses entire payout and preserves completed entitlement
ok 480 - full ore refuses entire payout and preserves completed entitlement
  ---
  duration_ms: 1.4373
  type: 'test'
  ...
# Subtest: full coins refuses entire payout and preserves completed entitlement
ok 481 - full coins refuses entire payout and preserves completed entitlement
  ---
  duration_ms: 1.3572
  type: 'test'
  ...
# Subtest: full fiber refuses entire payout and preserves completed entitlement
ok 482 - full fiber refuses entire payout and preserves completed entitlement
  ---
  duration_ms: 2.315
  type: 'test'
  ...
# Subtest: all durable stages survive canonical reload with no implicit rewards or reacceptance
ok 483 - all durable stages survive canonical reload with no implicit rewards or reacceptance
  ---
  duration_ms: 37.4941
  type: 'test'
  ...
# Subtest: schema7 migration preserves banked XP and every older canonical field without mutating input
ok 484 - schema7 migration preserves banked XP and every older canonical field without mutating input
  ---
  duration_ms: 32.2482
  type: 'test'
  ...
# Subtest: current-schema missing, future and inconsistent story state refuses instead of erasing
ok 485 - current-schema missing, future and inconsistent story state refuses instead of erasing
  ---
  duration_ms: 7.4966
  type: 'test'
  ...
# Subtest: other improvements remain available after claim without replaying delivery or payment
ok 486 - other improvements remain available after claim without replaying delivery or payment
  ---
  duration_ms: 26.9065
  type: 'test'
  ...
# Subtest: new trail marker does not steal the existing Lantern Pier interaction radius
ok 487 - new trail marker does not steal the existing Lantern Pier interaction radius
  ---
  duration_ms: 9.4034
  type: 'test'
  ...
# Subtest: orchard and ridge approaches connect the lake to Bellweather west road
ok 488 - orchard and ridge approaches connect the lake to Bellweather west road
  ---
  duration_ms: 149.0842
  type: 'test'
  ...
# Subtest: entry saves exact lake checkpoint and transient Earth room never becomes persisted position
ok 489 - entry saves exact lake checkpoint and transient Earth room never becomes persisted position
  ---
  duration_ms: 14.2307
  type: 'test'
  ...
# Subtest: travel refusal and scene failure are atomic
ok 490 - travel refusal and scene failure are atomic
  ---
  duration_ms: 3.8017
  type: 'test'
  ...
# Subtest: stale character, revision, position and cancellation cannot enter
ok 491 - stale character, revision, position and cancellation cannot enter
  ---
  duration_ms: 1.7513
  type: 'test'
  ...
# Subtest: fall recovery uses supported entry and return works from the far road
ok 492 - fall recovery uses supported entry and return works from the far road
  ---
  duration_ms: 3.0506
  type: 'test'
  ...
# Subtest: height-aware surface pick accepts ground and refuses watercourse, solids and sky
ok 493 - height-aware surface pick accepts ground and refuses watercourse, solids and sky
  ---
  duration_ms: 18.0769
  type: 'test'
  ...
# Subtest: manual movement slides without crossing unsupported segments
ok 494 - manual movement slides without crossing unsupported segments
  ---
  duration_ms: 18.0192
  type: 'test'
  ...
# PASS deep-frozen finite catalogue and branch allocations
# PASS stable finite IDs, physical anchors, and required ordered DAG
# PASS only optional missing world ledger migrates to fresh
# PASS all story subsets enforce real prerequisites, allocation, acceptance and claim
# PASS patrol accepted identity is exactly lastClaim plus one and follows its own DAG
# PASS progress exposes only reachable next actions and both physical choices without mutation
# PASS required binding validates canonical owned weapons, exact shape and paired nulls
# PASS bonus follows selected equipped weapon and never mutates HP, sockets or old fittings
# PASS enemy catalogue is accepted-phase/run-qualified and never a legacy payout
# PASS Core contract either fails closed before integration or saves before live adoption
# PASS real Core migrates Adventure11 only and rejects missing/current/future/crossfield records
# PASS real integrated anchor support and objective-to-giver production paths
# PASS accepted physical actions enforce kit, realm, proximity, branch and DAG
# PASS complete payment capacity rejects every overflowing currency/material before saver
# PASS successful physical work confirms the completed action and keeps payment unclaimed
# PASS ready payment survives refused and throwing durable savers, then cap-bound XP pays zero once
# PASS defeat requires actual accepted actor identity and zero HP; refused death recovers one HP
# PASS same-room accepted roster changes preserve actual live HP, projectiles and combat state
# PASS patrol stale accept/step/claim cannot start or pay a different run
# PASS binding costs/once-only/owned station/health and equipment state are atomic
# {"status":"passed","checks":20,"method":"pure schema/topology/bonus and explicitly labelled adversarial fixtures; physical production journey separate"}
# Subtest: D:\\07-GAMES\\Firstlight\\authoring\\bridge-moment\\tests\\earth_expedition.test.cjs
ok 24 - D:\\07-GAMES\\Firstlight\\authoring\\bridge-moment\\tests\\earth_expedition.test.cjs
  ---
  duration_ms: 4665.6485
  type: 'test'
  ...
# Subtest: installed brace actually contacts the east wall outer face and clears the open passage
ok 496 - installed brace actually contacts the east wall outer face and clears the open passage
  ---
  duration_ms: 4.7847
  type: 'test'
  ...
# Subtest: delivered boards rest on the real glade rack and stack without unsupported gaps
ok 497 - delivered boards rest on the real glade rack and stack without unsupported gaps
  ---
  duration_ms: 131.4178
  type: 'test'
  ...
# Subtest: managed allocation material rests on ground and connects its prepared bands
ok 498 - managed allocation material rests on ground and connects its prepared bands
  ---
  duration_ms: 2.5427
  type: 'test'
  ...
# Subtest: both shape-valid allocation histories project only their recorded steps and explicit claim
ok 499 - both shape-valid allocation histories project only their recorded steps and explicit claim
  ---
  duration_ms: 18.9606
  type: 'test'
  ...
# Subtest: worksite actual mesh stays supported and full-body routes/choice/work/foe anchors remain clear
ok 500 - worksite actual mesh stays supported and full-body routes/choice/work/foe anchors remain clear
  ---
  duration_ms: 125.1205
  type: 'test'
  ...
# Subtest: grounded board/posts and shallow readable record layers keep connected construction
ok 501 - grounded board/posts and shallow readable record layers keep connected construction
  ---
  duration_ms: 7.7521
  type: 'test'
  ...
# Subtest: actual static caller emits coalesced floor, unchanged seventy banks and one box per physical solid
ok 502 - actual static caller emits coalesced floor, unchanged seventy banks and one box per physical solid
  ---
  duration_ms: 451.8793
  type: 'test'
  ...
# Subtest: worn path quads use actual support and undergrowth intersects soil without blocking bodies
ok 503 - worn path quads use actual support and undergrowth intersects soil without blocking bodies
  ---
  duration_ms: 1444.0838
  type: 'test'
  ...
# Subtest: binding attaches to actual production rig across every weapon/carry/combat/reduced-motion phase and preserves older parts
ok 504 - binding attaches to actual production rig across every weapon/carry/combat/reduced-motion phase and preserves older parts
  ---
  duration_ms: 4001.2549
  type: 'test'
  ...
# Subtest: binding presentation belongs only to an actual selected owned item, never another character or equipped item
ok 505 - binding presentation belongs only to an actual selected owned item, never another character or equipped item
  ---
  duration_ms: 1.3321
  type: 'test'
  ...
# Subtest: actual WorldArt dynamic timber caller submits recorded work and resets scene/fog ownership
ok 506 - actual WorldArt dynamic timber caller submits recorded work and resets scene/fog ownership
  ---
  duration_ms: 48.2724
  type: 'test'
  ...
# Subtest: production fog frame has finite translation-relative focus, no non-Earth ownership and strict guards
ok 507 - production fog frame has finite translation-relative focus, no non-Earth ownership and strict guards
  ---
  duration_ms: 9.2802
  type: 'test'
  ...
# Subtest: isolated global-script/CommonJS export a dependency-free frozen appearance API only
ok 508 - isolated global-script/CommonJS export a dependency-free frozen appearance API only
  ---
  duration_ms: 18.1581
  type: 'test'
  ...
# Subtest: only actual windup and recovery timers produce the grounded combat posture
ok 509 - only actual windup and recovery timers produce the grounded combat posture
  ---
  duration_ms: 27.9029
  type: 'test'
  ...
# Subtest: stationary chase intent, pause and elapsed time never fabricate trot, attack results or recoil
ok 510 - stationary chase intent, pause and elapsed time never fabricate trot, attack results or recoil
  ---
  duration_ms: 18.272
  type: 'test'
  ...
# Subtest: actual triangle bounds stay grounded, finite, compact and inside the existing tell radius
ok 511 - actual triangle bounds stay grounded, finite, compact and inside the existing tell radius
  ---
  duration_ms: 1401.6364
  type: 'test'
  ...
# Subtest: four articulated legs connect actual body, knee meshes and grounded hooves
ok 512 - four articulated legs connect actual body, knee meshes and grounded hooves
  ---
  duration_ms: 28.2653
  type: 'test'
  ...
# Subtest: head, muzzle, tusks, ridge and tail have actual attached mesh anchors
ok 513 - head, muzzle, tusks, ridge and tail have actual attached mesh anchors
  ---
  duration_ms: 74.9627
  type: 'test'
  ...
# Subtest: world root applies translation, supplied support and actual yaw exactly once
ok 514 - world root applies translation, supplied support and actual yaw exactly once
  ---
  duration_ms: 38.9134
  type: 'test'
  ...
# Subtest: confirmed flash changes colors only, and all records are fresh read-only projections
ok 515 - confirmed flash changes colors only, and all records are fresh read-only projections
  ---
  duration_ms: 1.6829
  type: 'test'
  ...
# Subtest: invalid placements/durations/modes and unwritable outputs refuse before partial emission
ok 516 - invalid placements/durations/modes and unwritable outputs refuse before partial emission
  ---
  duration_ms: 11.9275
  type: 'test'
  ...
# Subtest: actual expedition root encounters retain exact rules and physical anchors after pure art projection
ok 517 - actual expedition root encounters retain exact rules and physical anchors after pure art projection
  ---
  duration_ms: 306.166
  type: 'test'
  ...
# Subtest: production first-story and patrol roster actors from synthetic histories dispatch exactly once
ok 518 - production first-story and patrol roster actors from synthetic histories dispatch exactly once
  ---
  duration_ms: 66.58
  type: 'test'
  ...
# Subtest: unrelated actual mine and world sentinels retain the five-part original golden control
ok 519 - unrelated actual mine and world sentinels retain the five-part original golden control
  ---
  duration_ms: 8.7003
  type: 'test'
  ...
# Subtest: wrong step, missing/unknown/prefixed/suffixed quest, wrong kind and absent terms do not dispatch
ok 520 - wrong step, missing/unknown/prefixed/suffixed quest, wrong kind and absent terms do not dispatch
  ---
  duration_ms: 34.1805
  type: 'test'
  ...
# Subtest: dead root actor keeps existing dead suppression without warning or target emissions
ok 521 - dead root actor keeps existing dead suppression without warning or target emissions
  ---
  duration_ms: 11.2133
  type: 'test'
  ...
# Subtest: nonzero yaw, support height and actual confirmed-hit recoil are submitted exactly once
ok 522 - nonzero yaw, support height and actual confirmed-hit recoil are submitted exactly once
  ---
  duration_ms: 24.532
  type: 'test'
  ...
# Subtest: future, missing, expired and reduced-motion hit samples add no recoil
ok 523 - future, missing, expired and reduced-motion hit samples add no recoil
  ---
  duration_ms: 15.9325
  type: 'test'
  ...
# Subtest: actual flash lifetime recolors only the selected beast geometry
ok 524 - actual flash lifetime recolors only the selected beast geometry
  ---
  duration_ms: 5.12
  type: 'test'
  ...
# Subtest: aim-centered warning rings and actor-centered selected-target ring remain outside body transforms
ok 525 - aim-centered warning rings and actor-centered selected-target ring remain outside body transforms
  ---
  duration_ms: 4.0096
  type: 'test'
  ...
# Subtest: root-only diorama health bar follows actual ground while generic bar retains its original height
ok 526 - root-only diorama health bar follows actual ground while generic bar retains its original height
  ---
  duration_ms: 5.3458
  type: 'test'
  ...
# Subtest: actual paused caller ignores unrelated render time and preserves source state and timer-driven posture
ok 527 - actual paused caller ignores unrelated render time and preserves source state and timer-driven posture
  ---
  duration_ms: 28.0058
  type: 'test'
  ...
# PASS only existing exact person identities and frozen API are exported
# PASS unknown people refuse without aliasing protected/old residents or deriving a speaker from input
# PASS fresh optional presentation neither accepts work nor assumes a prior visit or repair
# PASS every accepted story stage and both retained choices have short deterministic quiet readings
# PASS all story subsets reject false prerequisite, allocation and claim histories before composing speech
# PASS unpaid deliveries recognize the actual allocation and require a separate explicit camp claim
# PASS only claimed stories recognize exact paid currency/materials and existing support, without guessing XP or current balance
# PASS active and ready patrol readings preserve first repair, allocation and exact run without claiming new payment
# PASS paid patrol and finite record boundary do not promise another repair or an unavailable next circuit
# PASS binding recognition follows canonical committed record, never equipment, inventory or a granted new option
# PASS specific route and encounter advice matches current anchors and distinct real weapon constraints
# PASS presentation leaves an entire production world and its accepted/paid/bound records byte-identical
# PASS browser IIFE and CommonJS return identical pure readings with no DOM or runtime globals
# PASS CommonJS canonical lookup remains pure when the already-loaded Adventure global is absent
# Earth expedition dialogue: 14 focused cases passed; 318 frozen output checks. Synthetic presentation fixtures, not native dialogue or earned progression.
# Subtest: D:\\07-GAMES\\Firstlight\\authoring\\bridge-moment\\tests\\earth_expedition_dialogue.test.cjs
ok 28 - D:\\07-GAMES\\Firstlight\\authoring\\bridge-moment\\tests\\earth_expedition_dialogue.test.cjs
  ---
  duration_ms: 467.2856
  type: 'test'
  ...
# PASS fresh invitation exposes both exact allocations, fixed danger, binding cost and deliberate consent
# PASS actual RPG dispatch gives near expedition priority and closing clears an unspent preview
# PASS missing optional ledger migrates to read-only fresh UI while malformed/current/future records never reach it
# PASS real UI delegates acceptance and physical branch work; remote, premature and forged defeat clicks grant nothing
# PASS all valid story stages expose only current DAG routes; legend never performs remote work
# PASS walk dispatch is current-route filtered, physically supported and never grants objective credit
# PASS ready UI requires explicit local claim and preserves complete reward on save refusal
# PASS rendered patrol metadata fences stale accept/work/claim including missing and malformed run fields
# PASS production comparison retains bow behavior, socket, current XP and earlier fits without auto-equipping
# PASS binding preview refuses changed character, simulation, adventure revision and weapon; cancellation spends nothing
# PASS real CharacterStore saver refuses an external write between binding preview and confirmation atomically
# PASS explicit binding confirmation spends once at actual station, leaves equipment/HP/XP and socket intact
# PASS capped and near-cap acceptance cards disclose actual credit and real claim agrees
# PASS actual RPG tick leaves expedition ready/paid/patrol tracker last over concurrent survey and trail
# PASS hydrated expedition restores over an older pinned project once, then respects manual tracking
# PASS actual app applyWorld restore selects accepted or ready expedition and active patrol without losing history
# PASS actual app worldContext installs synchronous savers on fresh restored Sim before active expedition combat
# Earth expedition CPU UI: 17/17 cases passed; 0 failed.
# Subtest: D:\\07-GAMES\\Firstlight\\authoring\\bridge-moment\\tests\\earth_expedition_ui.test.cjs
ok 29 - D:\\07-GAMES\\Firstlight\\authoring\\bridge-moment\\tests\\earth_expedition_ui.test.cjs
  ---
  duration_ms: 1770.7629
  type: 'test'
  ...
# Subtest: orchard worksite crossing preserves outer save checkpoint and returns to the orchard
ok 530 - orchard worksite crossing preserves outer save checkpoint and returns to the orchard
  ---
  duration_ms: 33.9889
  type: 'test'
  ...
# Subtest: initial kit and physical orchard arrival are required; the scene cannot bypass old chapter gates
ok 531 - initial kit and physical orchard arrival are required; the scene cannot bypass old chapter gates
  ---
  duration_ms: 2.449
  type: 'test'
  ...
# Subtest: worksite travel write and construction failures preserve the exact active source
ok 532 - worksite travel write and construction failures preserve the exact active source
  ---
  duration_ms: 37.3862
  type: 'test'
  ...
# Subtest: worksite preview rejects stale identity, source revision, source position and simulation
ok 533 - worksite preview rejects stale identity, source revision, source position and simulation
  ---
  duration_ms: 4.0573
  type: 'test'
  ...
# Subtest: river exit only returns to Earth for an active Earth trip; the old workshop route is unchanged
ok 534 - river exit only returns to Earth for an active Earth trip; the old workshop route is unchanged
  ---
  duration_ms: 0.7349
  type: 'test'
  ...
# Subtest: a completed unclaimed survey, class cooldown and companion survive both route boundaries
ok 535 - a completed unclaimed survey, class cooldown and companion survive both route boundaries
  ---
  duration_ms: 4.6832
  type: 'test'
  ...
# Subtest: death recovery from the connected worksite clears all transient route state
ok 536 - death recovery from the connected worksite clears all transient route state
  ---
  duration_ms: 1.3112
  type: 'test'
  ...
# Subtest: browser return protocol rolls back failed construction with live encounter state intact
ok 537 - browser return protocol rolls back failed construction with live encounter state intact
  ---
  duration_ms: 3.4639
  type: 'test'
  ...
# Subtest: Oren supplies earned through the orchard persist without consuming ordinary materials
ok 538 - Oren supplies earned through the orchard persist without consuming ordinary materials
  ---
  duration_ms: 3.009
  type: 'test'
  ...
# Subtest: Earth scenery cannot overlap walking ground or the close third-person camera corridor
ok 539 - Earth scenery cannot overlap walking ground or the close third-person camera corridor
  ---
  duration_ms: 32.8856
  type: 'test'
  ...
# Subtest: Cosmos invitation labels belong only to the valley, never Earth or the riverbank
ok 540 - Cosmos invitation labels belong only to the valley, never Earth or the riverbank
  ---
  duration_ms: 1.3175
  type: 'test'
  ...
# Subtest: captured terrain, field random sequence, static scenery, camera solids and bridge remain byte-identical to PR33
ok 541 - captured terrain, field random sequence, static scenery, camera solids and bridge remain byte-identical to PR33
  ---
  duration_ms: 28.0799
  type: 'test'
  ...
# Subtest: nine bounded tapering rock sections dress thirty-six actual grass strips in the existing batch
ok 542 - nine bounded tapering rock sections dress thirty-six actual grass strips in the existing batch
  ---
  duration_ms: 19.7429
  type: 'test'
  ...
# Subtest: upper rock seam matches every transformed grass underside rather than canonical edge height
ok 543 - upper rock seam matches every transformed grass underside rather than canonical edge height
  ---
  duration_ms: 20.2226
  type: 'test'
  ...
# Subtest: orthogonal positive bases preserve renderer normals without a shear shortcut
ok 544 - orthogonal positive bases preserve renderer normals without a shear shortcut
  ---
  duration_ms: 9.9665
  type: 'test'
  ...
# Subtest: every actual slope vertex stays outside ground below the lip and within measured endpoint margin
ok 545 - every actual slope vertex stays outside ground below the lip and within measured endpoint margin
  ---
  duration_ms: 16.5668
  type: 'test'
  ...
# Subtest: actual non-cap faces have outward normals and never create a horizontal walking shelf
ok 546 - actual non-cap faces have outward normals and never create a horizontal walking shelf
  ---
  duration_ms: 10.8983
  type: 'test'
  ...
# Subtest: actual adjacent cap planes retain overlap at every exposed height, not only the top endpoints
ok 547 - actual adjacent cap planes retain overlap at every exposed height, not only the top endpoints
  ---
  duration_ms: 7.5658
  type: 'test'
  ...
# Subtest: near-edge road movement and old task approaches survive while outside ground and picking stay refused
ok 548 - near-edge road movement and old task approaches survive while outside ground and picking stay refused
  ---
  duration_ms: 82.3168
  type: 'test'
  ...
# Subtest: projection never mutates its source strips and is independent of simulation time or task state
ok 549 - projection never mutates its source strips and is independent of simulation time or task state
  ---
  duration_ms: 9.925
  type: 'test'
  ...
# Subtest: Rill native diorama approach clears the former foreground canopy with a detecting old-placement control
ok 550 - Rill native diorama approach clears the former foreground canopy with a detecting old-placement control
  ---
  duration_ms: 52.4992
  type: 'test'
  ...
# Subtest: camp low diorama ray clears the moved stands and detects the intermediate blocking placement
ok 551 - camp low diorama ray clears the moved stands and detects the intermediate blocking placement
  ---
  duration_ms: 4.956
  type: 'test'
  ...
# Subtest: isolated global/CommonJS expose only the pure API and recursively frozen authority data
ok 552 - isolated global/CommonJS expose only the pure API and recursively frozen authority data
  ---
  duration_ms: 3.829
  type: 'test'
  ...
# Subtest: extension IDs appear exactly once and installed production retains the physical contract
ok 553 - extension IDs appear exactly once and installed production retains the physical contract
  ---
  duration_ms: 8.9936
  type: 'test'
  ...
# Subtest: broad connected floor footprint and all solids are finite, bounded and supported
ok 554 - broad connected floor footprint and all solids are finite, bounded and supported
  ---
  duration_ms: 6.9191
  type: 'test'
  ...
# Subtest: all intended legs and old routes use the actual production full-radius support/solid rules
ok 555 - all intended legs and old routes use the actual production full-radius support/solid rules
  ---
  duration_ms: 44.7264
  type: 'test'
  ...
# Subtest: bridge crosses a real four-metre river gap with open centered approaches
ok 556 - bridge crosses a real four-metre river gap with open centered approaches
  ---
  duration_ms: 22.3284
  type: 'test'
  ...
# Subtest: root passage and enemy side pockets preserve free return routes and supported reading/support anchors
ok 557 - root passage and enemy side pockets preserve free return routes and supported reading/support anchors
  ---
  duration_ms: 4.0939
  type: 'test'
  ...
# Subtest: deterministic bounded tier geometry never changes frozen physical data or accesses state
ok 558 - deterministic bounded tier geometry never changes frozen physical data or accesses state
  ---
  duration_ms: 20.0666
  type: 'test'
  ...
# Subtest: actual submitted mesh transforms are finite, positive, orthogonal and supported-kind compatible
ok 559 - actual submitted mesh transforms are finite, positive, orthogonal and supported-kind compatible
  ---
  duration_ms: 420.2736
  type: 'test'
  ...
# Subtest: every ground-detail vertex rests on actual land and low roots remain within parent clearance
ok 560 - every ground-detail vertex rests on actual land and low roots remain within parent clearance
  ---
  duration_ms: 661.4498
  type: 'test'
  ...
# Subtest: actual opaque mesh envelopes clear every full-body route and task/NPC/encounter anchor
ok 561 - actual opaque mesh envelopes clear every full-body route and task/NPC/encounter anchor
  ---
  duration_ms: 4830.6293
  type: 'test'
  ...
# Subtest: branches intersect their parent and actual crown volume, with a bounded existing shader envelope
ok 562 - branches intersect their parent and actual crown volume, with a bounded existing shader envelope
  ---
  duration_ms: 6.9068
  type: 'test'
  ...
# Subtest: overlapping opaque crowns form connected rest silhouettes instead of detached floating clusters
ok 563 - overlapping opaque crowns form connected rest silhouettes instead of detached floating clusters
  ---
  duration_ms: 3.9482
  type: 'test'
  ...
# Subtest: overhead crown and shelter parts follow cutaway while collision/camera authority is unchanged
ok 564 - overhead crown and shelter parts follow cutaway while collision/camera authority is unchanged
  ---
  duration_ms: 34.1659
  type: 'test'
  ...
# Subtest: schema 9 migrates non-destructively with an unaccepted invitation
ok 565 - schema 9 migrates non-destructively with an unaccepted invitation
  ---
  duration_ms: 34.5717
  type: 'test'
  ...
# Subtest: missing current record and forward schema are refused
ok 566 - missing current record and forward schema are refused
  ---
  duration_ms: 4.0593
  type: 'test'
  ...
# Subtest: arrival not payment opens the invitation
ok 567 - arrival not payment opens the invitation
  ---
  duration_ms: 21.6499
  type: 'test'
  ...
# Subtest: supported places are reachable by actual pathfinder
ok 568 - supported places are reachable by actual pathfinder
  ---
  duration_ms: 5.2806
  type: 'test'
  ...
# Subtest: all arrangements complete silently without economy, score or campaign changes
ok 569 - all arrangements complete silently without economy, score or campaign changes
  ---
  duration_ms: 11.0119
  type: 'test'
  ...
# Subtest: early or unknown actions change nothing
ok 570 - early or unknown actions change nothing
  ---
  duration_ms: 3.435
  type: 'test'
  ...
# Subtest: prototype and non-string choices are refused atomically
ok 571 - prototype and non-string choices are refused atomically
  ---
  duration_ms: 9.2523
  type: 'test'
  ...
# Subtest: completion cannot be repeated after receipt eviction
ok 572 - completion cannot be repeated after receipt eviction
  ---
  duration_ms: 3.4166
  type: 'test'
  ...
# Subtest: changed terms cannot reuse an accepted command identity
ok 573 - changed terms cannot reuse an accepted command identity
  ---
  duration_ms: 1.2976
  type: 'test'
  ...
# Subtest: paused, fallen and revision-saturated characters cannot progress
ok 574 - paused, fallen and revision-saturated characters cannot progress
  ---
  duration_ms: 3.649
  type: 'test'
  ...
# Subtest: malformed durable combinations do not load
ok 575 - malformed durable combinations do not load
  ---
  duration_ms: 0.5593
  type: 'test'
  ...
# Subtest: original arrangements are deterministic, finite, stereo and bounded
ok 576 - original arrangements are deterministic, finite, stereo and bounded
  ---
  duration_ms: 1121.3993
  type: 'test'
  ...
# Subtest: full schema9 world migration preserves unpaid delivery, personal creations and every XP boundary
ok 577 - full schema9 world migration preserves unpaid delivery, personal creations and every XP boundary
  ---
  duration_ms: 76.3489
  type: 'test'
  ...
# Subtest: native character library migrates each world without sharing the table memory
ok 578 - native character library migrates each world without sharing the table memory
  ---
  duration_ms: 8.989
  type: 'test'
  ...
# Subtest: forward adventure saves stay refused by native storage and leave exact bytes intact
ok 579 - forward adventure saves stay refused by native storage and leave exact bytes intact
  ---
  duration_ms: 1.2442
  type: 'test'
  ...
# Subtest: the actual drawn tabletop is reachable and supports the gathering interaction
ok 580 - the actual drawn tabletop is reachable and supports the gathering interaction
  ---
  duration_ms: 1.9319
  type: 'test'
  ...
# Subtest: prepared cloth and the actual Earth tabletop share one reachable location
ok 581 - prepared cloth and the actual Earth tabletop share one reachable location
  ---
  duration_ms: 120.7818
  type: 'test'
  ...
# Subtest: silent completion: mill; cloth→lantern→stand
ok 582 - silent completion: mill; cloth→lantern→stand
  ---
  duration_ms: 5.4739
  type: 'test'
  ...
# Subtest: silent completion: mill; cloth→stand→lantern
ok 583 - silent completion: mill; cloth→stand→lantern
  ---
  duration_ms: 1.2299
  type: 'test'
  ...
# Subtest: silent completion: mill; lantern→cloth→stand
ok 584 - silent completion: mill; lantern→cloth→stand
  ---
  duration_ms: 1.2334
  type: 'test'
  ...
# Subtest: silent completion: mill; lantern→stand→cloth
ok 585 - silent completion: mill; lantern→stand→cloth
  ---
  duration_ms: 0.6542
  type: 'test'
  ...
# Subtest: silent completion: mill; stand→cloth→lantern
ok 586 - silent completion: mill; stand→cloth→lantern
  ---
  duration_ms: 0.7998
  type: 'test'
  ...
# Subtest: silent completion: mill; stand→lantern→cloth
ok 587 - silent completion: mill; stand→lantern→cloth
  ---
  duration_ms: 1.0502
  type: 'test'
  ...
# Subtest: silent completion: quarry; cloth→lantern→stand
ok 588 - silent completion: quarry; cloth→lantern→stand
  ---
  duration_ms: 0.5437
  type: 'test'
  ...
# Subtest: silent completion: quarry; cloth→stand→lantern
ok 589 - silent completion: quarry; cloth→stand→lantern
  ---
  duration_ms: 0.5408
  type: 'test'
  ...
# Subtest: silent completion: quarry; lantern→cloth→stand
ok 590 - silent completion: quarry; lantern→cloth→stand
  ---
  duration_ms: 2.1595
  type: 'test'
  ...
# Subtest: silent completion: quarry; lantern→stand→cloth
ok 591 - silent completion: quarry; lantern→stand→cloth
  ---
  duration_ms: 0.6909
  type: 'test'
  ...
# Subtest: silent completion: quarry; stand→cloth→lantern
ok 592 - silent completion: quarry; stand→cloth→lantern
  ---
  duration_ms: 2.6579
  type: 'test'
  ...
# Subtest: silent completion: quarry; stand→lantern→cloth
ok 593 - silent completion: quarry; stand→lantern→cloth
  ---
  duration_ms: 9.7919
  type: 'test'
  ...
# Subtest: silent completion: detour; cloth→lantern→stand
ok 594 - silent completion: detour; cloth→lantern→stand
  ---
  duration_ms: 4.2639
  type: 'test'
  ...
# Subtest: silent completion: detour; cloth→stand→lantern
ok 595 - silent completion: detour; cloth→stand→lantern
  ---
  duration_ms: 0.7924
  type: 'test'
  ...
# Subtest: silent completion: detour; lantern→cloth→stand
ok 596 - silent completion: detour; lantern→cloth→stand
  ---
  duration_ms: 2.0314
  type: 'test'
  ...
# Subtest: silent completion: detour; lantern→stand→cloth
ok 597 - silent completion: detour; lantern→stand→cloth
  ---
  duration_ms: 6.8506
  type: 'test'
  ...
# Subtest: silent completion: detour; stand→cloth→lantern
ok 598 - silent completion: detour; stand→cloth→lantern
  ---
  duration_ms: 1.079
  type: 'test'
  ...
# Subtest: silent completion: detour; stand→lantern→cloth
ok 599 - silent completion: detour; stand→lantern→cloth
  ---
  duration_ms: 0.5666
  type: 'test'
  ...
# Subtest: new table never captures unpaid-delivery interaction on the overlap edge
ok 600 - new table never captures unpaid-delivery interaction on the overlap edge
  ---
  duration_ms: 0.7988
  type: 'test'
  ...
# Subtest: finished preparation relinquishes its contextual interaction
ok 601 - finished preparation relinquishes its contextual interaction
  ---
  duration_ms: 0.9994
  type: 'test'
  ...
# Subtest: arrival is a boolean fact, not arbitrary truthy data
ok 602 - arrival is a boolean fact, not arbitrary truthy data
  ---
  duration_ms: 0.1224
  type: 'test'
  ...
# Subtest: missing arrival cannot grant invitation
ok 603 - missing arrival cannot grant invitation
  ---
  duration_ms: 0.0769
  type: 'test'
  ...
# Subtest: invalid choice refuses without mutation: null
ok 604 - invalid choice refuses without mutation: null
  ---
  duration_ms: 0.5018
  type: 'test'
  ...
# Subtest: invalid choice refuses without mutation: 1
ok 605 - invalid choice refuses without mutation: 1
  ---
  duration_ms: 0.5393
  type: 'test'
  ...
# Subtest: invalid choice refuses without mutation: ["mill"]
ok 606 - invalid choice refuses without mutation: ["mill"]
  ---
  duration_ms: 1.3921
  type: 'test'
  ...
# Subtest: invalid choice refuses without mutation: {}
ok 607 - invalid choice refuses without mutation: {}
  ---
  duration_ms: 0.5308
  type: 'test'
  ...
# Subtest: invalid choice refuses without mutation: "constructor"
ok 608 - invalid choice refuses without mutation: "constructor"
  ---
  duration_ms: 2.2017
  type: 'test'
  ...
# Subtest: invalid choice refuses without mutation: "__proto__"
ok 609 - invalid choice refuses without mutation: "__proto__"
  ---
  duration_ms: 0.4503
  type: 'test'
  ...
# Subtest: invalid choice refuses without mutation: "unknown"
ok 610 - invalid choice refuses without mutation: "unknown"
  ---
  duration_ms: 0.4238
  type: 'test'
  ...
# Subtest: distant or wrong-scene acceptance cannot mutate state
ok 611 - distant or wrong-scene acceptance cannot mutate state
  ---
  duration_ms: 0.2286
  type: 'test'
  ...
# Subtest: distant or wrong-scene acceptance cannot mutate state
ok 612 - distant or wrong-scene acceptance cannot mutate state
  ---
  duration_ms: 0.1992
  type: 'test'
  ...
# Subtest: distant or wrong-scene acceptance cannot mutate state
ok 613 - distant or wrong-scene acceptance cannot mutate state
  ---
  duration_ms: 0.2178
  type: 'test'
  ...
# Subtest: impossible saved gathering is refused
ok 614 - impossible saved gathering is refused
  ---
  duration_ms: 0.2937
  type: 'test'
  ...
# Subtest: impossible saved gathering is refused
ok 615 - impossible saved gathering is refused
  ---
  duration_ms: 0.0864
  type: 'test'
  ...
# Subtest: impossible saved gathering is refused
ok 616 - impossible saved gathering is refused
  ---
  duration_ms: 0.082
  type: 'test'
  ...
# Subtest: impossible saved gathering is refused
ok 617 - impossible saved gathering is refused
  ---
  duration_ms: 0.0909
  type: 'test'
  ...
# Subtest: impossible saved gathering is refused
ok 618 - impossible saved gathering is refused
  ---
  duration_ms: 0.0628
  type: 'test'
  ...
# Subtest: stop is safe even when an audio node already disconnected
ok 619 - stop is safe even when an audio node already disconnected
  ---
  duration_ms: 285.7903
  type: 'test'
  ...
# Subtest: suspended context starts no source until resume succeeds
ok 620 - suspended context starts no source until resume succeeds
  ---
  duration_ms: 441.8912
  type: 'test'
  ...
# Subtest: stopping while resume is pending prevents late music
ok 621 - stopping while resume is pending prevents late music
  ---
  duration_ms: 13.6984
  type: 'test'
  ...
# Subtest: a newer preview cannot be replaced by an older resume completion
ok 622 - a newer preview cannot be replaced by an older resume completion
  ---
  duration_ms: 312.3963
  type: 'test'
  ...
# Subtest: denied resume resolves false with no source or unhandled rejection
ok 623 - denied resume resolves false with no source or unhandled rejection
  ---
  duration_ms: 0.3058
  type: 'test'
  ...
# Subtest: failed source startup cleans every newly created node
ok 624 - failed source startup cleans every newly created node
  ---
  duration_ms: 267.4014
  type: 'test'
  ...
# Subtest: owner eligibility is rechecked after a delayed resume
ok 625 - owner eligibility is rechecked after a delayed resume
  ---
  duration_ms: 0.3361
  type: 'test'
  ...
# Subtest: an ended callback from an old source cannot stop new audio
ok 626 - an ended callback from an old source cannot stop new audio
  ---
  duration_ms: 552.1786
  type: 'test'
  ...
# Subtest: deterministic, finite, stereo music: mill
ok 627 - deterministic, finite, stereo music: mill
  ---
  duration_ms: 153.5161
  type: 'test'
  ...
# Subtest: deterministic, finite, stereo music: quarry
ok 628 - deterministic, finite, stereo music: quarry
  ---
  duration_ms: 242.885
  type: 'test'
  ...
# Subtest: deterministic, finite, stereo music: detour
ok 629 - deterministic, finite, stereo music: detour
  ---
  duration_ms: 215.2441
  type: 'test'
  ...
# Subtest: absent homeHistory migrates to empty v1 without replaying claimed knowledge or prior fields
ok 630 - absent homeHistory migrates to empty v1 without replaying claimed knowledge or prior fields
  ---
  duration_ms: 18.2387
  type: 'test'
  ...
# Subtest: null, future, unknown, duplicate and malformed ledgers refuse instead of clearing
ok 631 - null, future, unknown, duplicate and malformed ledgers refuse instead of clearing
  ---
  duration_ms: 0.6397
  type: 'test'
  ...
# Subtest: a prior acceptance or complete unpaid work never grants ownership
ok 632 - a prior acceptance or complete unpaid work never grants ownership
  ---
  duration_ms: 7.3845
  type: 'test'
  ...
# Subtest: pin is independent of equipment projects and accepting story or work
ok 633 - pin is independent of equipment projects and accepting story or work
  ---
  duration_ms: 3.4748
  type: 'test'
  ...
# Subtest: memory-cuttings validates costs before spending and saves before adopting once-only ownership
ok 634 - memory-cuttings validates costs before spending and saves before adopting once-only ownership
  ---
  duration_ms: 9.2163
  type: 'test'
  ...
# Subtest: memory-cuttings missing material, wrong bench, paused/dead owner and stale revision leave exact state
ok 635 - memory-cuttings missing material, wrong bench, paused/dead owner and stale revision leave exact state
  ---
  duration_ms: 9.5938
  type: 'test'
  ...
# Subtest: memory-cuttings unowned and duplicate placements reject through save, direct decorate and forged history
ok 636 - memory-cuttings unowned and duplicate placements reject through save, direct decorate and forged history
  ---
  duration_ms: 3.2409
  type: 'test'
  ...
# Subtest: memory-cuttings deliberate move/remove and undo/redo save refusal keep history and costs atomic
ok 637 - memory-cuttings deliberate move/remove and undo/redo save refusal keep history and costs atomic
  ---
  duration_ms: 11.7872
  type: 'test'
  ...
# Subtest: memory-cuttings original geometry is bounded by its declared floor footprint in all rotations
ok 638 - memory-cuttings original geometry is bounded by its declared floor footprint in all rotations
  ---
  duration_ms: 0.9292
  type: 'test'
  ...
# Subtest: memory-refuge validates costs before spending and saves before adopting once-only ownership
ok 639 - memory-refuge validates costs before spending and saves before adopting once-only ownership
  ---
  duration_ms: 5.1239
  type: 'test'
  ...
# Subtest: memory-refuge missing material, wrong bench, paused/dead owner and stale revision leave exact state
ok 640 - memory-refuge missing material, wrong bench, paused/dead owner and stale revision leave exact state
  ---
  duration_ms: 10.1744
  type: 'test'
  ...
# Subtest: memory-refuge unowned and duplicate placements reject through save, direct decorate and forged history
ok 641 - memory-refuge unowned and duplicate placements reject through save, direct decorate and forged history
  ---
  duration_ms: 3.8272
  type: 'test'
  ...
# Subtest: memory-refuge deliberate move/remove and undo/redo save refusal keep history and costs atomic
ok 642 - memory-refuge deliberate move/remove and undo/redo save refusal keep history and costs atomic
  ---
  duration_ms: 9.1831
  type: 'test'
  ...
# Subtest: memory-refuge original geometry is bounded by its declared floor footprint in all rotations
ok 643 - memory-refuge original geometry is bounded by its declared floor footprint in all rotations
  ---
  duration_ms: 0.2665
  type: 'test'
  ...
# Subtest: memory-bellglass validates costs before spending and saves before adopting once-only ownership
ok 644 - memory-bellglass validates costs before spending and saves before adopting once-only ownership
  ---
  duration_ms: 5.871
  type: 'test'
  ...
# Subtest: memory-bellglass missing material, wrong bench, paused/dead owner and stale revision leave exact state
ok 645 - memory-bellglass missing material, wrong bench, paused/dead owner and stale revision leave exact state
  ---
  duration_ms: 5.2705
  type: 'test'
  ...
# Subtest: memory-bellglass unowned and duplicate placements reject through save, direct decorate and forged history
ok 646 - memory-bellglass unowned and duplicate placements reject through save, direct decorate and forged history
  ---
  duration_ms: 2.37
  type: 'test'
  ...
# Subtest: memory-bellglass deliberate move/remove and undo/redo save refusal keep history and costs atomic
ok 647 - memory-bellglass deliberate move/remove and undo/redo save refusal keep history and costs atomic
  ---
  duration_ms: 10.8801
  type: 'test'
  ...
# Subtest: memory-bellglass original geometry is bounded by its declared floor footprint in all rotations
ok 648 - memory-bellglass original geometry is bounded by its declared floor footprint in all rotations
  ---
  duration_ms: 0.194
  type: 'test'
  ...
# Subtest: memory-farroad validates costs before spending and saves before adopting once-only ownership
ok 649 - memory-farroad validates costs before spending and saves before adopting once-only ownership
  ---
  duration_ms: 4.3803
  type: 'test'
  ...
# Subtest: memory-farroad missing material, wrong bench, paused/dead owner and stale revision leave exact state
ok 650 - memory-farroad missing material, wrong bench, paused/dead owner and stale revision leave exact state
  ---
  duration_ms: 4.5889
  type: 'test'
  ...
# Subtest: memory-farroad unowned and duplicate placements reject through save, direct decorate and forged history
ok 651 - memory-farroad unowned and duplicate placements reject through save, direct decorate and forged history
  ---
  duration_ms: 2.4627
  type: 'test'
  ...
# Subtest: memory-farroad deliberate move/remove and undo/redo save refusal keep history and costs atomic
ok 652 - memory-farroad deliberate move/remove and undo/redo save refusal keep history and costs atomic
  ---
  duration_ms: 6.0293
  type: 'test'
  ...
# Subtest: memory-farroad original geometry is bounded by its declared floor footprint in all rotations
ok 653 - memory-farroad original geometry is bounded by its declared floor footprint in all rotations
  ---
  duration_ms: 0.5694
  type: 'test'
  ...
# Subtest: inside placement uses actual body position while durable snapshot keeps its home checkpoint
ok 654 - inside placement uses actual body position while durable snapshot keeps its home checkpoint
  ---
  duration_ms: 3.487
  type: 'test'
  ...
# Subtest: one of each occupies four chosen slots with no extra power or campaign payout
ok 655 - one of each occupies four chosen slots with no extra power or campaign payout
  ---
  duration_ms: 13.3639
  type: 'test'
  ...
# Subtest: pending placement cannot transfer to another character with identical ownership and revision
ok 656 - pending placement cannot transfer to another character with identical ownership and revision
  ---
  duration_ms: 4.585
  type: 'test'
  ...
# Subtest: all five trails distinguish unaccepted, active, ready and claimed saved facts
ok 657 - all five trails distinguish unaccepted, active, ready and claimed saved facts
  ---
  duration_ms: 40.5707
  type: 'test'
  ...
# Subtest: eligible work lists preparations, never a later locked encounter or optional work as required
ok 658 - eligible work lists preparations, never a later locked encounter or optional work as required
  ---
  duration_ms: 51.2741
  type: 'test'
  ...
# Subtest: one realm can retain a once-only trail and a separate repeat survey run without merging fees
ok 659 - one realm can retain a once-only trail and a separate repeat survey run without merging fees
  ---
  duration_ms: 1.641
  type: 'test'
  ...
# Subtest: unpaid completion stays ahead of other work and paid trails have no next action
ok 660 - unpaid completion stays ahead of other work and paid trails have no next action
  ---
  duration_ms: 16.7389
  type: 'test'
  ...
# Subtest: journal and road statuses remain pure and never construct an escort actor
ok 661 - journal and road statuses remain pure and never construct an escort actor
  ---
  duration_ms: 3.2917
  type: 'test'
  ...
# Subtest: home journal retains exact fees, giver, progress and explicitly separate survey identity
ok 662 - home journal retains exact fees, giver, progress and explicitly separate survey identity
  ---
  duration_ms: 1.8682
  type: 'test'
  ...
# Subtest: empty journal gives a deliberate road entry and preserves campaign ordering below it
ok 663 - empty journal gives a deliberate road entry and preserves campaign ordering below it
  ---
  duration_ms: 0.6556
  type: 'test'
  ...
# Subtest: claim control is absent before completion and present only at the actual ready giver
ok 664 - claim control is absent before completion and present only at the actual ready giver
  ---
  duration_ms: 3.5616
  type: 'test'
  ...
# Subtest: survey claim control also requires its own complete current run at the correct separate giver
ok 665 - survey claim control also requires its own complete current run at the correct separate giver
  ---
  duration_ms: 1.2904
  type: 'test'
  ...
# Subtest: a recorded or prerequisite-locked dry route refuses stale controls without walking
ok 666 - a recorded or prerequisite-locked dry route refuses stale controls without walking
  ---
  duration_ms: 1.3764
  type: 'test'
  ...
# Subtest: a route uses the restored current simulation, refusing a previous character trail id
ok 667 - a route uses the restored current simulation, refusing a previous character trail id
  ---
  duration_ms: 1.1143
  type: 'test'
  ...
# Subtest: water, air-court and escort routes give guidance without impossible dry walks
ok 668 - water, air-court and escort routes give guidance without impossible dry walks
  ---
  duration_ms: 0.6507
  type: 'test'
  ...
# Subtest: available-action map legend routes dry work but names gallery controls instead of walking underwater
ok 669 - available-action map legend routes dry work but names gallery controls instead of walking underwater
  ---
  duration_ms: 1.0375
  type: 'test'
  ...
# Subtest: Road marker navigation uses the current realm return point and refuses unrelated or wet rooms
ok 670 - Road marker navigation uses the current realm return point and refuses unrelated or wet rooms
  ---
  duration_ms: 1.1999
  type: 'test'
  ...
# Subtest: road cards show claimed trails and current repeat runs as distinct records
ok 671 - road cards show claimed trails and current repeat runs as distinct records
  ---
  duration_ms: 0.6438
  type: 'test'
  ...
# Subtest: older world9 migrates optional localLife1 without altering existing histories
ok 672 - older world9 migrates optional localLife1 without altering existing histories
  ---
  duration_ms: 14.0171
  type: 'test'
  ...
# Subtest: current malformed/future local work refuses rather than resetting progress
ok 673 - current malformed/future local work refuses rather than resetting progress
  ---
  duration_ms: 0.6712
  type: 'test'
  ...
# Subtest: the new local ledger does not extend or rewrite the old five trail definitions
ok 674 - the new local ledger does not extend or rewrite the old five trail definitions
  ---
  duration_ms: 4.1951
  type: 'test'
  ...
# Subtest: heaven-propagation-bed-v1 rejects offsite acceptance, invalid arrangement and absent prerequisite atomically
ok 675 - heaven-propagation-bed-v1 rejects offsite acceptance, invalid arrangement and absent prerequisite atomically
  ---
  duration_ms: 20.2134
  type: 'test'
  ...
# Subtest: heaven-propagation-bed-v1 channel physical work, durable candidate refusal and exact one payout
ok 676 - heaven-propagation-bed-v1 channel physical work, durable candidate refusal and exact one payout
  ---
  duration_ms: 34.5848
  type: 'test'
  ...
# Subtest: heaven-propagation-bed-v1 wick physical work, durable candidate refusal and exact one payout
ok 677 - heaven-propagation-bed-v1 wick physical work, durable candidate refusal and exact one payout
  ---
  duration_ms: 28.5656
  type: 'test'
  ...
# Subtest: hell-refuge-water-v1 rejects offsite acceptance, invalid arrangement and absent prerequisite atomically
ok 678 - hell-refuge-water-v1 rejects offsite acceptance, invalid arrangement and absent prerequisite atomically
  ---
  duration_ms: 14.0353
  type: 'test'
  ...
# Subtest: hell-refuge-water-v1 cartridge physical work, durable candidate refusal and exact one payout
ok 679 - hell-refuge-water-v1 cartridge physical work, durable candidate refusal and exact one payout
  ---
  duration_ms: 19.1158
  type: 'test'
  ...
# Subtest: hell-refuge-water-v1 hand-filter physical work, durable candidate refusal and exact one payout
ok 680 - hell-refuge-water-v1 hand-filter physical work, durable candidate refusal and exact one payout
  ---
  duration_ms: 21.8603
  type: 'test'
  ...
# Subtest: atlantis-bellglass-lamp-v1 rejects offsite acceptance, invalid arrangement and absent prerequisite atomically
ok 681 - atlantis-bellglass-lamp-v1 rejects offsite acceptance, invalid arrangement and absent prerequisite atomically
  ---
  duration_ms: 2.0641
  type: 'test'
  ...
# Subtest: atlantis-bellglass-lamp-v1 approach physical work, durable candidate refusal and exact one payout
ok 682 - atlantis-bellglass-lamp-v1 approach physical work, durable candidate refusal and exact one payout
  ---
  duration_ms: 11.72
  type: 'test'
  ...
# Subtest: atlantis-bellglass-lamp-v1 desk physical work, durable candidate refusal and exact one payout
ok 683 - atlantis-bellglass-lamp-v1 desk physical work, durable candidate refusal and exact one payout
  ---
  duration_ms: 8.4921
  type: 'test'
  ...
# Subtest: cosmos-drawing-shelf-v1 rejects offsite acceptance, invalid arrangement and absent prerequisite atomically
ok 684 - cosmos-drawing-shelf-v1 rejects offsite acceptance, invalid arrangement and absent prerequisite atomically
  ---
  duration_ms: 2.1285
  type: 'test'
  ...
# Subtest: cosmos-drawing-shelf-v1 route physical work, durable candidate refusal and exact one payout
ok 685 - cosmos-drawing-shelf-v1 route physical work, durable candidate refusal and exact one payout
  ---
  duration_ms: 17.3637
  type: 'test'
  ...
# Subtest: cosmos-drawing-shelf-v1 sheltered physical work, durable candidate refusal and exact one payout
ok 686 - cosmos-drawing-shelf-v1 sheltered physical work, durable candidate refusal and exact one payout
  ---
  duration_ms: 14.3243
  type: 'test'
  ...
# Subtest: dry sites and both selected Heaven beds retain full canonical foot support
ok 687 - dry sites and both selected Heaven beds retain full canonical foot support
  ---
  duration_ms: 3.0504
  type: 'test'
  ...
# Subtest: Atlantis work requires actual gallery body depth and medium
ok 688 - Atlantis work requires actual gallery body depth and medium
  ---
  duration_ms: 5.4417
  type: 'test'
  ...
# Subtest: material capacity and 9999 XP boundary retain whole-payment atomicity
ok 689 - material capacity and 9999 XP boundary retain whole-payment atomicity
  ---
  duration_ms: 4.3792
  type: 'test'
  ...
# Subtest: new art reads accepted state, emits finite supported shapes and preserves canonical state
ok 690 - new art reads accepted state, emits finite supported shapes and preserves canonical state
  ---
  duration_ms: 25.8501
  type: 'test'
  ...
# Subtest: both fitted Cosmos arrangements clear the production bench backrest
ok 691 - both fitted Cosmos arrangements clear the production bench backrest
  ---
  duration_ms: 8.5771
  type: 'test'
  ...
# Subtest: legacy Cosmos presentation is handed over only after explicit local acceptance
ok 692 - legacy Cosmos presentation is handed over only after explicit local acceptance
  ---
  duration_ms: 7.0555
  type: 'test'
  ...
# Subtest: gate lift is a pure projection of the existing saved repair
ok 693 - gate lift is a pure projection of the existing saved repair
  ---
  duration_ms: 2.3746
  type: 'test'
  ...
# Subtest: five separated timber planks have positive connected transforms and vertical grain
ok 694 - five separated timber planks have positive connected transforms and vertical grain
  ---
  duration_ms: 0.444
  type: 'test'
  ...
# Subtest: jammed and repaired hardware differ without becoming navigation or camera authorities
ok 695 - jammed and repaired hardware differ without becoming navigation or camera authorities
  ---
  duration_ms: 0.322
  type: 'test'
  ...
# Subtest: rack stays engaged with the fixed pinion in both leaf positions
ok 696 - rack stays engaged with the fixed pinion in both leaf positions
  ---
  duration_ms: 0.202
  type: 'test'
  ...
# Subtest: fixed frame stays around the established bank anchor with three mapped members
ok 697 - fixed frame stays around the established bank anchor with three mapped members
  ---
  duration_ms: 0.4627
  type: 'test'
  ...
# Subtest: gate projection remains bounded to 29 moving parts and five timber instances
ok 698 - gate projection remains bounded to 29 moving parts and five timber instances
  ---
  duration_ms: 0.1947
  type: 'test'
  ...
# Subtest: Ansel keeps the exact Earth resident anchor and excludes navigation/camera ownership
ok 699 - Ansel keeps the exact Earth resident anchor and excludes navigation/camera ownership
  ---
  duration_ms: 4.8381
  type: 'test'
  ...
# Subtest: bounded body and tool transforms remain finite and positive through the full work cycle
ok 700 - bounded body and tool transforms remain finite and positive through the full work cycle
  ---
  duration_ms: 49.3402
  type: 'test'
  ...
# Subtest: both hands belong to the actual square frame throughout inspection
ok 701 - both hands belong to the actual square frame throughout inspection
  ---
  duration_ms: 1.3485
  type: 'test'
  ...
# Subtest: proper 3D segments connect both elbows, hands and legs without cross-body gaps
ok 702 - proper 3D segments connect both elbows, hands and legs without cross-body gaps
  ---
  duration_ms: 0.4987
  type: 'test'
  ...
# Subtest: feet meet the supplied ground and the square has a real right angle
ok 703 - feet meet the supplied ground and the square has a real right angle
  ---
  duration_ms: 0.2985
  type: 'test'
  ...
# Subtest: pure sampling changes only with supplied time and reduced motion keeps one complete stance
ok 704 - pure sampling changes only with supplied time and reduced motion keeps one complete stance
  ---
  duration_ms: 2.6276
  type: 'test'
  ...
# Subtest: creative presentation tick preserves sandbox blueprint and grid
ok 705 - creative presentation tick preserves sandbox blueprint and grid
  ---
  duration_ms: 28.5954
  type: 'test'
  ...
# Subtest: creative tick still clears its own stale playing and room-selection fields
ok 706 - creative tick still clears its own stale playing and room-selection fields
  ---
  duration_ms: 6.582
  type: 'test'
  ...
# Subtest: selected slot and active music never replace another presentation owner
ok 707 - selected slot and active music never replace another presentation owner
  ---
  duration_ms: 12.8812
  type: 'test'
  ...
# Subtest: placement confirmation stays disabled before a tile is selected
ok 708 - placement confirmation stays disabled before a tile is selected
  ---
  duration_ms: 2.7725
  type: 'test'
  ...
# Subtest: explicit survey acceptance uses kit and the next expected sequence
ok 709 - explicit survey acceptance uses kit and the next expected sequence
  ---
  duration_ms: 42.5007
  type: 'test'
  ...
# Subtest: older saves acquire empty project data without changing XP or creative work
ok 710 - older saves acquire empty project data without changing XP or creative work
  ---
  duration_ms: 275.6409
  type: 'test'
  ...
# Subtest: a pin is a persisted attainable choice, not ownership or campaign consent
ok 711 - a pin is a persisted attainable choice, not ownership or campaign consent
  ---
  duration_ms: 120.8289
  type: 'test'
  ...
# Subtest: guide projects real craft sources and honest comparisons for an unowned weapon
ok 712 - guide projects real craft sources and honest comparisons for an unowned weapon
  ---
  duration_ms: 24.0593
  type: 'test'
  ...
# Subtest: next-step preview resolves the Ashwood prerequisite separately from the longbow target
ok 713 - next-step preview resolves the Ashwood prerequisite separately from the longbow target
  ---
  duration_ms: 2.1153
  type: 'test'
  ...
# Subtest: each prerequisite and target preview matches the actual craft then deliberate equip
ok 714 - each prerequisite and target preview matches the actual craft then deliberate equip
  ---
  duration_ms: 5.1686
  type: 'test'
  ...
# Subtest: next-step forge and both finite fittings match accepted commands without spending during preview
ok 715 - next-step forge and both finite fittings match accepted commands without spending during preview
  ---
  duration_ms: 8.522
  type: 'test'
  ...
# Subtest: unequipped bow fitting preview keeps distinct sockets, health and Oren temper
ok 716 - unequipped bow fitting preview keeps distinct sockets, health and Oren temper
  ---
  duration_ms: 2.3801
  type: 'test'
  ...
# Subtest: finished, uncraftable and invalid project IDs have no invented next step
ok 717 - finished, uncraftable and invalid project IDs have no invented next step
  ---
  duration_ms: 1.8781
  type: 'test'
  ...
# Subtest: repeated immutable next-step previews keep XP, all history, cost, vitals and selected socket unchanged
ok 718 - repeated immutable next-step previews keep XP, all history, cost, vitals and selected socket unchanged
  ---
  duration_ms: 83.737
  type: 'test'
  ...
# Subtest: Oren comparisons explicitly use current XP and do not project or award the separate XP reward
ok 719 - Oren comparisons explicitly use current XP and do not project or award the separate XP reward
  ---
  duration_ms: 12.4652
  type: 'test'
  ...
# Subtest: survey cannot be accepted remotely or before kit, and failed start is atomic
ok 720 - survey cannot be accepted remotely or before kit, and failed start is atomic
  ---
  duration_ms: 4.7925
  type: 'test'
  ...
# Subtest: survey temporarily owns encounters without replaying the once-only quest
ok 721 - survey temporarily owns encounters without replaying the once-only quest
  ---
  duration_ms: 2.4543
  type: 'test'
  ...
# Subtest: accepted sample events require run identity, proximity and once-per-run ownership
ok 722 - accepted sample events require run identity, proximity and once-per-run ownership
  ---
  duration_ms: 3.4242
  type: 'test'
  ...
# Subtest: actual defeat progresses the active run but creates no story defeat, cache or XP
ok 723 - actual defeat progresses the active run but creates no story defeat, cache or XP
  ---
  duration_ms: 1.2948
  type: 'test'
  ...
# Subtest: each deliberate completed run pays once, including after reload and receipt eviction
ok 724 - each deliberate completed run pays once, including after reload and receipt eviction
  ---
  duration_ms: 33.817
  type: 'test'
  ...
# Subtest: changed request IDs cannot claim an incomplete run or a stale entitlement
ok 725 - changed request IDs cannot claim an incomplete run or a stale entitlement
  ---
  duration_ms: 2.0848
  type: 'test'
  ...
# Subtest: full ore refuses the entire claim and preserves earned entitlement
ok 726 - full ore refuses the entire claim and preserves earned entitlement
  ---
  duration_ms: 1.589
  type: 'test'
  ...
# Subtest: full coins refuses the entire claim and preserves earned entitlement
ok 727 - full coins refuses the entire claim and preserves earned entitlement
  ---
  duration_ms: 1.1108
  type: 'test'
  ...
# Subtest: full fiber refuses the entire claim and preserves earned entitlement
ok 728 - full fiber refuses the entire claim and preserves earned entitlement
  ---
  duration_ms: 1.7519
  type: 'test'
  ...
# Subtest: finite fittings consume whole costs, keep equipped identity and preserve sockets
ok 729 - finite fittings consume whole costs, keep equipped identity and preserve sockets
  ---
  duration_ms: 2.0256
  type: 'test'
  ...
# Subtest: invalid, distant, out-of-order and missing-cost fittings never partly spend materials
ok 730 - invalid, distant, out-of-order and missing-cost fittings never partly spend materials
  ---
  duration_ms: 2.8991
  type: 'test'
  ...
# Subtest: improving an unequipped bow never equips it or changes the equipped socket
ok 731 - improving an unequipped bow never equips it or changes the equipped socket
  ---
  duration_ms: 0.3665
  type: 'test'
  ...
# Subtest: fittings affect both real damage paths and leave obstruction rules intact
ok 732 - fittings affect both real damage paths and leave obstruction rules intact
  ---
  duration_ms: 5.9967
  type: 'test'
  ...
# Subtest: present malformed ledgers refuse import instead of resetting paid history
ok 733 - present malformed ledgers refuse import instead of resetting paid history
  ---
  duration_ms: 7.0377
  type: 'test'
  ...
# Subtest: Darric remains at the supported existing anchor beside the real collection approach
ok 734 - Darric remains at the supported existing anchor beside the real collection approach
  ---
  duration_ms: 5.0688
  type: 'test'
  ...
# Subtest: complete actor and actual tool matrices remain finite positive and bounded across every stage
ok 735 - complete actor and actual tool matrices remain finite positive and bounded across every stage
  ---
  duration_ms: 179.6261
  type: 'test'
  ...
# Subtest: both gloved hands meet the real resting handle through every pose and stage
ok 736 - both gloved hands meet the real resting handle through every pose and stage
  ---
  duration_ms: 2.8196
  type: 'test'
  ...
# Subtest: full 3D limb bases connect submitted endpoints instead of rotating only in one plane
ok 737 - full 3D limb bases connect submitted endpoints instead of rotating only in one plane
  ---
  duration_ms: 0.9922
  type: 'test'
  ...
# Subtest: transformed soles meet canonical shallow ground within six millimetres
ok 738 - transformed soles meet canonical shallow ground within six millimetres
  ---
  duration_ms: 0.4763
  type: 'test'
  ...
# Subtest: actual actor and mallet volumes clear collection stance sign and reserved blocks at pose extremes
ok 739 - actual actor and mallet volumes clear collection stance sign and reserved blocks at pose extremes
  ---
  duration_ms: 71.4653
  type: 'test'
  ...
# Subtest: actual mallet head clears body boxes and conservative round bounds through the full posing cycle
ok 740 - actual mallet head clears body boxes and conservative round bounds through the full posing cycle
  ---
  duration_ms: 797.0612
  type: 'test'
  ...
# Subtest: three stable individually tallied blocks project release only and twelve flush stones project packing only
ok 741 - three stable individually tallied blocks project release only and twelve flush stones project packing only
  ---
  duration_ms: 3.1498
  type: 'test'
  ...
# Subtest: pure pose uses only supplied simulation time and reduced motion freezes each complete stage
ok 742 - pure pose uses only supplied simulation time and reduced motion freezes each complete stage
  ---
  duration_ms: 6.4652
  type: 'test'
  ...
# Subtest: the pure API owns the nine retained points and two Elderweald residents, with unchanged names and deeply frozen profiles
ok 743 - the pure API owns the nine retained points and two Elderweald residents, with unchanged names and deeply frozen profiles
  ---
  duration_ms: 3.2825
  type: 'test'
  ...
# Subtest: actual production mesh vertices are finite, supported and bounded through real ground height and yaw
ok 744 - actual production mesh vertices are finite, supported and bounded through real ground height and yaw
  ---
  duration_ms: 1060.1967
  type: 'test'
  ...
# Subtest: the exact actor meshes stay on current patches and clear authoritative nearby solid boxes
ok 745 - the exact actor meshes stay on current patches and clear authoritative nearby solid boxes
  ---
  duration_ms: 1029.5456
  type: 'test'
  ...
# Subtest: actual beam mesh endpoints connect the named limb and tool joints under root transforms
ok 746 - actual beam mesh endpoints connect the named limb and tool joints under root transforms
  ---
  duration_ms: 34.2622
  type: 'test'
  ...
# Subtest: each useful tool actually touches its holding palm and has a supported component graph
ok 747 - each useful tool actually touches its holding palm and has a supported component graph
  ---
  duration_ms: 28.9166
  type: 'test'
  ...
# Subtest: Calen alone has source-backed folded wings joined to the real cloak surface and clear of hands and head
ok 748 - Calen alone has source-backed folded wings joined to the real cloak surface and clear of hands and head
  ---
  duration_ms: 29.2762
  type: 'test'
  ...
# Subtest: material combinations, clothing silhouettes and tools are distinct without assigning game classes or ancestry
ok 749 - material combinations, clothing silhouettes and tools are distinct without assigning game classes or ancestry
  ---
  duration_ms: 4.9132
  type: 'test'
  ...
# Subtest: repeated time samples are pure, idle never walks or works, and pause/reduced motion are quiet
ok 750 - repeated time samples are pure, idle never walks or works, and pause/reduced motion are quiet
  ---
  duration_ms: 157.035
  type: 'test'
  ...
# Subtest: unknown people, invalid anchors or output refuse before any partial mutation
ok 751 - unknown people, invalid anchors or output refuse before any partial mutation
  ---
  duration_ms: 0.7063
  type: 'test'
  ...
# Subtest: adventure 10 and missing optional trails preserve all ten XP boundaries and source input
ok 752 - adventure 10 and missing optional trails preserve all ten XP boundaries and source input
  ---
  duration_ms: 187.1696
  type: 'test'
  ...
# Subtest: current/future schemas refuse missing fields, foreign steps and impossible histories
ok 753 - current/future schemas refuse missing fields, foreign steps and impossible histories
  ---
  duration_ms: 11.3502
  type: 'test'
  ...
# Subtest: trail acceptance and realm fitting require their cross-owner earned histories on import
ok 754 - trail acceptance and realm fitting require their cross-owner earned histories on import
  ---
  duration_ms: 1.7059
  type: 'test'
  ...
# Subtest: acceptance requires the kit, correct realm, physical giver and living dry character
ok 755 - acceptance requires the kit, correct realm, physical giver and living dry character
  ---
  duration_ms: 6.4025
  type: 'test'
  ...
# Subtest: malformed transient XZ and depth cannot qualify a physical trail action
ok 756 - malformed transient XZ and depth cannot qualify a physical trail action
  ---
  duration_ms: 7.1326
  type: 'test'
  ...
# Subtest: accept/step refusal from throwing or unavailable persistence changes no live state
ok 757 - accept/step refusal from throwing or unavailable persistence changes no live state
  ---
  duration_ms: 6.9201
  type: 'test'
  ...
# Subtest: supply preparation is physical, dependency-checked and grants nothing before claim
ok 758 - supply preparation is physical, dependency-checked and grants nothing before claim
  ---
  duration_ms: 5.893
  type: 'test'
  ...
# Subtest: wet readings need actual depth/body medium and cannot be recorded on the overhead deck
ok 759 - wet readings need actual depth/body medium and cannot be recorded on the overhead deck
  ---
  duration_ms: 4.4345
  type: 'test'
  ...
# Subtest: Bellglass chart works in the actual air court and wrong choices are costless refusals
ok 760 - Bellglass chart works in the actual air court and wrong choices are costless refusals
  ---
  duration_ms: 8.9571
  type: 'test'
  ...
# Subtest: each material slot and currency limit refuses the whole declared claim, then exact capacity succeeds
ok 761 - each material slot and currency limit refuses the whole declared claim, then exact capacity succeeds
  ---
  duration_ms: 59.6027
  type: 'test'
  ...
# Subtest: claim validates/saves the full paid candidate before applying it and retains live owner objects
ok 762 - claim validates/saves the full paid candidate before applying it and retains live owner objects
  ---
  duration_ms: 56.7919
  type: 'test'
  ...
# Subtest: claim clamps XP at 9999 without replacing the retained five-level curve
ok 763 - claim clamps XP at 9999 without replacing the retained five-level curve
  ---
  duration_ms: 4.443
  type: 'test'
  ...
# Subtest: partial, ready and paid records survive snapshot/reload without accepting or paying again
ok 764 - partial, ready and paid records survive snapshot/reload without accepting or paying again
  ---
  duration_ms: 4.5455
  type: 'test'
  ...
# Subtest: a real in-memory character Store makes quota refusal atomic and pays one saved entitlement
ok 765 - a real in-memory character Store makes quota refusal atomic and pays one saved entitlement
  ---
  duration_ms: 43.6155
  type: 'test'
  ...
# Subtest: a missing saver refuses claim and fitting without recording a false durable success
ok 766 - a missing saver refuses claim and fitting without recording a false durable success
  ---
  duration_ms: 39.9957
  type: 'test'
  ...
# Subtest: managed Store writer and changed-source refusals preserve the complete unpaid trail
ok 767 - managed Store writer and changed-source refusals preserve the complete unpaid trail
  ---
  duration_ms: 9.5125
  type: 'test'
  ...
# Subtest: independent character worlds keep trail claims and the fitting entitlement separate
ok 768 - independent character worlds keep trail claims and the fitting entitlement separate
  ---
  duration_ms: 6.4981
  type: 'test'
  ...
# Subtest: a fitting requires claimed work, an outdoor bench, life, an owned weapon and complete cost
ok 769 - a fitting requires claimed work, an outdoor bench, life, an owned weapon and complete cost
  ---
  duration_ms: 41.7836
  type: 'test'
  ...
# Subtest: finite fitting spends only after persistence and adds exactly three to the selected equipped blade
ok 770 - finite fitting spends only after persistence and adds exactly three to the selected equipped blade
  ---
  duration_ms: 4.9284
  type: 'test'
  ...
# Subtest: fitting an unequipped canonical bow never equips it and the one global spend excludes another weapon
ok 771 - fitting an unequipped canonical bow never equips it and the one global spend excludes another weapon
  ---
  duration_ms: 18.6784
  type: 'test'
  ...
# Subtest: returning finite starter/river work, ruby, pinned project, banked XP and weapon behavior survive fitting
ok 772 - returning finite starter/river work, ruby, pinned project, banked XP and weapon behavior survive fitting
  ---
  duration_ms: 5.8473
  type: 'test'
  ...
# Subtest: accepted Atlantis pages are readable at home and from another realm after cold reload
ok 773 - accepted Atlantis pages are readable at home and from another realm after cold reload
  ---
  duration_ms: 4.037
  type: 'test'
  ...
# Subtest: all legal Southern progress snapshots emit bounded supported kinds and finite positive production matrices
ok 774 - all legal Southern progress snapshots emit bounded supported kinds and finite positive production matrices
  ---
  duration_ms: 311.8104
  type: 'test'
  ...
# Subtest: appearance projects acceptance and each true step; the packed job appears only after all supplies and packing
ok 775 - appearance projects acceptance and each true step; the packed job appears only after all supplies and packing
  ---
  duration_ms: 15.4358
  type: 'test'
  ...
# Subtest: Bellglass reveals separate recorded readings, corrected layered chart and fitted marker without erasing the older scale
ok 776 - Bellglass reveals separate recorded readings, corrected layered chart and fitted marker without erasing the older scale
  ---
  duration_ms: 56.6805
  type: 'test'
  ...
# Subtest: actual Earth mesh feet stay on canonical ground and clear walking, task and giver body envelopes
ok 777 - actual Earth mesh feet stay on canonical ground and clear walking, task and giver body envelopes
  ---
  duration_ms: 718.0104
  type: 'test'
  ...
# Subtest: actual Bellglass full meshes clear the complete XYZ visitor route, dive blockers and step bodies
ok 778 - actual Bellglass full meshes clear the complete XYZ visitor route, dive blockers and step bodies
  ---
  duration_ms: 16.5621
  type: 'test'
  ...
# Subtest: desk, inclined layered chart, suspended gauge and bed-mounted feet meet their real supports
ok 779 - desk, inclined layered chart, suspended gauge and bed-mounted feet meet their real supports
  ---
  duration_ms: 2.2917
  type: 'test'
  ...
# Subtest: bed, court and suspended-gauge support heights agree with the actual generic scene writer
ok 780 - bed, court and suspended-gauge support heights agree with the actual generic scene writer
  ---
  duration_ms: 15.3316
  type: 'test'
  ...
# Subtest: South work geometry is static across pause, time, reduced motion and both camera settings; all input data stays unchanged
ok 781 - South work geometry is static across pause, time, reduced motion and both camera settings; all input data stays unchanged
  ---
  duration_ms: 221.0986
  type: 'test'
  ...
# Subtest: real trail commands leave the chart unconnected after wrong choice or refused save, then project a committed correction
ok 782 - real trail commands leave the chart unconnected after wrong choice or refused save, then project a committed correction
  ---
  duration_ms: 21.0081
  type: 'test'
  ...
# Subtest: six northern and Cosmos projections retain pinned base output without depending on Git history
ok 783 - six northern and Cosmos projections retain pinned base output without depending on Git history
  ---
  duration_ms: 3.8356
  type: 'test'
  ...
# Subtest: browser global and CommonJS preserve the original interface and add no foreign global authority
ok 784 - browser global and CommonJS preserve the original interface and add no foreign global authority
  ---
  duration_ms: 1.3979
  type: 'test'
  ...
# Subtest: one stable finite definition has supported schema and exact declared payment
ok 785 - one stable finite definition has supported schema and exact declared payment
  ---
  duration_ms: 25.6407
  type: 'test'
  ...
# Subtest: every nested catalogue value is immutable, including target anchors
ok 786 - every nested catalogue value is immutable, including target anchors
  ---
  duration_ms: 0.9247
  type: 'test'
  ...
# Subtest: instrument readings follow the actual authored XZ anchors and strict finite scale
ok 787 - instrument readings follow the actual authored XZ anchors and strict finite scale
  ---
  duration_ms: 0.4233
  type: 'test'
  ...
# Subtest: both optical targets agree with geometry actually submitted by CosmosArt
ok 788 - both optical targets agree with geometry actually submitted by CosmosArt
  ---
  duration_ms: 47.1071
  type: 'test'
  ...
# Subtest: giver and all three actions use actual dry floor, radius clearance and line access
ok 789 - giver and all three actions use actual dry floor, radius clearance and line access
  ---
  duration_ms: 0.9033
  type: 'test'
  ...
# Subtest: complete out-and-back circuit follows production segments with dense radius-safe samples
ok 790 - complete out-and-back circuit follows production segments with dense radius-safe samples
  ---
  duration_ms: 64.7845
  type: 'test'
  ...
# Subtest: data loading and browser export do not invoke save, simulation, reward or art authority
ok 791 - data loading and browser export do not invoke save, simulation, reward or art authority
  ---
  duration_ms: 8.1141
  type: 'test'
  ...
# Subtest: two real sight stations expose earned comparator preview without mutating the world
ok 792 - two real sight stations expose earned comparator preview without mutating the world
  ---
  duration_ms: 325.5494
  type: 'test'
  ...
# Subtest: misaligned, absent, remote, nonfinite and out-of-scale calibration cannot record or spend
ok 793 - misaligned, absent, remote, nonfinite and out-of-scale calibration cannot record or spend
  ---
  duration_ms: 314.5843
  type: 'test'
  ...
# Subtest: unrecorded dial resets on cold reload; recorded values, prerequisites and once-only claim survive
ok 794 - unrecorded dial resets on cold reload; recorded values, prerequisites and once-only claim survive
  ---
  duration_ms: 2186.1618
  type: 'test'
  ...
# Subtest: save refusal leaves an aligned physical comparator retryable and its earned state unchanged
ok 795 - save refusal leaves an aligned physical comparator retryable and its earned state unchanged
  ---
  duration_ms: 276.4803
  type: 'test'
  ...
# Subtest: import refuses fabricated instrument histories while preserving source objects
ok 796 - import refuses fabricated instrument histories while preserving source objects
  ---
  duration_ms: 10.5626
  type: 'test'
  ...
# Subtest: north trails: exact frozen catalogue contract and distinct persistent namespaces
ok 797 - north trails: exact frozen catalogue contract and distinct persistent namespaces
  ---
  duration_ms: 30.7765
  type: 'test'
  ...
# Subtest: Heaven: three independent relay actions, optional real opening and post-defeat physical repair
ok 798 - Heaven: three independent relay actions, optional real opening and post-defeat physical repair
  ---
  duration_ms: 0.6398
  type: 'test'
  ...
# Subtest: Hell: all route safety is required; actual ally arrival follows separate defeat and explicit invitation
ok 799 - Hell: all route safety is required; actual ally arrival follows separate defeat and explicit invitation
  ---
  duration_ms: 0.7019
  type: 'test'
  ...
# Subtest: graph guard detects cycles, unknown prerequisites, optional completion gates and encounter mismatch
ok 800 - graph guard detects cycles, unknown prerequisites, optional completion gates and encounter mismatch
  ---
  duration_ms: 8.8
  type: 'test'
  ...
# Subtest: heaven: production ground, exact collision and navigation provide every action a giver/home return
ok 801 - heaven: production ground, exact collision and navigation provide every action a giver/home return
  ---
  duration_ms: 1825.9938
  type: 'test'
  ...
# Subtest: heaven: production accepted movement physically walks ordered work and freely returns home
ok 802 - heaven: production accepted movement physically walks ordered work and freely returns home
  ---
  duration_ms: 545.6349
  type: 'test'
  ...
# Subtest: hell: production ground, exact collision and navigation provide every action a giver/home return
ok 803 - hell: production ground, exact collision and navigation provide every action a giver/home return
  ---
  duration_ms: 3948.3858
  type: 'test'
  ...
# Subtest: hell: production accepted movement physically walks ordered work and freely returns home
ok 804 - hell: production accepted movement physically walks ordered work and freely returns home
  ---
  duration_ms: 570.2302
  type: 'test'
  ...
# Subtest: Hell: supported escorted macro route uses a real culvert detour and remains within Refuge at its endpoint
ok 805 - Hell: supported escorted macro route uses a real culvert detour and remains within Refuge at its endpoint
  ---
  duration_ms: 302.0263
  type: 'test'
  ...
# Subtest: catalogue is deterministic inert data in browser and CommonJS hosts, with no save/scene/reward effects
ok 806 - catalogue is deterministic inert data in browser and CommonJS hosts, with no save/scene/reward effects
  ---
  duration_ms: 10.0759
  type: 'test'
  ...
# Subtest: acceptance needs the correct realm, initial kit and physical giver; inspecting/failed actions remain inert
ok 807 - acceptance needs the correct realm, initial kit and physical giver; inspecting/failed actions remain inert
  ---
  duration_ms: 100.3114
  type: 'test'
  ...
# Subtest: interactions require actual proximity and all DAG preparations; combat/escort steps cannot be clicked complete
ok 808 - interactions require actual proximity and all DAG preparations; combat/escort steps cannot be clicked complete
  ---
  duration_ms: 32.7286
  type: 'test'
  ...
# Subtest: strict escort history rejects impossible arrival/checkpoint records while legacy saves migrate without trail credit
ok 809 - strict escort history rejects impossible arrival/checkpoint records while legacy saves migrate without trail credit
  ---
  duration_ms: 2.2972
  type: 'test'
  ...
# Subtest: story death accepts only the current actual zero-HP actor; replay has no legacy loot or payout
ok 810 - story death accepts only the current actual zero-HP actor; replay has no legacy loot or payout
  ---
  duration_ms: 51.4152
  type: 'test'
  ...
# Subtest: Heaven closed bearing records no hit; actual pulse recovery is 1.8 and preparation changes a later real opening to 2.6
ok 811 - Heaven closed bearing records no hit; actual pulse recovery is 1.8 and preparation changes a later real opening to 2.6
  ---
  duration_ms: 20.0643
  type: 'test'
  ...
# Subtest: same-room story roster update preserves current enemy HP/intent, real arrow, companion, effects and invincibility
ok 812 - same-room story roster update preserves current enemy HP/intent, real arrow, companion, effects and invincibility
  ---
  duration_ms: 242.2983
  type: 'test'
  ...
# Subtest: missing or refused durable combat saver cannot manufacture a defeat; successful retry records it once
ok 813 - missing or refused durable combat saver cannot manufacture a defeat; successful retry records it once
  ---
  duration_ms: 231.3208
  type: 'test'
  ...
# Subtest: real Neris waits for distance and explicit wait/follow; player-only arrival cannot finish rescue
ok 814 - real Neris waits for distance and explicit wait/follow; player-only arrival cannot finish rescue
  ---
  duration_ms: 482.9415
  type: 'test'
  ...
# Subtest: actual ordinary sentinel death stops escort; cold reload/revive resumes durable safe checkpoint and owns a fresh actor
ok 815 - actual ordinary sentinel death stops escort; cold reload/revive resumes durable safe checkpoint and owns a fresh actor
  ---
  duration_ms: 401.1086
  type: 'test'
  ...
# Subtest: refused checkpoint save stays retryable; actual arrival can only be adopted after saver accepts
ok 816 - refused checkpoint save stays retryable; actual arrival can only be adopted after saver accepts
  ---
  duration_ms: 73.3007
  type: 'test'
  ...
# Subtest: explicit assisted extraction is distinct, actual Refuge placement and save-atomic; completion survives unpaid reload
ok 817 - explicit assisted extraction is distinct, actual Refuge placement and save-atomic; completion survives unpaid reload
  ---
  duration_ms: 83.5223
  type: 'test'
  ...
# Subtest: ready claim is physical, atomic, once-only and retained on capacity/save refusal and cold replay
ok 818 - ready claim is physical, atomic, once-only and retained on capacity/save refusal and cold replay
  ---
  duration_ms: 111.9028
  type: 'test'
  ...
# Subtest: finite fitting preserves selected identity, actual prior socket, validated prior pursuit bonus and global once limit
ok 819 - finite fitting preserves selected identity, actual prior socket, validated prior pursuit bonus and global once limit
  ---
  duration_ms: 35.1109
  type: 'test'
  ...
# Subtest: both terms are deeply frozen and browser/CommonJS exports agree without mutable service access
ok 820 - both terms are deeply frozen and browser/CommonJS exports agree without mutable service access
  ---
  duration_ms: 3.2477
  type: 'test'
  ...
# Subtest: stable terms, finite step topology and choice references match the approved data contract
ok 821 - stable terms, finite step topology and choice references match the approved data contract
  ---
  duration_ms: 0.6247
  type: 'test'
  ...
# Subtest: givers retain current canonical point ownership and every dry step has supported collision-free ground
ok 822 - givers retain current canonical point ownership and every dry step has supported collision-free ground
  ---
  duration_ms: 5.179
  type: 'test'
  ...
# Subtest: the complete dry circuit follows real supported segments and stays outside the optional foe detection radius
ok 823 - the complete dry circuit follows real supported segments and stays outside the optional foe detection radius
  ---
  duration_ms: 142.3085
  type: 'test'
  ...
# Subtest: underwater and air-court anchors agree with actual full-body clearance and character medium
ok 824 - underwater and air-court anchors agree with actual full-body clearance and character medium
  ---
  duration_ms: 18.6384
  type: 'test'
  ...
# Subtest: production depth movement reaches every new anchor through the real doorway and east lane, then exits
ok 825 - production depth movement reaches every new anchor through the real doorway and east lane, then exits
  ---
  duration_ms: 3.4266
  type: 'test'
  ...
# Subtest: the material claim supports an existing recipe without a new item, resource node or weapon stat
ok 826 - the material claim supports an existing recipe without a new item, resource node or weapon stat
  ---
  duration_ms: 0.2329
  type: 'test'
  ...
# Subtest: labels distinguish job supplies, physical depth, protected history and finite claimed materials
ok 827 - labels distinguish job supplies, physical depth, protected history and finite claimed materials
  ---
  duration_ms: 0.1733
  type: 'test'
  ...
# Subtest: horizontal reflection keeps every point on its plane fixed
ok 828 - horizontal reflection keeps every point on its plane fixed
  ---
  duration_ms: 1.887
  type: 'test'
  ...
# Subtest: reflection applied twice restores a point
ok 829 - reflection applied twice restores a point
  ---
  duration_ms: 0.3306
  type: 'test'
  ...
# Subtest: actual render matrix keeps contact UV invariant at many view angles
ok 830 - actual render matrix keeps contact UV invariant at many view angles
  ---
  duration_ms: 1.9227
  type: 'test'
  ...
# Subtest: reflected height changes vertical position but not lateral direction
ok 831 - reflected height changes vertical position but not lateral direction
  ---
  duration_ms: 0.279
  type: 'test'
  ...
# Subtest: regression specimen detects the previous reflected-lookAt defect
ok 832 - regression specimen detects the previous reflected-lookAt defect
  ---
  duration_ms: 0.196
  type: 'test'
  ...
# Subtest: non-finite reflection height is rejected
ok 833 - non-finite reflection height is rejected
  ---
  duration_ms: 0.3068
  type: 'test'
  ...
# Subtest: road defaults are distinct records and start without progress
ok 834 - road defaults are distinct records and start without progress
  ---
  duration_ms: 1.9793
  type: 'test'
  ...
# Subtest: all route destinations are on terrain; river and trunks are obstacles
ok 835 - all route destinations are on terrain; river and trunks are obstacles
  ---
  duration_ms: 1.4973
  type: 'test'
  ...
# Subtest: visibility rejects invalid endpoints, extreme inputs, and water crossing
ok 836 - visibility rejects invalid endpoints, extreme inputs, and water crossing
  ---
  duration_ms: 0.8827
  type: 'test'
  ...
# Subtest: consistent completed road validates and all objectives complete
ok 837 - consistent completed road validates and all objectives complete
  ---
  duration_ms: 1.8815
  type: 'test'
  ...
# Subtest: unearned and duplicate facts are rejected rather than reset
ok 838 - unearned and duplicate facts are rejected rather than reset
  ---
  duration_ms: 0.5561
  type: 'test'
  ...
# Subtest: road validation requires story, companion, and encounter prerequisites
ok 839 - road validation requires story, companion, and encounter prerequisites
  ---
  duration_ms: 0.2259
  type: 'test'
  ...
# Subtest: world05 migrates without changing any prior creative/sandbox fields
ok 840 - world05 migrates without changing any prior creative/sandbox fields
  ---
  duration_ms: 157.6806
  type: 'test'
  ...
# Subtest: all supported previous schemas migrate without road wins
ok 841 - all supported previous schemas migrate without road wins
  ---
  duration_ms: 24.5917
  type: 'test'
  ...
# Subtest: adapter migration writes new key and leaves previous key unchanged
ok 842 - adapter migration writes new key and leaves previous key unchanged
  ---
  duration_ms: 1.8961
  type: 'test'
  ...
# Subtest: gate refuses unfinished chapter without mutation
ok 843 - gate refuses unfinished chapter without mutation
  ---
  duration_ms: 9.6373
  type: 'test'
  ...
# Subtest: gate refuses remote and wrong-scene entry
ok 844 - gate refuses remote and wrong-scene entry
  ---
  duration_ms: 62.0033
  type: 'test'
  ...
# Subtest: earned gift allows entry and preserves exterior restart
ok 845 - earned gift allows entry and preserves exterior restart
  ---
  duration_ms: 27.252
  type: 'test'
  ...
# Subtest: normal road return is restricted to southern gate
ok 846 - normal road return is restricted to southern gate
  ---
  duration_ms: 32.1293
  type: 'test'
  ...
# Subtest: road save reopens safely outside with progress retained
ok 847 - road save reopens safely outside with progress retained
  ---
  duration_ms: 73.74
  type: 'test'
  ...
# Subtest: all map landmarks and encounter origins walkable
ok 848 - all map landmarks and encounter origins walkable
  ---
  duration_ms: 0.262
  type: 'test'
  ...
# Subtest: river blocks nonbridge crossings and rejects nonfinite coordinates
ok 849 - river blocks nonbridge crossings and rejects nonfinite coordinates
  ---
  duration_ms: 0.2081
  type: 'test'
  ...
# Subtest: boulders cart tower and trunks all participate in collision
ok 850 - boulders cart tower and trunks all participate in collision
  ---
  duration_ms: 0.2036
  type: 'test'
  ...
# Subtest: path crosses bridge instead of cutting across water
ok 851 - path crosses bridge instead of cutting across water
  ---
  duration_ms: 33.1836
  type: 'test'
  ...
# Subtest: dodge does not tunnel through the river
ok 852 - dodge does not tunnel through the river
  ---
  duration_ms: 2.6063
  type: 'test'
  ...
# Subtest: new encounters do not enable village combat
ok 853 - new encounters do not enable village combat
  ---
  duration_ms: 69.6898
  type: 'test'
  ...
# Subtest: melee cannot hit through solid road geometry
ok 854 - melee cannot hit through solid road geometry
  ---
  duration_ms: 4.2296
  type: 'test'
  ...
# Subtest: Seek needs bonded Follow fox and a nearby discoverable scent
ok 855 - Seek needs bonded Follow fox and a nearby discoverable scent
  ---
  duration_ms: 8.1533
  type: 'test'
  ...
# Subtest: discovery only occurs after physical path travel
ok 856 - discovery only occurs after physical path travel
  ---
  duration_ms: 19.1056
  type: 'test'
  ...
# Subtest: Stay cancels pending scent without issuing discovery
ok 857 - Stay cancels pending scent without issuing discovery
  ---
  duration_ms: 32.1048
  type: 'test'
  ...
# Subtest: leaving cancels scent instead of revealing cache remotely
ok 858 - leaving cancels scent instead of revealing cache remotely
  ---
  duration_ms: 15.3305
  type: 'test'
  ...
# Subtest: unrevealed distant or already claimed cache refuses without mutation
ok 859 - unrevealed distant or already claimed cache refuses without mutation
  ---
  duration_ms: 10.2257
  type: 'test'
  ...
# Subtest: cache overflow keeps balances and unclaimed discovery
ok 860 - cache overflow keeps balances and unclaimed discovery
  ---
  duration_ms: 2.9732
  type: 'test'
  ...
# Subtest: cache retry does not duplicate rewards
ok 861 - cache retry does not duplicate rewards
  ---
  duration_ms: 3.0889
  type: 'test'
  ...
# Subtest: repair needs latch prowler ore and proximity
ok 862 - repair needs latch prowler ore and proximity
  ---
  duration_ms: 7.5874
  type: 'test'
  ...
# Subtest: repair charges exactly once under any command id
ok 863 - repair charges exactly once under any command id
  ---
  duration_ms: 3.9613
  type: 'test'
  ...
# Subtest: shop refuses unopened remote and wrong-scene trades
ok 864 - shop refuses unopened remote and wrong-scene trades
  ---
  duration_ms: 28.4788
  type: 'test'
  ...
# Subtest: tonic purchase obeys cost capacity and idempotency
ok 865 - tonic purchase obeys cost capacity and idempotency
  ---
  duration_ms: 6.3715
  type: 'test'
  ...
# Subtest: changed trade offer under same id is refused
ok 866 - changed trade offer under same id is refused
  ---
  duration_ms: 2.8079
  type: 'test'
  ...
# Subtest: unique mantle costs 18 and can be equipped not repurchased
ok 867 - unique mantle costs 18 and can be equipped not repurchased
  ---
  duration_ms: 5.6084
  type: 'test'
  ...
# Subtest: insufficient currency preserves equipment and balance
ok 868 - insufficient currency preserves equipment and balance
  ---
  duration_ms: 10.0583
  type: 'test'
  ...
# Subtest: copper sale exact and bounded
ok 869 - copper sale exact and bounded
  ---
  duration_ms: 9.2657
  type: 'test'
  ...
# Subtest: sunberry sale consumes actual sandbox garden produce
ok 870 - sunberry sale consumes actual sandbox garden produce
  ---
  duration_ms: 2.9306
  type: 'test'
  ...
# Subtest: unknown trade never falls through to an offer
ok 871 - unknown trade never falls through to an offer
  ---
  duration_ms: 5.4147
  type: 'test'
  ...
# Subtest: pause freezes scent movement and time and refuses actions
ok 872 - pause freezes scent movement and time and refuses actions
  ---
  duration_ms: 5.4451
  type: 'test'
  ...
# Subtest: charge direction locks during windup rather than tracking evasion
ok 873 - charge direction locks during windup rather than tracking evasion
  ---
  duration_ms: 177.5651
  type: 'test'
  ...
# Subtest: charge sweep respects banks and hits at most once per charge
ok 874 - charge sweep respects banks and hits at most once per charge
  ---
  duration_ms: 80.5863
  type: 'test'
  ...
# Subtest: leaving charge lane avoids damage
ok 875 - leaving charge lane avoids damage
  ---
  duration_ms: 4.7884
  type: 'test'
  ...
# Subtest: path follower routes around rock and never enters it
ok 876 - path follower routes around rock and never enters it
  ---
  duration_ms: 23.0848
  type: 'test'
  ...
# Subtest: fox on invalid ground explicitly recalled rather than stranded
ok 877 - fox on invalid ground explicitly recalled rather than stranded
  ---
  duration_ms: 2.7177
  type: 'test'
  ...
# Subtest: beacon requires three encounters and only rewards once
ok 878 - beacon requires three encounters and only rewards once
  ---
  duration_ms: 6.7769
  type: 'test'
  ...
# Subtest: return reward requires cart beacon and actual spring
ok 879 - return reward requires cart beacon and actual spring
  ---
  duration_ms: 4.6195
  type: 'test'
  ...
# Subtest: new equipment and chapter facts survive round trip
ok 880 - new equipment and chapter facts survive round trip
  ---
  duration_ms: 5.5083
  type: 'test'
  ...
# Subtest: inconsistent completion duplicate IDs and hidden cache claims reject
ok 881 - inconsistent completion duplicate IDs and hidden cache claims reject
  ---
  duration_ms: 5.655
  type: 'test'
  ...
# Subtest: invalid nested road data refuses rather than silently resetting
ok 882 - invalid nested road data refuses rather than silently resetting
  ---
  duration_ms: 0.4785
  type: 'test'
  ...
# Subtest: road defeat permits explicit recovery without erasing quest or inventory
ok 883 - road defeat permits explicit recovery without erasing quest or inventory
  ---
  duration_ms: 156.5483
  type: 'test'
  ...
# Subtest: sandbox starts empty except four seeds and round trips
ok 884 - sandbox starts empty except four seeds and round trips
  ---
  duration_ms: 8.3093
  type: 'test'
  ...
# Subtest: all village resource nodes have a walkable approach
ok 885 - all village resource nodes have a walkable approach
  ---
  duration_ms: 0.3649
  type: 'test'
  ...
# Subtest: rejected gather leaves inventory and resource unchanged
ok 886 - rejected gather leaves inventory and resource unchanged
  ---
  duration_ms: 1.645
  type: 'test'
  ...
# Subtest: wood takes four hand swings and yields five timber once
ok 887 - wood takes four hand swings and yields five timber once
  ---
  duration_ms: 47.9605
  type: 'test'
  ...
# Subtest: cooldown rejects fast repeated swings without damage
ok 888 - cooldown rejects fast repeated swings without damage
  ---
  duration_ms: 1.8757
  type: 'test'
  ...
# Subtest: axe reduces timber harvest to two swings
ok 889 - axe reduces timber harvest to two swings
  ---
  duration_ms: 2.1904
  type: 'test'
  ...
# Subtest: fibre supplies actual resource and one seed
ok 890 - fibre supplies actual resource and one seed
  ---
  duration_ms: 0.601
  type: 'test'
  ...
# Subtest: resource reappears after active time, not clock slider
ok 891 - resource reappears after active time, not clock slider
  ---
  duration_ms: 96.4005
  type: 'test'
  ...
# Subtest: pause stops regrowth
ok 892 - pause stops regrowth
  ---
  duration_ms: 0.93
  type: 'test'
  ...
# Subtest: craft atomically consumes exact recipe and produces count
ok 893 - craft atomically consumes exact recipe and produces count
  ---
  duration_ms: 0.9507
  type: 'test'
  ...
# Subtest: insufficient recipe never partially consumes
ok 894 - insufficient recipe never partially consumes
  ---
  duration_ms: 0.5468
  type: 'test'
  ...
# Subtest: advanced tool requires proximity to workbench
ok 895 - advanced tool requires proximity to workbench
  ---
  duration_ms: 0.978
  type: 'test'
  ...
# Subtest: inventory capacity refuses complete recipe before debit
ok 896 - inventory capacity refuses complete recipe before debit
  ---
  duration_ms: 0.4343
  type: 'test'
  ...
# Subtest: old accepted command cannot be replayed after save reload
ok 897 - old accepted command cannot be replayed after save reload
  ---
  duration_ms: 10.8796
  type: 'test'
  ...
# Subtest: old refusal is stable inside bounded deduplication window
ok 898 - old refusal is stable inside bounded deduplication window
  ---
  duration_ms: 0.4861
  type: 'test'
  ...
# Subtest: deduplication ledger is bounded and validated
ok 899 - deduplication ledger is bounded and validated
  ---
  duration_ms: 3.664
  type: 'test'
  ...
# Subtest: unknown and prototype inventory properties are refused
ok 900 - unknown and prototype inventory properties are refused
  ---
  duration_ms: 0.3277
  type: 'test'
  ...
# Subtest: forged negative or non-finite counts are refused
ok 901 - forged negative or non-finite counts are refused
  ---
  duration_ms: 0.218
  type: 'test'
  ...
# Subtest: forged bridge and resource rosters are refused
ok 902 - forged bridge and resource rosters are refused
  ---
  duration_ms: 0.1605
  type: 'test'
  ...
# Subtest: bridge is gated until paid repair
ok 903 - bridge is gated until paid repair
  ---
  duration_ms: 0.5028
  type: 'test'
  ...
# Subtest: unlocked bridge has a route to the homestead and back
ok 904 - unlocked bridge has a route to the homestead and back
  ---
  duration_ms: 52.7953
  type: 'test'
  ...
# Subtest: all frontier resources have an accessible approach after repair
ok 905 - all frontier resources have an accessible approach after repair
  ---
  duration_ms: 0.7138
  type: 'test'
  ...
# Subtest: crystal requires the crafted pick
ok 906 - crystal requires the crafted pick
  ---
  duration_ms: 0.4674
  type: 'test'
  ...
# Subtest: building only in marked bounds and within reach
ok 907 - building only in marked bounds and within reach
  ---
  duration_ms: 0.5725
  type: 'test'
  ...
# Subtest: a block on the player is refused without consuming inventory
ok 908 - a block on the player is refused without consuming inventory
  ---
  duration_ms: 0.4945
  type: 'test'
  ...
# Subtest: gold lane admits deck but rejects blocking wall
ok 909 - gold lane admits deck but rejects blocking wall
  ---
  duration_ms: 1.7182
  type: 'test'
  ...
# Subtest: actual building changes pathfinding and reclaim restores it
ok 910 - actual building changes pathfinding and reclaim restores it
  ---
  duration_ms: 2.0056
  type: 'test'
  ...
# Subtest: deck and block layers may coexist; stone stacks to three only
ok 911 - deck and block layers may coexist; stone stacks to three only
  ---
  duration_ms: 5.3067
  type: 'test'
  ...
# Subtest: reclaim returns exactly the topmost crafted item
ok 912 - reclaim returns exactly the topmost crafted item
  ---
  duration_ms: 2.3187
  type: 'test'
  ...
# Subtest: different furniture cannot overlap the same occupied layer
ok 913 - different furniture cannot overlap the same occupied layer
  ---
  duration_ms: 0.8339
  type: 'test'
  ...
# Subtest: unsupported stacks and duplicate layers fail import
ok 914 - unsupported stacks and duplicate layers fail import
  ---
  duration_ms: 2.2377
  type: 'test'
  ...
# Subtest: construction cannot trap a player in a closed enclosure
ok 915 - construction cannot trap a player in a closed enclosure
  ---
  duration_ms: 1.6797
  type: 'test'
  ...
# Subtest: harvest follows plant, water, growth, then yields food and seeds
ok 916 - harvest follows plant, water, growth, then yields food and seeds
  ---
  duration_ms: 33.138
  type: 'test'
  ...
# Subtest: growing bed cannot be recycled to silently lose crop state
ok 917 - growing bed cannot be recycled to silently lose crop state
  ---
  duration_ms: 1.0196
  type: 'test'
  ...
# Subtest: placed workbench unlocks workbench recipes locally
ok 918 - placed workbench unlocks workbench recipes locally
  ---
  duration_ms: 1.7399
  type: 'test'
  ...
# Subtest: save on unlocked shore preserves player, crops and builds
ok 919 - save on unlocked shore preserves player, crops and builds
  ---
  duration_ms: 2.236
  type: 'test'
  ...
# Subtest: version-three save migration preserves creative data, starts clean inventory
ok 920 - version-three save migration preserves creative data, starts clean inventory
  ---
  duration_ms: 1.7569
  type: 'test'
  ...
# Subtest: migration never overwrites earlier storage key
ok 921 - migration never overwrites earlier storage key
  ---
  duration_ms: 2.2767
  type: 'test'
  ...
# Subtest: invalid bridge-state save cannot place player beyond locked crossing
ok 922 - invalid bridge-state save cannot place player beyond locked crossing
  ---
  duration_ms: 0.795
  type: 'test'
  ...
# Subtest: sandbox rejects gameplay in interiors
ok 923 - sandbox rejects gameplay in interiors
  ---
  duration_ms: 0.3795
  type: 'test'
  ...
# Subtest: an oversized delta cannot fast-forward the sandbox
ok 924 - an oversized delta cannot fast-forward the sandbox
  ---
  duration_ms: 0.4533
  type: 'test'
  ...
# Subtest: a full end-to-end milestone fixture is consistent and restorable
ok 925 - a full end-to-end milestone fixture is consistent and restorable
  ---
  duration_ms: 42.6192
  type: 'test'
  ...
# Subtest: isolated browser and CommonJS export only the pure four-function API
ok 926 - isolated browser and CommonJS export only the pure four-function API
  ---
  duration_ms: 17.1386
  type: 'test'
  ...
# Subtest: actual displacement drives stride independently of subdivision, speed and chase intent
ok 927 - actual displacement drives stride independently of subdivision, speed and chase intent
  ---
  duration_ms: 2.8225
  type: 'test'
  ...
# Subtest: stopping holds phase, settles legs, and repeated samples do not fabricate motion
ok 928 - stopping holds phase, settles legs, and repeated samples do not fabricate motion
  ---
  duration_ms: 0.2446
  type: 'test'
  ...
# Subtest: long pauses freeze the full drawable pose and consume skipped placement
ok 929 - long pauses freeze the full drawable pose and consume skipped placement
  ---
  duration_ms: 2.8599
  type: 'test'
  ...
# Subtest: scene/teleport/clock resets are isolated from source samples
ok 930 - scene/teleport/clock resets are isolated from source samples
  ---
  duration_ms: 0.2344
  type: 'test'
  ...
# Subtest: only actual windup with finite authoritative duration produces the crouched tell
ok 931 - only actual windup with finite authoritative duration produces the crouched tell
  ---
  duration_ms: 0.5052
  type: 'test'
  ...
# Subtest: recovery uses actual remaining duration to settle the head without implying success
ok 932 - recovery uses actual remaining duration to settle the head without implying success
  ---
  duration_ms: 0.2607
  type: 'test'
  ...
# Subtest: reduced motion keeps six-leg gait and authoritative tell but suppresses bob
ok 933 - reduced motion keeps six-leg gait and authoritative tell but suppresses bob
  ---
  duration_ms: 0.9554
  type: 'test'
  ...
# Subtest: six jointed legs use tripod phases, fixed bone lengths and visible swing clearance
ok 934 - six jointed legs use tripod phases, fixed bone lengths and visible swing clearance
  ---
  duration_ms: 6.8814
  type: 'test'
  ...
# Subtest: actual emitted meshes remain above supplied ground, finite, positive and bounded
ok 935 - actual emitted meshes remain above supplied ground, finite, positive and bounded
  ---
  duration_ms: 2535.0114
  type: 'test'
  ...
# Subtest: all actual leg skins meet shared anchors at ordinary/named scales and floor/yaw changes
ok 936 - all actual leg skins meet shared anchors at ordinary/named scales and floor/yaw changes
  ---
  duration_ms: 39.5043
  type: 'test'
  ...
# Subtest: hips, plates and named spine roots attach inside the actual convex carapace
ok 937 - hips, plates and named spine roots attach inside the actual convex carapace
  ---
  duration_ms: 4.1187
  type: 'test'
  ...
# Subtest: named scale occurs exactly once and unchanged original body envelope is preserved
ok 938 - named scale occurs exactly once and unchanged original body envelope is preserved
  ---
  duration_ms: 0.6314
  type: 'test'
  ...
# Subtest: confirmed flash color and recoil come only from caller feedback, leaving joints and rules untouched
ok 939 - confirmed flash color and recoil come only from caller feedback, leaving joints and rules untouched
  ---
  duration_ms: 4.9321
  type: 'test'
  ...
# Subtest: fresh motion/pose/parts and draw preserve all input and existing output records
ok 940 - fresh motion/pose/parts and draw preserve all input and existing output records
  ---
  duration_ms: 1.4149
  type: 'test'
  ...
# Subtest: malformed placement, recoil or mismatched named pose refuses before output mutation
ok 941 - malformed placement, recoil or mismatched named pose refuses before output mutation
  ---
  duration_ms: 2.8479
  type: 'test'
  ...
# Subtest: the original immutable room profiles are separate from state and services
ok 942 - the original immutable room profiles are separate from state and services
  ---
  duration_ms: 3.1162
  type: 'test'
  ...
# Subtest: five roads and actual Atlantis body medium have honest distinct atmosphere
ok 943 - five roads and actual Atlantis body medium have honest distinct atmosphere
  ---
  duration_ms: 0.2896
  type: 'test'
  ...
# Subtest: quiet state is driven by pause hidden page or actual death while retaining profile identity
ok 944 - quiet state is driven by pause hidden page or actual death while retaining profile identity
  ---
  duration_ms: 0.2087
  type: 'test'
  ...
# Subtest: only living visible daytime outdoor Earth can chirp; no birds underground or in cosmic realms
ok 945 - only living visible daytime outdoor Earth can chirp; no birds underground or in cosmic realms
  ---
  duration_ms: 0.2379
  type: 'test'
  ...
# Subtest: bounded graph creates exactly one noise loop and three voices connected only to its own bus
ok 946 - bounded graph creates exactly one noise loop and three voices connected only to its own bus
  ---
  duration_ms: 5.4646
  type: 'test'
  ...
# Subtest: room transitions schedule a new local mix once, with no per-frame allocation or master mutation
ok 947 - room transitions schedule a new local mix once, with no per-frame allocation or master mutation
  ---
  duration_ms: 1.503
  type: 'test'
  ...
# Subtest: pause and hidden changes fade the bus without stopping or replacing composed music master
ok 948 - pause and hidden changes fade the bus without stopping or replacing composed music master
  ---
  duration_ms: 1.2948
  type: 'test'
  ...
# Subtest: bird cadence requires continuous elapsed frames and never backfills through reload or hidden gaps
ok 949 - bird cadence requires continuous elapsed frames and never backfills through reload or hidden gaps
  ---
  duration_ms: 1.3498
  type: 'test'
  ...
# Subtest: disposal retires every owned loop and connection once and fences later updates
ok 950 - disposal retires every owned loop and connection once and fences later updates
  ---
  duration_ms: 1.2388
  type: 'test'
  ...
# Subtest: profile projection does not change caller state or allocate audio authority
ok 951 - profile projection does not change caller state or allocate audio authority
  ---
  duration_ms: 0.7415
  type: 'test'
  ...
# Subtest: reward blade and bow use actual equipment material in world geometry
ok 952 - reward blade and bow use actual equipment material in world geometry
  ---
  duration_ms: 110.8431
  type: 'test'
  ...
# Subtest: named warning geometry includes the exact rule-defined strike radius
ok 953 - named warning geometry includes the exact rule-defined strike radius
  ---
  duration_ms: 4.4174
  type: 'test'
  ...
# Subtest: riverbank rendering enables existing outdoor water and matches collision obstacles
ok 954 - riverbank rendering enables existing outdoor water and matches collision obstacles
  ---
  duration_ms: 2.6702
  type: 'test'
  ...
# Subtest: new quest state is explicit, versioned and round trips
ok 955 - new quest state is explicit, versioned and round trips
  ---
  duration_ms: 8.7332
  type: 'test'
  ...
# Subtest: version-five adventure migrates without altering existing campaign or creative data
ok 956 - version-five adventure migrates without altering existing campaign or creative data
  ---
  duration_ms: 7.2384
  type: 'test'
  ...
# Subtest: all banked XP boundaries retain XP and the existing five-level curve
ok 957 - all banked XP boundaries retain XP and the existing five-level curve
  ---
  duration_ms: 1.2265
  type: 'test'
  ...
# Subtest: acceptance requires kit and actual Oren proximity without campaign consent
ok 958 - acceptance requires kit and actual Oren proximity without campaign consent
  ---
  duration_ms: 10.2031
  type: 'test'
  ...
# Subtest: acceptance is one explicit event and survives cold reload
ok 959 - acceptance is one explicit event and survives cold reload
  ---
  duration_ms: 2.5079
  type: 'test'
  ...
# Subtest: pre-acceptance pocket has no quest kills or pickups to backfill
ok 960 - pre-acceptance pocket has no quest kills or pickups to backfill
  ---
  duration_ms: 3.2161
  type: 'test'
  ...
# Subtest: room dispatch and each objective use real collision-valid routes
ok 961 - room dispatch and each objective use real collision-valid routes
  ---
  duration_ms: 96.244
  type: 'test'
  ...
# Subtest: each bundle is unique, proximity checked and never spends ordinary materials
ok 962 - each bundle is unique, proximity checked and never spends ordinary materials
  ---
  duration_ms: 38.2588
  type: 'test'
  ...
# Subtest: named defeat can precede bundles and stays resolved after returning/re-entry
ok 963 - named defeat can precede bundles and stays resolved after returning/re-entry
  ---
  duration_ms: 3.5907
  type: 'test'
  ...
# Subtest: incomplete, distant and unknown-reward turn-ins refuse atomically
ok 964 - incomplete, distant and unknown-reward turn-ins refuse atomically
  ---
  duration_ms: 15.4319
  type: 'test'
  ...
# Subtest: full currency capacity preserves every objective and reward for retry
ok 965 - full currency capacity preserves every objective and reward for retry
  ---
  duration_ms: 6.4952
  type: 'test'
  ...
# Subtest: oren_sunblade is awarded once, deliberately equipped, and saved with correct mechanics
ok 966 - oren_sunblade is awarded once, deliberately equipped, and saved with correct mechanics
  ---
  duration_ms: 25.3942
  type: 'test'
  ...
# Subtest: oren_reedbow is awarded once, deliberately equipped, and saved with correct mechanics
ok 967 - oren_reedbow is awarded once, deliberately equipped, and saved with correct mechanics
  ---
  duration_ms: 5.6127
  type: 'test'
  ...
# Subtest: single veteran temper preserves weapon identity, socket, cadence and health
ok 968 - single veteran temper preserves weapon identity, socket, cadence and health
  ---
  duration_ms: 1.3317
  type: 'test'
  ...
# Subtest: temper refuses unknown, unowned and armor targets without a partial payout
ok 969 - temper refuses unknown, unowned and armor targets without a partial payout
  ---
  duration_ms: 3.168
  type: 'test'
  ...
# Subtest: new bow really launches primary and piercing projectiles with costs and hit events
ok 970 - new bow really launches primary and piercing projectiles with costs and hit events
  ---
  duration_ms: 43.2552
  type: 'test'
  ...
# Subtest: practice target supports blade and yields no XP, loot, coins or quest progress
ok 971 - practice target supports blade and yields no XP, loot, coins or quest progress
  ---
  duration_ms: 1.6005
  type: 'test'
  ...
# Subtest: new equipment keeps independent removable socket and validates after reload
ok 972 - new equipment keeps independent removable socket and validates after reload
  ---
  duration_ms: 36.8544
  type: 'test'
  ...
# Subtest: named tell locks aim and allows both a guarded hit and a movement response
ok 973 - named tell locks aim and allows both a guarded hit and a movement response
  ---
  duration_ms: 17.8199
  type: 'test'
  ...
# Subtest: save validation rejects impossible quest state and reward combinations
ok 974 - save validation rejects impossible quest state and reward combinations
  ---
  duration_ms: 5.1296
  type: 'test'
  ...
# Subtest: kit blade sees the actual ordinary tell and Brace halves its resolved hit
ok 975 - kit blade sees the actual ordinary tell and Brace halves its resolved hit
  ---
  duration_ms: 70.8054
  type: 'test'
  ...
# Subtest: fresh bow sees the actual ordinary tell and Brace halves its resolved hit
ok 976 - fresh bow sees the actual ordinary tell and Brace halves its resolved hit
  ---
  duration_ms: 111.7441
  type: 'test'
  ...
# Subtest: movement away from the locked ordinary aim avoids its actual impact with the kit
ok 977 - movement away from the locked ordinary aim avoids its actual impact with the kit
  ---
  duration_ms: 12.5531
  type: 'test'
  ...
# Subtest: fixed ordinary health stays easy for stronger gear without scaling or changing banked XP
ok 978 - fixed ordinary health stays easy for stronger gear without scaling or changing banked XP
  ---
  duration_ms: 42.8242
  type: 'test'
  ...
# Subtest: ordinary fights stay optional and named threat, rewards, cooldown and weapon distinctions retain their rules
ok 979 - ordinary fights stay optional and named threat, rewards, cooldown and weapon distinctions retain their rules
  ---
  duration_ms: 0.9994
  type: 'test'
  ...
# Subtest: both decoded maps are required; scene clear neither cancels nor reloads engine maps
ok 980 - both decoded maps are required; scene clear neither cancels nor reloads engine maps
  ---
  duration_ms: 8.4327
  type: 'test'
  ...
# Subtest: missing maps and incompatible contracts stay usable with untextured fallback
ok 981 - missing maps and incompatible contracts stay usable with untextured fallback
  ---
  duration_ms: 55.0949
  type: 'test'
  ...
# Subtest: PNG payload type and grayscale header are checked before decoding
ok 982 - PNG payload type and grayscale header are checked before decoding
  ---
  duration_ms: 12.84
  type: 'test'
  ...
# Subtest: decode errors and wrong decoded dimensions cancel peers and stale completions
ok 983 - decode errors and wrong decoded dimensions cancel peers and stale completions
  ---
  duration_ms: 60.7626
  type: 'test'
  ...
# Subtest: failed uploads free temporary maps and restore shared texture/unpack state
ok 984 - failed uploads free temporary maps and restore shared texture/unpack state
  ---
  duration_ms: 3.5487
  type: 'test'
  ...
# Subtest: map-only disposal invalidates in-flight completions and deletes only owned ready textures
ok 985 - map-only disposal invalidates in-flight completions and deletes only owned ready textures
  ---
  duration_ms: 3.4316
  type: 'test'
  ...
# Subtest: two engines independently own their decoders and uploaded maps
ok 986 - two engines independently own their decoders and uploaded maps
  ---
  duration_ms: 3.3117
  type: 'test'
  ...
# Subtest: context loss invalidates images and maps with no restoration or later upload
ok 987 - context loss invalidates images and maps with no restoration or later upload
  ---
  duration_ms: 5.6651
  type: 'test'
  ...
# Subtest: timber shares exact box geometry and collision extent with complete grain-oriented face UVs
ok 988 - timber shares exact box geometry and collision extent with complete grain-oriented face UVs
  ---
  duration_ms: 1.7365
  type: 'test'
  ...
# Subtest: material flags stay per batch; reflection uses material while depth and cutaway retain their scope
ok 989 - material flags stay per batch; reflection uses material while depth and cutaway retain their scope
  ---
  duration_ms: 2.9598
  type: 'test'
  ...
# Subtest: unstarted, absent, unknown and unowned equipment produce no gear
ok 990 - unstarted, absent, unknown and unowned equipment produce no gear
  ---
  duration_ms: 86.9787
  type: 'test'
  ...
# Subtest: read-only attachment summary reports exactly the rendered grip and actual markers
ok 991 - read-only attachment summary reports exactly the rendered grip and actual markers
  ---
  duration_ms: 25.8481
  type: 'test'
  ...
# Subtest: a command-earned kit is held at the right palm through actual root yaw and terrain height
ok 992 - a command-earned kit is held at the right palm through actual root yaw and terrain height
  ---
  duration_ms: 6.2503
  type: 'test'
  ...
# Subtest: curved bow grip and both string segments attach to the two moving palms
ok 993 - curved bow grip and both string segments attach to the two moving palms
  ---
  duration_ms: 6.1387
  type: 'test'
  ...
# Subtest: ordinary travel stows blade at hip and bow at back without hand-held copies
ok 994 - ordinary travel stows blade at hip and bow at back without hand-held copies
  ---
  duration_ms: 43.5575
  type: 'test'
  ...
# Subtest: each catalogue weapon preserves its own colour, gem, fittings and separate Oren temper
ok 995 - each catalogue weapon preserves its own colour, gem, fittings and separate Oren temper
  ---
  duration_ms: 244.3242
  type: 'test'
  ...
# Subtest: markers project only the selected weapon rather than another owned weapon
ok 996 - markers project only the selected weapon rather than another owned weapon
  ---
  duration_ms: 3.4834
  type: 'test'
  ...
# Subtest: family silhouettes differ within a bounded traveller scale
ok 997 - family silhouettes differ within a bounded traveller scale
  ---
  duration_ms: 20.6179
  type: 'test'
  ...
# Subtest: blade anticipation, recovery and guard keep the grip connected while changing orientation
ok 998 - blade anticipation, recovery and guard keep the grip connected while changing orientation
  ---
  duration_ms: 28.067
  type: 'test'
  ...
# Subtest: reduced motion keeps essential palm connections without phase-driven blade flourishes
ok 999 - reduced motion keeps essential palm connections without phase-driven blade flourishes
  ---
  duration_ms: 7.0543
  type: 'test'
  ...
# Subtest: all equipment transforms stay finite, orthogonal and under forty instances
ok 1000 - all equipment transforms stay finite, orthogonal and under forty instances
  ---
  duration_ms: 115.2451
  type: 'test'
  ...
# Subtest: read-only rendering does not create runtime, commands, effects or arrows
ok 1001 - read-only rendering does not create runtime, commands, effects or arrows
  ---
  duration_ms: 3.9613
  type: 'test'
  ...
# Subtest: gathered and command-crafted bow projects the actual equipped item
ok 1002 - gathered and command-crafted bow projects the actual equipped item
  ---
  duration_ms: 164.1053
  type: 'test'
  ...
# Subtest: finite realm collars preserve prior markers and follow the actual blade or curved bow segment
ok 1003 - finite realm collars preserve prior markers and follow the actual blade or curved bow segment
  ---
  duration_ms: 482.7825
  type: 'test'
  ...
# Subtest: queued release joins the actual full windup pose, including submitted blade axis
ok 1004 - queued release joins the actual full windup pose, including submitted blade axis
  ---
  duration_ms: 140.8095
  type: 'test'
  ...
# Subtest: direct accepted strikes start at ready and never fabricate a prior windup
ok 1005 - direct accepted strikes start at ready and never fabricate a prior windup
  ---
  duration_ms: 1.1477
  type: 'test'
  ...
# Subtest: a bounded cut has intermediate poses and settles without a phase-boundary jump
ok 1006 - a bounded cut has intermediate poses and settles without a phase-boundary jump
  ---
  duration_ms: 9.4149
  type: 'test'
  ...
# Subtest: submitted blade basis has no arbitrary roll flips during its complete cut and settle
ok 1007 - submitted blade basis has no arbitrary roll flips during its complete cut and settle
  ---
  duration_ms: 150.0387
  type: 'test'
  ...
# Subtest: actual blade and tip volumes clear the conservative head bounds through the whole attack
ok 1008 - actual blade and tip volumes clear the conservative head bounds through the whole attack
  ---
  duration_ms: 812.9745
  type: 'test'
  ...
# Subtest: body balance is visible above fixed physical feet and quiet in reduced motion
ok 1009 - body balance is visible above fixed physical feet and quiet in reduced motion
  ---
  duration_ms: 31.4369
  type: 'test'
  ...
# Subtest: reduced motion bounds the blade hand cue and suppresses secondary equipment/body sweep
ok 1010 - reduced motion bounds the blade hand cue and suppresses secondary equipment/body sweep
  ---
  duration_ms: 4.2363
  type: 'test'
  ...
# Subtest: guard and swim override both release origins without adding a second attack pose
ok 1011 - guard and swim override both release origins without adding a second attack pose
  ---
  duration_ms: 4.7754
  type: 'test'
  ...
# Subtest: rendered palms, balanced torso and canonical gear share one frame through actual world yaw
ok 1012 - rendered palms, balanced torso and canonical gear share one frame through actual world yaw
  ---
  duration_ms: 46.095
  type: 'test'
  ...
# Subtest: carried gear and the held blade sheath remain outside the accepted-release curves
ok 1013 - carried gear and the held blade sheath remain outside the accepted-release curves
  ---
  duration_ms: 12.6315
  type: 'test'
  ...
# Subtest: production autoattack still uses its real queued epoch and accepted manual attack has no fake anticipation
ok 1014 - production autoattack still uses its real queued epoch and accepted manual attack has no fake anticipation
  ---
  duration_ms: 20.9467
  type: 'test'
  ...
# Subtest: CommonJS and browser globals expose the same bounded rig API
ok 1015 - CommonJS and browser globals expose the same bounded rig API
  ---
  duration_ms: 1.4214
  type: 'test'
  ...
# Subtest: gallery stroke keeps limbs connected and reduced motion settles the arms
ok 1016 - gallery stroke keeps limbs connected and reduced motion settles the arms
  ---
  duration_ms: 1.5026
  type: 'test'
  ...
# Subtest: gait phase follows accepted distance and survives frame subdivision
ok 1017 - gait phase follows accepted distance and survives frame subdivision
  ---
  duration_ms: 1.2198
  type: 'test'
  ...
# Subtest: stationary walking intent never drives foot shuffling
ok 1018 - stationary walking intent never drives foot shuffling
  ---
  duration_ms: 0.5221
  type: 'test'
  ...
# Subtest: stopping holds phase and eases the feet into a settled stance
ok 1019 - stopping holds phase and eases the feet into a settled stance
  ---
  duration_ms: 0.3127
  type: 'test'
  ...
# Subtest: repeated samples and long pauses preserve the complete drawable pose
ok 1020 - repeated samples and long pauses preserve the complete drawable pose
  ---
  duration_ms: 2.3973
  type: 'test'
  ...
# Subtest: paused coordinates are consumed without turning skipped travel into steps
ok 1021 - paused coordinates are consumed without turning skipped travel into steps
  ---
  duration_ms: 0.1888
  type: 'test'
  ...
# Subtest: scene changes, teleports and clock discontinuities reset the stance
ok 1022 - scene changes, teleports and clock discontinuities reset the stance
  ---
  duration_ms: 0.4976
  type: 'test'
  ...
# Subtest: reduced motion keeps essential gait and weapon alignment without secondary drift
ok 1023 - reduced motion keeps essential gait and weapon alignment without secondary drift
  ---
  duration_ms: 0.6913
  type: 'test'
  ...
# Subtest: walking has visible foot clearance and preserves fixed limb lengths
ok 1024 - walking has visible foot clearance and preserves fixed limb lengths
  ---
  duration_ms: 4.5319
  type: 'test'
  ...
# Subtest: blade/bow anticipation, recovery and guard are connected and distinct
ok 1025 - blade/bow anticipation, recovery and guard are connected and distinct
  ---
  duration_ms: 1.363
  type: 'test'
  ...
# Subtest: draw segments actually connect the named joints under root translation and yaw
ok 1026 - draw segments actually connect the named joints under root translation and yaw
  ---
  duration_ms: 32.9462
  type: 'test'
  ...
# Subtest: palette choices and explicitly supplied armor colour are retained
ok 1027 - palette choices and explicitly supplied armor colour are retained
  ---
  duration_ms: 2.4928
  type: 'test'
  ...
# Subtest: all transforms stay finite, actor geometry has no camera authority, and budget stays bounded
ok 1028 - all transforms stay finite, actor geometry has no camera authority, and budget stays bounded
  ---
  duration_ms: 60.6482
  type: 'test'
  ...
# Subtest: malformed numerical motion inputs cannot poison matrices
ok 1029 - malformed numerical motion inputs cannot poison matrices
  ---
  duration_ms: 0.4903
  type: 'test'
  ...
# Subtest: sampling, posing and drawing leave input rules, motion and profiles immutable
ok 1030 - sampling, posing and drawing leave input rules, motion and profiles immutable
  ---
  duration_ms: 0.7845
  type: 'test'
  ...
# Subtest: refused bow transaction preserves every live field and can retry one identical request
ok 1031 - refused bow transaction preserves every live field and can retry one identical request
  ---
  duration_ms: 183.2185
  type: 'test'
  ...
# Subtest: sandbox craft saves materials, output, receipt and journal together
ok 1032 - sandbox craft saves materials, output, receipt and journal together
  ---
  duration_ms: 5.3618
  type: 'test'
  ...
# Subtest: forge cannot spend ore or coins before a durable write
ok 1033 - forge cannot spend ore or coins before a durable write
  ---
  duration_ms: 5.164
  type: 'test'
  ...
# Subtest: socket replacement and removal preserve loose gems on refusal and return them exactly once
ok 1034 - socket replacement and removal preserve loose gems on refusal and return them exactly once
  ---
  duration_ms: 14.4795
  type: 'test'
  ...
# Subtest: equipping preserves selected equipment on refusal and retains the live combat runtime
ok 1035 - equipping preserves selected equipment on refusal and retains the live combat runtime
  ---
  duration_ms: 4.2048
  type: 'test'
  ...
# Subtest: both finite field-guide fittings save exact costs and keep weapon identity, socket and equipment
ok 1036 - both finite field-guide fittings save exact costs and keep weapon identity, socket and equipment
  ---
  duration_ms: 21.2683
  type: 'test'
  ...
# Subtest: explicit starter oren_sunblade survives refusal and pays its one canonical reward
ok 1037 - explicit starter oren_sunblade survives refusal and pays its one canonical reward
  ---
  duration_ms: 6.6245
  type: 'test'
  ...
# Subtest: explicit starter oren_reedbow survives refusal and pays its one canonical reward
ok 1038 - explicit starter oren_reedbow survives refusal and pays its one canonical reward
  ---
  duration_ms: 6.9115
  type: 'test'
  ...
# Subtest: explicit starter temper survives refusal and pays its one canonical reward
ok 1039 - explicit starter temper survives refusal and pays its one canonical reward
  ---
  duration_ms: 4.2949
  type: 'test'
  ...
# Subtest: completed survey payout is one atomic current-run ledger transition
ok 1040 - completed survey payout is one atomic current-run ledger transition
  ---
  duration_ms: 6.7426
  type: 'test'
  ...
# Subtest: Tessa tonic uses current road context and durably spends exactly one offer
ok 1041 - Tessa tonic uses current road context and durably spends exactly one offer
  ---
  duration_ms: 31.3583
  type: 'test'
  ...
# Subtest: Tessa mantle uses current road context and durably spends exactly one offer
ok 1042 - Tessa mantle uses current road context and durably spends exactly one offer
  ---
  duration_ms: 10.3784
  type: 'test'
  ...
# Subtest: Tessa sell-copper uses current road context and durably spends exactly one offer
ok 1043 - Tessa sell-copper uses current road context and durably spends exactly one offer
  ---
  duration_ms: 7.9634
  type: 'test'
  ...
# Subtest: Tessa sell-berries uses current road context and durably spends exactly one offer
ok 1044 - Tessa sell-berries uses current road context and durably spends exactly one offer
  ---
  duration_ms: 17.9954
  type: 'test'
  ...
# Subtest: Bellweather bench uses actual local position while saving the home checkpoint
ok 1045 - Bellweather bench uses actual local position while saving the home checkpoint
  ---
  duration_ms: 4.6115
  type: 'test'
  ...
# Subtest: source conflict leaves supplies and the other tab saved bytes intact
ok 1046 - source conflict leaves supplies and the other tab saved bytes intact
  ---
  duration_ms: 2.5873
  type: 'test'
  ...
# Subtest: managed character writer rejection keeps current character materials and receipts intact
ok 1047 - managed character writer rejection keeps current character materials and receipts intact
  ---
  duration_ms: 5.049
  type: 'test'
  ...
# Subtest: thrown saver preserves the full live state and does not reserve the request identity
ok 1048 - thrown saver preserves the full live state and does not reserve the request identity
  ---
  duration_ms: 15.2244
  type: 'test'
  ...
# Subtest: rules refuse wrong benches, insufficient costs, invalid ownership and changed receipt terms before saving
ok 1049 - rules refuse wrong benches, insufficient costs, invalid ownership and changed receipt terms before saving
  ---
  duration_ms: 3.9363
  type: 'test'
  ...
# Subtest: pause policies remain canonical and a saver is always required for a new successful action
ok 1050 - pause policies remain canonical and a saver is always required for a new successful action
  ---
  duration_ms: 1.9003
  type: 'test'
  ...
# Subtest: validation refusal keeps the exact live canonical state and prevents saving
ok 1051 - validation refusal keeps the exact live canonical state and prevents saving
  ---
  duration_ms: 2.5194
  type: 'test'
  ...
# Subtest: only the reviewed state-only economic and finite Earth-story names are accepted
ok 1052 - only the reviewed state-only economic and finite Earth-story names are accepted
  ---
  duration_ms: 1.7663
  type: 'test'
  ...
# Subtest: exactly five finite Earth-story actions join the explicit command set
ok 1053 - exactly five finite Earth-story actions join the explicit command set
  ---
  duration_ms: 0.1199
  type: 'test'
  ...
# Subtest: Earth consent saves before adoption and keeps all live context and actor epochs
ok 1054 - Earth consent saves before adoption and keeps all live context and actor epochs
  ---
  duration_ms: 3.723
  type: 'test'
  ...
# Subtest: every mill delivery transition survives quota refusal and same-request retry with one cost and payout
ok 1055 - every mill delivery transition survives quota refusal and same-request retry with one cost and payout
  ---
  duration_ms: 82.1216
  type: 'test'
  ...
# Subtest: Earth task prerequisites, cost, source room, local position and pause refuse before saving
ok 1056 - Earth task prerequisites, cost, source room, local position and pause refuse before saving
  ---
  duration_ms: 43.2008
  type: 'test'
  ...
# Subtest: all compatible improvements remain available after the single delivery without a second payout
ok 1057 - all compatible improvements remain available after the single delivery without a second payout
  ---
  duration_ms: 39.5401
  type: 'test'
  ...
# Subtest: each Earth payment capacity refusal preserves unpaid work and exact rewards have zero XP
ok 1058 - each Earth payment capacity refusal preserves unpaid work and exact rewards have zero XP
  ---
  duration_ms: 34.5726
  type: 'test'
  ...
# Subtest: Earth repair rejects foreign source bytes and keeps the other writer intact
ok 1059 - Earth repair rejects foreign source bytes and keeps the other writer intact
  ---
  duration_ms: 3.5319
  type: 'test'
  ...
# Subtest: managed writer refusal preserves Earth payment and permits a later owned retry
ok 1060 - managed writer refusal preserves Earth payment and permits a later owned retry
  ---
  duration_ms: 20.5653
  type: 'test'
  ...
# Subtest: all new static scenery uses supported finite meshes instead of silent cylinder fallback
ok 1061 - all new static scenery uses supported finite meshes instead of silent cylinder fallback
  ---
  duration_ms: 571.8762
  type: 'test'
  ...
# Subtest: visible solid boxes match canonical body collision footprints and heights
ok 1062 - visible solid boxes match canonical body collision footprints and heights
  ---
  duration_ms: 76.8432
  type: 'test'
  ...
# Subtest: submitted opaque geometry leaves the actual 3D gallery body route clear
ok 1063 - submitted opaque geometry leaves the actual 3D gallery body route clear
  ---
  duration_ms: 46.9667
  type: 'test'
  ...
# Subtest: wet volume under the civic deck retains actual head clearance
ok 1064 - wet volume under the civic deck retains actual head clearance
  ---
  duration_ms: 2.4861
  type: 'test'
  ...
# Subtest: only the canonical air-court ceiling receives preference-controlled roof reveal
ok 1065 - only the canonical air-court ceiling receives preference-controlled roof reveal
  ---
  duration_ms: 93.3425
  type: 'test'
  ...
# Subtest: exact two canonical realms have finite, unique, immutable data and stable work identities
ok 1066 - exact two canonical realms have finite, unique, immutable data and stable work identities
  ---
  duration_ms: 3.9668
  type: 'test'
  ...
# Subtest: module load publishes only its declared API and never reads a simulation or host service
ok 1067 - module load publishes only its declared API and never reads a simulation or host service
  ---
  duration_ms: 72.3894
  type: 'test'
  ...
# Subtest: every entry and interaction anchor has full actor clearance on bounded dry ground
ok 1068 - every entry and interaction anchor has full actor clearance on bounded dry ground
  ---
  duration_ms: 1.5495
  type: 'test'
  ...
# Subtest: both Earth approaches, work loop and optional side routes have analytically continuous ground
ok 1069 - both Earth approaches, work loop and optional side routes have analytically continuous ground
  ---
  duration_ms: 14.9375
  type: 'test'
  ...
# Subtest: Farwake work and the far landing remain connected without diving or a closed civic back wall
ok 1070 - Farwake work and the far landing remain connected without diving or a closed civic back wall
  ---
  duration_ms: 1.3005
  type: 'test'
  ...
# Subtest: bounded gallery route clears physical walls and full body depth, including the real court doorway
ok 1071 - bounded gallery route clears physical walls and full body depth, including the real court doorway
  ---
  duration_ms: 0.5115
  type: 'test'
  ...
# Subtest: dive entry and wet exit anchors agree with reachable transfer destinations
ok 1072 - dive entry and wet exit anchors agree with reachable transfer destinations
  ---
  duration_ms: 0.2265
  type: 'test'
  ...
# Subtest: actual decoration is finite, deterministic, bounded and pure across claimed/unclaimed worlds
ok 1073 - actual decoration is finite, deterministic, bounded and pure across claimed/unclaimed worlds
  ---
  duration_ms: 221.7769
  type: 'test'
  ...
# Subtest: roofs and important structural decoration agree with the canonical solid footprints
ok 1074 - roofs and important structural decoration agree with the canonical solid footprints
  ---
  duration_ms: 12.807
  type: 'test'
  ...
# Subtest: civic side support physically meets the canopy underside across its full length
ok 1075 - civic side support physically meets the canopy underside across its full length
  ---
  duration_ms: 0.9221
  type: 'test'
  ...
# Subtest: bridge timber skins use the real UV mesh, clear every retained joint and stay above only existing deck
ok 1076 - bridge timber skins use the real UV mesh, clear every retained joint and stay above only existing deck
  ---
  duration_ms: 11.9639
  type: 'test'
  ...
# Subtest: narrow field path geometry lies wholly on supported clear ground and door faces remain closed decoration
ok 1077 - narrow field path geometry lies wholly on supported clear ground and door faces remain closed decoration
  ---
  duration_ms: 30.3579
  type: 'test'
  ...
# Subtest: distant ridges use the actual mountain mesh and remain outside Earth rather than becoming false paths
ok 1078 - distant ridges use the actual mountain mesh and remain outside Earth rather than becoming false paths
  ---
  duration_ms: 61.3047
  type: 'test'
  ...
# Subtest: every accepted objective has a validated production path back to its own giver
ok 1079 - every accepted objective has a validated production path back to its own giver
  ---
  duration_ms: 783.5808
  type: 'test'
  ...
# Subtest: blade falls in hell and revives at home with accepted work and belongings retained
ok 1080 - blade falls in hell and revives at home with accepted work and belongings retained
  ---
  duration_ms: 208.4224
  type: 'test'
  ...
# Subtest: bow falls in earthlands and revives at home with accepted work and belongings retained
ok 1081 - bow falls in earthlands and revives at home with accepted work and belongings retained
  ---
  duration_ms: 430.4558
  type: 'test'
  ...
# Subtest: blade earns hell defeat, guarded combat, retreat and free return without legacy rewards
ok 1082 - blade earns hell defeat, guarded combat, retreat and free return without legacy rewards
  ---
  duration_ms: 174.7702
  type: 'test'
  ...
# {"realm":"hell","style":"blade","weapon":"trail_blade","entry":{"x":0,"z":31,"yaw":3.141592653589793},"stage":{"x":44,"z":-82},"battle":{"x":44,"z":-92.9},"refuge":{"x":44,"z":-60},"firstBrace":{"at":47.59999999999943,"aim":{"x":44,"z":-92.9},"windupRemaining":1.05,"hitAfter":1.0499999999999403,"healthBefore":100,"healthAfter":96,"recoveryRemaining":1.1},"firstAttack":{"hits":1,"hp":90,"firstArrowAfter":null,"impacts":[{"after":0.19999999999998863,"before":90,"hp":74}]},"secondBrace":{"at":114.49999999999564,"aim":{"x":44,"z":-92.9},"windupRemaining":1.05,"hitAfter":1.0499999999999403,"healthBefore":100,"healthAfter":96,"recoveryRemaining":1.1},"battleResult":{"hits":6,"hp":90,"firstArrowAfter":null,"impacts":[{"after":0.19999999999998863,"before":90,"hp":74},{"after":0.7999999999999545,"before":74,"hp":58},{"after":1.3999999999999204,"before":58,"hp":42},{"after":1.9999999999998863,"before":42,"hp":26},{"after":2.599999999999852,"before":26,"hp":10},{"after":3.199999999999818,"before":10,"hp":0}]},"tickSeconds":0.05}
# Subtest: bow earns hell defeat, guarded combat, retreat and free return without legacy rewards
ok 1083 - bow earns hell defeat, guarded combat, retreat and free return without legacy rewards
  ---
  duration_ms: 162.1847
  type: 'test'
  ...
# {"realm":"hell","style":"bow","weapon":"trail_bow","entry":{"x":0,"z":31,"yaw":3.141592653589793},"stage":{"x":44,"z":-82},"battle":{"x":44,"z":-90},"refuge":{"x":44,"z":-60},"firstBrace":{"at":99.49999999999649,"aim":{"x":44,"z":-90},"windupRemaining":1.05,"hitAfter":1.0499999999999403,"healthBefore":100,"healthAfter":96,"recoveryRemaining":1.1},"firstAttack":{"hits":1,"hp":90,"firstArrowAfter":0.19999999999998863,"impacts":[{"after":0.3499999999999801,"before":90,"hp":77}]},"secondBrace":{"at":165.65000000000342,"aim":{"x":44,"z":-90},"windupRemaining":1.05,"hitAfter":1.0500000000002387,"healthBefore":100,"healthAfter":96,"recoveryRemaining":1.1},"battleResult":{"hits":7,"hp":90,"firstArrowAfter":0.20000000000004547,"impacts":[{"after":0.3500000000000796,"before":90,"hp":77},{"after":1.1500000000002615,"before":77,"hp":64},{"after":1.9500000000004434,"before":64,"hp":51},{"after":2.7500000000006253,"before":51,"hp":38},{"after":3.550000000000807,"before":38,"hp":25},{"after":4.350000000000989,"before":25,"hp":12},{"after":5.150000000001171,"before":12,"hp":0}]},"tickSeconds":0.05}
# Subtest: blade earns earthlands defeat, guarded combat, retreat and free return without legacy rewards
ok 1084 - blade earns earthlands defeat, guarded combat, retreat and free return without legacy rewards
  ---
  duration_ms: 634.4699
  type: 'test'
  ...
# {"realm":"earthlands","style":"blade","weapon":"trail_blade","entry":{"x":0,"z":104,"yaw":3.141592653589793},"stage":{"x":-29,"z":-8},"battle":{"x":-29,"z":-18.9},"refuge":{"x":0,"z":23},"firstBrace":{"at":51.14999999999923,"aim":{"x":-29,"z":-18.9},"windupRemaining":0.75,"hitAfter":0.7499999999999574,"healthBefore":100,"healthAfter":96,"recoveryRemaining":1.1},"firstAttack":{"hits":1,"hp":72,"firstArrowAfter":null,"impacts":[{"after":0.19999999999998863,"before":72,"hp":56}]},"secondBrace":{"at":127.4499999999949,"aim":{"x":-29,"z":-18.9},"windupRemaining":0.75,"hitAfter":0.75,"healthBefore":100,"healthAfter":96,"recoveryRemaining":1.1},"battleResult":{"hits":5,"hp":72,"firstArrowAfter":null,"impacts":[{"after":0.20000000000004547,"before":72,"hp":56},{"after":0.7500000000001705,"before":56,"hp":40},{"after":1.3000000000002956,"before":40,"hp":24},{"after":1.8500000000004206,"before":24,"hp":8},{"after":2.4000000000005457,"before":8,"hp":0}]},"tickSeconds":0.05}
# Subtest: bow earns earthlands defeat, guarded combat, retreat and free return without legacy rewards
ok 1085 - bow earns earthlands defeat, guarded combat, retreat and free return without legacy rewards
  ---
  duration_ms: 477.4999
  type: 'test'
  ...
# {"realm":"earthlands","style":"bow","weapon":"trail_bow","entry":{"x":0,"z":104,"yaw":3.141592653589793},"stage":{"x":-29,"z":-8},"battle":{"x":-29,"z":-16},"refuge":{"x":0,"z":23},"firstBrace":{"at":101.1499999999964,"aim":{"x":-29,"z":-16},"windupRemaining":0.75,"hitAfter":0.7499999999999574,"healthBefore":100,"healthAfter":96,"recoveryRemaining":1.1},"firstAttack":{"hits":1,"hp":72,"firstArrowAfter":0.19999999999998863,"impacts":[{"after":0.29999999999998295,"before":72,"hp":59}]},"secondBrace":{"at":175.2000000000056,"aim":{"x":-29,"z":-16},"windupRemaining":0.75,"hitAfter":0.7500000000001705,"healthBefore":100,"healthAfter":96,"recoveryRemaining":1.1},"battleResult":{"hits":6,"hp":72,"firstArrowAfter":0.20000000000004547,"impacts":[{"after":0.3000000000000682,"before":72,"hp":59},{"after":1.1000000000002501,"before":59,"hp":46},{"after":1.900000000000432,"before":46,"hp":33},{"after":2.700000000000614,"before":33,"hp":20},{"after":3.500000000000796,"before":20,"hp":7},{"after":4.300000000000978,"before":7,"hp":0}]},"tickSeconds":0.05}
# Subtest: optional journeys migrate old world 9 saves without touching banked XP, choices, home or music
ok 1086 - optional journeys migrate old world 9 saves without touching banked XP, choices, home or music
  ---
  duration_ms: 10.6514
  type: 'test'
  ...
# Subtest: new schema rejects forward, malformed, unknown and impossible claim history
ok 1087 - new schema rejects forward, malformed, unknown and impossible claim history
  ---
  duration_ms: 30.3891
  type: 'test'
  ...
# Subtest: five-light gate is supported and separate from existing lake and Cosmos markers
ok 1088 - five-light gate is supported and separate from existing lake and Cosmos markers
  ---
  duration_ms: 4.52
  type: 'test'
  ...
# Subtest: travel checkpoints original state, and rejects changed owner, revision, position or ticket
ok 1089 - travel checkpoints original state, and rejects changed owner, revision, position or ticket
  ---
  duration_ms: 12.825
  type: 'test'
  ...
# Subtest: travel, free return, re-entry and cold reload do not grant or advance accepted work
ok 1090 - travel, free return, re-entry and cold reload do not grant or advance accepted work
  ---
  duration_ms: 3.705
  type: 'test'
  ...
# Subtest: accepted objectives require physical arrival and current run; repeats remain once-only
ok 1091 - accepted objectives require physical arrival and current run; repeats remain once-only
  ---
  duration_ms: 2.8939
  type: 'test'
  ...
# Subtest: save refusal and capacity-blocked turn-in preserve completed objectives, currency and journal atomically
ok 1092 - save refusal and capacity-blocked turn-in preserve completed objectives, currency and journal atomically
  ---
  duration_ms: 6.1269
  type: 'test'
  ...
# Subtest: claim fences survive changed request IDs, reload, re-entry and intentional smaller repeat runs
ok 1093 - claim fences survive changed request IDs, reload, re-entry and intentional smaller repeat runs
  ---
  duration_ms: 66.2287
  type: 'test'
  ...
# Subtest: reward changes only declared fields and retains explicit classes, gear, sockets, XP ceiling and story history
ok 1094 - reward changes only declared fields and retains explicit classes, gear, sockets, XP ceiling and story history
  ---
  duration_ms: 43.054
  type: 'test'
  ...
# Subtest: only canonical local enemies use local defeat records and never enter legacy loot history
ok 1095 - only canonical local enemies use local defeat records and never enter legacy loot history
  ---
  duration_ms: 2.766
  type: 'test'
  ...
# Subtest: copied or live enemies cannot manufacture a defeat, and a real defeat preserves the revision ceiling
ok 1096 - copied or live enemies cannot manufacture a defeat, and a real defeat preserves the revision ceiling
  ---
  duration_ms: 1.9408
  type: 'test'
  ...
# Subtest: bow targets and actual arrows use new scene ground, while solid cover blocks hits
ok 1097 - bow targets and actual arrows use new scene ground, while solid cover blocks hits
  ---
  duration_ms: 8.9391
  type: 'test'
  ...
# Subtest: skipped active run identities are rejected rather than inventing an unknown payout history
ok 1098 - skipped active run identities are rejected rather than inventing an unknown payout history
  ---
  duration_ms: 0.2057
  type: 'test'
  ...
# Subtest: failure after scene sync restores the original runtime graph as well as position and room
ok 1099 - failure after scene sync restores the original runtime graph as well as position and room
  ---
  duration_ms: 1.5328
  type: 'test'
  ...
# Subtest: every new realm objective can return to its real giver through production navigation
ok 1100 - every new realm objective can return to its real giver through production navigation
  ---
  duration_ms: 637.0608
  type: 'test'
  ...
# Subtest: gallery has actual depth, held release, body/camera medium separation and true blocking air-court walls
ok 1101 - gallery has actual depth, held release, body/camera medium separation and true blocking air-court walls
  ---
  duration_ms: 3.0624
  type: 'test'
  ...
# Subtest: companion menu preserves dry waiting position, and an explicit recall uses the dry entry during a dive
ok 1102 - companion menu preserves dry waiting position, and an explicit recall uses the dry entry during a dive
  ---
  duration_ms: 1.8264
  type: 'test'
  ...
# Subtest: isolated IIFE and CommonJS expose only one frozen pure function
ok 1103 - isolated IIFE and CommonJS expose only one frozen pure function
  ---
  duration_ms: 2.6779
  type: 'test'
  ...
# Subtest: actual 955-cell expanded Earth partition reduces to 64 exact rectangles
ok 1104 - actual 955-cell expanded Earth partition reduces to 64 exact rectangles
  ---
  duration_ms: 75.2204
  type: 'test'
  ...
# Subtest: every shared world-ground caller and old Coastward retain exact floor area, owner, color and height
ok 1105 - every shared world-ground caller and old Coastward retain exact floor area, owner, color and height
  ---
  duration_ms: 71.5863
  type: 'test'
  ...
# Subtest: real bridge source boundaries and river void remain separate from bank masses
ok 1106 - real bridge source boundaries and river void remain separate from bank masses
  ---
  duration_ms: 41.3251
  type: 'test'
  ...
# Subtest: Atlantis gallery edge partitions remain exact and no cell crosses camera-medium boundary
ok 1107 - Atlantis gallery edge partitions remain exact and no cell crosses camera-medium boundary
  ---
  duration_ms: 3.2079
  type: 'test'
  ...
# Subtest: a labelled untagged Atlantis control demonstrates why caller-owned gallery metadata is required
ok 1108 - a labelled untagged Atlantis control demonstrates why caller-owned gallery metadata is required
  ---
  duration_ms: 3.722
  type: 'test'
  ...
# Subtest: only complete shared edges merge; holes, corners, tiny gaps and differing metadata remain
ok 1109 - only complete shared edges merge; holes, corners, tiny gaps and differing metadata remain
  ---
  duration_ms: 1.4157
  type: 'test'
  ...
# Subtest: metadata values and arrays are deep-fresh, order-independent and never aliases
ok 1110 - metadata values and arrays are deep-fresh, order-independent and never aliases
  ---
  duration_ms: 0.558
  type: 'test'
  ...
# Subtest: empty input, input permutations and repeated coalescing are deterministic and fresh
ok 1111 - empty input, input permutations and repeated coalescing are deterministic and fresh
  ---
  duration_ms: 62.2407
  type: 'test'
  ...
# Subtest: invalid, overlapping, accessor or nondata records refuse before input mutation
ok 1112 - invalid, overlapping, accessor or nondata records refuse before input mutation
  ---
  duration_ms: 1.3179
  type: 'test'
  ...
# Subtest: actual submitted vertices stay finite and terrain draw work falls without dropping area
ok 1113 - actual submitted vertices stay finite and terrain draw work falls without dropping area
  ---
  duration_ms: 7.1839
  type: 'test'
  ...
# Subtest: heaven: stable contract, finite geometry, pure bounded quest and readable anchors
ok 1114 - heaven: stable contract, finite geometry, pure bounded quest and readable anchors
  ---
  duration_ms: 3.8686
  type: 'test'
  ...
# Subtest: heaven: connected physical ground gives every point and enemy a body-width approach and return
ok 1115 - heaven: connected physical ground gives every point and enemy a body-width approach and return
  ---
  duration_ms: 481.8666
  type: 'test'
  ...
# Subtest: heaven: submitted original art has finite transforms, matched cover, and a modest local instance/triangle budget
ok 1116 - heaven: submitted original art has finite transforms, matched cover, and a modest local instance/triangle budget
  ---
  duration_ms: 146.4444
  type: 'test'
  ...
# Subtest: heaven: decorating is deterministic, owns no scene lifecycle and leaves all source/simulation/inventory state unchanged
ok 1117 - heaven: decorating is deterministic, owns no scene lifecycle and leaves all source/simulation/inventory state unchanged
  ---
  duration_ms: 18.7924
  type: 'test'
  ...
# Subtest: heaven: height supplied by the world caller shifts all local structures, routes and markers coherently
ok 1118 - heaven: height supplied by the world caller shifts all local structures, routes and markers coherently
  ---
  duration_ms: 9.502
  type: 'test'
  ...
# Subtest: hell: stable contract, finite geometry, pure bounded quest and readable anchors
ok 1119 - hell: stable contract, finite geometry, pure bounded quest and readable anchors
  ---
  duration_ms: 0.3954
  type: 'test'
  ...
# Subtest: hell: connected physical ground gives every point and enemy a body-width approach and return
ok 1120 - hell: connected physical ground gives every point and enemy a body-width approach and return
  ---
  duration_ms: 214.2726
  type: 'test'
  ...
# Subtest: hell: submitted original art has finite transforms, matched cover, and a modest local instance/triangle budget
ok 1121 - hell: submitted original art has finite transforms, matched cover, and a modest local instance/triangle budget
  ---
  duration_ms: 58.7875
  type: 'test'
  ...
# Subtest: hell: decorating is deterministic, owns no scene lifecycle and leaves all source/simulation/inventory state unchanged
ok 1122 - hell: decorating is deterministic, owns no scene lifecycle and leaves all source/simulation/inventory state unchanged
  ---
  duration_ms: 14.808
  type: 'test'
  ...
# Subtest: hell: height supplied by the world caller shifts all local structures, routes and markers coherently
ok 1123 - hell: height supplied by the world caller shifts all local structures, routes and markers coherently
  ---
  duration_ms: 7.4292
  type: 'test'
  ...
# Subtest: Heaven: both actual causeway/arcade loops fit a traveller without stepping through instrument, columns or workshop
ok 1124 - Heaven: both actual causeway/arcade loops fit a traveller without stepping through instrument, columns or workshop
  ---
  duration_ms: 12.2525
  type: 'test'
  ...
# Subtest: Heaven: distinct narrow route inlays sit on supported paving and the fork remains flat and clear
ok 1125 - Heaven: distinct narrow route inlays sit on supported paving and the fork remains flat and clear
  ---
  duration_ms: 33.5964
  type: 'test'
  ...
# Subtest: Heaven: the cultivated Ruby-fork band has actual native support and leaves routes, solids and interaction approaches clear
ok 1126 - Heaven: the cultivated Ruby-fork band has actual native support and leaves routes, solids and interaction approaches clear
  ---
  duration_ms: 69.5944
  type: 'test'
  ...
# Subtest: Heaven: all low blossoms attach to rooted stems and fit their shallow planting beds
ok 1127 - Heaven: all low blossoms attach to rooted stems and fit their shallow planting beds
  ---
  duration_ms: 12.1266
  type: 'test'
  ...
# Subtest: Heaven: cultivated detail has a bounded geometry cost and is identical with reduced motion enabled
ok 1128 - Heaven: cultivated detail has a bounded geometry cost and is identical with reduced motion enabled
  ---
  duration_ms: 16.6023
  type: 'test'
  ...
# Subtest: Hell: only the existing Refuge roof slab and patched ribs carry the bounded reveal tag
ok 1129 - Hell: only the existing Refuge roof slab and patched ribs carry the bounded reveal tag
  ---
  duration_ms: 5.7336
  type: 'test'
  ...
# Subtest: Hell: distinct east/west approaches and the free home path avoid the optional sentinel even within an eleven-unit threat pocket
ok 1130 - Hell: distinct east/west approaches and the free home path avoid the optional sentinel even within an eleven-unit threat pocket
  ---
  duration_ms: 151.3366
  type: 'test'
  ...
# Subtest: Module exposes the browser/CommonJS contract and rejects unknown decoration without touching the caller
ok 1131 - Module exposes the browser/CommonJS contract and rejects unknown decoration without touching the caller
  ---
  duration_ms: 0.2487
  type: 'test'
  ...
1..1131
# tests 1131
# suites 0
# pass 1131
# fail 0
# cancelled 0
# skipped 0
# todo 0
# duration_ms 9567.865
