{"status":"passed","variant":"fresh-blade","stage":"complete","campaignComplete":true,"sourceDrift":false,"checkpointCount":15}
{"status":"passed","variant":"fresh-bow","stage":"complete","campaignComplete":true,"sourceDrift":false,"checkpointCount":15}
{"status":"passed","variant":"returning-strongest","stage":"complete","campaignComplete":true,"sourceDrift":false,"checkpointCount":15}
PASS fresh-blade · at most six owned profiles
PASS fresh-blade · exact frozen HTML is served over isolated loopback
PASS fresh-blade · actual WebGL2 client is available
PASS fresh-blade · software renderer is explicitly observed
PASS fresh-blade · visible import adds a character and preserves original legacy save bytes
PASS fresh-blade · native seed imports genuinely earned comparator and kit
PASS fresh-blade · production route is accepted for ordinary Cosmos invitation
PASS fresh-blade · whole supported body route reaches ordinary Cosmos invitation
PASS fresh-blade · traveller survives actual production movement/combat
PASS fresh-blade · actual supported walking leg ordinary Cosmos invitation
PASS fresh-blade · traveller survives actual production movement/combat
PASS fresh-blade · actual supported walking leg ordinary Cosmos invitation
PASS fresh-blade · traveller survives actual production movement/combat
PASS fresh-blade · actual supported walking leg ordinary Cosmos invitation
PASS fresh-blade · traveller survives actual production movement/combat
PASS fresh-blade · actual supported walking leg ordinary Cosmos invitation
PASS fresh-blade · traveller survives actual production movement/combat
PASS fresh-blade · actual supported walking leg ordinary Cosmos invitation
PASS fresh-blade · traveller survives actual production movement/combat
PASS fresh-blade · actual supported walking leg ordinary Cosmos invitation
PASS fresh-blade · traveller survives actual production movement/combat
PASS fresh-blade · actual supported walking leg ordinary Cosmos invitation
PASS fresh-blade · traveller survives actual production movement/combat
PASS fresh-blade · actual supported walking leg ordinary Cosmos invitation
PASS fresh-blade · traveller survives actual production movement/combat
PASS fresh-blade · actual supported walking leg ordinary Cosmos invitation
PASS fresh-blade · traveller survives actual production movement/combat
PASS fresh-blade · actual supported walking leg ordinary Cosmos invitation
PASS fresh-blade · traveller survives actual production movement/combat
PASS fresh-blade · actual supported walking leg ordinary Cosmos invitation
PASS fresh-blade · traveller survives actual production movement/combat
PASS fresh-blade · actual supported walking leg ordinary Cosmos invitation
PASS fresh-blade · traveller survives actual production movement/combat
PASS fresh-blade · actual supported walking leg ordinary Cosmos invitation
PASS fresh-blade · production movement arrives near ordinary Cosmos invitation
PASS fresh-blade · physical arrival has no actor teleport for ordinary Cosmos invitation
PASS fresh-blade · native travel has explicit Cosmos confirmation
PASS fresh-blade · actual Cosmos physical owner handles the connected service road
PASS fresh-blade · no resolved machine recreates on native reentry
PASS fresh-blade · whole supported body route reaches Anik · observer
PASS fresh-blade · traveller survives actual production movement/combat
PASS fresh-blade · actual supported walking leg Anik · observer
PASS fresh-blade · traveller survives actual production movement/combat
PASS fresh-blade · actual supported walking leg Anik · observer
PASS fresh-blade · traveller survives actual production movement/combat
PASS fresh-blade · actual supported walking leg Anik · observer
PASS fresh-blade · traveller survives actual production movement/combat
PASS fresh-blade · actual supported walking leg Anik · observer
PASS fresh-blade · traveller survives actual production movement/combat
PASS fresh-blade · actual supported walking leg Anik · observer
PASS fresh-blade · traveller survives actual production movement/combat
PASS fresh-blade · actual supported walking leg Anik · observer
PASS fresh-blade · traveller survives actual production movement/combat
PASS fresh-blade · actual supported walking leg Anik · observer
PASS fresh-blade · traveller survives actual production movement/combat
PASS fresh-blade · actual supported walking leg Anik · observer
PASS fresh-blade · traveller survives actual production movement/combat
PASS fresh-blade · actual supported walking leg Anik · observer
PASS fresh-blade · traveller survives actual production movement/combat
PASS fresh-blade · actual supported walking leg Anik · observer
PASS fresh-blade · traveller survives actual production movement/combat
PASS fresh-blade · actual supported walking leg Anik · observer
PASS fresh-blade · traveller survives actual production movement/combat
PASS fresh-blade · actual supported walking leg Anik · observer
PASS fresh-blade · traveller survives actual production movement/combat
PASS fresh-blade · actual supported walking leg Anik · observer
PASS fresh-blade · traveller survives actual production movement/combat
PASS fresh-blade · actual supported walking leg Anik · observer
PASS fresh-blade · traveller survives actual production movement/combat
PASS fresh-blade · actual supported walking leg Anik · observer
PASS fresh-blade · traveller survives actual production movement/combat
PASS fresh-blade · actual supported walking leg Anik · observer
PASS fresh-blade · traveller survives actual production movement/combat
PASS fresh-blade · actual supported walking leg Anik · observer
PASS fresh-blade · traveller survives actual production movement/combat
PASS fresh-blade · actual supported walking leg Anik · observer
PASS fresh-blade · traveller survives actual production movement/combat
PASS fresh-blade · actual supported walking leg Anik · observer
PASS fresh-blade · traveller survives actual production movement/combat
PASS fresh-blade · actual supported walking leg Anik · observer
PASS fresh-blade · traveller survives actual production movement/combat
PASS fresh-blade · actual supported walking leg Anik · observer
PASS fresh-blade · traveller survives actual production movement/combat
PASS fresh-blade · actual supported walking leg Anik · observer
PASS fresh-blade · traveller survives actual production movement/combat
PASS fresh-blade · actual supported walking leg Anik · observer
PASS fresh-blade · traveller survives actual production movement/combat
PASS fresh-blade · actual supported walking leg Anik · observer
PASS fresh-blade · traveller survives actual production movement/combat
PASS fresh-blade · actual supported walking leg Anik · observer
PASS fresh-blade · traveller survives actual production movement/combat
PASS fresh-blade · actual supported walking leg Anik · observer
PASS fresh-blade · traveller survives actual production movement/combat
PASS fresh-blade · actual supported walking leg Anik · observer
PASS fresh-blade · traveller survives actual production movement/combat
PASS fresh-blade · actual supported walking leg Anik · observer
PASS fresh-blade · traveller survives actual production movement/combat
PASS fresh-blade · actual supported walking leg Anik · observer
PASS fresh-blade · traveller survives actual production movement/combat
PASS fresh-blade · actual supported walking leg Anik · observer
PASS fresh-blade · traveller survives actual production movement/combat
PASS fresh-blade · actual supported walking leg Anik · observer
PASS fresh-blade · traveller survives actual production movement/combat
PASS fresh-blade · actual supported walking leg Anik · observer
PASS fresh-blade · traveller survives actual production movement/combat
PASS fresh-blade · actual supported walking leg Anik · observer
PASS fresh-blade · traveller survives actual production movement/combat
PASS fresh-blade · actual supported walking leg Anik · observer
PASS fresh-blade · traveller survives actual production movement/combat
PASS fresh-blade · actual supported walking leg Anik · observer
PASS fresh-blade · traveller survives actual production movement/combat
PASS fresh-blade · actual supported walking leg Anik · observer
PASS fresh-blade · traveller survives actual production movement/combat
PASS fresh-blade · actual supported walking leg Anik · observer
PASS fresh-blade · traveller survives actual production movement/combat
PASS fresh-blade · actual supported walking leg Anik · observer
PASS fresh-blade · traveller survives actual production movement/combat
PASS fresh-blade · actual supported walking leg Anik · observer
PASS fresh-blade · traveller survives actual production movement/combat
PASS fresh-blade · actual supported walking leg Anik · observer
PASS fresh-blade · traveller survives actual production movement/combat
PASS fresh-blade · actual supported walking leg Anik · observer
PASS fresh-blade · traveller survives actual production movement/combat
PASS fresh-blade · actual supported walking leg Anik · observer
PASS fresh-blade · traveller survives actual production movement/combat
PASS fresh-blade · actual supported walking leg Anik · observer
PASS fresh-blade · traveller survives actual production movement/combat
PASS fresh-blade · actual supported walking leg Anik · observer
PASS fresh-blade · traveller survives actual production movement/combat
PASS fresh-blade · actual supported walking leg Anik · observer
PASS fresh-blade · traveller survives actual production movement/combat
PASS fresh-blade · actual supported walking leg Anik · observer
PASS fresh-blade · traveller survives actual production movement/combat
PASS fresh-blade · actual supported walking leg Anik · observer
PASS fresh-blade · traveller survives actual production movement/combat
PASS fresh-blade · actual supported walking leg Anik · observer
PASS fresh-blade · traveller survives actual production movement/combat
PASS fresh-blade · actual supported walking leg Anik · observer
PASS fresh-blade · traveller survives actual production movement/combat
PASS fresh-blade · actual supported walking leg Anik · observer
PASS fresh-blade · traveller survives actual production movement/combat
PASS fresh-blade · actual supported walking leg Anik · observer
PASS fresh-blade · traveller survives actual production movement/combat
PASS fresh-blade · actual supported walking leg Anik · observer
PASS fresh-blade · traveller survives actual production movement/combat
PASS fresh-blade · actual supported walking leg Anik · observer
PASS fresh-blade · traveller survives actual production movement/combat
PASS fresh-blade · actual supported walking leg Anik · observer
PASS fresh-blade · traveller survives actual production movement/combat
PASS fresh-blade · actual supported walking leg Anik · observer
PASS fresh-blade · traveller survives actual production movement/combat
PASS fresh-blade · actual supported walking leg Anik · observer
PASS fresh-blade · traveller survives actual production movement/combat
PASS fresh-blade · actual supported walking leg Anik · observer
PASS fresh-blade · traveller survives actual production movement/combat
PASS fresh-blade · actual supported walking leg Anik · observer
PASS fresh-blade · traveller survives actual production movement/combat
PASS fresh-blade · actual supported walking leg Anik · observer
PASS fresh-blade · traveller survives actual production movement/combat
PASS fresh-blade · actual supported walking leg Anik · observer
PASS fresh-blade · traveller survives actual production movement/combat
PASS fresh-blade · actual supported walking leg Anik · observer
PASS fresh-blade · traveller survives actual production movement/combat
PASS fresh-blade · actual supported walking leg Anik · observer
PASS fresh-blade · traveller survives actual production movement/combat
PASS fresh-blade · actual supported walking leg Anik · observer
PASS fresh-blade · traveller survives actual production movement/combat
PASS fresh-blade · actual supported walking leg Anik · observer
PASS fresh-blade · traveller survives actual production movement/combat
PASS fresh-blade · actual supported walking leg Anik · observer
PASS fresh-blade · production movement arrives near Anik · observer
PASS fresh-blade · native separate acceptance pays nothing
PASS fresh-blade · accepted saves through native owner
PASS fresh-blade · accepted exact native full world is persisted
PASS fresh-blade · accepted preserves the full other original native character slot value
PASS fresh-blade · exact frozen HTML is served over isolated loopback
PASS fresh-blade · actual WebGL2 client is available
PASS fresh-blade · software renderer is explicitly observed
PASS fresh-blade · accepted whole-Chromium startup preserves exact bytes
PASS fresh-blade · accepted preserves previous history, opened/account facts and kit
PASS fresh-blade · accepted cold load preserves the full other original native character slot value
PASS fresh-blade · production route is accepted for ordinary Cosmos invitation
PASS fresh-blade · whole supported body route reaches ordinary Cosmos invitation
PASS fresh-blade · traveller survives actual production movement/combat
PASS fresh-blade · actual supported walking leg ordinary Cosmos invitation
PASS fresh-blade · production movement arrives near ordinary Cosmos invitation
PASS fresh-blade · physical arrival has no actor teleport for ordinary Cosmos invitation
PASS fresh-blade · native travel has explicit Cosmos confirmation
PASS fresh-blade · actual Cosmos physical owner handles the connected service road
PASS fresh-blade · no resolved machine recreates on native reentry
PASS fresh-blade · native controls cannot manually grant defeat/choice
PASS fresh-blade · whole supported body route reaches Read the omitted local support cost
PASS fresh-blade · traveller survives actual production movement/combat
PASS fresh-blade · actual supported walking leg Read the omitted local support cost
PASS fresh-blade · traveller survives actual production movement/combat
PASS fresh-blade · actual supported walking leg Read the omitted local support cost
PASS fresh-blade · traveller survives actual production movement/combat
PASS fresh-blade · actual supported walking leg Read the omitted local support cost
PASS fresh-blade · traveller survives actual production movement/combat
PASS fresh-blade · actual supported walking leg Read the omitted local support cost
PASS fresh-blade · traveller survives actual production movement/combat
PASS fresh-blade · actual supported walking leg Read the omitted local support cost
PASS fresh-blade · traveller survives actual production movement/combat
PASS fresh-blade · actual supported walking leg Read the omitted local support cost
PASS fresh-blade · traveller survives actual production movement/combat
PASS fresh-blade · actual supported walking leg Read the omitted local support cost
PASS fresh-blade · traveller survives actual production movement/combat
PASS fresh-blade · actual supported walking leg Read the omitted local support cost
PASS fresh-blade · traveller survives actual production movement/combat
PASS fresh-blade · actual supported walking leg Read the omitted local support cost
PASS fresh-blade · traveller survives actual production movement/combat
PASS fresh-blade · actual supported walking leg Read the omitted local support cost
PASS fresh-blade · traveller survives actual production movement/combat
PASS fresh-blade · actual supported walking leg Read the omitted local support cost
PASS fresh-blade · traveller survives actual production movement/combat
PASS fresh-blade · actual supported walking leg Read the omitted local support cost
PASS fresh-blade · traveller survives actual production movement/combat
PASS fresh-blade · actual supported walking leg Read the omitted local support cost
PASS fresh-blade · traveller survives actual production movement/combat
PASS fresh-blade · actual supported walking leg Read the omitted local support cost
PASS fresh-blade · traveller survives actual production movement/combat
PASS fresh-blade · actual supported walking leg Read the omitted local support cost
PASS fresh-blade · traveller survives actual production movement/combat
PASS fresh-blade · actual supported walking leg Read the omitted local support cost
PASS fresh-blade · traveller survives actual production movement/combat
PASS fresh-blade · actual supported walking leg Read the omitted local support cost
PASS fresh-blade · traveller survives actual production movement/combat
PASS fresh-blade · actual supported walking leg Read the omitted local support cost
PASS fresh-blade · traveller survives actual production movement/combat
PASS fresh-blade · actual supported walking leg Read the omitted local support cost
PASS fresh-blade · traveller survives actual production movement/combat
PASS fresh-blade · actual supported walking leg Read the omitted local support cost
PASS fresh-blade · traveller survives actual production movement/combat
PASS fresh-blade · actual supported walking leg Read the omitted local support cost
PASS fresh-blade · traveller survives actual production movement/combat
PASS fresh-blade · actual supported walking leg Read the omitted local support cost
PASS fresh-blade · traveller survives actual production movement/combat
PASS fresh-blade · actual supported walking leg Read the omitted local support cost
PASS fresh-blade · traveller survives actual production movement/combat
PASS fresh-blade · actual supported walking leg Read the omitted local support cost
PASS fresh-blade · traveller survives actual production movement/combat
PASS fresh-blade · actual supported walking leg Read the omitted local support cost
PASS fresh-blade · traveller survives actual production movement/combat
PASS fresh-blade · actual supported walking leg Read the omitted local support cost
PASS fresh-blade · traveller survives actual production movement/combat
PASS fresh-blade · actual supported walking leg Read the omitted local support cost
PASS fresh-blade · traveller survives actual production movement/combat
PASS fresh-blade · actual supported walking leg Read the omitted local support cost
PASS fresh-blade · traveller survives actual production movement/combat
PASS fresh-blade · actual supported walking leg Read the omitted local support cost
PASS fresh-blade · traveller survives actual production movement/combat
PASS fresh-blade · actual supported walking leg Read the omitted local support cost
PASS fresh-blade · traveller survives actual production movement/combat
PASS fresh-blade · actual supported walking leg Read the omitted local support cost
PASS fresh-blade · traveller survives actual production movement/combat
PASS fresh-blade · actual supported walking leg Read the omitted local support cost
PASS fresh-blade · traveller survives actual production movement/combat
PASS fresh-blade · actual supported walking leg Read the omitted local support cost
PASS fresh-blade · traveller survives actual production movement/combat
PASS fresh-blade · actual supported walking leg Read the omitted local support cost
PASS fresh-blade · traveller survives actual production movement/combat
PASS fresh-blade · actual supported walking leg Read the omitted local support cost
PASS fresh-blade · traveller survives actual production movement/combat
PASS fresh-blade · actual supported walking leg Read the omitted local support cost
PASS fresh-blade · traveller survives actual production movement/combat
PASS fresh-blade · actual supported walking leg Read the omitted local support cost
PASS fresh-blade · traveller survives actual production movement/combat
PASS fresh-blade · actual supported walking leg Read the omitted local support cost
PASS fresh-blade · traveller survives actual production movement/combat
PASS fresh-blade · actual supported walking leg Read the omitted local support cost
PASS fresh-blade · traveller survives actual production movement/combat
PASS fresh-blade · actual supported walking leg Read the omitted local support cost
PASS fresh-blade · traveller survives actual production movement/combat
PASS fresh-blade · actual supported walking leg Read the omitted local support cost
PASS fresh-blade · traveller survives actual production movement/combat
PASS fresh-blade · actual supported walking leg Read the omitted local support cost
PASS fresh-blade · traveller survives actual production movement/combat
PASS fresh-blade · actual supported walking leg Read the omitted local support cost
PASS fresh-blade · traveller survives actual production movement/combat
PASS fresh-blade · actual supported walking leg Read the omitted local support cost
PASS fresh-blade · traveller survives actual production movement/combat
PASS fresh-blade · actual supported walking leg Read the omitted local support cost
PASS fresh-blade · traveller survives actual production movement/combat
PASS fresh-blade · actual supported walking leg Read the omitted local support cost
PASS fresh-blade · traveller survives actual production movement/combat
PASS fresh-blade · actual supported walking leg Read the omitted local support cost
PASS fresh-blade · traveller survives actual production movement/combat
PASS fresh-blade · actual supported walking leg Read the omitted local support cost
PASS fresh-blade · traveller survives actual production movement/combat
PASS fresh-blade · actual supported walking leg Read the omitted local support cost
PASS fresh-blade · traveller survives actual production movement/combat
PASS fresh-blade · actual supported walking leg Read the omitted local support cost
PASS fresh-blade · traveller survives actual production movement/combat
PASS fresh-blade · actual supported walking leg Read the omitted local support cost
PASS fresh-blade · traveller survives actual production movement/combat
PASS fresh-blade · actual supported walking leg Read the omitted local support cost
PASS fresh-blade · traveller survives actual production movement/combat
PASS fresh-blade · actual supported walking leg Read the omitted local support cost
PASS fresh-blade · traveller survives actual production movement/combat
PASS fresh-blade · actual supported walking leg Read the omitted local support cost
PASS fresh-blade · traveller survives actual production movement/combat
PASS fresh-blade · actual supported walking leg Read the omitted local support cost
PASS fresh-blade · traveller survives actual production movement/combat
PASS fresh-blade · actual supported walking leg Read the omitted local support cost
PASS fresh-blade · traveller survives actual production movement/combat
PASS fresh-blade · actual supported walking leg Read the omitted local support cost
PASS fresh-blade · traveller survives actual production movement/combat
PASS fresh-blade · actual supported walking leg Read the omitted local support cost
PASS fresh-blade · traveller survives actual production movement/combat
PASS fresh-blade · actual supported walking leg Read the omitted local support cost
PASS fresh-blade · traveller survives actual production movement/combat
PASS fresh-blade · actual supported walking leg Read the omitted local support cost
PASS fresh-blade · traveller survives actual production movement/combat
PASS fresh-blade · actual supported walking leg Read the omitted local support cost
PASS fresh-blade · traveller survives actual production movement/combat
PASS fresh-blade · actual supported walking leg Read the omitted local support cost
PASS fresh-blade · production movement arrives near Read the omitted local support cost
PASS fresh-blade · actual physical UI operation records read-local-cost
PASS fresh-blade · operation never pays an independent fee read-local-cost
PASS fresh-blade · actual transient witness membership follows only accepted facts
PASS fresh-blade · a full-body supported production route reaches the witness viewing side
PASS fresh-blade · production route is accepted for view owned Raven · support planner
PASS fresh-blade · whole supported body route reaches view owned Raven · support planner
PASS fresh-blade · traveller survives actual production movement/combat
PASS fresh-blade · actual supported walking leg view owned Raven · support planner
PASS fresh-blade · traveller survives actual production movement/combat
PASS fresh-blade · actual supported walking leg view owned Raven · support planner
PASS fresh-blade · traveller survives actual production movement/combat
PASS fresh-blade · actual supported walking leg view owned Raven · support planner
PASS fresh-blade · traveller survives actual production movement/combat
PASS fresh-blade · actual supported walking leg view owned Raven · support planner
PASS fresh-blade · traveller survives actual production movement/combat
PASS fresh-blade · actual supported walking leg view owned Raven · support planner
PASS fresh-blade · traveller survives actual production movement/combat
PASS fresh-blade · actual supported walking leg view owned Raven · support planner
PASS fresh-blade · production movement arrives near view owned Raven · support planner
PASS fresh-blade · physical arrival has no actor teleport for view owned Raven · support planner
PASS fresh-blade · actual requested camera adventure
PASS fresh-blade · owned-cosmos-raven-service-v1 causal pixels restore exactly
PASS fresh-blade · actual requested camera follow
PASS fresh-blade · owned-cosmos-raven-service-v1 causal pixels restore exactly
PASS fresh-blade · native controls cannot manually grant defeat/choice
PASS fresh-blade · whole supported body route reaches Inspect the independent brace shoes
PASS fresh-blade · traveller survives actual production movement/combat
PASS fresh-blade · actual supported walking leg Inspect the independent brace shoes
PASS fresh-blade · traveller survives actual production movement/combat
PASS fresh-blade · actual supported walking leg Inspect the independent brace shoes
PASS fresh-blade · traveller survives actual production movement/combat
PASS fresh-blade · actual supported walking leg Inspect the independent brace shoes
PASS fresh-blade · traveller survives actual production movement/combat
PASS fresh-blade · actual supported walking leg Inspect the independent brace shoes
PASS fresh-blade · production movement arrives near Inspect the independent brace shoes
PASS fresh-blade · actual physical UI operation records material-inspect
PASS fresh-blade · operation never pays an independent fee material-inspect
PASS fresh-blade · native controls cannot manually grant defeat/choice
PASS fresh-blade · whole supported body route reaches Seat the material support
PASS fresh-blade · traveller survives actual production movement/combat
PASS fresh-blade · actual supported walking leg Seat the material support
PASS fresh-blade · traveller survives actual production movement/combat
PASS fresh-blade · actual supported walking leg Seat the material support
PASS fresh-blade · traveller survives actual production movement/combat
PASS fresh-blade · actual supported walking leg Seat the material support
PASS fresh-blade · traveller survives actual production movement/combat
PASS fresh-blade · actual supported walking leg Seat the material support
PASS fresh-blade · traveller survives actual production movement/combat
PASS fresh-blade · actual supported walking leg Seat the material support
PASS fresh-blade · traveller survives actual production movement/combat
PASS fresh-blade · actual supported walking leg Seat the material support
PASS fresh-blade · traveller survives actual production movement/combat
PASS fresh-blade · actual supported walking leg Seat the material support
PASS fresh-blade · traveller survives actual production movement/combat
PASS fresh-blade · actual supported walking leg Seat the material support
PASS fresh-blade · traveller survives actual production movement/combat
PASS fresh-blade · actual supported walking leg Seat the material support
PASS fresh-blade · production movement arrives near Seat the material support
PASS fresh-blade · actual physical UI operation records material-fit
PASS fresh-blade · operation never pays an independent fee material-fit
PASS fresh-blade · native controls cannot manually grant defeat/choice
PASS fresh-blade · whole supported body route reaches Fit the supplied tested living return
PASS fresh-blade · traveller survives actual production movement/combat
PASS fresh-blade · actual supported walking leg Fit the supplied tested living return
PASS fresh-blade · traveller survives actual production movement/combat
PASS fresh-blade · actual supported walking leg Fit the supplied tested living return
PASS fresh-blade · traveller survives actual production movement/combat
PASS fresh-blade · actual supported walking leg Fit the supplied tested living return
PASS fresh-blade · traveller survives actual production movement/combat
PASS fresh-blade · actual supported walking leg Fit the supplied tested living return
PASS fresh-blade · traveller survives actual production movement/combat
PASS fresh-blade · actual supported walking leg Fit the supplied tested living return
PASS fresh-blade · traveller survives actual production movement/combat
PASS fresh-blade · actual supported walking leg Fit the supplied tested living return
PASS fresh-blade · traveller survives actual production movement/combat
PASS fresh-blade · actual supported walking leg Fit the supplied tested living return
PASS fresh-blade · traveller survives actual production movement/combat
PASS fresh-blade · actual supported walking leg Fit the supplied tested living return
PASS fresh-blade · traveller survives actual production movement/combat
PASS fresh-blade · actual supported walking leg Fit the supplied tested living return
PASS fresh-blade · traveller survives actual production movement/combat
PASS fresh-blade · actual supported walking leg Fit the supplied tested living return
PASS fresh-blade · traveller survives actual production movement/combat
PASS fresh-blade · actual supported walking leg Fit the supplied tested living return
PASS fresh-blade · traveller survives actual production movement/combat
PASS fresh-blade · actual supported walking leg Fit the supplied tested living return
PASS fresh-blade · traveller survives actual production movement/combat
PASS fresh-blade · actual supported walking leg Fit the supplied tested living return
PASS fresh-blade · traveller survives actual production movement/combat
PASS fresh-blade · actual supported walking leg Fit the supplied tested living return
PASS fresh-blade · traveller survives actual production movement/combat
PASS fresh-blade · actual supported walking leg Fit the supplied tested living return
PASS fresh-blade · traveller survives actual production movement/combat
PASS fresh-blade · actual supported walking leg Fit the supplied tested living return
PASS fresh-blade · production movement arrives near Fit the supplied tested living return
PASS fresh-blade · actual physical UI operation records assist-living
PASS fresh-blade · operation never pays an independent fee assist-living
PASS fresh-blade · native controls cannot manually grant defeat/choice
PASS fresh-blade · whole supported body route reaches Test the independently supported service approach
PASS fresh-blade · traveller survives actual production movement/combat
PASS fresh-blade · actual supported walking leg Test the independently supported service approach
PASS fresh-blade · traveller survives actual production movement/combat
PASS fresh-blade · actual supported walking leg Test the independently supported service approach
PASS fresh-blade · traveller survives actual production movement/combat
PASS fresh-blade · actual supported walking leg Test the independently supported service approach
PASS fresh-blade · traveller survives actual production movement/combat
PASS fresh-blade · actual supported walking leg Test the independently supported service approach
PASS fresh-blade · traveller survives actual production movement/combat
PASS fresh-blade · actual supported walking leg Test the independently supported service approach
PASS fresh-blade · traveller survives actual production movement/combat
PASS fresh-blade · actual supported walking leg Test the independently supported service approach
PASS fresh-blade · traveller survives actual production movement/combat
PASS fresh-blade · actual supported walking leg Test the independently supported service approach
PASS fresh-blade · traveller survives actual production movement/combat
PASS fresh-blade · actual supported walking leg Test the independently supported service approach
PASS fresh-blade · traveller survives actual production movement/combat
PASS fresh-blade · actual supported walking leg Test the independently supported service approach
PASS fresh-blade · production movement arrives near Test the independently supported service approach
PASS fresh-blade · actual physical UI operation records test-service-route
PASS fresh-blade · operation never pays an independent fee test-service-route
PASS fresh-blade · two-distinct-supports saves through native owner
PASS fresh-blade · two-distinct-supports exact native full world is persisted
PASS fresh-blade · two-distinct-supports preserves the full other original native character slot value
PASS fresh-blade · exact frozen HTML is served over isolated loopback
PASS fresh-blade · actual WebGL2 client is available
PASS fresh-blade · software renderer is explicitly observed
PASS fresh-blade · two-distinct-supports whole-Chromium startup preserves exact bytes
PASS fresh-blade · two-distinct-supports preserves previous history, opened/account facts and kit
PASS fresh-blade · two-distinct-supports cold load preserves the full other original native character slot value
PASS fresh-blade · production route is accepted for ordinary Cosmos invitation
PASS fresh-blade · whole supported body route reaches ordinary Cosmos invitation
PASS fresh-blade · traveller survives actual production movement/combat
PASS fresh-blade · actual supported walking leg ordinary Cosmos invitation
PASS fresh-blade · production movement arrives near ordinary Cosmos invitation
PASS fresh-blade · physical arrival has no actor teleport for ordinary Cosmos invitation
PASS fresh-blade · native travel has explicit Cosmos confirmation
PASS fresh-blade · actual Cosmos physical owner handles the connected service road
PASS fresh-blade · no resolved machine recreates on native reentry
PASS fresh-blade · native controls cannot manually grant defeat/choice
PASS fresh-blade · whole supported body route reaches Begin the local optical defense
PASS fresh-blade · traveller survives actual production movement/combat
PASS fresh-blade · actual supported walking leg Begin the local optical defense
PASS fresh-blade · traveller survives actual production movement/combat
PASS fresh-blade · actual supported walking leg Begin the local optical defense
PASS fresh-blade · traveller survives actual production movement/combat
PASS fresh-blade · actual supported walking leg Begin the local optical defense
PASS fresh-blade · traveller survives actual production movement/combat
PASS fresh-blade · actual supported walking leg Begin the local optical defense
PASS fresh-blade · traveller survives actual production movement/combat
PASS fresh-blade · actual supported walking leg Begin the local optical defense
PASS fresh-blade · traveller survives actual production movement/combat
PASS fresh-blade · actual supported walking leg Begin the local optical defense
PASS fresh-blade · traveller survives actual production movement/combat
PASS fresh-blade · actual supported walking leg Begin the local optical defense
PASS fresh-blade · traveller survives actual production movement/combat
PASS fresh-blade · actual supported walking leg Begin the local optical defense
PASS fresh-blade · traveller survives actual production movement/combat
PASS fresh-blade · actual supported walking leg Begin the local optical defense
PASS fresh-blade · traveller survives actual production movement/combat
PASS fresh-blade · actual supported walking leg Begin the local optical defense
PASS fresh-blade · traveller survives actual production movement/combat
PASS fresh-blade · actual supported walking leg Begin the local optical defense
PASS fresh-blade · traveller survives actual production movement/combat
PASS fresh-blade · actual supported walking leg Begin the local optical defense
PASS fresh-blade · traveller survives actual production movement/combat
PASS fresh-blade · actual supported walking leg Begin the local optical defense
PASS fresh-blade · traveller survives actual production movement/combat
PASS fresh-blade · actual supported walking leg Begin the local optical defense
PASS fresh-blade · traveller survives actual production movement/combat
PASS fresh-blade · actual supported walking leg Begin the local optical defense
PASS fresh-blade · traveller survives actual production movement/combat
PASS fresh-blade · actual supported walking leg Begin the local optical defense
PASS fresh-blade · traveller survives actual production movement/combat
PASS fresh-blade · actual supported walking leg Begin the local optical defense
PASS fresh-blade · traveller survives actual production movement/combat
PASS fresh-blade · actual supported walking leg Begin the local optical defense
PASS fresh-blade · traveller survives actual production movement/combat
PASS fresh-blade · actual supported walking leg Begin the local optical defense
PASS fresh-blade · traveller survives actual production movement/combat
PASS fresh-blade · actual supported walking leg Begin the local optical defense
PASS fresh-blade · traveller survives actual production movement/combat
PASS fresh-blade · actual supported walking leg Begin the local optical defense
PASS fresh-blade · traveller survives actual production movement/combat
PASS fresh-blade · actual supported walking leg Begin the local optical defense
PASS fresh-blade · traveller survives actual production movement/combat
PASS fresh-blade · actual supported walking leg Begin the local optical defense
PASS fresh-blade · traveller survives actual production movement/combat
PASS fresh-blade · actual supported walking leg Begin the local optical defense
PASS fresh-blade · traveller survives actual production movement/combat
PASS fresh-blade · actual supported walking leg Begin the local optical defense
PASS fresh-blade · traveller survives actual production movement/combat
PASS fresh-blade · actual supported walking leg Begin the local optical defense
PASS fresh-blade · traveller survives actual production movement/combat
PASS fresh-blade · actual supported walking leg Begin the local optical defense
PASS fresh-blade · traveller survives actual production movement/combat
PASS fresh-blade · actual supported walking leg Begin the local optical defense
PASS fresh-blade · traveller survives actual production movement/combat
PASS fresh-blade · actual supported walking leg Begin the local optical defense
PASS fresh-blade · traveller survives actual production movement/combat
PASS fresh-blade · actual supported walking leg Begin the local optical defense
PASS fresh-blade · traveller survives actual production movement/combat
PASS fresh-blade · actual supported walking leg Begin the local optical defense
PASS fresh-blade · traveller survives actual production movement/combat
PASS fresh-blade · actual supported walking leg Begin the local optical defense
PASS fresh-blade · traveller survives actual production movement/combat
PASS fresh-blade · actual supported walking leg Begin the local optical defense
PASS fresh-blade · traveller survives actual production movement/combat
PASS fresh-blade · actual supported walking leg Begin the local optical defense
PASS fresh-blade · traveller survives actual production movement/combat
PASS fresh-blade · actual supported walking leg Begin the local optical defense
PASS fresh-blade · traveller survives actual production movement/combat
PASS fresh-blade · actual supported walking leg Begin the local optical defense
PASS fresh-blade · traveller survives actual production movement/combat
PASS fresh-blade · actual supported walking leg Begin the local optical defense
PASS fresh-blade · traveller survives actual production movement/combat
PASS fresh-blade · actual supported walking leg Begin the local optical defense
PASS fresh-blade · traveller survives actual production movement/combat
PASS fresh-blade · actual supported walking leg Begin the local optical defense
PASS fresh-blade · traveller survives actual production movement/combat
PASS fresh-blade · actual supported walking leg Begin the local optical defense
PASS fresh-blade · traveller survives actual production movement/combat
PASS fresh-blade · actual supported walking leg Begin the local optical defense
PASS fresh-blade · traveller survives actual production movement/combat
PASS fresh-blade · actual supported walking leg Begin the local optical defense
PASS fresh-blade · traveller survives actual production movement/combat
PASS fresh-blade · actual supported walking leg Begin the local optical defense
PASS fresh-blade · traveller survives actual production movement/combat
PASS fresh-blade · actual supported walking leg Begin the local optical defense
PASS fresh-blade · traveller survives actual production movement/combat
PASS fresh-blade · actual supported walking leg Begin the local optical defense
PASS fresh-blade · traveller survives actual production movement/combat
PASS fresh-blade · actual supported walking leg Begin the local optical defense
PASS fresh-blade · traveller survives actual production movement/combat
PASS fresh-blade · actual supported walking leg Begin the local optical defense
PASS fresh-blade · traveller survives actual production movement/combat
PASS fresh-blade · actual supported walking leg Begin the local optical defense
PASS fresh-blade · traveller survives actual production movement/combat
PASS fresh-blade · actual supported walking leg Begin the local optical defense
PASS fresh-blade · traveller survives actual production movement/combat
PASS fresh-blade · actual supported walking leg Begin the local optical defense
PASS fresh-blade · traveller survives actual production movement/combat
PASS fresh-blade · actual supported walking leg Begin the local optical defense
PASS fresh-blade · traveller survives actual production movement/combat
PASS fresh-blade · actual supported walking leg Begin the local optical defense
PASS fresh-blade · traveller survives actual production movement/combat
PASS fresh-blade · actual supported walking leg Begin the local optical defense
PASS fresh-blade · traveller survives actual production movement/combat
PASS fresh-blade · actual supported walking leg Begin the local optical defense
PASS fresh-blade · traveller survives actual production movement/combat
PASS fresh-blade · actual supported walking leg Begin the local optical defense
PASS fresh-blade · traveller survives actual production movement/combat
PASS fresh-blade · actual supported walking leg Begin the local optical defense
PASS fresh-blade · traveller survives actual production movement/combat
PASS fresh-blade · actual supported walking leg Begin the local optical defense
PASS fresh-blade · traveller survives actual production movement/combat
PASS fresh-blade · actual supported walking leg Begin the local optical defense
PASS fresh-blade · traveller survives actual production movement/combat
PASS fresh-blade · actual supported walking leg Begin the local optical defense
PASS fresh-blade · traveller survives actual production movement/combat
PASS fresh-blade · actual supported walking leg Begin the local optical defense
PASS fresh-blade · traveller survives actual production movement/combat
PASS fresh-blade · actual supported walking leg Begin the local optical defense
PASS fresh-blade · traveller survives actual production movement/combat
PASS fresh-blade · actual supported walking leg Begin the local optical defense
PASS fresh-blade · traveller survives actual production movement/combat
PASS fresh-blade · actual supported walking leg Begin the local optical defense
PASS fresh-blade · traveller survives actual production movement/combat
PASS fresh-blade · actual supported walking leg Begin the local optical defense
PASS fresh-blade · traveller survives actual production movement/combat
PASS fresh-blade · actual supported walking leg Begin the local optical defense
PASS fresh-blade · traveller survives actual production movement/combat
PASS fresh-blade · actual supported walking leg Begin the local optical defense
PASS fresh-blade · traveller survives actual production movement/combat
PASS fresh-blade · actual supported walking leg Begin the local optical defense
PASS fresh-blade · traveller survives actual production movement/combat
PASS fresh-blade · actual supported walking leg Begin the local optical defense
PASS fresh-blade · traveller survives actual production movement/combat
PASS fresh-blade · actual supported walking leg Begin the local optical defense
PASS fresh-blade · traveller survives actual production movement/combat
PASS fresh-blade · actual supported walking leg Begin the local optical defense
PASS fresh-blade · traveller survives actual production movement/combat
PASS fresh-blade · actual supported walking leg Begin the local optical defense
PASS fresh-blade · traveller survives actual production movement/combat
PASS fresh-blade · actual supported walking leg Begin the local optical defense
PASS fresh-blade · traveller survives actual production movement/combat
PASS fresh-blade · actual supported walking leg Begin the local optical defense
PASS fresh-blade · traveller survives actual production movement/combat
PASS fresh-blade · actual supported walking leg Begin the local optical defense
PASS fresh-blade · traveller survives actual production movement/combat
PASS fresh-blade · actual supported walking leg Begin the local optical defense
PASS fresh-blade · traveller survives actual production movement/combat
PASS fresh-blade · actual supported walking leg Begin the local optical defense
PASS fresh-blade · traveller survives actual production movement/combat
PASS fresh-blade · actual supported walking leg Begin the local optical defense
PASS fresh-blade · traveller survives actual production movement/combat
PASS fresh-blade · actual supported walking leg Begin the local optical defense
PASS fresh-blade · production movement arrives near Begin the local optical defense
PASS fresh-blade · actual physical UI operation records challenge-reclaimer
PASS fresh-blade · operation never pays an independent fee challenge-reclaimer
PASS fresh-blade · production route is accepted for ordinary blade machine range
PASS fresh-blade · whole supported body route reaches ordinary blade machine range
PASS fresh-blade · traveller survives actual production movement/combat
PASS fresh-blade · actual supported walking leg ordinary blade machine range
PASS fresh-blade · traveller survives actual production movement/combat
PASS fresh-blade · actual supported walking leg ordinary blade machine range
PASS fresh-blade · traveller survives actual production movement/combat
PASS fresh-blade · actual supported walking leg ordinary blade machine range
PASS fresh-blade · traveller survives actual production movement/combat
PASS fresh-blade · actual supported walking leg ordinary blade machine range
PASS fresh-blade · production movement arrives near ordinary blade machine range
PASS fresh-blade · physical arrival has no actor teleport for ordinary blade machine range
PASS fresh-blade · native target key owns actual Optical Reclaimer
PASS fresh-blade · actual anchored owned line lock with declared stats
PASS fresh-blade · actual submitted actor and warning vertices fit whole supported locked geometry
PASS fresh-blade · actual requested camera adventure
PASS fresh-blade · reclaimer-body causal pixels restore exactly
PASS fresh-blade · actual requested camera adventure
PASS fresh-blade · reclaimer-line-warning causal pixels restore exactly
PASS fresh-blade · actual requested camera adventure
PASS fresh-blade · reclaimer-line-paired-inlay causal pixels restore exactly
PASS fresh-blade · actual requested camera follow
PASS fresh-blade · reclaimer-body causal pixels restore exactly
PASS fresh-blade · actual requested camera follow
PASS fresh-blade · reclaimer-line-warning causal pixels restore exactly
PASS fresh-blade · actual requested camera follow
PASS fresh-blade · reclaimer-line-paired-inlay causal pixels restore exactly
PASS fresh-blade · real line warning has a reachable short safe response
PASS fresh-blade · production route is accepted for leave actual line contact
PASS fresh-blade · whole supported body route reaches leave actual line contact
PASS fresh-blade · traveller survives actual production movement/combat
PASS fresh-blade · actual supported walking leg leave actual line contact
PASS fresh-blade · traveller survives actual production movement/combat
PASS fresh-blade · actual supported walking leg leave actual line contact
PASS fresh-blade · production movement arrives near leave actual line contact
PASS fresh-blade · physical arrival has no actor teleport for leave actual line contact
PASS fresh-blade · actual locked line misses without contact damage
PASS fresh-blade · production route is accepted for weapon approach after optical miss
PASS fresh-blade · whole supported body route reaches weapon approach after optical miss
PASS fresh-blade · traveller survives actual production movement/combat
PASS fresh-blade · actual supported walking leg weapon approach after optical miss
PASS fresh-blade · traveller survives actual production movement/combat
PASS fresh-blade · actual supported walking leg weapon approach after optical miss
PASS fresh-blade · production movement arrives near weapon approach after optical miss
PASS fresh-blade · physical arrival has no actor teleport for weapon approach after optical miss
PASS fresh-blade · empty-geometry positive control detects the actual fresh framebuffer
PASS fresh-blade · traveller survives actual production movement/combat
PASS fresh-blade · traveller survives actual production movement/combat
PASS fresh-blade · bounded native ordinary weapon combat survives
PASS fresh-blade · traveller survives actual production movement/combat
PASS fresh-blade · bounded native ordinary weapon combat survives
PASS fresh-blade · traveller survives actual production movement/combat
PASS fresh-blade · bounded native ordinary weapon combat survives
PASS fresh-blade · traveller survives actual production movement/combat
PASS fresh-blade · bounded native ordinary weapon combat survives
PASS fresh-blade · traveller survives actual production movement/combat
PASS fresh-blade · bounded native ordinary weapon combat survives
PASS fresh-blade · traveller survives actual production movement/combat
PASS fresh-blade · bounded native ordinary weapon combat survives
PASS fresh-blade · traveller survives actual production movement/combat
PASS fresh-blade · bounded native ordinary weapon combat survives
PASS fresh-blade · traveller survives actual production movement/combat
PASS fresh-blade · bounded native ordinary weapon combat survives
PASS fresh-blade · actual zero-HP exhaustion records only owned reclaimer-settled
PASS fresh-blade · native clear-target ends combat without a cooldown wait
PASS fresh-blade · actual blade/projectile callers contribute to exhaustion
PASS fresh-blade · no independent encounter fee, legacy drop or planted defeat
PASS fresh-blade · actual-reclaimer-settled saves through native owner
PASS fresh-blade · actual-reclaimer-settled exact native full world is persisted
PASS fresh-blade · actual-reclaimer-settled preserves the full other original native character slot value
PASS fresh-blade · exact frozen HTML is served over isolated loopback
PASS fresh-blade · actual WebGL2 client is available
PASS fresh-blade · software renderer is explicitly observed
PASS fresh-blade · actual-reclaimer-settled whole-Chromium startup preserves exact bytes
PASS fresh-blade · actual-reclaimer-settled preserves previous history, opened/account facts and kit
PASS fresh-blade · actual-reclaimer-settled cold load preserves the full other original native character slot value
PASS fresh-blade · production route is accepted for ordinary Cosmos invitation
PASS fresh-blade · whole supported body route reaches ordinary Cosmos invitation
PASS fresh-blade · traveller survives actual production movement/combat
PASS fresh-blade · actual supported walking leg ordinary Cosmos invitation
PASS fresh-blade · production movement arrives near ordinary Cosmos invitation
PASS fresh-blade · physical arrival has no actor teleport for ordinary Cosmos invitation
PASS fresh-blade · native travel has explicit Cosmos confirmation
PASS fresh-blade · actual Cosmos physical owner handles the connected service road
PASS fresh-blade · no resolved machine recreates on native reentry
PASS fresh-blade · native controls cannot manually grant defeat/choice
PASS fresh-blade · whole supported body route reaches Physically isolate the imposed service feed
PASS fresh-blade · traveller survives actual production movement/combat
PASS fresh-blade · actual supported walking leg Physically isolate the imposed service feed
PASS fresh-blade · traveller survives actual production movement/combat
PASS fresh-blade · actual supported walking leg Physically isolate the imposed service feed
PASS fresh-blade · traveller survives actual production movement/combat
PASS fresh-blade · actual supported walking leg Physically isolate the imposed service feed
PASS fresh-blade · traveller survives actual production movement/combat
PASS fresh-blade · actual supported walking leg Physically isolate the imposed service feed
PASS fresh-blade · traveller survives actual production movement/combat
PASS fresh-blade · actual supported walking leg Physically isolate the imposed service feed
PASS fresh-blade · traveller survives actual production movement/combat
PASS fresh-blade · actual supported walking leg Physically isolate the imposed service feed
PASS fresh-blade · traveller survives actual production movement/combat
PASS fresh-blade · actual supported walking leg Physically isolate the imposed service feed
PASS fresh-blade · traveller survives actual production movement/combat
PASS fresh-blade · actual supported walking leg Physically isolate the imposed service feed
PASS fresh-blade · traveller survives actual production movement/combat
PASS fresh-blade · actual supported walking leg Physically isolate the imposed service feed
PASS fresh-blade · traveller survives actual production movement/combat
PASS fresh-blade · actual supported walking leg Physically isolate the imposed service feed
PASS fresh-blade · traveller survives actual production movement/combat
PASS fresh-blade · actual supported walking leg Physically isolate the imposed service feed
PASS fresh-blade · traveller survives actual production movement/combat
PASS fresh-blade · actual supported walking leg Physically isolate the imposed service feed
PASS fresh-blade · traveller survives actual production movement/combat
PASS fresh-blade · actual supported walking leg Physically isolate the imposed service feed
PASS fresh-blade · traveller survives actual production movement/combat
PASS fresh-blade · actual supported walking leg Physically isolate the imposed service feed
PASS fresh-blade · traveller survives actual production movement/combat
PASS fresh-blade · actual supported walking leg Physically isolate the imposed service feed
PASS fresh-blade · traveller survives actual production movement/combat
PASS fresh-blade · actual supported walking leg Physically isolate the imposed service feed
PASS fresh-blade · traveller survives actual production movement/combat
PASS fresh-blade · actual supported walking leg Physically isolate the imposed service feed
PASS fresh-blade · traveller survives actual production movement/combat
PASS fresh-blade · actual supported walking leg Physically isolate the imposed service feed
PASS fresh-blade · traveller survives actual production movement/combat
PASS fresh-blade · actual supported walking leg Physically isolate the imposed service feed
PASS fresh-blade · traveller survives actual production movement/combat
PASS fresh-blade · actual supported walking leg Physically isolate the imposed service feed
PASS fresh-blade · traveller survives actual production movement/combat
PASS fresh-blade · actual supported walking leg Physically isolate the imposed service feed
PASS fresh-blade · traveller survives actual production movement/combat
PASS fresh-blade · actual supported walking leg Physically isolate the imposed service feed
PASS fresh-blade · traveller survives actual production movement/combat
PASS fresh-blade · actual supported walking leg Physically isolate the imposed service feed
PASS fresh-blade · traveller survives actual production movement/combat
PASS fresh-blade · actual supported walking leg Physically isolate the imposed service feed
PASS fresh-blade · traveller survives actual production movement/combat
PASS fresh-blade · actual supported walking leg Physically isolate the imposed service feed
PASS fresh-blade · traveller survives actual production movement/combat
PASS fresh-blade · actual supported walking leg Physically isolate the imposed service feed
PASS fresh-blade · traveller survives actual production movement/combat
PASS fresh-blade · actual supported walking leg Physically isolate the imposed service feed
PASS fresh-blade · traveller survives actual production movement/combat
PASS fresh-blade · actual supported walking leg Physically isolate the imposed service feed
PASS fresh-blade · traveller survives actual production movement/combat
PASS fresh-blade · actual supported walking leg Physically isolate the imposed service feed
PASS fresh-blade · traveller survives actual production movement/combat
PASS fresh-blade · actual supported walking leg Physically isolate the imposed service feed
PASS fresh-blade · traveller survives actual production movement/combat
PASS fresh-blade · actual supported walking leg Physically isolate the imposed service feed
PASS fresh-blade · traveller survives actual production movement/combat
PASS fresh-blade · actual supported walking leg Physically isolate the imposed service feed
PASS fresh-blade · traveller survives actual production movement/combat
PASS fresh-blade · actual supported walking leg Physically isolate the imposed service feed
PASS fresh-blade · traveller survives actual production movement/combat
PASS fresh-blade · actual supported walking leg Physically isolate the imposed service feed
PASS fresh-blade · traveller survives actual production movement/combat
PASS fresh-blade · actual supported walking leg Physically isolate the imposed service feed
PASS fresh-blade · traveller survives actual production movement/combat
PASS fresh-blade · actual supported walking leg Physically isolate the imposed service feed
PASS fresh-blade · traveller survives actual production movement/combat
PASS fresh-blade · actual supported walking leg Physically isolate the imposed service feed
PASS fresh-blade · traveller survives actual production movement/combat
PASS fresh-blade · actual supported walking leg Physically isolate the imposed service feed
PASS fresh-blade · traveller survives actual production movement/combat
PASS fresh-blade · actual supported walking leg Physically isolate the imposed service feed
PASS fresh-blade · traveller survives actual production movement/combat
PASS fresh-blade · actual supported walking leg Physically isolate the imposed service feed
PASS fresh-blade · traveller survives actual production movement/combat
PASS fresh-blade · actual supported walking leg Physically isolate the imposed service feed
PASS fresh-blade · traveller survives actual production movement/combat
PASS fresh-blade · actual supported walking leg Physically isolate the imposed service feed
PASS fresh-blade · traveller survives actual production movement/combat
PASS fresh-blade · actual supported walking leg Physically isolate the imposed service feed
PASS fresh-blade · traveller survives actual production movement/combat
PASS fresh-blade · actual supported walking leg Physically isolate the imposed service feed
PASS fresh-blade · traveller survives actual production movement/combat
PASS fresh-blade · actual supported walking leg Physically isolate the imposed service feed
PASS fresh-blade · traveller survives actual production movement/combat
PASS fresh-blade · actual supported walking leg Physically isolate the imposed service feed
PASS fresh-blade · traveller survives actual production movement/combat
PASS fresh-blade · actual supported walking leg Physically isolate the imposed service feed
PASS fresh-blade · traveller survives actual production movement/combat
PASS fresh-blade · actual supported walking leg Physically isolate the imposed service feed
PASS fresh-blade · traveller survives actual production movement/combat
PASS fresh-blade · actual supported walking leg Physically isolate the imposed service feed
PASS fresh-blade · traveller survives actual production movement/combat
PASS fresh-blade · actual supported walking leg Physically isolate the imposed service feed
PASS fresh-blade · traveller survives actual production movement/combat
PASS fresh-blade · actual supported walking leg Physically isolate the imposed service feed
PASS fresh-blade · traveller survives actual production movement/combat
PASS fresh-blade · actual supported walking leg Physically isolate the imposed service feed
PASS fresh-blade · traveller survives actual production movement/combat
PASS fresh-blade · actual supported walking leg Physically isolate the imposed service feed
PASS fresh-blade · traveller survives actual production movement/combat
PASS fresh-blade · actual supported walking leg Physically isolate the imposed service feed
PASS fresh-blade · traveller survives actual production movement/combat
PASS fresh-blade · actual supported walking leg Physically isolate the imposed service feed
PASS fresh-blade · traveller survives actual production movement/combat
PASS fresh-blade · actual supported walking leg Physically isolate the imposed service feed
PASS fresh-blade · traveller survives actual production movement/combat
PASS fresh-blade · actual supported walking leg Physically isolate the imposed service feed
PASS fresh-blade · traveller survives actual production movement/combat
PASS fresh-blade · actual supported walking leg Physically isolate the imposed service feed
PASS fresh-blade · traveller survives actual production movement/combat
PASS fresh-blade · actual supported walking leg Physically isolate the imposed service feed
PASS fresh-blade · traveller survives actual production movement/combat
PASS fresh-blade · actual supported walking leg Physically isolate the imposed service feed
PASS fresh-blade · traveller survives actual production movement/combat
PASS fresh-blade · actual supported walking leg Physically isolate the imposed service feed
PASS fresh-blade · traveller survives actual production movement/combat
PASS fresh-blade · actual supported walking leg Physically isolate the imposed service feed
PASS fresh-blade · traveller survives actual production movement/combat
PASS fresh-blade · actual supported walking leg Physically isolate the imposed service feed
PASS fresh-blade · traveller survives actual production movement/combat
PASS fresh-blade · actual supported walking leg Physically isolate the imposed service feed
PASS fresh-blade · traveller survives actual production movement/combat
PASS fresh-blade · actual supported walking leg Physically isolate the imposed service feed
PASS fresh-blade · traveller survives actual production movement/combat
PASS fresh-blade · actual supported walking leg Physically isolate the imposed service feed
PASS fresh-blade · traveller survives actual production movement/combat
PASS fresh-blade · actual supported walking leg Physically isolate the imposed service feed
PASS fresh-blade · traveller survives actual production movement/combat
PASS fresh-blade · actual supported walking leg Physically isolate the imposed service feed
PASS fresh-blade · traveller survives actual production movement/combat
PASS fresh-blade · actual supported walking leg Physically isolate the imposed service feed
PASS fresh-blade · traveller survives actual production movement/combat
PASS fresh-blade · actual supported walking leg Physically isolate the imposed service feed
PASS fresh-blade · traveller survives actual production movement/combat
PASS fresh-blade · actual supported walking leg Physically isolate the imposed service feed
PASS fresh-blade · traveller survives actual production movement/combat
PASS fresh-blade · actual supported walking leg Physically isolate the imposed service feed
PASS fresh-blade · traveller survives actual production movement/combat
PASS fresh-blade · actual supported walking leg Physically isolate the imposed service feed
PASS fresh-blade · traveller survives actual production movement/combat
PASS fresh-blade · actual supported walking leg Physically isolate the imposed service feed
PASS fresh-blade · traveller survives actual production movement/combat
PASS fresh-blade · actual supported walking leg Physically isolate the imposed service feed
PASS fresh-blade · traveller survives actual production movement/combat
PASS fresh-blade · actual supported walking leg Physically isolate the imposed service feed
PASS fresh-blade · traveller survives actual production movement/combat
PASS fresh-blade · actual supported walking leg Physically isolate the imposed service feed
PASS fresh-blade · traveller survives actual production movement/combat
PASS fresh-blade · actual supported walking leg Physically isolate the imposed service feed
PASS fresh-blade · traveller survives actual production movement/combat
PASS fresh-blade · actual supported walking leg Physically isolate the imposed service feed
PASS fresh-blade · traveller survives actual production movement/combat
PASS fresh-blade · actual supported walking leg Physically isolate the imposed service feed
PASS fresh-blade · traveller survives actual production movement/combat
PASS fresh-blade · actual supported walking leg Physically isolate the imposed service feed
PASS fresh-blade · traveller survives actual production movement/combat
PASS fresh-blade · actual supported walking leg Physically isolate the imposed service feed
PASS fresh-blade · traveller survives actual production movement/combat
PASS fresh-blade · actual supported walking leg Physically isolate the imposed service feed
PASS fresh-blade · traveller survives actual production movement/combat
PASS fresh-blade · actual supported walking leg Physically isolate the imposed service feed
PASS fresh-blade · traveller survives actual production movement/combat
PASS fresh-blade · actual supported walking leg Physically isolate the imposed service feed
PASS fresh-blade · production movement arrives near Physically isolate the imposed service feed
PASS fresh-blade · actual physical UI operation records isolate-service-feed
PASS fresh-blade · operation never pays an independent fee isolate-service-feed
PASS fresh-blade · native controls cannot manually grant defeat/choice
PASS fresh-blade · whole supported body route reaches Begin the Still Meridian Guardian operation
PASS fresh-blade · traveller survives actual production movement/combat
PASS fresh-blade · actual supported walking leg Begin the Still Meridian Guardian operation
PASS fresh-blade · traveller survives actual production movement/combat
PASS fresh-blade · actual supported walking leg Begin the Still Meridian Guardian operation
PASS fresh-blade · traveller survives actual production movement/combat
PASS fresh-blade · actual supported walking leg Begin the Still Meridian Guardian operation
PASS fresh-blade · traveller survives actual production movement/combat
PASS fresh-blade · actual supported walking leg Begin the Still Meridian Guardian operation
PASS fresh-blade · traveller survives actual production movement/combat
PASS fresh-blade · actual supported walking leg Begin the Still Meridian Guardian operation
PASS fresh-blade · traveller survives actual production movement/combat
PASS fresh-blade · actual supported walking leg Begin the Still Meridian Guardian operation
PASS fresh-blade · traveller survives actual production movement/combat
PASS fresh-blade · actual supported walking leg Begin the Still Meridian Guardian operation
PASS fresh-blade · traveller survives actual production movement/combat
PASS fresh-blade · actual supported walking leg Begin the Still Meridian Guardian operation
PASS fresh-blade · traveller survives actual production movement/combat
PASS fresh-blade · actual supported walking leg Begin the Still Meridian Guardian operation
PASS fresh-blade · production movement arrives near Begin the Still Meridian Guardian operation
PASS fresh-blade · actual physical UI operation records challenge-guardian
PASS fresh-blade · operation never pays an independent fee challenge-guardian
PASS fresh-blade · guardian-ready saves through native owner
PASS fresh-blade · guardian-ready exact native full world is persisted
PASS fresh-blade · guardian-ready preserves the full other original native character slot value
PASS fresh-blade · exact frozen HTML is served over isolated loopback
PASS fresh-blade · actual WebGL2 client is available
PASS fresh-blade · software renderer is explicitly observed
PASS fresh-blade · guardian-ready whole-Chromium startup preserves exact bytes
PASS fresh-blade · guardian-ready preserves previous history, opened/account facts and kit
PASS fresh-blade · guardian-ready cold load preserves the full other original native character slot value
PASS fresh-blade · production route is accepted for ordinary Cosmos invitation
PASS fresh-blade · whole supported body route reaches ordinary Cosmos invitation
PASS fresh-blade · traveller survives actual production movement/combat
PASS fresh-blade · actual supported walking leg ordinary Cosmos invitation
PASS fresh-blade · production movement arrives near ordinary Cosmos invitation
PASS fresh-blade · physical arrival has no actor teleport for ordinary Cosmos invitation
PASS fresh-blade · native travel has explicit Cosmos confirmation
PASS fresh-blade · actual Cosmos physical owner handles the connected service road
PASS fresh-blade · no resolved machine recreates on native reentry
PASS fresh-blade · production route is accepted for ordinary blade machine range
PASS fresh-blade · whole supported body route reaches ordinary blade machine range
PASS fresh-blade · traveller survives actual production movement/combat
PASS fresh-blade · actual supported walking leg ordinary blade machine range
PASS fresh-blade · traveller survives actual production movement/combat
PASS fresh-blade · actual supported walking leg ordinary blade machine range
PASS fresh-blade · traveller survives actual production movement/combat
PASS fresh-blade · actual supported walking leg ordinary blade machine range
PASS fresh-blade · traveller survives actual production movement/combat
PASS fresh-blade · actual supported walking leg ordinary blade machine range
PASS fresh-blade · traveller survives actual production movement/combat
PASS fresh-blade · actual supported walking leg ordinary blade machine range
PASS fresh-blade · traveller survives actual production movement/combat
PASS fresh-blade · actual supported walking leg ordinary blade machine range
PASS fresh-blade · traveller survives actual production movement/combat
PASS fresh-blade · actual supported walking leg ordinary blade machine range
PASS fresh-blade · traveller survives actual production movement/combat
PASS fresh-blade · actual supported walking leg ordinary blade machine range
PASS fresh-blade · traveller survives actual production movement/combat
PASS fresh-blade · actual supported walking leg ordinary blade machine range
PASS fresh-blade · traveller survives actual production movement/combat
PASS fresh-blade · actual supported walking leg ordinary blade machine range
PASS fresh-blade · traveller survives actual production movement/combat
PASS fresh-blade · actual supported walking leg ordinary blade machine range
PASS fresh-blade · traveller survives actual production movement/combat
PASS fresh-blade · actual supported walking leg ordinary blade machine range
PASS fresh-blade · traveller survives actual production movement/combat
PASS fresh-blade · actual supported walking leg ordinary blade machine range
PASS fresh-blade · traveller survives actual production movement/combat
PASS fresh-blade · actual supported walking leg ordinary blade machine range
PASS fresh-blade · traveller survives actual production movement/combat
PASS fresh-blade · actual supported walking leg ordinary blade machine range
PASS fresh-blade · traveller survives actual production movement/combat
PASS fresh-blade · actual supported walking leg ordinary blade machine range
PASS fresh-blade · traveller survives actual production movement/combat
PASS fresh-blade · actual supported walking leg ordinary blade machine range
PASS fresh-blade · traveller survives actual production movement/combat
PASS fresh-blade · actual supported walking leg ordinary blade machine range
PASS fresh-blade · traveller survives actual production movement/combat
PASS fresh-blade · actual supported walking leg ordinary blade machine range
PASS fresh-blade · traveller survives actual production movement/combat
PASS fresh-blade · actual supported walking leg ordinary blade machine range
PASS fresh-blade · traveller survives actual production movement/combat
PASS fresh-blade · actual supported walking leg ordinary blade machine range
PASS fresh-blade · traveller survives actual production movement/combat
PASS fresh-blade · actual supported walking leg ordinary blade machine range
PASS fresh-blade · traveller survives actual production movement/combat
PASS fresh-blade · actual supported walking leg ordinary blade machine range
PASS fresh-blade · traveller survives actual production movement/combat
PASS fresh-blade · actual supported walking leg ordinary blade machine range
PASS fresh-blade · traveller survives actual production movement/combat
PASS fresh-blade · actual supported walking leg ordinary blade machine range
PASS fresh-blade · traveller survives actual production movement/combat
PASS fresh-blade · actual supported walking leg ordinary blade machine range
PASS fresh-blade · traveller survives actual production movement/combat
PASS fresh-blade · actual supported walking leg ordinary blade machine range
PASS fresh-blade · traveller survives actual production movement/combat
PASS fresh-blade · actual supported walking leg ordinary blade machine range
PASS fresh-blade · traveller survives actual production movement/combat
PASS fresh-blade · actual supported walking leg ordinary blade machine range
PASS fresh-blade · traveller survives actual production movement/combat
PASS fresh-blade · actual supported walking leg ordinary blade machine range
PASS fresh-blade · traveller survives actual production movement/combat
PASS fresh-blade · actual supported walking leg ordinary blade machine range
PASS fresh-blade · traveller survives actual production movement/combat
PASS fresh-blade · actual supported walking leg ordinary blade machine range
PASS fresh-blade · traveller survives actual production movement/combat
PASS fresh-blade · actual supported walking leg ordinary blade machine range
PASS fresh-blade · traveller survives actual production movement/combat
PASS fresh-blade · actual supported walking leg ordinary blade machine range
PASS fresh-blade · traveller survives actual production movement/combat
PASS fresh-blade · actual supported walking leg ordinary blade machine range
PASS fresh-blade · traveller survives actual production movement/combat
PASS fresh-blade · actual supported walking leg ordinary blade machine range
PASS fresh-blade · traveller survives actual production movement/combat
PASS fresh-blade · actual supported walking leg ordinary blade machine range
PASS fresh-blade · traveller survives actual production movement/combat
PASS fresh-blade · actual supported walking leg ordinary blade machine range
PASS fresh-blade · traveller survives actual production movement/combat
PASS fresh-blade · actual supported walking leg ordinary blade machine range
PASS fresh-blade · traveller survives actual production movement/combat
PASS fresh-blade · actual supported walking leg ordinary blade machine range
PASS fresh-blade · traveller survives actual production movement/combat
PASS fresh-blade · actual supported walking leg ordinary blade machine range
PASS fresh-blade · traveller survives actual production movement/combat
PASS fresh-blade · actual supported walking leg ordinary blade machine range
PASS fresh-blade · traveller survives actual production movement/combat
PASS fresh-blade · actual supported walking leg ordinary blade machine range
PASS fresh-blade · traveller survives actual production movement/combat
PASS fresh-blade · actual supported walking leg ordinary blade machine range
PASS fresh-blade · traveller survives actual production movement/combat
PASS fresh-blade · actual supported walking leg ordinary blade machine range
PASS fresh-blade · traveller survives actual production movement/combat
PASS fresh-blade · actual supported walking leg ordinary blade machine range
PASS fresh-blade · traveller survives actual production movement/combat
PASS fresh-blade · actual supported walking leg ordinary blade machine range
PASS fresh-blade · traveller survives actual production movement/combat
PASS fresh-blade · actual supported walking leg ordinary blade machine range
PASS fresh-blade · traveller survives actual production movement/combat
PASS fresh-blade · actual supported walking leg ordinary blade machine range
PASS fresh-blade · traveller survives actual production movement/combat
PASS fresh-blade · actual supported walking leg ordinary blade machine range
PASS fresh-blade · traveller survives actual production movement/combat
PASS fresh-blade · actual supported walking leg ordinary blade machine range
PASS fresh-blade · traveller survives actual production movement/combat
PASS fresh-blade · actual supported walking leg ordinary blade machine range
PASS fresh-blade · traveller survives actual production movement/combat
PASS fresh-blade · actual supported walking leg ordinary blade machine range
PASS fresh-blade · traveller survives actual production movement/combat
PASS fresh-blade · actual supported walking leg ordinary blade machine range
PASS fresh-blade · traveller survives actual production movement/combat
PASS fresh-blade · actual supported walking leg ordinary blade machine range
PASS fresh-blade · traveller survives actual production movement/combat
PASS fresh-blade · actual supported walking leg ordinary blade machine range
PASS fresh-blade · traveller survives actual production movement/combat
PASS fresh-blade · actual supported walking leg ordinary blade machine range
PASS fresh-blade · traveller survives actual production movement/combat
PASS fresh-blade · actual supported walking leg ordinary blade machine range
PASS fresh-blade · traveller survives actual production movement/combat
PASS fresh-blade · actual supported walking leg ordinary blade machine range
PASS fresh-blade · traveller survives actual production movement/combat
PASS fresh-blade · actual supported walking leg ordinary blade machine range
PASS fresh-blade · traveller survives actual production movement/combat
PASS fresh-blade · actual supported walking leg ordinary blade machine range
PASS fresh-blade · traveller survives actual production movement/combat
PASS fresh-blade · actual supported walking leg ordinary blade machine range
PASS fresh-blade · traveller survives actual production movement/combat
PASS fresh-blade · actual supported walking leg ordinary blade machine range
PASS fresh-blade · traveller survives actual production movement/combat
PASS fresh-blade · actual supported walking leg ordinary blade machine range
PASS fresh-blade · traveller survives actual production movement/combat
PASS fresh-blade · actual supported walking leg ordinary blade machine range
PASS fresh-blade · traveller survives actual production movement/combat
PASS fresh-blade · actual supported walking leg ordinary blade machine range
PASS fresh-blade · traveller survives actual production movement/combat
PASS fresh-blade · actual supported walking leg ordinary blade machine range
PASS fresh-blade · traveller survives actual production movement/combat
PASS fresh-blade · actual supported walking leg ordinary blade machine range
PASS fresh-blade · traveller survives actual production movement/combat
PASS fresh-blade · actual supported walking leg ordinary blade machine range
PASS fresh-blade · traveller survives actual production movement/combat
PASS fresh-blade · actual supported walking leg ordinary blade machine range
PASS fresh-blade · traveller survives actual production movement/combat
PASS fresh-blade · actual supported walking leg ordinary blade machine range
PASS fresh-blade · traveller survives actual production movement/combat
PASS fresh-blade · actual supported walking leg ordinary blade machine range
PASS fresh-blade · traveller survives actual production movement/combat
PASS fresh-blade · actual supported walking leg ordinary blade machine range
PASS fresh-blade · traveller survives actual production movement/combat
PASS fresh-blade · actual supported walking leg ordinary blade machine range
PASS fresh-blade · traveller survives actual production movement/combat
PASS fresh-blade · actual supported walking leg ordinary blade machine range
PASS fresh-blade · traveller survives actual production movement/combat
PASS fresh-blade · actual supported walking leg ordinary blade machine range
PASS fresh-blade · traveller survives actual production movement/combat
PASS fresh-blade · actual supported walking leg ordinary blade machine range
PASS fresh-blade · traveller survives actual production movement/combat
PASS fresh-blade · actual supported walking leg ordinary blade machine range
PASS fresh-blade · traveller survives actual production movement/combat
PASS fresh-blade · actual supported walking leg ordinary blade machine range
PASS fresh-blade · traveller survives actual production movement/combat
PASS fresh-blade · actual supported walking leg ordinary blade machine range
PASS fresh-blade · traveller survives actual production movement/combat
PASS fresh-blade · actual supported walking leg ordinary blade machine range
PASS fresh-blade · traveller survives actual production movement/combat
PASS fresh-blade · actual supported walking leg ordinary blade machine range
PASS fresh-blade · traveller survives actual production movement/combat
PASS fresh-blade · actual supported walking leg ordinary blade machine range
PASS fresh-blade · traveller survives actual production movement/combat
PASS fresh-blade · actual supported walking leg ordinary blade machine range
PASS fresh-blade · traveller survives actual production movement/combat
PASS fresh-blade · actual supported walking leg ordinary blade machine range
PASS fresh-blade · traveller survives actual production movement/combat
PASS fresh-blade · actual supported walking leg ordinary blade machine range
PASS fresh-blade · traveller survives actual production movement/combat
PASS fresh-blade · actual supported walking leg ordinary blade machine range
PASS fresh-blade · traveller survives actual production movement/combat
PASS fresh-blade · actual supported walking leg ordinary blade machine range
PASS fresh-blade · traveller survives actual production movement/combat
PASS fresh-blade · actual supported walking leg ordinary blade machine range
PASS fresh-blade · traveller survives actual production movement/combat
PASS fresh-blade · actual supported walking leg ordinary blade machine range
PASS fresh-blade · traveller survives actual production movement/combat
PASS fresh-blade · actual supported walking leg ordinary blade machine range
PASS fresh-blade · traveller survives actual production movement/combat
PASS fresh-blade · actual supported walking leg ordinary blade machine range
PASS fresh-blade · traveller survives actual production movement/combat
PASS fresh-blade · actual supported walking leg ordinary blade machine range
PASS fresh-blade · traveller survives actual production movement/combat
PASS fresh-blade · actual supported walking leg ordinary blade machine range
PASS fresh-blade · traveller survives actual production movement/combat
PASS fresh-blade · actual supported walking leg ordinary blade machine range
PASS fresh-blade · traveller survives actual production movement/combat
PASS fresh-blade · actual supported walking leg ordinary blade machine range
PASS fresh-blade · traveller survives actual production movement/combat
PASS fresh-blade · actual supported walking leg ordinary blade machine range
PASS fresh-blade · traveller survives actual production movement/combat
PASS fresh-blade · actual supported walking leg ordinary blade machine range
PASS fresh-blade · traveller survives actual production movement/combat
PASS fresh-blade · actual supported walking leg ordinary blade machine range
PASS fresh-blade · traveller survives actual production movement/combat
PASS fresh-blade · actual supported walking leg ordinary blade machine range
PASS fresh-blade · production movement arrives near ordinary blade machine range
PASS fresh-blade · physical arrival has no actor teleport for ordinary blade machine range
PASS fresh-blade · native target key owns actual Still Meridian Guardian
PASS fresh-blade · production route is accepted for read original annulus and cross
PASS fresh-blade · whole supported body route reaches read original annulus and cross
PASS fresh-blade · traveller survives actual production movement/combat
PASS fresh-blade · actual supported walking leg read original annulus and cross
PASS fresh-blade · traveller survives actual production movement/combat
PASS fresh-blade · actual supported walking leg read original annulus and cross
PASS fresh-blade · production movement arrives near read original annulus and cross
PASS fresh-blade · physical arrival has no actor teleport for read original annulus and cross
PASS fresh-blade · actual anchored owned annulus lock with declared stats
PASS fresh-blade · actual submitted actor and warning vertices fit whole supported locked geometry
PASS fresh-blade · actual requested camera adventure
PASS fresh-blade · guardian-body causal pixels restore exactly
PASS fresh-blade · actual requested camera adventure
PASS fresh-blade · guardian-annulus-warning causal pixels restore exactly
PASS fresh-blade · actual requested camera adventure
PASS fresh-blade · guardian-annulus-paired-inlay causal pixels restore exactly
PASS fresh-blade · actual requested camera follow
PASS fresh-blade · guardian-body causal pixels restore exactly
PASS fresh-blade · actual requested camera follow
PASS fresh-blade · guardian-annulus-warning causal pixels restore exactly
PASS fresh-blade · actual requested camera follow
PASS fresh-blade · guardian-annulus-paired-inlay causal pixels restore exactly
PASS fresh-blade · production route is accepted for approach the readable quiet inner circle
PASS fresh-blade · whole supported body route reaches approach the readable quiet inner circle
PASS fresh-blade · traveller survives actual production movement/combat
PASS fresh-blade · actual supported walking leg approach the readable quiet inner circle
PASS fresh-blade · production movement arrives near approach the readable quiet inner circle
PASS fresh-blade · physical arrival has no actor teleport for approach the readable quiet inner circle
PASS fresh-blade · actual anchored owned annulus lock with declared stats
PASS fresh-blade · actual submitted actor and warning vertices fit whole supported locked geometry
PASS fresh-blade · actual requested camera adventure
PASS fresh-blade · guardian-body causal pixels restore exactly
PASS fresh-blade · actual requested camera adventure
PASS fresh-blade · guardian-annulus-warning causal pixels restore exactly
PASS fresh-blade · actual requested camera adventure
PASS fresh-blade · guardian-annulus-paired-inlay causal pixels restore exactly
PASS fresh-blade · actual requested camera follow
PASS fresh-blade · guardian-body causal pixels restore exactly
PASS fresh-blade · actual requested camera follow
PASS fresh-blade · guardian-annulus-warning causal pixels restore exactly
PASS fresh-blade · actual requested camera follow
PASS fresh-blade · guardian-annulus-paired-inlay causal pixels restore exactly
PASS fresh-blade · real annulus warning has a reachable short safe response
PASS fresh-blade · production route is accepted for leave actual annulus contact
PASS fresh-blade · whole supported body route reaches leave actual annulus contact
PASS fresh-blade · traveller survives actual production movement/combat
PASS fresh-blade · actual supported walking leg leave actual annulus contact
PASS fresh-blade · production movement arrives near leave actual annulus contact
PASS fresh-blade · physical arrival has no actor teleport for leave actual annulus contact
PASS fresh-blade · actual locked annulus misses without contact damage
PASS fresh-blade · production route is accepted for read original primary and transverse cross
PASS fresh-blade · whole supported body route reaches read original primary and transverse cross
PASS fresh-blade · traveller survives actual production movement/combat
PASS fresh-blade · actual supported walking leg read original primary and transverse cross
PASS fresh-blade · traveller survives actual production movement/combat
PASS fresh-blade · actual supported walking leg read original primary and transverse cross
PASS fresh-blade · production movement arrives near read original primary and transverse cross
PASS fresh-blade · physical arrival has no actor teleport for read original primary and transverse cross
PASS fresh-blade · actual anchored owned cross lock with declared stats
PASS fresh-blade · actual submitted actor and warning vertices fit whole supported locked geometry
PASS fresh-blade · actual requested camera adventure
PASS fresh-blade · guardian-body causal pixels restore exactly
PASS fresh-blade · actual requested camera adventure
PASS fresh-blade · guardian-cross-warning causal pixels restore exactly
PASS fresh-blade · actual requested camera adventure
PASS fresh-blade · guardian-cross-paired-inlay causal pixels restore exactly
PASS fresh-blade · actual requested camera follow
PASS fresh-blade · guardian-body causal pixels restore exactly
PASS fresh-blade · actual requested camera follow
PASS fresh-blade · guardian-cross-warning causal pixels restore exactly
PASS fresh-blade · actual requested camera follow
PASS fresh-blade · guardian-cross-paired-inlay causal pixels restore exactly
PASS fresh-blade · traveller survives actual production movement/combat
PASS fresh-blade · production route is accepted for supported outside west guardian approach
PASS fresh-blade · whole supported body route reaches supported outside west guardian approach
PASS fresh-blade · traveller survives actual production movement/combat
PASS fresh-blade · actual supported walking leg supported outside west guardian approach
PASS fresh-blade · traveller survives actual production movement/combat
PASS fresh-blade · actual supported walking leg supported outside west guardian approach
PASS fresh-blade · traveller survives actual production movement/combat
PASS fresh-blade · actual supported walking leg supported outside west guardian approach
PASS fresh-blade · traveller survives actual production movement/combat
PASS fresh-blade · actual supported walking leg supported outside west guardian approach
PASS fresh-blade · traveller survives actual production movement/combat
PASS fresh-blade · actual supported walking leg supported outside west guardian approach
PASS fresh-blade · traveller survives actual production movement/combat
PASS fresh-blade · actual supported walking leg supported outside west guardian approach
PASS fresh-blade · traveller survives actual production movement/combat
PASS fresh-blade · actual supported walking leg supported outside west guardian approach
PASS fresh-blade · traveller survives actual production movement/combat
PASS fresh-blade · actual supported walking leg supported outside west guardian approach
PASS fresh-blade · traveller survives actual production movement/combat
PASS fresh-blade · actual supported walking leg supported outside west guardian approach
PASS fresh-blade · traveller survives actual production movement/combat
PASS fresh-blade · actual supported walking leg supported outside west guardian approach
PASS fresh-blade · production movement arrives near supported outside west guardian approach
PASS fresh-blade · physical arrival has no actor teleport for supported outside west guardian approach
PASS fresh-blade · native controls cannot manually grant defeat/choice
PASS fresh-blade · production route is accepted for Release the transverse-bar feed
PASS fresh-blade · whole supported body route reaches Release the transverse-bar feed
PASS fresh-blade · traveller survives actual production movement/combat
PASS fresh-blade · actual supported walking leg Release the transverse-bar feed
PASS fresh-blade · traveller survives actual production movement/combat
PASS fresh-blade · actual supported walking leg Release the transverse-bar feed
PASS fresh-blade · traveller survives actual production movement/combat
PASS fresh-blade · actual supported walking leg Release the transverse-bar feed
PASS fresh-blade · production movement arrives near Release the transverse-bar feed
PASS fresh-blade · physical arrival has no actor teleport for Release the transverse-bar feed
PASS fresh-blade · actual physical UI operation records release-west-feed
PASS fresh-blade · operation never pays an independent fee release-west-feed
PASS fresh-blade · production route is accepted for supported outside guardian feed loop
PASS fresh-blade · whole supported body route reaches supported outside guardian feed loop
PASS fresh-blade · traveller survives actual production movement/combat
PASS fresh-blade · actual supported walking leg supported outside guardian feed loop
PASS fresh-blade · traveller survives actual production movement/combat
PASS fresh-blade · actual supported walking leg supported outside guardian feed loop
PASS fresh-blade · traveller survives actual production movement/combat
PASS fresh-blade · actual supported walking leg supported outside guardian feed loop
PASS fresh-blade · traveller survives actual production movement/combat
PASS fresh-blade · actual supported walking leg supported outside guardian feed loop
PASS fresh-blade · traveller survives actual production movement/combat
PASS fresh-blade · actual supported walking leg supported outside guardian feed loop
PASS fresh-blade · traveller survives actual production movement/combat
PASS fresh-blade · actual supported walking leg supported outside guardian feed loop
PASS fresh-blade · production movement arrives near supported outside guardian feed loop
PASS fresh-blade · physical arrival has no actor teleport for supported outside guardian feed loop
PASS fresh-blade · production route is accepted for supported outside guardian feed loop
PASS fresh-blade · whole supported body route reaches supported outside guardian feed loop
PASS fresh-blade · traveller survives actual production movement/combat
PASS fresh-blade · actual supported walking leg supported outside guardian feed loop
PASS fresh-blade · traveller survives actual production movement/combat
PASS fresh-blade · actual supported walking leg supported outside guardian feed loop
PASS fresh-blade · traveller survives actual production movement/combat
PASS fresh-blade · actual supported walking leg supported outside guardian feed loop
PASS fresh-blade · traveller survives actual production movement/combat
PASS fresh-blade · actual supported walking leg supported outside guardian feed loop
PASS fresh-blade · traveller survives actual production movement/combat
PASS fresh-blade · actual supported walking leg supported outside guardian feed loop
PASS fresh-blade · traveller survives actual production movement/combat
PASS fresh-blade · actual supported walking leg supported outside guardian feed loop
PASS fresh-blade · traveller survives actual production movement/combat
PASS fresh-blade · actual supported walking leg supported outside guardian feed loop
PASS fresh-blade · traveller survives actual production movement/combat
PASS fresh-blade · actual supported walking leg supported outside guardian feed loop
PASS fresh-blade · production movement arrives near supported outside guardian feed loop
PASS fresh-blade · physical arrival has no actor teleport for supported outside guardian feed loop
PASS fresh-blade · production route is accepted for supported outside guardian feed loop
PASS fresh-blade · whole supported body route reaches supported outside guardian feed loop
PASS fresh-blade · traveller survives actual production movement/combat
PASS fresh-blade · actual supported walking leg supported outside guardian feed loop
PASS fresh-blade · traveller survives actual production movement/combat
PASS fresh-blade · actual supported walking leg supported outside guardian feed loop
PASS fresh-blade · traveller survives actual production movement/combat
PASS fresh-blade · actual supported walking leg supported outside guardian feed loop
PASS fresh-blade · traveller survives actual production movement/combat
PASS fresh-blade · actual supported walking leg supported outside guardian feed loop
PASS fresh-blade · traveller survives actual production movement/combat
PASS fresh-blade · actual supported walking leg supported outside guardian feed loop
PASS fresh-blade · traveller survives actual production movement/combat
PASS fresh-blade · actual supported walking leg supported outside guardian feed loop
PASS fresh-blade · traveller survives actual production movement/combat
PASS fresh-blade · actual supported walking leg supported outside guardian feed loop
PASS fresh-blade · traveller survives actual production movement/combat
PASS fresh-blade · actual supported walking leg supported outside guardian feed loop
PASS fresh-blade · traveller survives actual production movement/combat
PASS fresh-blade · actual supported walking leg supported outside guardian feed loop
PASS fresh-blade · traveller survives actual production movement/combat
PASS fresh-blade · actual supported walking leg supported outside guardian feed loop
PASS fresh-blade · production movement arrives near supported outside guardian feed loop
PASS fresh-blade · physical arrival has no actor teleport for supported outside guardian feed loop
PASS fresh-blade · native controls cannot manually grant defeat/choice
PASS fresh-blade · production route is accepted for Release the outer-ring feed
PASS fresh-blade · whole supported body route reaches Release the outer-ring feed
PASS fresh-blade · traveller survives actual production movement/combat
PASS fresh-blade · actual supported walking leg Release the outer-ring feed
PASS fresh-blade · traveller survives actual production movement/combat
PASS fresh-blade · actual supported walking leg Release the outer-ring feed
PASS fresh-blade · traveller survives actual production movement/combat
PASS fresh-blade · actual supported walking leg Release the outer-ring feed
PASS fresh-blade · production movement arrives near Release the outer-ring feed
PASS fresh-blade · physical arrival has no actor teleport for Release the outer-ring feed
PASS fresh-blade · actual physical UI operation records release-east-feed
PASS fresh-blade · operation never pays an independent fee release-east-feed
PASS fresh-blade · production route is accepted for read physically released future frames
PASS fresh-blade · whole supported body route reaches read physically released future frames
PASS fresh-blade · traveller survives actual production movement/combat
PASS fresh-blade · actual supported walking leg read physically released future frames
PASS fresh-blade · traveller survives actual production movement/combat
PASS fresh-blade · actual supported walking leg read physically released future frames
PASS fresh-blade · traveller survives actual production movement/combat
PASS fresh-blade · actual supported walking leg read physically released future frames
PASS fresh-blade · traveller survives actual production movement/combat
PASS fresh-blade · actual supported walking leg read physically released future frames
PASS fresh-blade · traveller survives actual production movement/combat
PASS fresh-blade · actual supported walking leg read physically released future frames
PASS fresh-blade · traveller survives actual production movement/combat
PASS fresh-blade · actual supported walking leg read physically released future frames
PASS fresh-blade · production movement arrives near read physically released future frames
PASS fresh-blade · physical arrival has no actor teleport for read physically released future frames
PASS fresh-blade · actual anchored owned annulus lock with declared stats
PASS fresh-blade · actual submitted actor and warning vertices fit whole supported locked geometry
PASS fresh-blade · actual requested camera adventure
PASS fresh-blade · guardian-body causal pixels restore exactly
PASS fresh-blade · actual requested camera adventure
PASS fresh-blade · guardian-annulus-warning causal pixels restore exactly
PASS fresh-blade · actual requested camera adventure
PASS fresh-blade · guardian-annulus-paired-inlay causal pixels restore exactly
PASS fresh-blade · actual requested camera follow
PASS fresh-blade · guardian-body causal pixels restore exactly
PASS fresh-blade · actual requested camera follow
PASS fresh-blade · guardian-annulus-warning causal pixels restore exactly
PASS fresh-blade · actual requested camera follow
PASS fresh-blade · guardian-annulus-paired-inlay causal pixels restore exactly
PASS fresh-blade · traveller survives actual production movement/combat
PASS fresh-blade · actual anchored owned cross lock with declared stats
PASS fresh-blade · actual submitted actor and warning vertices fit whole supported locked geometry
PASS fresh-blade · actual requested camera adventure
PASS fresh-blade · guardian-body causal pixels restore exactly
PASS fresh-blade · actual requested camera adventure
PASS fresh-blade · guardian-cross-warning causal pixels restore exactly
PASS fresh-blade · actual requested camera adventure
PASS fresh-blade · guardian-cross-paired-inlay causal pixels restore exactly
PASS fresh-blade · actual requested camera follow
PASS fresh-blade · guardian-body causal pixels restore exactly
PASS fresh-blade · actual requested camera follow
PASS fresh-blade · guardian-cross-warning causal pixels restore exactly
PASS fresh-blade · actual requested camera follow
PASS fresh-blade · guardian-cross-paired-inlay causal pixels restore exactly
PASS fresh-blade · physical releases measurably change only future warning mechanisms
PASS fresh-blade · traveller survives actual production movement/combat
PASS fresh-blade · production route is accepted for quiet inner circle before directional miss
PASS fresh-blade · whole supported body route reaches quiet inner circle before directional miss
PASS fresh-blade · traveller survives actual production movement/combat
PASS fresh-blade · actual supported walking leg quiet inner circle before directional miss
PASS fresh-blade · traveller survives actual production movement/combat
PASS fresh-blade · actual supported walking leg quiet inner circle before directional miss
PASS fresh-blade · production movement arrives near quiet inner circle before directional miss
PASS fresh-blade · physical arrival has no actor teleport for quiet inner circle before directional miss
PASS fresh-blade · actual anchored owned cross lock with declared stats
PASS fresh-blade · actual submitted actor and warning vertices fit whole supported locked geometry
PASS fresh-blade · actual requested camera adventure
PASS fresh-blade · guardian-body causal pixels restore exactly
PASS fresh-blade · actual requested camera adventure
PASS fresh-blade · guardian-cross-warning causal pixels restore exactly
PASS fresh-blade · actual requested camera adventure
PASS fresh-blade · guardian-cross-paired-inlay causal pixels restore exactly
PASS fresh-blade · actual requested camera follow
PASS fresh-blade · guardian-body causal pixels restore exactly
PASS fresh-blade · actual requested camera follow
PASS fresh-blade · guardian-cross-warning causal pixels restore exactly
PASS fresh-blade · actual requested camera follow
PASS fresh-blade · guardian-cross-paired-inlay causal pixels restore exactly
PASS fresh-blade · real cross warning has a reachable short safe response
PASS fresh-blade · production route is accepted for leave actual cross contact
PASS fresh-blade · whole supported body route reaches leave actual cross contact
PASS fresh-blade · traveller survives actual production movement/combat
PASS fresh-blade · actual supported walking leg leave actual cross contact
PASS fresh-blade · traveller survives actual production movement/combat
PASS fresh-blade · actual supported walking leg leave actual cross contact
PASS fresh-blade · production movement arrives near leave actual cross contact
PASS fresh-blade · physical arrival has no actor teleport for leave actual cross contact
PASS fresh-blade · actual locked cross misses without contact damage
PASS fresh-blade · production route is accepted for ordinary final weapon approach
PASS fresh-blade · whole supported body route reaches ordinary final weapon approach
PASS fresh-blade · traveller survives actual production movement/combat
PASS fresh-blade · actual supported walking leg ordinary final weapon approach
PASS fresh-blade · traveller survives actual production movement/combat
PASS fresh-blade · actual supported walking leg ordinary final weapon approach
PASS fresh-blade · production movement arrives near ordinary final weapon approach
PASS fresh-blade · physical arrival has no actor teleport for ordinary final weapon approach
PASS fresh-blade · empty-geometry positive control detects the actual fresh framebuffer
PASS fresh-blade · traveller survives actual production movement/combat
PASS fresh-blade · traveller survives actual production movement/combat
PASS fresh-blade · bounded native ordinary weapon combat survives
PASS fresh-blade · traveller survives actual production movement/combat
PASS fresh-blade · bounded native ordinary weapon combat survives
PASS fresh-blade · traveller survives actual production movement/combat
PASS fresh-blade · bounded native ordinary weapon combat survives
PASS fresh-blade · traveller survives actual production movement/combat
PASS fresh-blade · bounded native ordinary weapon combat survives
PASS fresh-blade · traveller survives actual production movement/combat
PASS fresh-blade · bounded native ordinary weapon combat survives
PASS fresh-blade · traveller survives actual production movement/combat
PASS fresh-blade · bounded native ordinary weapon combat survives
PASS fresh-blade · traveller survives actual production movement/combat
PASS fresh-blade · bounded native ordinary weapon combat survives
PASS fresh-blade · traveller survives actual production movement/combat
PASS fresh-blade · bounded native ordinary weapon combat survives
PASS fresh-blade · traveller survives actual production movement/combat
PASS fresh-blade · bounded native ordinary weapon combat survives
PASS fresh-blade · traveller survives actual production movement/combat
PASS fresh-blade · bounded native ordinary weapon combat survives
PASS fresh-blade · traveller survives actual production movement/combat
PASS fresh-blade · bounded native ordinary weapon combat survives
PASS fresh-blade · traveller survives actual production movement/combat
PASS fresh-blade · bounded native ordinary weapon combat survives
PASS fresh-blade · traveller survives actual production movement/combat
PASS fresh-blade · bounded native ordinary weapon combat survives
PASS fresh-blade · traveller survives actual production movement/combat
PASS fresh-blade · bounded native ordinary weapon combat survives
PASS fresh-blade · traveller survives actual production movement/combat
PASS fresh-blade · bounded native ordinary weapon combat survives
PASS fresh-blade · traveller survives actual production movement/combat
PASS fresh-blade · bounded native ordinary weapon combat survives
PASS fresh-blade · traveller survives actual production movement/combat
PASS fresh-blade · bounded native ordinary weapon combat survives
PASS fresh-blade · traveller survives actual production movement/combat
PASS fresh-blade · bounded native ordinary weapon combat survives
PASS fresh-blade · actual zero-HP exhaustion records only owned guardian-settled
PASS fresh-blade · actual blade/projectile callers contribute to exhaustion
PASS fresh-blade · no independent encounter fee, legacy drop or planted defeat
PASS fresh-blade · guardian-settled-with-physical-feeds saves through native owner
PASS fresh-blade · guardian-settled-with-physical-feeds exact native full world is persisted
PASS fresh-blade · guardian-settled-with-physical-feeds preserves the full other original native character slot value
PASS fresh-blade · exact frozen HTML is served over isolated loopback
PASS fresh-blade · actual WebGL2 client is available
PASS fresh-blade · software renderer is explicitly observed
PASS fresh-blade · guardian-settled-with-physical-feeds whole-Chromium startup preserves exact bytes
PASS fresh-blade · guardian-settled-with-physical-feeds preserves previous history, opened/account facts and kit
PASS fresh-blade · guardian-settled-with-physical-feeds cold load preserves the full other original native character slot value
PASS fresh-blade · production route is accepted for ordinary Cosmos invitation
PASS fresh-blade · whole supported body route reaches ordinary Cosmos invitation
PASS fresh-blade · traveller survives actual production movement/combat
PASS fresh-blade · actual supported walking leg ordinary Cosmos invitation
PASS fresh-blade · production movement arrives near ordinary Cosmos invitation
PASS fresh-blade · physical arrival has no actor teleport for ordinary Cosmos invitation
PASS fresh-blade · native travel has explicit Cosmos confirmation
PASS fresh-blade · actual Cosmos physical owner handles the connected service road
PASS fresh-blade · no resolved machine recreates on native reentry
PASS fresh-blade · native controls cannot manually grant defeat/choice
PASS fresh-blade · whole supported body route reaches Disable the coercive central synchronization
PASS fresh-blade · traveller survives actual production movement/combat
PASS fresh-blade · actual supported walking leg Disable the coercive central synchronization
PASS fresh-blade · traveller survives actual production movement/combat
PASS fresh-blade · actual supported walking leg Disable the coercive central synchronization
PASS fresh-blade · traveller survives actual production movement/combat
PASS fresh-blade · actual supported walking leg Disable the coercive central synchronization
PASS fresh-blade · traveller survives actual production movement/combat
PASS fresh-blade · actual supported walking leg Disable the coercive central synchronization
PASS fresh-blade · traveller survives actual production movement/combat
PASS fresh-blade · actual supported walking leg Disable the coercive central synchronization
PASS fresh-blade · traveller survives actual production movement/combat
PASS fresh-blade · actual supported walking leg Disable the coercive central synchronization
PASS fresh-blade · traveller survives actual production movement/combat
PASS fresh-blade · actual supported walking leg Disable the coercive central synchronization
PASS fresh-blade · traveller survives actual production movement/combat
PASS fresh-blade · actual supported walking leg Disable the coercive central synchronization
PASS fresh-blade · traveller survives actual production movement/combat
PASS fresh-blade · actual supported walking leg Disable the coercive central synchronization
PASS fresh-blade · traveller survives actual production movement/combat
PASS fresh-blade · actual supported walking leg Disable the coercive central synchronization
PASS fresh-blade · traveller survives actual production movement/combat
PASS fresh-blade · actual supported walking leg Disable the coercive central synchronization
PASS fresh-blade · traveller survives actual production movement/combat
PASS fresh-blade · actual supported walking leg Disable the coercive central synchronization
PASS fresh-blade · traveller survives actual production movement/combat
PASS fresh-blade · actual supported walking leg Disable the coercive central synchronization
PASS fresh-blade · traveller survives actual production movement/combat
PASS fresh-blade · actual supported walking leg Disable the coercive central synchronization
PASS fresh-blade · traveller survives actual production movement/combat
PASS fresh-blade · actual supported walking leg Disable the coercive central synchronization
PASS fresh-blade · traveller survives actual production movement/combat
PASS fresh-blade · actual supported walking leg Disable the coercive central synchronization
PASS fresh-blade · traveller survives actual production movement/combat
PASS fresh-blade · actual supported walking leg Disable the coercive central synchronization
PASS fresh-blade · traveller survives actual production movement/combat
PASS fresh-blade · actual supported walking leg Disable the coercive central synchronization
PASS fresh-blade · traveller survives actual production movement/combat
PASS fresh-blade · actual supported walking leg Disable the coercive central synchronization
PASS fresh-blade · traveller survives actual production movement/combat
PASS fresh-blade · actual supported walking leg Disable the coercive central synchronization
PASS fresh-blade · traveller survives actual production movement/combat
PASS fresh-blade · actual supported walking leg Disable the coercive central synchronization
PASS fresh-blade · traveller survives actual production movement/combat
PASS fresh-blade · actual supported walking leg Disable the coercive central synchronization
PASS fresh-blade · traveller survives actual production movement/combat
PASS fresh-blade · actual supported walking leg Disable the coercive central synchronization
PASS fresh-blade · traveller survives actual production movement/combat
PASS fresh-blade · actual supported walking leg Disable the coercive central synchronization
PASS fresh-blade · traveller survives actual production movement/combat
PASS fresh-blade · actual supported walking leg Disable the coercive central synchronization
PASS fresh-blade · traveller survives actual production movement/combat
PASS fresh-blade · actual supported walking leg Disable the coercive central synchronization
PASS fresh-blade · traveller survives actual production movement/combat
PASS fresh-blade · actual supported walking leg Disable the coercive central synchronization
PASS fresh-blade · traveller survives actual production movement/combat
PASS fresh-blade · actual supported walking leg Disable the coercive central synchronization
PASS fresh-blade · traveller survives actual production movement/combat
PASS fresh-blade · actual supported walking leg Disable the coercive central synchronization
PASS fresh-blade · traveller survives actual production movement/combat
PASS fresh-blade · actual supported walking leg Disable the coercive central synchronization
PASS fresh-blade · traveller survives actual production movement/combat
PASS fresh-blade · actual supported walking leg Disable the coercive central synchronization
PASS fresh-blade · traveller survives actual production movement/combat
PASS fresh-blade · actual supported walking leg Disable the coercive central synchronization
PASS fresh-blade · traveller survives actual production movement/combat
PASS fresh-blade · actual supported walking leg Disable the coercive central synchronization
PASS fresh-blade · traveller survives actual production movement/combat
PASS fresh-blade · actual supported walking leg Disable the coercive central synchronization
PASS fresh-blade · traveller survives actual production movement/combat
PASS fresh-blade · actual supported walking leg Disable the coercive central synchronization
PASS fresh-blade · traveller survives actual production movement/combat
PASS fresh-blade · actual supported walking leg Disable the coercive central synchronization
PASS fresh-blade · traveller survives actual production movement/combat
PASS fresh-blade · actual supported walking leg Disable the coercive central synchronization
PASS fresh-blade · traveller survives actual production movement/combat
PASS fresh-blade · actual supported walking leg Disable the coercive central synchronization
PASS fresh-blade · traveller survives actual production movement/combat
PASS fresh-blade · actual supported walking leg Disable the coercive central synchronization
PASS fresh-blade · traveller survives actual production movement/combat
PASS fresh-blade · actual supported walking leg Disable the coercive central synchronization
PASS fresh-blade · traveller survives actual production movement/combat
PASS fresh-blade · actual supported walking leg Disable the coercive central synchronization
PASS fresh-blade · traveller survives actual production movement/combat
PASS fresh-blade · actual supported walking leg Disable the coercive central synchronization
PASS fresh-blade · traveller survives actual production movement/combat
PASS fresh-blade · actual supported walking leg Disable the coercive central synchronization
PASS fresh-blade · traveller survives actual production movement/combat
PASS fresh-blade · actual supported walking leg Disable the coercive central synchronization
PASS fresh-blade · traveller survives actual production movement/combat
PASS fresh-blade · actual supported walking leg Disable the coercive central synchronization
PASS fresh-blade · traveller survives actual production movement/combat
PASS fresh-blade · actual supported walking leg Disable the coercive central synchronization
PASS fresh-blade · traveller survives actual production movement/combat
PASS fresh-blade · actual supported walking leg Disable the coercive central synchronization
PASS fresh-blade · traveller survives actual production movement/combat
PASS fresh-blade · actual supported walking leg Disable the coercive central synchronization
PASS fresh-blade · traveller survives actual production movement/combat
PASS fresh-blade · actual supported walking leg Disable the coercive central synchronization
PASS fresh-blade · traveller survives actual production movement/combat
PASS fresh-blade · actual supported walking leg Disable the coercive central synchronization
PASS fresh-blade · traveller survives actual production movement/combat
PASS fresh-blade · actual supported walking leg Disable the coercive central synchronization
PASS fresh-blade · traveller survives actual production movement/combat
PASS fresh-blade · actual supported walking leg Disable the coercive central synchronization
PASS fresh-blade · traveller survives actual production movement/combat
PASS fresh-blade · actual supported walking leg Disable the coercive central synchronization
PASS fresh-blade · traveller survives actual production movement/combat
PASS fresh-blade · actual supported walking leg Disable the coercive central synchronization
PASS fresh-blade · traveller survives actual production movement/combat
PASS fresh-blade · actual supported walking leg Disable the coercive central synchronization
PASS fresh-blade · traveller survives actual production movement/combat
PASS fresh-blade · actual supported walking leg Disable the coercive central synchronization
PASS fresh-blade · traveller survives actual production movement/combat
PASS fresh-blade · actual supported walking leg Disable the coercive central synchronization
PASS fresh-blade · traveller survives actual production movement/combat
PASS fresh-blade · actual supported walking leg Disable the coercive central synchronization
PASS fresh-blade · traveller survives actual production movement/combat
PASS fresh-blade · actual supported walking leg Disable the coercive central synchronization
PASS fresh-blade · traveller survives actual production movement/combat
PASS fresh-blade · actual supported walking leg Disable the coercive central synchronization
PASS fresh-blade · traveller survives actual production movement/combat
PASS fresh-blade · actual supported walking leg Disable the coercive central synchronization
PASS fresh-blade · traveller survives actual production movement/combat
PASS fresh-blade · actual supported walking leg Disable the coercive central synchronization
PASS fresh-blade · traveller survives actual production movement/combat
PASS fresh-blade · actual supported walking leg Disable the coercive central synchronization
PASS fresh-blade · traveller survives actual production movement/combat
PASS fresh-blade · actual supported walking leg Disable the coercive central synchronization
PASS fresh-blade · traveller survives actual production movement/combat
PASS fresh-blade · actual supported walking leg Disable the coercive central synchronization
PASS fresh-blade · traveller survives actual production movement/combat
PASS fresh-blade · actual supported walking leg Disable the coercive central synchronization
PASS fresh-blade · traveller survives actual production movement/combat
PASS fresh-blade · actual supported walking leg Disable the coercive central synchronization
PASS fresh-blade · traveller survives actual production movement/combat
PASS fresh-blade · actual supported walking leg Disable the coercive central synchronization
PASS fresh-blade · traveller survives actual production movement/combat
PASS fresh-blade · actual supported walking leg Disable the coercive central synchronization
PASS fresh-blade · traveller survives actual production movement/combat
PASS fresh-blade · actual supported walking leg Disable the coercive central synchronization
PASS fresh-blade · traveller survives actual production movement/combat
PASS fresh-blade · actual supported walking leg Disable the coercive central synchronization
PASS fresh-blade · traveller survives actual production movement/combat
PASS fresh-blade · actual supported walking leg Disable the coercive central synchronization
PASS fresh-blade · traveller survives actual production movement/combat
PASS fresh-blade · actual supported walking leg Disable the coercive central synchronization
PASS fresh-blade · traveller survives actual production movement/combat
PASS fresh-blade · actual supported walking leg Disable the coercive central synchronization
PASS fresh-blade · traveller survives actual production movement/combat
PASS fresh-blade · actual supported walking leg Disable the coercive central synchronization
PASS fresh-blade · traveller survives actual production movement/combat
PASS fresh-blade · actual supported walking leg Disable the coercive central synchronization
PASS fresh-blade · traveller survives actual production movement/combat
PASS fresh-blade · actual supported walking leg Disable the coercive central synchronization
PASS fresh-blade · traveller survives actual production movement/combat
PASS fresh-blade · actual supported walking leg Disable the coercive central synchronization
PASS fresh-blade · traveller survives actual production movement/combat
PASS fresh-blade · actual supported walking leg Disable the coercive central synchronization
PASS fresh-blade · traveller survives actual production movement/combat
PASS fresh-blade · actual supported walking leg Disable the coercive central synchronization
PASS fresh-blade · traveller survives actual production movement/combat
PASS fresh-blade · actual supported walking leg Disable the coercive central synchronization
PASS fresh-blade · traveller survives actual production movement/combat
PASS fresh-blade · actual supported walking leg Disable the coercive central synchronization
PASS fresh-blade · traveller survives actual production movement/combat
PASS fresh-blade · actual supported walking leg Disable the coercive central synchronization
PASS fresh-blade · traveller survives actual production movement/combat
PASS fresh-blade · actual supported walking leg Disable the coercive central synchronization
PASS fresh-blade · traveller survives actual production movement/combat
PASS fresh-blade · actual supported walking leg Disable the coercive central synchronization
PASS fresh-blade · traveller survives actual production movement/combat
PASS fresh-blade · actual supported walking leg Disable the coercive central synchronization
PASS fresh-blade · traveller survives actual production movement/combat
PASS fresh-blade · actual supported walking leg Disable the coercive central synchronization
PASS fresh-blade · traveller survives actual production movement/combat
PASS fresh-blade · actual supported walking leg Disable the coercive central synchronization
PASS fresh-blade · traveller survives actual production movement/combat
PASS fresh-blade · actual supported walking leg Disable the coercive central synchronization
PASS fresh-blade · traveller survives actual production movement/combat
PASS fresh-blade · actual supported walking leg Disable the coercive central synchronization
PASS fresh-blade · traveller survives actual production movement/combat
PASS fresh-blade · actual supported walking leg Disable the coercive central synchronization
PASS fresh-blade · traveller survives actual production movement/combat
PASS fresh-blade · actual supported walking leg Disable the coercive central synchronization
PASS fresh-blade · traveller survives actual production movement/combat
PASS fresh-blade · actual supported walking leg Disable the coercive central synchronization
PASS fresh-blade · traveller survives actual production movement/combat
PASS fresh-blade · actual supported walking leg Disable the coercive central synchronization
PASS fresh-blade · traveller survives actual production movement/combat
PASS fresh-blade · actual supported walking leg Disable the coercive central synchronization
PASS fresh-blade · traveller survives actual production movement/combat
PASS fresh-blade · actual supported walking leg Disable the coercive central synchronization
PASS fresh-blade · traveller survives actual production movement/combat
PASS fresh-blade · actual supported walking leg Disable the coercive central synchronization
PASS fresh-blade · traveller survives actual production movement/combat
PASS fresh-blade · actual supported walking leg Disable the coercive central synchronization
PASS fresh-blade · traveller survives actual production movement/combat
PASS fresh-blade · actual supported walking leg Disable the coercive central synchronization
PASS fresh-blade · traveller survives actual production movement/combat
PASS fresh-blade · actual supported walking leg Disable the coercive central synchronization
PASS fresh-blade · traveller survives actual production movement/combat
PASS fresh-blade · actual supported walking leg Disable the coercive central synchronization
PASS fresh-blade · production movement arrives near Disable the coercive central synchronization
PASS fresh-blade · actual physical UI operation records disable-central-link
PASS fresh-blade · operation never pays an independent fee disable-central-link
PASS fresh-blade · actual transient witness membership follows only accepted facts
PASS fresh-blade · a full-body supported production route reaches the witness viewing side
PASS fresh-blade · production route is accepted for view owned Avar Senn · created scholar
PASS fresh-blade · whole supported body route reaches view owned Avar Senn · created scholar
PASS fresh-blade · traveller survives actual production movement/combat
PASS fresh-blade · actual supported walking leg view owned Avar Senn · created scholar
PASS fresh-blade · traveller survives actual production movement/combat
PASS fresh-blade · actual supported walking leg view owned Avar Senn · created scholar
PASS fresh-blade · traveller survives actual production movement/combat
PASS fresh-blade · actual supported walking leg view owned Avar Senn · created scholar
PASS fresh-blade · traveller survives actual production movement/combat
PASS fresh-blade · actual supported walking leg view owned Avar Senn · created scholar
PASS fresh-blade · traveller survives actual production movement/combat
PASS fresh-blade · actual supported walking leg view owned Avar Senn · created scholar
PASS fresh-blade · traveller survives actual production movement/combat
PASS fresh-blade · actual supported walking leg view owned Avar Senn · created scholar
PASS fresh-blade · traveller survives actual production movement/combat
PASS fresh-blade · actual supported walking leg view owned Avar Senn · created scholar
PASS fresh-blade · traveller survives actual production movement/combat
PASS fresh-blade · actual supported walking leg view owned Avar Senn · created scholar
PASS fresh-blade · traveller survives actual production movement/combat
PASS fresh-blade · actual supported walking leg view owned Avar Senn · created scholar
PASS fresh-blade · traveller survives actual production movement/combat
PASS fresh-blade · actual supported walking leg view owned Avar Senn · created scholar
PASS fresh-blade · traveller survives actual production movement/combat
PASS fresh-blade · actual supported walking leg view owned Avar Senn · created scholar
PASS fresh-blade · traveller survives actual production movement/combat
PASS fresh-blade · actual supported walking leg view owned Avar Senn · created scholar
PASS fresh-blade · traveller survives actual production movement/combat
PASS fresh-blade · actual supported walking leg view owned Avar Senn · created scholar
PASS fresh-blade · traveller survives actual production movement/combat
PASS fresh-blade · actual supported walking leg view owned Avar Senn · created scholar
PASS fresh-blade · traveller survives actual production movement/combat
PASS fresh-blade · actual supported walking leg view owned Avar Senn · created scholar
PASS fresh-blade · production movement arrives near view owned Avar Senn · created scholar
PASS fresh-blade · physical arrival has no actor teleport for view owned Avar Senn · created scholar
PASS fresh-blade · actual requested camera adventure
PASS fresh-blade · owned-cosmos-avar-senn-v1 causal pixels restore exactly
PASS fresh-blade · actual requested camera follow
PASS fresh-blade · owned-cosmos-avar-senn-v1 causal pixels restore exactly
PASS fresh-blade · central-disabled saves through native owner
PASS fresh-blade · central-disabled exact native full world is persisted
PASS fresh-blade · central-disabled preserves the full other original native character slot value
PASS fresh-blade · exact frozen HTML is served over isolated loopback
PASS fresh-blade · actual WebGL2 client is available
PASS fresh-blade · software renderer is explicitly observed
PASS fresh-blade · central-disabled whole-Chromium startup preserves exact bytes
PASS fresh-blade · central-disabled preserves previous history, opened/account facts and kit
PASS fresh-blade · central-disabled cold load preserves the full other original native character slot value
PASS fresh-blade · production route is accepted for ordinary Cosmos invitation
PASS fresh-blade · whole supported body route reaches ordinary Cosmos invitation
PASS fresh-blade · traveller survives actual production movement/combat
PASS fresh-blade · actual supported walking leg ordinary Cosmos invitation
PASS fresh-blade · production movement arrives near ordinary Cosmos invitation
PASS fresh-blade · physical arrival has no actor teleport for ordinary Cosmos invitation
PASS fresh-blade · native travel has explicit Cosmos confirmation
PASS fresh-blade · actual Cosmos physical owner handles the connected service road
PASS fresh-blade · no resolved machine recreates on native reentry
PASS fresh-blade · whole supported body route reaches Record the local accountability arrangement
PASS fresh-blade · traveller survives actual production movement/combat
PASS fresh-blade · actual supported walking leg Record the local accountability arrangement
PASS fresh-blade · traveller survives actual production movement/combat
PASS fresh-blade · actual supported walking leg Record the local accountability arrangement
PASS fresh-blade · traveller survives actual production movement/combat
PASS fresh-blade · actual supported walking leg Record the local accountability arrangement
PASS fresh-blade · traveller survives actual production movement/combat
PASS fresh-blade · actual supported walking leg Record the local accountability arrangement
PASS fresh-blade · traveller survives actual production movement/combat
PASS fresh-blade · actual supported walking leg Record the local accountability arrangement
PASS fresh-blade · traveller survives actual production movement/combat
PASS fresh-blade · actual supported walking leg Record the local accountability arrangement
PASS fresh-blade · traveller survives actual production movement/combat
PASS fresh-blade · actual supported walking leg Record the local accountability arrangement
PASS fresh-blade · traveller survives actual production movement/combat
PASS fresh-blade · actual supported walking leg Record the local accountability arrangement
PASS fresh-blade · traveller survives actual production movement/combat
PASS fresh-blade · actual supported walking leg Record the local accountability arrangement
PASS fresh-blade · traveller survives actual production movement/combat
PASS fresh-blade · actual supported walking leg Record the local accountability arrangement
PASS fresh-blade · traveller survives actual production movement/combat
PASS fresh-blade · actual supported walking leg Record the local accountability arrangement
PASS fresh-blade · traveller survives actual production movement/combat
PASS fresh-blade · actual supported walking leg Record the local accountability arrangement
PASS fresh-blade · traveller survives actual production movement/combat
PASS fresh-blade · actual supported walking leg Record the local accountability arrangement
PASS fresh-blade · traveller survives actual production movement/combat
PASS fresh-blade · actual supported walking leg Record the local accountability arrangement
PASS fresh-blade · traveller survives actual production movement/combat
PASS fresh-blade · actual supported walking leg Record the local accountability arrangement
PASS fresh-blade · traveller survives actual production movement/combat
PASS fresh-blade · actual supported walking leg Record the local accountability arrangement
PASS fresh-blade · traveller survives actual production movement/combat
PASS fresh-blade · actual supported walking leg Record the local accountability arrangement
PASS fresh-blade · traveller survives actual production movement/combat
PASS fresh-blade · actual supported walking leg Record the local accountability arrangement
PASS fresh-blade · traveller survives actual production movement/combat
PASS fresh-blade · actual supported walking leg Record the local accountability arrangement
PASS fresh-blade · traveller survives actual production movement/combat
PASS fresh-blade · actual supported walking leg Record the local accountability arrangement
PASS fresh-blade · traveller survives actual production movement/combat
PASS fresh-blade · actual supported walking leg Record the local accountability arrangement
PASS fresh-blade · traveller survives actual production movement/combat
PASS fresh-blade · actual supported walking leg Record the local accountability arrangement
PASS fresh-blade · traveller survives actual production movement/combat
PASS fresh-blade · actual supported walking leg Record the local accountability arrangement
PASS fresh-blade · traveller survives actual production movement/combat
PASS fresh-blade · actual supported walking leg Record the local accountability arrangement
PASS fresh-blade · traveller survives actual production movement/combat
PASS fresh-blade · actual supported walking leg Record the local accountability arrangement
PASS fresh-blade · traveller survives actual production movement/combat
PASS fresh-blade · actual supported walking leg Record the local accountability arrangement
PASS fresh-blade · traveller survives actual production movement/combat
PASS fresh-blade · actual supported walking leg Record the local accountability arrangement
PASS fresh-blade · traveller survives actual production movement/combat
PASS fresh-blade · actual supported walking leg Record the local accountability arrangement
PASS fresh-blade · traveller survives actual production movement/combat
PASS fresh-blade · actual supported walking leg Record the local accountability arrangement
PASS fresh-blade · traveller survives actual production movement/combat
PASS fresh-blade · actual supported walking leg Record the local accountability arrangement
PASS fresh-blade · traveller survives actual production movement/combat
PASS fresh-blade · actual supported walking leg Record the local accountability arrangement
PASS fresh-blade · traveller survives actual production movement/combat
PASS fresh-blade · actual supported walking leg Record the local accountability arrangement
PASS fresh-blade · traveller survives actual production movement/combat
PASS fresh-blade · actual supported walking leg Record the local accountability arrangement
PASS fresh-blade · traveller survives actual production movement/combat
PASS fresh-blade · actual supported walking leg Record the local accountability arrangement
PASS fresh-blade · traveller survives actual production movement/combat
PASS fresh-blade · actual supported walking leg Record the local accountability arrangement
PASS fresh-blade · traveller survives actual production movement/combat
PASS fresh-blade · actual supported walking leg Record the local accountability arrangement
PASS fresh-blade · traveller survives actual production movement/combat
PASS fresh-blade · actual supported walking leg Record the local accountability arrangement
PASS fresh-blade · traveller survives actual production movement/combat
PASS fresh-blade · actual supported walking leg Record the local accountability arrangement
PASS fresh-blade · traveller survives actual production movement/combat
PASS fresh-blade · actual supported walking leg Record the local accountability arrangement
PASS fresh-blade · traveller survives actual production movement/combat
PASS fresh-blade · actual supported walking leg Record the local accountability arrangement
PASS fresh-blade · traveller survives actual production movement/combat
PASS fresh-blade · actual supported walking leg Record the local accountability arrangement
PASS fresh-blade · traveller survives actual production movement/combat
PASS fresh-blade · actual supported walking leg Record the local accountability arrangement
PASS fresh-blade · traveller survives actual production movement/combat
PASS fresh-blade · actual supported walking leg Record the local accountability arrangement
PASS fresh-blade · traveller survives actual production movement/combat
PASS fresh-blade · actual supported walking leg Record the local accountability arrangement
PASS fresh-blade · traveller survives actual production movement/combat
PASS fresh-blade · actual supported walking leg Record the local accountability arrangement
PASS fresh-blade · traveller survives actual production movement/combat
PASS fresh-blade · actual supported walking leg Record the local accountability arrangement
PASS fresh-blade · traveller survives actual production movement/combat
PASS fresh-blade · actual supported walking leg Record the local accountability arrangement
PASS fresh-blade · traveller survives actual production movement/combat
PASS fresh-blade · actual supported walking leg Record the local accountability arrangement
PASS fresh-blade · traveller survives actual production movement/combat
PASS fresh-blade · actual supported walking leg Record the local accountability arrangement
PASS fresh-blade · traveller survives actual production movement/combat
PASS fresh-blade · actual supported walking leg Record the local accountability arrangement
PASS fresh-blade · traveller survives actual production movement/combat
PASS fresh-blade · actual supported walking leg Record the local accountability arrangement
PASS fresh-blade · traveller survives actual production movement/combat
PASS fresh-blade · actual supported walking leg Record the local accountability arrangement
PASS fresh-blade · traveller survives actual production movement/combat
PASS fresh-blade · actual supported walking leg Record the local accountability arrangement
PASS fresh-blade · traveller survives actual production movement/combat
PASS fresh-blade · actual supported walking leg Record the local accountability arrangement
PASS fresh-blade · traveller survives actual production movement/combat
PASS fresh-blade · actual supported walking leg Record the local accountability arrangement
PASS fresh-blade · traveller survives actual production movement/combat
PASS fresh-blade · actual supported walking leg Record the local accountability arrangement
PASS fresh-blade · traveller survives actual production movement/combat
PASS fresh-blade · actual supported walking leg Record the local accountability arrangement
PASS fresh-blade · traveller survives actual production movement/combat
PASS fresh-blade · actual supported walking leg Record the local accountability arrangement
PASS fresh-blade · traveller survives actual production movement/combat
PASS fresh-blade · actual supported walking leg Record the local accountability arrangement
PASS fresh-blade · traveller survives actual production movement/combat
PASS fresh-blade · actual supported walking leg Record the local accountability arrangement
PASS fresh-blade · traveller survives actual production movement/combat
PASS fresh-blade · actual supported walking leg Record the local accountability arrangement
PASS fresh-blade · traveller survives actual production movement/combat
PASS fresh-blade · actual supported walking leg Record the local accountability arrangement
PASS fresh-blade · traveller survives actual production movement/combat
PASS fresh-blade · actual supported walking leg Record the local accountability arrangement
PASS fresh-blade · traveller survives actual production movement/combat
PASS fresh-blade · actual supported walking leg Record the local accountability arrangement
PASS fresh-blade · traveller survives actual production movement/combat
PASS fresh-blade · actual supported walking leg Record the local accountability arrangement
PASS fresh-blade · traveller survives actual production movement/combat
PASS fresh-blade · actual supported walking leg Record the local accountability arrangement
PASS fresh-blade · traveller survives actual production movement/combat
PASS fresh-blade · actual supported walking leg Record the local accountability arrangement
PASS fresh-blade · traveller survives actual production movement/combat
PASS fresh-blade · actual supported walking leg Record the local accountability arrangement
PASS fresh-blade · traveller survives actual production movement/combat
PASS fresh-blade · actual supported walking leg Record the local accountability arrangement
PASS fresh-blade · traveller survives actual production movement/combat
PASS fresh-blade · actual supported walking leg Record the local accountability arrangement
PASS fresh-blade · traveller survives actual production movement/combat
PASS fresh-blade · actual supported walking leg Record the local accountability arrangement
PASS fresh-blade · traveller survives actual production movement/combat
PASS fresh-blade · actual supported walking leg Record the local accountability arrangement
PASS fresh-blade · traveller survives actual production movement/combat
PASS fresh-blade · actual supported walking leg Record the local accountability arrangement
PASS fresh-blade · traveller survives actual production movement/combat
PASS fresh-blade · actual supported walking leg Record the local accountability arrangement
PASS fresh-blade · traveller survives actual production movement/combat
PASS fresh-blade · actual supported walking leg Record the local accountability arrangement
PASS fresh-blade · traveller survives actual production movement/combat
PASS fresh-blade · actual supported walking leg Record the local accountability arrangement
PASS fresh-blade · traveller survives actual production movement/combat
PASS fresh-blade · actual supported walking leg Record the local accountability arrangement
PASS fresh-blade · traveller survives actual production movement/combat
PASS fresh-blade · actual supported walking leg Record the local accountability arrangement
PASS fresh-blade · traveller survives actual production movement/combat
PASS fresh-blade · actual supported walking leg Record the local accountability arrangement
PASS fresh-blade · traveller survives actual production movement/combat
PASS fresh-blade · actual supported walking leg Record the local accountability arrangement
PASS fresh-blade · traveller survives actual production movement/combat
PASS fresh-blade · actual supported walking leg Record the local accountability arrangement
PASS fresh-blade · traveller survives actual production movement/combat
PASS fresh-blade · actual supported walking leg Record the local accountability arrangement
PASS fresh-blade · traveller survives actual production movement/combat
PASS fresh-blade · actual supported walking leg Record the local accountability arrangement
PASS fresh-blade · traveller survives actual production movement/combat
PASS fresh-blade · actual supported walking leg Record the local accountability arrangement
PASS fresh-blade · traveller survives actual production movement/combat
PASS fresh-blade · actual supported walking leg Record the local accountability arrangement
PASS fresh-blade · traveller survives actual production movement/combat
PASS fresh-blade · actual supported walking leg Record the local accountability arrangement
PASS fresh-blade · traveller survives actual production movement/combat
PASS fresh-blade · actual supported walking leg Record the local accountability arrangement
PASS fresh-blade · traveller survives actual production movement/combat
PASS fresh-blade · actual supported walking leg Record the local accountability arrangement
PASS fresh-blade · traveller survives actual production movement/combat
PASS fresh-blade · actual supported walking leg Record the local accountability arrangement
PASS fresh-blade · traveller survives actual production movement/combat
PASS fresh-blade · actual supported walking leg Record the local accountability arrangement
PASS fresh-blade · traveller survives actual production movement/combat
PASS fresh-blade · actual supported walking leg Record the local accountability arrangement
PASS fresh-blade · traveller survives actual production movement/combat
PASS fresh-blade · actual supported walking leg Record the local accountability arrangement
PASS fresh-blade · production movement arrives near Record the local accountability arrangement
PASS fresh-blade · account preview grants nothing
PASS fresh-blade · account cancel retains undecided record
PASS fresh-blade · deliberate current-owner confirmation retains exact local account
PASS fresh-blade · deliberate-account saves through native owner
PASS fresh-blade · deliberate-account exact native full world is persisted
PASS fresh-blade · deliberate-account preserves the full other original native character slot value
PASS fresh-blade · exact frozen HTML is served over isolated loopback
PASS fresh-blade · actual WebGL2 client is available
PASS fresh-blade · software renderer is explicitly observed
PASS fresh-blade · deliberate-account whole-Chromium startup preserves exact bytes
PASS fresh-blade · deliberate-account preserves previous history, opened/account facts and kit
PASS fresh-blade · deliberate-account cold load preserves the full other original native character slot value
PASS fresh-blade · production route is accepted for ordinary Cosmos invitation
PASS fresh-blade · whole supported body route reaches ordinary Cosmos invitation
PASS fresh-blade · traveller survives actual production movement/combat
PASS fresh-blade · actual supported walking leg ordinary Cosmos invitation
PASS fresh-blade · production movement arrives near ordinary Cosmos invitation
PASS fresh-blade · physical arrival has no actor teleport for ordinary Cosmos invitation
PASS fresh-blade · native travel has explicit Cosmos confirmation
PASS fresh-blade · actual Cosmos physical owner handles the connected service road
PASS fresh-blade · no resolved machine recreates on native reentry
PASS fresh-blade · native controls cannot manually grant defeat/choice
PASS fresh-blade · whole supported body route reaches Set the prepared material branch independently
PASS fresh-blade · traveller survives actual production movement/combat
PASS fresh-blade · actual supported walking leg Set the prepared material branch independently
PASS fresh-blade · traveller survives actual production movement/combat
PASS fresh-blade · actual supported walking leg Set the prepared material branch independently
PASS fresh-blade · traveller survives actual production movement/combat
PASS fresh-blade · actual supported walking leg Set the prepared material branch independently
PASS fresh-blade · traveller survives actual production movement/combat
PASS fresh-blade · actual supported walking leg Set the prepared material branch independently
PASS fresh-blade · traveller survives actual production movement/combat
PASS fresh-blade · actual supported walking leg Set the prepared material branch independently
PASS fresh-blade · traveller survives actual production movement/combat
PASS fresh-blade · actual supported walking leg Set the prepared material branch independently
PASS fresh-blade · traveller survives actual production movement/combat
PASS fresh-blade · actual supported walking leg Set the prepared material branch independently
PASS fresh-blade · traveller survives actual production movement/combat
PASS fresh-blade · actual supported walking leg Set the prepared material branch independently
PASS fresh-blade · traveller survives actual production movement/combat
PASS fresh-blade · actual supported walking leg Set the prepared material branch independently
PASS fresh-blade · traveller survives actual production movement/combat
PASS fresh-blade · actual supported walking leg Set the prepared material branch independently
PASS fresh-blade · traveller survives actual production movement/combat
PASS fresh-blade · actual supported walking leg Set the prepared material branch independently
PASS fresh-blade · traveller survives actual production movement/combat
PASS fresh-blade · actual supported walking leg Set the prepared material branch independently
PASS fresh-blade · traveller survives actual production movement/combat
PASS fresh-blade · actual supported walking leg Set the prepared material branch independently
PASS fresh-blade · traveller survives actual production movement/combat
PASS fresh-blade · actual supported walking leg Set the prepared material branch independently
PASS fresh-blade · traveller survives actual production movement/combat
PASS fresh-blade · actual supported walking leg Set the prepared material branch independently
PASS fresh-blade · traveller survives actual production movement/combat
PASS fresh-blade · actual supported walking leg Set the prepared material branch independently
PASS fresh-blade · traveller survives actual production movement/combat
PASS fresh-blade · actual supported walking leg Set the prepared material branch independently
PASS fresh-blade · traveller survives actual production movement/combat
PASS fresh-blade · actual supported walking leg Set the prepared material branch independently
PASS fresh-blade · traveller survives actual production movement/combat
PASS fresh-blade · actual supported walking leg Set the prepared material branch independently
PASS fresh-blade · traveller survives actual production movement/combat
PASS fresh-blade · actual supported walking leg Set the prepared material branch independently
PASS fresh-blade · traveller survives actual production movement/combat
PASS fresh-blade · actual supported walking leg Set the prepared material branch independently
PASS fresh-blade · traveller survives actual production movement/combat
PASS fresh-blade · actual supported walking leg Set the prepared material branch independently
PASS fresh-blade · traveller survives actual production movement/combat
PASS fresh-blade · actual supported walking leg Set the prepared material branch independently
PASS fresh-blade · traveller survives actual production movement/combat
PASS fresh-blade · actual supported walking leg Set the prepared material branch independently
PASS fresh-blade · traveller survives actual production movement/combat
PASS fresh-blade · actual supported walking leg Set the prepared material branch independently
PASS fresh-blade · traveller survives actual production movement/combat
PASS fresh-blade · actual supported walking leg Set the prepared material branch independently
PASS fresh-blade · traveller survives actual production movement/combat
PASS fresh-blade · actual supported walking leg Set the prepared material branch independently
PASS fresh-blade · traveller survives actual production movement/combat
PASS fresh-blade · actual supported walking leg Set the prepared material branch independently
PASS fresh-blade · traveller survives actual production movement/combat
PASS fresh-blade · actual supported walking leg Set the prepared material branch independently
PASS fresh-blade · traveller survives actual production movement/combat
PASS fresh-blade · actual supported walking leg Set the prepared material branch independently
PASS fresh-blade · traveller survives actual production movement/combat
PASS fresh-blade · actual supported walking leg Set the prepared material branch independently
PASS fresh-blade · traveller survives actual production movement/combat
PASS fresh-blade · actual supported walking leg Set the prepared material branch independently
PASS fresh-blade · traveller survives actual production movement/combat
PASS fresh-blade · actual supported walking leg Set the prepared material branch independently
PASS fresh-blade · traveller survives actual production movement/combat
PASS fresh-blade · actual supported walking leg Set the prepared material branch independently
PASS fresh-blade · traveller survives actual production movement/combat
PASS fresh-blade · actual supported walking leg Set the prepared material branch independently
PASS fresh-blade · traveller survives actual production movement/combat
PASS fresh-blade · actual supported walking leg Set the prepared material branch independently
PASS fresh-blade · traveller survives actual production movement/combat
PASS fresh-blade · actual supported walking leg Set the prepared material branch independently
PASS fresh-blade · traveller survives actual production movement/combat
PASS fresh-blade · actual supported walking leg Set the prepared material branch independently
PASS fresh-blade · traveller survives actual production movement/combat
PASS fresh-blade · actual supported walking leg Set the prepared material branch independently
PASS fresh-blade · traveller survives actual production movement/combat
PASS fresh-blade · actual supported walking leg Set the prepared material branch independently
PASS fresh-blade · traveller survives actual production movement/combat
PASS fresh-blade · actual supported walking leg Set the prepared material branch independently
PASS fresh-blade · traveller survives actual production movement/combat
PASS fresh-blade · actual supported walking leg Set the prepared material branch independently
PASS fresh-blade · traveller survives actual production movement/combat
PASS fresh-blade · actual supported walking leg Set the prepared material branch independently
PASS fresh-blade · traveller survives actual production movement/combat
PASS fresh-blade · actual supported walking leg Set the prepared material branch independently
PASS fresh-blade · traveller survives actual production movement/combat
PASS fresh-blade · actual supported walking leg Set the prepared material branch independently
PASS fresh-blade · traveller survives actual production movement/combat
PASS fresh-blade · actual supported walking leg Set the prepared material branch independently
PASS fresh-blade · traveller survives actual production movement/combat
PASS fresh-blade · actual supported walking leg Set the prepared material branch independently
PASS fresh-blade · traveller survives actual production movement/combat
PASS fresh-blade · actual supported walking leg Set the prepared material branch independently
PASS fresh-blade · traveller survives actual production movement/combat
PASS fresh-blade · actual supported walking leg Set the prepared material branch independently
PASS fresh-blade · traveller survives actual production movement/combat
PASS fresh-blade · actual supported walking leg Set the prepared material branch independently
PASS fresh-blade · traveller survives actual production movement/combat
PASS fresh-blade · actual supported walking leg Set the prepared material branch independently
PASS fresh-blade · traveller survives actual production movement/combat
PASS fresh-blade · actual supported walking leg Set the prepared material branch independently
PASS fresh-blade · traveller survives actual production movement/combat
PASS fresh-blade · actual supported walking leg Set the prepared material branch independently
PASS fresh-blade · traveller survives actual production movement/combat
PASS fresh-blade · actual supported walking leg Set the prepared material branch independently
PASS fresh-blade · traveller survives actual production movement/combat
PASS fresh-blade · actual supported walking leg Set the prepared material branch independently
PASS fresh-blade · traveller survives actual production movement/combat
PASS fresh-blade · actual supported walking leg Set the prepared material branch independently
PASS fresh-blade · traveller survives actual production movement/combat
PASS fresh-blade · actual supported walking leg Set the prepared material branch independently
PASS fresh-blade · traveller survives actual production movement/combat
PASS fresh-blade · actual supported walking leg Set the prepared material branch independently
PASS fresh-blade · traveller survives actual production movement/combat
PASS fresh-blade · actual supported walking leg Set the prepared material branch independently
PASS fresh-blade · traveller survives actual production movement/combat
PASS fresh-blade · actual supported walking leg Set the prepared material branch independently
PASS fresh-blade · traveller survives actual production movement/combat
PASS fresh-blade · actual supported walking leg Set the prepared material branch independently
PASS fresh-blade · traveller survives actual production movement/combat
PASS fresh-blade · actual supported walking leg Set the prepared material branch independently
PASS fresh-blade · traveller survives actual production movement/combat
PASS fresh-blade · actual supported walking leg Set the prepared material branch independently
PASS fresh-blade · traveller survives actual production movement/combat
PASS fresh-blade · actual supported walking leg Set the prepared material branch independently
PASS fresh-blade · traveller survives actual production movement/combat
PASS fresh-blade · actual supported walking leg Set the prepared material branch independently
PASS fresh-blade · traveller survives actual production movement/combat
PASS fresh-blade · actual supported walking leg Set the prepared material branch independently
PASS fresh-blade · traveller survives actual production movement/combat
PASS fresh-blade · actual supported walking leg Set the prepared material branch independently
PASS fresh-blade · traveller survives actual production movement/combat
PASS fresh-blade · actual supported walking leg Set the prepared material branch independently
PASS fresh-blade · traveller survives actual production movement/combat
PASS fresh-blade · actual supported walking leg Set the prepared material branch independently
PASS fresh-blade · traveller survives actual production movement/combat
PASS fresh-blade · actual supported walking leg Set the prepared material branch independently
PASS fresh-blade · traveller survives actual production movement/combat
PASS fresh-blade · actual supported walking leg Set the prepared material branch independently
PASS fresh-blade · traveller survives actual production movement/combat
PASS fresh-blade · actual supported walking leg Set the prepared material branch independently
PASS fresh-blade · traveller survives actual production movement/combat
PASS fresh-blade · actual supported walking leg Set the prepared material branch independently
PASS fresh-blade · production movement arrives near Set the prepared material branch independently
PASS fresh-blade · actual physical UI operation records configure-material
PASS fresh-blade · operation never pays an independent fee configure-material
PASS fresh-blade · native controls cannot manually grant defeat/choice
PASS fresh-blade · whole supported body route reaches Set the prepared garden return independently
PASS fresh-blade · traveller survives actual production movement/combat
PASS fresh-blade · actual supported walking leg Set the prepared garden return independently
PASS fresh-blade · traveller survives actual production movement/combat
PASS fresh-blade · actual supported walking leg Set the prepared garden return independently
PASS fresh-blade · traveller survives actual production movement/combat
PASS fresh-blade · actual supported walking leg Set the prepared garden return independently
PASS fresh-blade · traveller survives actual production movement/combat
PASS fresh-blade · actual supported walking leg Set the prepared garden return independently
PASS fresh-blade · traveller survives actual production movement/combat
PASS fresh-blade · actual supported walking leg Set the prepared garden return independently
PASS fresh-blade · traveller survives actual production movement/combat
PASS fresh-blade · actual supported walking leg Set the prepared garden return independently
PASS fresh-blade · traveller survives actual production movement/combat
PASS fresh-blade · actual supported walking leg Set the prepared garden return independently
PASS fresh-blade · traveller survives actual production movement/combat
PASS fresh-blade · actual supported walking leg Set the prepared garden return independently
PASS fresh-blade · traveller survives actual production movement/combat
PASS fresh-blade · actual supported walking leg Set the prepared garden return independently
PASS fresh-blade · traveller survives actual production movement/combat
PASS fresh-blade · actual supported walking leg Set the prepared garden return independently
PASS fresh-blade · traveller survives actual production movement/combat
PASS fresh-blade · actual supported walking leg Set the prepared garden return independently
PASS fresh-blade · traveller survives actual production movement/combat
PASS fresh-blade · actual supported walking leg Set the prepared garden return independently
PASS fresh-blade · traveller survives actual production movement/combat
PASS fresh-blade · actual supported walking leg Set the prepared garden return independently
PASS fresh-blade · traveller survives actual production movement/combat
PASS fresh-blade · actual supported walking leg Set the prepared garden return independently
PASS fresh-blade · traveller survives actual production movement/combat
PASS fresh-blade · actual supported walking leg Set the prepared garden return independently
PASS fresh-blade · traveller survives actual production movement/combat
PASS fresh-blade · actual supported walking leg Set the prepared garden return independently
PASS fresh-blade · production movement arrives near Set the prepared garden return independently
PASS fresh-blade · actual physical UI operation records configure-living
PASS fresh-blade · operation never pays an independent fee configure-living
PASS fresh-blade · native controls cannot manually grant defeat/choice
PASS fresh-blade · whole supported body route reaches Open the independent local service interval
PASS fresh-blade · traveller survives actual production movement/combat
PASS fresh-blade · actual supported walking leg Open the independent local service interval
PASS fresh-blade · traveller survives actual production movement/combat
PASS fresh-blade · actual supported walking leg Open the independent local service interval
PASS fresh-blade · traveller survives actual production movement/combat
PASS fresh-blade · actual supported walking leg Open the independent local service interval
PASS fresh-blade · traveller survives actual production movement/combat
PASS fresh-blade · actual supported walking leg Open the independent local service interval
PASS fresh-blade · traveller survives actual production movement/combat
PASS fresh-blade · actual supported walking leg Open the independent local service interval
PASS fresh-blade · traveller survives actual production movement/combat
PASS fresh-blade · actual supported walking leg Open the independent local service interval
PASS fresh-blade · traveller survives actual production movement/combat
PASS fresh-blade · actual supported walking leg Open the independent local service interval
PASS fresh-blade · traveller survives actual production movement/combat
PASS fresh-blade · actual supported walking leg Open the independent local service interval
PASS fresh-blade · production movement arrives near Open the independent local service interval
PASS fresh-blade · actual physical UI operation records open-confluence
PASS fresh-blade · operation never pays an independent fee open-confluence
PASS fresh-blade · actual requested camera adventure
PASS fresh-blade · public-record-independent-apparatus causal pixels restore exactly
PASS fresh-blade · actual requested camera adventure
PASS fresh-blade · public-record-persistent-account causal pixels restore exactly
PASS fresh-blade · actual requested camera follow
PASS fresh-blade · public-record-independent-apparatus causal pixels restore exactly
PASS fresh-blade · actual requested camera follow
PASS fresh-blade · public-record-persistent-account causal pixels restore exactly
PASS fresh-blade · independently-open saves through native owner
PASS fresh-blade · independently-open exact native full world is persisted
PASS fresh-blade · independently-open preserves the full other original native character slot value
PASS fresh-blade · exact frozen HTML is served over isolated loopback
PASS fresh-blade · actual WebGL2 client is available
PASS fresh-blade · software renderer is explicitly observed
PASS fresh-blade · independently-open whole-Chromium startup preserves exact bytes
PASS fresh-blade · independently-open preserves previous history, opened/account facts and kit
PASS fresh-blade · independently-open cold load preserves the full other original native character slot value
PASS fresh-blade · production route is accepted for ordinary Cosmos invitation
PASS fresh-blade · whole supported body route reaches ordinary Cosmos invitation
PASS fresh-blade · traveller survives actual production movement/combat
PASS fresh-blade · actual supported walking leg ordinary Cosmos invitation
PASS fresh-blade · production movement arrives near ordinary Cosmos invitation
PASS fresh-blade · physical arrival has no actor teleport for ordinary Cosmos invitation
PASS fresh-blade · native travel has explicit Cosmos confirmation
PASS fresh-blade · actual Cosmos physical owner handles the connected service road
PASS fresh-blade · no resolved machine recreates on native reentry
PASS fresh-blade · native controls cannot manually grant defeat/choice
PASS fresh-blade · whole supported body route reaches Verify the open apparatus and public account
PASS fresh-blade · traveller survives actual production movement/combat
PASS fresh-blade · actual supported walking leg Verify the open apparatus and public account
PASS fresh-blade · traveller survives actual production movement/combat
PASS fresh-blade · actual supported walking leg Verify the open apparatus and public account
PASS fresh-blade · traveller survives actual production movement/combat
PASS fresh-blade · actual supported walking leg Verify the open apparatus and public account
PASS fresh-blade · traveller survives actual production movement/combat
PASS fresh-blade · actual supported walking leg Verify the open apparatus and public account
PASS fresh-blade · traveller survives actual production movement/combat
PASS fresh-blade · actual supported walking leg Verify the open apparatus and public account
PASS fresh-blade · traveller survives actual production movement/combat
PASS fresh-blade · actual supported walking leg Verify the open apparatus and public account
PASS fresh-blade · traveller survives actual production movement/combat
PASS fresh-blade · actual supported walking leg Verify the open apparatus and public account
PASS fresh-blade · traveller survives actual production movement/combat
PASS fresh-blade · actual supported walking leg Verify the open apparatus and public account
PASS fresh-blade · traveller survives actual production movement/combat
PASS fresh-blade · actual supported walking leg Verify the open apparatus and public account
PASS fresh-blade · traveller survives actual production movement/combat
PASS fresh-blade · actual supported walking leg Verify the open apparatus and public account
PASS fresh-blade · traveller survives actual production movement/combat
PASS fresh-blade · actual supported walking leg Verify the open apparatus and public account
PASS fresh-blade · traveller survives actual production movement/combat
PASS fresh-blade · actual supported walking leg Verify the open apparatus and public account
PASS fresh-blade · traveller survives actual production movement/combat
PASS fresh-blade · actual supported walking leg Verify the open apparatus and public account
PASS fresh-blade · traveller survives actual production movement/combat
PASS fresh-blade · actual supported walking leg Verify the open apparatus and public account
PASS fresh-blade · traveller survives actual production movement/combat
PASS fresh-blade · actual supported walking leg Verify the open apparatus and public account
PASS fresh-blade · traveller survives actual production movement/combat
PASS fresh-blade · actual supported walking leg Verify the open apparatus and public account
PASS fresh-blade · traveller survives actual production movement/combat
PASS fresh-blade · actual supported walking leg Verify the open apparatus and public account
PASS fresh-blade · traveller survives actual production movement/combat
PASS fresh-blade · actual supported walking leg Verify the open apparatus and public account
PASS fresh-blade · traveller survives actual production movement/combat
PASS fresh-blade · actual supported walking leg Verify the open apparatus and public account
PASS fresh-blade · traveller survives actual production movement/combat
PASS fresh-blade · actual supported walking leg Verify the open apparatus and public account
PASS fresh-blade · traveller survives actual production movement/combat
PASS fresh-blade · actual supported walking leg Verify the open apparatus and public account
PASS fresh-blade · traveller survives actual production movement/combat
PASS fresh-blade · actual supported walking leg Verify the open apparatus and public account
PASS fresh-blade · traveller survives actual production movement/combat
PASS fresh-blade · actual supported walking leg Verify the open apparatus and public account
PASS fresh-blade · traveller survives actual production movement/combat
PASS fresh-blade · actual supported walking leg Verify the open apparatus and public account
PASS fresh-blade · traveller survives actual production movement/combat
PASS fresh-blade · actual supported walking leg Verify the open apparatus and public account
PASS fresh-blade · traveller survives actual production movement/combat
PASS fresh-blade · actual supported walking leg Verify the open apparatus and public account
PASS fresh-blade · traveller survives actual production movement/combat
PASS fresh-blade · actual supported walking leg Verify the open apparatus and public account
PASS fresh-blade · traveller survives actual production movement/combat
PASS fresh-blade · actual supported walking leg Verify the open apparatus and public account
PASS fresh-blade · traveller survives actual production movement/combat
PASS fresh-blade · actual supported walking leg Verify the open apparatus and public account
PASS fresh-blade · traveller survives actual production movement/combat
PASS fresh-blade · actual supported walking leg Verify the open apparatus and public account
PASS fresh-blade · traveller survives actual production movement/combat
PASS fresh-blade · actual supported walking leg Verify the open apparatus and public account
PASS fresh-blade · traveller survives actual production movement/combat
PASS fresh-blade · actual supported walking leg Verify the open apparatus and public account
PASS fresh-blade · traveller survives actual production movement/combat
PASS fresh-blade · actual supported walking leg Verify the open apparatus and public account
PASS fresh-blade · traveller survives actual production movement/combat
PASS fresh-blade · actual supported walking leg Verify the open apparatus and public account
PASS fresh-blade · traveller survives actual production movement/combat
PASS fresh-blade · actual supported walking leg Verify the open apparatus and public account
PASS fresh-blade · traveller survives actual production movement/combat
PASS fresh-blade · actual supported walking leg Verify the open apparatus and public account
PASS fresh-blade · traveller survives actual production movement/combat
PASS fresh-blade · actual supported walking leg Verify the open apparatus and public account
PASS fresh-blade · traveller survives actual production movement/combat
PASS fresh-blade · actual supported walking leg Verify the open apparatus and public account
PASS fresh-blade · traveller survives actual production movement/combat
PASS fresh-blade · actual supported walking leg Verify the open apparatus and public account
PASS fresh-blade · traveller survives actual production movement/combat
PASS fresh-blade · actual supported walking leg Verify the open apparatus and public account
PASS fresh-blade · traveller survives actual production movement/combat
PASS fresh-blade · actual supported walking leg Verify the open apparatus and public account
PASS fresh-blade · traveller survives actual production movement/combat
PASS fresh-blade · actual supported walking leg Verify the open apparatus and public account
PASS fresh-blade · traveller survives actual production movement/combat
PASS fresh-blade · actual supported walking leg Verify the open apparatus and public account
PASS fresh-blade · traveller survives actual production movement/combat
PASS fresh-blade · actual supported walking leg Verify the open apparatus and public account
PASS fresh-blade · traveller survives actual production movement/combat
PASS fresh-blade · actual supported walking leg Verify the open apparatus and public account
PASS fresh-blade · traveller survives actual production movement/combat
PASS fresh-blade · actual supported walking leg Verify the open apparatus and public account
PASS fresh-blade · traveller survives actual production movement/combat
PASS fresh-blade · actual supported walking leg Verify the open apparatus and public account
PASS fresh-blade · traveller survives actual production movement/combat
PASS fresh-blade · actual supported walking leg Verify the open apparatus and public account
PASS fresh-blade · traveller survives actual production movement/combat
PASS fresh-blade · actual supported walking leg Verify the open apparatus and public account
PASS fresh-blade · traveller survives actual production movement/combat
PASS fresh-blade · actual supported walking leg Verify the open apparatus and public account
PASS fresh-blade · traveller survives actual production movement/combat
PASS fresh-blade · actual supported walking leg Verify the open apparatus and public account
PASS fresh-blade · traveller survives actual production movement/combat
PASS fresh-blade · actual supported walking leg Verify the open apparatus and public account
PASS fresh-blade · traveller survives actual production movement/combat
PASS fresh-blade · actual supported walking leg Verify the open apparatus and public account
PASS fresh-blade · traveller survives actual production movement/combat
PASS fresh-blade · actual supported walking leg Verify the open apparatus and public account
PASS fresh-blade · traveller survives actual production movement/combat
PASS fresh-blade · actual supported walking leg Verify the open apparatus and public account
PASS fresh-blade · traveller survives actual production movement/combat
PASS fresh-blade · actual supported walking leg Verify the open apparatus and public account
PASS fresh-blade · traveller survives actual production movement/combat
PASS fresh-blade · actual supported walking leg Verify the open apparatus and public account
PASS fresh-blade · traveller survives actual production movement/combat
PASS fresh-blade · actual supported walking leg Verify the open apparatus and public account
PASS fresh-blade · traveller survives actual production movement/combat
PASS fresh-blade · actual supported walking leg Verify the open apparatus and public account
PASS fresh-blade · traveller survives actual production movement/combat
PASS fresh-blade · actual supported walking leg Verify the open apparatus and public account
PASS fresh-blade · traveller survives actual production movement/combat
PASS fresh-blade · actual supported walking leg Verify the open apparatus and public account
PASS fresh-blade · traveller survives actual production movement/combat
PASS fresh-blade · actual supported walking leg Verify the open apparatus and public account
PASS fresh-blade · traveller survives actual production movement/combat
PASS fresh-blade · actual supported walking leg Verify the open apparatus and public account
PASS fresh-blade · traveller survives actual production movement/combat
PASS fresh-blade · actual supported walking leg Verify the open apparatus and public account
PASS fresh-blade · traveller survives actual production movement/combat
PASS fresh-blade · actual supported walking leg Verify the open apparatus and public account
PASS fresh-blade · traveller survives actual production movement/combat
PASS fresh-blade · actual supported walking leg Verify the open apparatus and public account
PASS fresh-blade · traveller survives actual production movement/combat
PASS fresh-blade · actual supported walking leg Verify the open apparatus and public account
PASS fresh-blade · traveller survives actual production movement/combat
PASS fresh-blade · actual supported walking leg Verify the open apparatus and public account
PASS fresh-blade · traveller survives actual production movement/combat
PASS fresh-blade · actual supported walking leg Verify the open apparatus and public account
PASS fresh-blade · traveller survives actual production movement/combat
PASS fresh-blade · actual supported walking leg Verify the open apparatus and public account
PASS fresh-blade · traveller survives actual production movement/combat
PASS fresh-blade · actual supported walking leg Verify the open apparatus and public account
PASS fresh-blade · traveller survives actual production movement/combat
PASS fresh-blade · actual supported walking leg Verify the open apparatus and public account
PASS fresh-blade · traveller survives actual production movement/combat
PASS fresh-blade · actual supported walking leg Verify the open apparatus and public account
PASS fresh-blade · traveller survives actual production movement/combat
PASS fresh-blade · actual supported walking leg Verify the open apparatus and public account
PASS fresh-blade · traveller survives actual production movement/combat
PASS fresh-blade · actual supported walking leg Verify the open apparatus and public account
PASS fresh-blade · traveller survives actual production movement/combat
PASS fresh-blade · actual supported walking leg Verify the open apparatus and public account
PASS fresh-blade · traveller survives actual production movement/combat
PASS fresh-blade · actual supported walking leg Verify the open apparatus and public account
PASS fresh-blade · traveller survives actual production movement/combat
PASS fresh-blade · actual supported walking leg Verify the open apparatus and public account
PASS fresh-blade · traveller survives actual production movement/combat
PASS fresh-blade · actual supported walking leg Verify the open apparatus and public account
PASS fresh-blade · traveller survives actual production movement/combat
PASS fresh-blade · actual supported walking leg Verify the open apparatus and public account
PASS fresh-blade · traveller survives actual production movement/combat
PASS fresh-blade · actual supported walking leg Verify the open apparatus and public account
PASS fresh-blade · traveller survives actual production movement/combat
PASS fresh-blade · actual supported walking leg Verify the open apparatus and public account
PASS fresh-blade · traveller survives actual production movement/combat
PASS fresh-blade · actual supported walking leg Verify the open apparatus and public account
PASS fresh-blade · traveller survives actual production movement/combat
PASS fresh-blade · actual supported walking leg Verify the open apparatus and public account
PASS fresh-blade · traveller survives actual production movement/combat
PASS fresh-blade · actual supported walking leg Verify the open apparatus and public account
PASS fresh-blade · traveller survives actual production movement/combat
PASS fresh-blade · actual supported walking leg Verify the open apparatus and public account
PASS fresh-blade · traveller survives actual production movement/combat
PASS fresh-blade · actual supported walking leg Verify the open apparatus and public account
PASS fresh-blade · traveller survives actual production movement/combat
PASS fresh-blade · actual supported walking leg Verify the open apparatus and public account
PASS fresh-blade · traveller survives actual production movement/combat
PASS fresh-blade · actual supported walking leg Verify the open apparatus and public account
PASS fresh-blade · traveller survives actual production movement/combat
PASS fresh-blade · actual supported walking leg Verify the open apparatus and public account
PASS fresh-blade · traveller survives actual production movement/combat
PASS fresh-blade · actual supported walking leg Verify the open apparatus and public account
PASS fresh-blade · traveller survives actual production movement/combat
PASS fresh-blade · actual supported walking leg Verify the open apparatus and public account
PASS fresh-blade · production movement arrives near Verify the open apparatus and public account
PASS fresh-blade · actual physical UI operation records verify-open-bearings
PASS fresh-blade · operation never pays an independent fee verify-open-bearings
PASS fresh-blade · actual authored recognition caller remains visible and unpaid
PASS fresh-blade · all native work and combat leave the separate fee unpaid
PASS fresh-blade · verified-unpaid saves through native owner
PASS fresh-blade · verified-unpaid exact native full world is persisted
PASS fresh-blade · verified-unpaid preserves the full other original native character slot value
PASS fresh-blade · exact frozen HTML is served over isolated loopback
PASS fresh-blade · actual WebGL2 client is available
PASS fresh-blade · software renderer is explicitly observed
PASS fresh-blade · verified-unpaid whole-Chromium startup preserves exact bytes
PASS fresh-blade · verified-unpaid preserves previous history, opened/account facts and kit
PASS fresh-blade · verified-unpaid cold load preserves the full other original native character slot value
PASS fresh-blade · production route is accepted for ordinary Cosmos invitation
PASS fresh-blade · whole supported body route reaches ordinary Cosmos invitation
PASS fresh-blade · traveller survives actual production movement/combat
PASS fresh-blade · actual supported walking leg ordinary Cosmos invitation
PASS fresh-blade · production movement arrives near ordinary Cosmos invitation
PASS fresh-blade · physical arrival has no actor teleport for ordinary Cosmos invitation
PASS fresh-blade · native travel has explicit Cosmos confirmation
PASS fresh-blade · actual Cosmos physical owner handles the connected service road
PASS fresh-blade · no resolved machine recreates on native reentry
PASS fresh-blade · whole supported body route reaches Anik · observer
PASS fresh-blade · traveller survives actual production movement/combat
PASS fresh-blade · actual supported walking leg Anik · observer
PASS fresh-blade · traveller survives actual production movement/combat
PASS fresh-blade · actual supported walking leg Anik · observer
PASS fresh-blade · traveller survives actual production movement/combat
PASS fresh-blade · actual supported walking leg Anik · observer
PASS fresh-blade · traveller survives actual production movement/combat
PASS fresh-blade · actual supported walking leg Anik · observer
PASS fresh-blade · traveller survives actual production movement/combat
PASS fresh-blade · actual supported walking leg Anik · observer
PASS fresh-blade · traveller survives actual production movement/combat
PASS fresh-blade · actual supported walking leg Anik · observer
PASS fresh-blade · traveller survives actual production movement/combat
PASS fresh-blade · actual supported walking leg Anik · observer
PASS fresh-blade · traveller survives actual production movement/combat
PASS fresh-blade · actual supported walking leg Anik · observer
PASS fresh-blade · traveller survives actual production movement/combat
PASS fresh-blade · actual supported walking leg Anik · observer
PASS fresh-blade · traveller survives actual production movement/combat
PASS fresh-blade · actual supported walking leg Anik · observer
PASS fresh-blade · traveller survives actual production movement/combat
PASS fresh-blade · actual supported walking leg Anik · observer
PASS fresh-blade · traveller survives actual production movement/combat
PASS fresh-blade · actual supported walking leg Anik · observer
PASS fresh-blade · traveller survives actual production movement/combat
PASS fresh-blade · actual supported walking leg Anik · observer
PASS fresh-blade · traveller survives actual production movement/combat
PASS fresh-blade · actual supported walking leg Anik · observer
PASS fresh-blade · traveller survives actual production movement/combat
PASS fresh-blade · actual supported walking leg Anik · observer
PASS fresh-blade · traveller survives actual production movement/combat
PASS fresh-blade · actual supported walking leg Anik · observer
PASS fresh-blade · traveller survives actual production movement/combat
PASS fresh-blade · actual supported walking leg Anik · observer
PASS fresh-blade · traveller survives actual production movement/combat
PASS fresh-blade · actual supported walking leg Anik · observer
PASS fresh-blade · traveller survives actual production movement/combat
PASS fresh-blade · actual supported walking leg Anik · observer
PASS fresh-blade · traveller survives actual production movement/combat
PASS fresh-blade · actual supported walking leg Anik · observer
PASS fresh-blade · traveller survives actual production movement/combat
PASS fresh-blade · actual supported walking leg Anik · observer
PASS fresh-blade · traveller survives actual production movement/combat
PASS fresh-blade · actual supported walking leg Anik · observer
PASS fresh-blade · traveller survives actual production movement/combat
PASS fresh-blade · actual supported walking leg Anik · observer
PASS fresh-blade · traveller survives actual production movement/combat
PASS fresh-blade · actual supported walking leg Anik · observer
PASS fresh-blade · traveller survives actual production movement/combat
PASS fresh-blade · actual supported walking leg Anik · observer
PASS fresh-blade · traveller survives actual production movement/combat
PASS fresh-blade · actual supported walking leg Anik · observer
PASS fresh-blade · traveller survives actual production movement/combat
PASS fresh-blade · actual supported walking leg Anik · observer
PASS fresh-blade · traveller survives actual production movement/combat
PASS fresh-blade · actual supported walking leg Anik · observer
PASS fresh-blade · traveller survives actual production movement/combat
PASS fresh-blade · actual supported walking leg Anik · observer
PASS fresh-blade · traveller survives actual production movement/combat
PASS fresh-blade · actual supported walking leg Anik · observer
PASS fresh-blade · traveller survives actual production movement/combat
PASS fresh-blade · actual supported walking leg Anik · observer
PASS fresh-blade · traveller survives actual production movement/combat
PASS fresh-blade · actual supported walking leg Anik · observer
PASS fresh-blade · traveller survives actual production movement/combat
PASS fresh-blade · actual supported walking leg Anik · observer
PASS fresh-blade · traveller survives actual production movement/combat
PASS fresh-blade · actual supported walking leg Anik · observer
PASS fresh-blade · traveller survives actual production movement/combat
PASS fresh-blade · actual supported walking leg Anik · observer
PASS fresh-blade · traveller survives actual production movement/combat
PASS fresh-blade · actual supported walking leg Anik · observer
PASS fresh-blade · traveller survives actual production movement/combat
PASS fresh-blade · actual supported walking leg Anik · observer
PASS fresh-blade · traveller survives actual production movement/combat
PASS fresh-blade · actual supported walking leg Anik · observer
PASS fresh-blade · traveller survives actual production movement/combat
PASS fresh-blade · actual supported walking leg Anik · observer
PASS fresh-blade · traveller survives actual production movement/combat
PASS fresh-blade · actual supported walking leg Anik · observer
PASS fresh-blade · traveller survives actual production movement/combat
PASS fresh-blade · actual supported walking leg Anik · observer
PASS fresh-blade · traveller survives actual production movement/combat
PASS fresh-blade · actual supported walking leg Anik · observer
PASS fresh-blade · traveller survives actual production movement/combat
PASS fresh-blade · actual supported walking leg Anik · observer
PASS fresh-blade · traveller survives actual production movement/combat
PASS fresh-blade · actual supported walking leg Anik · observer
PASS fresh-blade · traveller survives actual production movement/combat
PASS fresh-blade · actual supported walking leg Anik · observer
PASS fresh-blade · traveller survives actual production movement/combat
PASS fresh-blade · actual supported walking leg Anik · observer
PASS fresh-blade · traveller survives actual production movement/combat
PASS fresh-blade · actual supported walking leg Anik · observer
PASS fresh-blade · traveller survives actual production movement/combat
PASS fresh-blade · actual supported walking leg Anik · observer
PASS fresh-blade · traveller survives actual production movement/combat
PASS fresh-blade · actual supported walking leg Anik · observer
PASS fresh-blade · traveller survives actual production movement/combat
PASS fresh-blade · actual supported walking leg Anik · observer
PASS fresh-blade · traveller survives actual production movement/combat
PASS fresh-blade · actual supported walking leg Anik · observer
PASS fresh-blade · traveller survives actual production movement/combat
PASS fresh-blade · actual supported walking leg Anik · observer
PASS fresh-blade · traveller survives actual production movement/combat
PASS fresh-blade · actual supported walking leg Anik · observer
PASS fresh-blade · traveller survives actual production movement/combat
PASS fresh-blade · actual supported walking leg Anik · observer
PASS fresh-blade · traveller survives actual production movement/combat
PASS fresh-blade · actual supported walking leg Anik · observer
PASS fresh-blade · traveller survives actual production movement/combat
PASS fresh-blade · actual supported walking leg Anik · observer
PASS fresh-blade · traveller survives actual production movement/combat
PASS fresh-blade · actual supported walking leg Anik · observer
PASS fresh-blade · traveller survives actual production movement/combat
PASS fresh-blade · actual supported walking leg Anik · observer
PASS fresh-blade · traveller survives actual production movement/combat
PASS fresh-blade · actual supported walking leg Anik · observer
PASS fresh-blade · traveller survives actual production movement/combat
PASS fresh-blade · actual supported walking leg Anik · observer
PASS fresh-blade · traveller survives actual production movement/combat
PASS fresh-blade · actual supported walking leg Anik · observer
PASS fresh-blade · traveller survives actual production movement/combat
PASS fresh-blade · actual supported walking leg Anik · observer
PASS fresh-blade · traveller survives actual production movement/combat
PASS fresh-blade · actual supported walking leg Anik · observer
PASS fresh-blade · traveller survives actual production movement/combat
PASS fresh-blade · actual supported walking leg Anik · observer
PASS fresh-blade · traveller survives actual production movement/combat
PASS fresh-blade · actual supported walking leg Anik · observer
PASS fresh-blade · production movement arrives near Anik · observer
PASS fresh-blade · deliberate whole fixed fee pays once without equip/refill
PASS fresh-blade · all previous owners, gear, sockets and choices remain
PASS fresh-blade · paid-once saves through native owner
PASS fresh-blade · paid-once exact native full world is persisted
PASS fresh-blade · paid-once preserves the full other original native character slot value
PASS fresh-blade · exact frozen HTML is served over isolated loopback
PASS fresh-blade · actual WebGL2 client is available
PASS fresh-blade · software renderer is explicitly observed
PASS fresh-blade · paid-once whole-Chromium startup preserves exact bytes
PASS fresh-blade · paid-once preserves previous history, opened/account facts and kit
PASS fresh-blade · paid-once cold load preserves the full other original native character slot value
PASS fresh-blade · production route is accepted for ordinary Cosmos invitation
PASS fresh-blade · whole supported body route reaches ordinary Cosmos invitation
PASS fresh-blade · traveller survives actual production movement/combat
PASS fresh-blade · actual supported walking leg ordinary Cosmos invitation
PASS fresh-blade · production movement arrives near ordinary Cosmos invitation
PASS fresh-blade · physical arrival has no actor teleport for ordinary Cosmos invitation
PASS fresh-blade · native travel has explicit Cosmos confirmation
PASS fresh-blade · actual Cosmos physical owner handles the connected service road
PASS fresh-blade · no resolved machine recreates on native reentry
PASS fresh-blade · labelled production replay never duplicates the native fee
PASS fresh-blade · production route is accepted for ordinary supported return at Three Lamps
PASS fresh-blade · whole supported body route reaches ordinary supported return at Three Lamps
PASS fresh-blade · traveller survives actual production movement/combat
PASS fresh-blade · actual supported walking leg ordinary supported return at Three Lamps
PASS fresh-blade · production movement arrives near ordinary supported return at Three Lamps
PASS fresh-blade · physical arrival has no actor teleport for ordinary supported return at Three Lamps
PASS fresh-blade · normal native return keeps open/account/paid facts
PASS fresh-blade · whole earned campaign preserves the full other original native character slot value
PASS fresh-blade-SYNTHETIC-crystal-capacity · at most six owned profiles
PASS fresh-blade-SYNTHETIC-crystal-capacity · exact frozen HTML is served over isolated loopback
PASS fresh-blade-SYNTHETIC-crystal-capacity · actual WebGL2 client is available
PASS fresh-blade-SYNTHETIC-crystal-capacity · software renderer is explicitly observed
PASS fresh-blade-SYNTHETIC-crystal-capacity · visible import adds a character and preserves original legacy save bytes
PASS fresh-blade-SYNTHETIC-crystal-capacity · production route is accepted for ordinary Cosmos invitation
PASS fresh-blade-SYNTHETIC-crystal-capacity · whole supported body route reaches ordinary Cosmos invitation
PASS fresh-blade-SYNTHETIC-crystal-capacity · traveller survives actual production movement/combat
PASS fresh-blade-SYNTHETIC-crystal-capacity · actual supported walking leg ordinary Cosmos invitation
PASS fresh-blade-SYNTHETIC-crystal-capacity · production movement arrives near ordinary Cosmos invitation
PASS fresh-blade-SYNTHETIC-crystal-capacity · physical arrival has no actor teleport for ordinary Cosmos invitation
PASS fresh-blade-SYNTHETIC-crystal-capacity · native travel has explicit Cosmos confirmation
PASS fresh-blade-SYNTHETIC-crystal-capacity · actual Cosmos physical owner handles the connected service road
PASS fresh-blade-SYNTHETIC-crystal-capacity · no resolved machine recreates on native reentry
PASS fresh-blade-SYNTHETIC-crystal-capacity · whole supported body route reaches Anik · observer
PASS fresh-blade-SYNTHETIC-crystal-capacity · traveller survives actual production movement/combat
PASS fresh-blade-SYNTHETIC-crystal-capacity · actual supported walking leg Anik · observer
PASS fresh-blade-SYNTHETIC-crystal-capacity · traveller survives actual production movement/combat
PASS fresh-blade-SYNTHETIC-crystal-capacity · actual supported walking leg Anik · observer
PASS fresh-blade-SYNTHETIC-crystal-capacity · traveller survives actual production movement/combat
PASS fresh-blade-SYNTHETIC-crystal-capacity · actual supported walking leg Anik · observer
PASS fresh-blade-SYNTHETIC-crystal-capacity · traveller survives actual production movement/combat
PASS fresh-blade-SYNTHETIC-crystal-capacity · actual supported walking leg Anik · observer
PASS fresh-blade-SYNTHETIC-crystal-capacity · traveller survives actual production movement/combat
PASS fresh-blade-SYNTHETIC-crystal-capacity · actual supported walking leg Anik · observer
PASS fresh-blade-SYNTHETIC-crystal-capacity · traveller survives actual production movement/combat
PASS fresh-blade-SYNTHETIC-crystal-capacity · actual supported walking leg Anik · observer
PASS fresh-blade-SYNTHETIC-crystal-capacity · traveller survives actual production movement/combat
PASS fresh-blade-SYNTHETIC-crystal-capacity · actual supported walking leg Anik · observer
PASS fresh-blade-SYNTHETIC-crystal-capacity · traveller survives actual production movement/combat
PASS fresh-blade-SYNTHETIC-crystal-capacity · actual supported walking leg Anik · observer
PASS fresh-blade-SYNTHETIC-crystal-capacity · traveller survives actual production movement/combat
PASS fresh-blade-SYNTHETIC-crystal-capacity · actual supported walking leg Anik · observer
PASS fresh-blade-SYNTHETIC-crystal-capacity · traveller survives actual production movement/combat
PASS fresh-blade-SYNTHETIC-crystal-capacity · actual supported walking leg Anik · observer
PASS fresh-blade-SYNTHETIC-crystal-capacity · traveller survives actual production movement/combat
PASS fresh-blade-SYNTHETIC-crystal-capacity · actual supported walking leg Anik · observer
PASS fresh-blade-SYNTHETIC-crystal-capacity · traveller survives actual production movement/combat
PASS fresh-blade-SYNTHETIC-crystal-capacity · actual supported walking leg Anik · observer
PASS fresh-blade-SYNTHETIC-crystal-capacity · traveller survives actual production movement/combat
PASS fresh-blade-SYNTHETIC-crystal-capacity · actual supported walking leg Anik · observer
PASS fresh-blade-SYNTHETIC-crystal-capacity · traveller survives actual production movement/combat
PASS fresh-blade-SYNTHETIC-crystal-capacity · actual supported walking leg Anik · observer
PASS fresh-blade-SYNTHETIC-crystal-capacity · traveller survives actual production movement/combat
PASS fresh-blade-SYNTHETIC-crystal-capacity · actual supported walking leg Anik · observer
PASS fresh-blade-SYNTHETIC-crystal-capacity · traveller survives actual production movement/combat
PASS fresh-blade-SYNTHETIC-crystal-capacity · actual supported walking leg Anik · observer
PASS fresh-blade-SYNTHETIC-crystal-capacity · traveller survives actual production movement/combat
PASS fresh-blade-SYNTHETIC-crystal-capacity · actual supported walking leg Anik · observer
PASS fresh-blade-SYNTHETIC-crystal-capacity · traveller survives actual production movement/combat
PASS fresh-blade-SYNTHETIC-crystal-capacity · actual supported walking leg Anik · observer
PASS fresh-blade-SYNTHETIC-crystal-capacity · traveller survives actual production movement/combat
PASS fresh-blade-SYNTHETIC-crystal-capacity · actual supported walking leg Anik · observer
PASS fresh-blade-SYNTHETIC-crystal-capacity · traveller survives actual production movement/combat
PASS fresh-blade-SYNTHETIC-crystal-capacity · actual supported walking leg Anik · observer
PASS fresh-blade-SYNTHETIC-crystal-capacity · traveller survives actual production movement/combat
PASS fresh-blade-SYNTHETIC-crystal-capacity · actual supported walking leg Anik · observer
PASS fresh-blade-SYNTHETIC-crystal-capacity · traveller survives actual production movement/combat
PASS fresh-blade-SYNTHETIC-crystal-capacity · actual supported walking leg Anik · observer
PASS fresh-blade-SYNTHETIC-crystal-capacity · traveller survives actual production movement/combat
PASS fresh-blade-SYNTHETIC-crystal-capacity · actual supported walking leg Anik · observer
PASS fresh-blade-SYNTHETIC-crystal-capacity · traveller survives actual production movement/combat
PASS fresh-blade-SYNTHETIC-crystal-capacity · actual supported walking leg Anik · observer
PASS fresh-blade-SYNTHETIC-crystal-capacity · traveller survives actual production movement/combat
PASS fresh-blade-SYNTHETIC-crystal-capacity · actual supported walking leg Anik · observer
PASS fresh-blade-SYNTHETIC-crystal-capacity · traveller survives actual production movement/combat
PASS fresh-blade-SYNTHETIC-crystal-capacity · actual supported walking leg Anik · observer
PASS fresh-blade-SYNTHETIC-crystal-capacity · traveller survives actual production movement/combat
PASS fresh-blade-SYNTHETIC-crystal-capacity · actual supported walking leg Anik · observer
PASS fresh-blade-SYNTHETIC-crystal-capacity · traveller survives actual production movement/combat
PASS fresh-blade-SYNTHETIC-crystal-capacity · actual supported walking leg Anik · observer
PASS fresh-blade-SYNTHETIC-crystal-capacity · traveller survives actual production movement/combat
PASS fresh-blade-SYNTHETIC-crystal-capacity · actual supported walking leg Anik · observer
PASS fresh-blade-SYNTHETIC-crystal-capacity · traveller survives actual production movement/combat
PASS fresh-blade-SYNTHETIC-crystal-capacity · actual supported walking leg Anik · observer
PASS fresh-blade-SYNTHETIC-crystal-capacity · traveller survives actual production movement/combat
PASS fresh-blade-SYNTHETIC-crystal-capacity · actual supported walking leg Anik · observer
PASS fresh-blade-SYNTHETIC-crystal-capacity · traveller survives actual production movement/combat
PASS fresh-blade-SYNTHETIC-crystal-capacity · actual supported walking leg Anik · observer
PASS fresh-blade-SYNTHETIC-crystal-capacity · traveller survives actual production movement/combat
PASS fresh-blade-SYNTHETIC-crystal-capacity · actual supported walking leg Anik · observer
PASS fresh-blade-SYNTHETIC-crystal-capacity · traveller survives actual production movement/combat
PASS fresh-blade-SYNTHETIC-crystal-capacity · actual supported walking leg Anik · observer
PASS fresh-blade-SYNTHETIC-crystal-capacity · traveller survives actual production movement/combat
PASS fresh-blade-SYNTHETIC-crystal-capacity · actual supported walking leg Anik · observer
PASS fresh-blade-SYNTHETIC-crystal-capacity · traveller survives actual production movement/combat
PASS fresh-blade-SYNTHETIC-crystal-capacity · actual supported walking leg Anik · observer
PASS fresh-blade-SYNTHETIC-crystal-capacity · traveller survives actual production movement/combat
PASS fresh-blade-SYNTHETIC-crystal-capacity · actual supported walking leg Anik · observer
PASS fresh-blade-SYNTHETIC-crystal-capacity · traveller survives actual production movement/combat
PASS fresh-blade-SYNTHETIC-crystal-capacity · actual supported walking leg Anik · observer
PASS fresh-blade-SYNTHETIC-crystal-capacity · traveller survives actual production movement/combat
PASS fresh-blade-SYNTHETIC-crystal-capacity · actual supported walking leg Anik · observer
PASS fresh-blade-SYNTHETIC-crystal-capacity · traveller survives actual production movement/combat
PASS fresh-blade-SYNTHETIC-crystal-capacity · actual supported walking leg Anik · observer
PASS fresh-blade-SYNTHETIC-crystal-capacity · traveller survives actual production movement/combat
PASS fresh-blade-SYNTHETIC-crystal-capacity · actual supported walking leg Anik · observer
PASS fresh-blade-SYNTHETIC-crystal-capacity · traveller survives actual production movement/combat
PASS fresh-blade-SYNTHETIC-crystal-capacity · actual supported walking leg Anik · observer
PASS fresh-blade-SYNTHETIC-crystal-capacity · traveller survives actual production movement/combat
PASS fresh-blade-SYNTHETIC-crystal-capacity · actual supported walking leg Anik · observer
PASS fresh-blade-SYNTHETIC-crystal-capacity · traveller survives actual production movement/combat
PASS fresh-blade-SYNTHETIC-crystal-capacity · actual supported walking leg Anik · observer
PASS fresh-blade-SYNTHETIC-crystal-capacity · traveller survives actual production movement/combat
PASS fresh-blade-SYNTHETIC-crystal-capacity · actual supported walking leg Anik · observer
PASS fresh-blade-SYNTHETIC-crystal-capacity · traveller survives actual production movement/combat
PASS fresh-blade-SYNTHETIC-crystal-capacity · actual supported walking leg Anik · observer
PASS fresh-blade-SYNTHETIC-crystal-capacity · traveller survives actual production movement/combat
PASS fresh-blade-SYNTHETIC-crystal-capacity · actual supported walking leg Anik · observer
PASS fresh-blade-SYNTHETIC-crystal-capacity · traveller survives actual production movement/combat
PASS fresh-blade-SYNTHETIC-crystal-capacity · actual supported walking leg Anik · observer
PASS fresh-blade-SYNTHETIC-crystal-capacity · traveller survives actual production movement/combat
PASS fresh-blade-SYNTHETIC-crystal-capacity · actual supported walking leg Anik · observer
PASS fresh-blade-SYNTHETIC-crystal-capacity · traveller survives actual production movement/combat
PASS fresh-blade-SYNTHETIC-crystal-capacity · actual supported walking leg Anik · observer
PASS fresh-blade-SYNTHETIC-crystal-capacity · traveller survives actual production movement/combat
PASS fresh-blade-SYNTHETIC-crystal-capacity · actual supported walking leg Anik · observer
PASS fresh-blade-SYNTHETIC-crystal-capacity · traveller survives actual production movement/combat
PASS fresh-blade-SYNTHETIC-crystal-capacity · actual supported walking leg Anik · observer
PASS fresh-blade-SYNTHETIC-crystal-capacity · traveller survives actual production movement/combat
PASS fresh-blade-SYNTHETIC-crystal-capacity · actual supported walking leg Anik · observer
PASS fresh-blade-SYNTHETIC-crystal-capacity · traveller survives actual production movement/combat
PASS fresh-blade-SYNTHETIC-crystal-capacity · actual supported walking leg Anik · observer
PASS fresh-blade-SYNTHETIC-crystal-capacity · traveller survives actual production movement/combat
PASS fresh-blade-SYNTHETIC-crystal-capacity · actual supported walking leg Anik · observer
PASS fresh-blade-SYNTHETIC-crystal-capacity · traveller survives actual production movement/combat
PASS fresh-blade-SYNTHETIC-crystal-capacity · actual supported walking leg Anik · observer
PASS fresh-blade-SYNTHETIC-crystal-capacity · traveller survives actual production movement/combat
PASS fresh-blade-SYNTHETIC-crystal-capacity · actual supported walking leg Anik · observer
PASS fresh-blade-SYNTHETIC-crystal-capacity · traveller survives actual production movement/combat
PASS fresh-blade-SYNTHETIC-crystal-capacity · actual supported walking leg Anik · observer
PASS fresh-blade-SYNTHETIC-crystal-capacity · traveller survives actual production movement/combat
PASS fresh-blade-SYNTHETIC-crystal-capacity · actual supported walking leg Anik · observer
PASS fresh-blade-SYNTHETIC-crystal-capacity · traveller survives actual production movement/combat
PASS fresh-blade-SYNTHETIC-crystal-capacity · actual supported walking leg Anik · observer
PASS fresh-blade-SYNTHETIC-crystal-capacity · traveller survives actual production movement/combat
PASS fresh-blade-SYNTHETIC-crystal-capacity · actual supported walking leg Anik · observer
PASS fresh-blade-SYNTHETIC-crystal-capacity · traveller survives actual production movement/combat
PASS fresh-blade-SYNTHETIC-crystal-capacity · actual supported walking leg Anik · observer
PASS fresh-blade-SYNTHETIC-crystal-capacity · traveller survives actual production movement/combat
PASS fresh-blade-SYNTHETIC-crystal-capacity · actual supported walking leg Anik · observer
PASS fresh-blade-SYNTHETIC-crystal-capacity · traveller survives actual production movement/combat
PASS fresh-blade-SYNTHETIC-crystal-capacity · actual supported walking leg Anik · observer
PASS fresh-blade-SYNTHETIC-crystal-capacity · traveller survives actual production movement/combat
PASS fresh-blade-SYNTHETIC-crystal-capacity · actual supported walking leg Anik · observer
PASS fresh-blade-SYNTHETIC-crystal-capacity · production movement arrives near Anik · observer
PASS fresh-blade-SYNTHETIC-crystal-capacity · atomic crystal-capacity leaves complete state and native bytes unchanged
PASS fresh-blade-SYNTHETIC-crystal-capacity · atomic refusal visibly stays unpaid and open
PASS fresh-blade-SYNTHETIC-crystal-capacity · isolated synthetic fixture preserves the full other original native character slot value
PASS fresh-blade-SYNTHETIC-claim-write-refusal · at most six owned profiles
PASS fresh-blade-SYNTHETIC-claim-write-refusal · exact frozen HTML is served over isolated loopback
PASS fresh-blade-SYNTHETIC-claim-write-refusal · actual WebGL2 client is available
PASS fresh-blade-SYNTHETIC-claim-write-refusal · software renderer is explicitly observed
PASS fresh-blade-SYNTHETIC-claim-write-refusal · visible import adds a character and preserves original legacy save bytes
PASS fresh-blade-SYNTHETIC-claim-write-refusal · production route is accepted for ordinary Cosmos invitation
PASS fresh-blade-SYNTHETIC-claim-write-refusal · whole supported body route reaches ordinary Cosmos invitation
PASS fresh-blade-SYNTHETIC-claim-write-refusal · traveller survives actual production movement/combat
PASS fresh-blade-SYNTHETIC-claim-write-refusal · actual supported walking leg ordinary Cosmos invitation
PASS fresh-blade-SYNTHETIC-claim-write-refusal · production movement arrives near ordinary Cosmos invitation
PASS fresh-blade-SYNTHETIC-claim-write-refusal · physical arrival has no actor teleport for ordinary Cosmos invitation
PASS fresh-blade-SYNTHETIC-claim-write-refusal · native travel has explicit Cosmos confirmation
PASS fresh-blade-SYNTHETIC-claim-write-refusal · actual Cosmos physical owner handles the connected service road
PASS fresh-blade-SYNTHETIC-claim-write-refusal · no resolved machine recreates on native reentry
PASS fresh-blade-SYNTHETIC-claim-write-refusal · whole supported body route reaches Anik · observer
PASS fresh-blade-SYNTHETIC-claim-write-refusal · traveller survives actual production movement/combat
PASS fresh-blade-SYNTHETIC-claim-write-refusal · actual supported walking leg Anik · observer
PASS fresh-blade-SYNTHETIC-claim-write-refusal · traveller survives actual production movement/combat
PASS fresh-blade-SYNTHETIC-claim-write-refusal · actual supported walking leg Anik · observer
PASS fresh-blade-SYNTHETIC-claim-write-refusal · traveller survives actual production movement/combat
PASS fresh-blade-SYNTHETIC-claim-write-refusal · actual supported walking leg Anik · observer
PASS fresh-blade-SYNTHETIC-claim-write-refusal · traveller survives actual production movement/combat
PASS fresh-blade-SYNTHETIC-claim-write-refusal · actual supported walking leg Anik · observer
PASS fresh-blade-SYNTHETIC-claim-write-refusal · traveller survives actual production movement/combat
PASS fresh-blade-SYNTHETIC-claim-write-refusal · actual supported walking leg Anik · observer
PASS fresh-blade-SYNTHETIC-claim-write-refusal · traveller survives actual production movement/combat
PASS fresh-blade-SYNTHETIC-claim-write-refusal · actual supported walking leg Anik · observer
PASS fresh-blade-SYNTHETIC-claim-write-refusal · traveller survives actual production movement/combat
PASS fresh-blade-SYNTHETIC-claim-write-refusal · actual supported walking leg Anik · observer
PASS fresh-blade-SYNTHETIC-claim-write-refusal · traveller survives actual production movement/combat
PASS fresh-blade-SYNTHETIC-claim-write-refusal · actual supported walking leg Anik · observer
PASS fresh-blade-SYNTHETIC-claim-write-refusal · traveller survives actual production movement/combat
PASS fresh-blade-SYNTHETIC-claim-write-refusal · actual supported walking leg Anik · observer
PASS fresh-blade-SYNTHETIC-claim-write-refusal · traveller survives actual production movement/combat
PASS fresh-blade-SYNTHETIC-claim-write-refusal · actual supported walking leg Anik · observer
PASS fresh-blade-SYNTHETIC-claim-write-refusal · traveller survives actual production movement/combat
PASS fresh-blade-SYNTHETIC-claim-write-refusal · actual supported walking leg Anik · observer
PASS fresh-blade-SYNTHETIC-claim-write-refusal · traveller survives actual production movement/combat
PASS fresh-blade-SYNTHETIC-claim-write-refusal · actual supported walking leg Anik · observer
PASS fresh-blade-SYNTHETIC-claim-write-refusal · traveller survives actual production movement/combat
PASS fresh-blade-SYNTHETIC-claim-write-refusal · actual supported walking leg Anik · observer
PASS fresh-blade-SYNTHETIC-claim-write-refusal · traveller survives actual production movement/combat
PASS fresh-blade-SYNTHETIC-claim-write-refusal · actual supported walking leg Anik · observer
PASS fresh-blade-SYNTHETIC-claim-write-refusal · traveller survives actual production movement/combat
PASS fresh-blade-SYNTHETIC-claim-write-refusal · actual supported walking leg Anik · observer
PASS fresh-blade-SYNTHETIC-claim-write-refusal · traveller survives actual production movement/combat
PASS fresh-blade-SYNTHETIC-claim-write-refusal · actual supported walking leg Anik · observer
PASS fresh-blade-SYNTHETIC-claim-write-refusal · traveller survives actual production movement/combat
PASS fresh-blade-SYNTHETIC-claim-write-refusal · actual supported walking leg Anik · observer
PASS fresh-blade-SYNTHETIC-claim-write-refusal · traveller survives actual production movement/combat
PASS fresh-blade-SYNTHETIC-claim-write-refusal · actual supported walking leg Anik · observer
PASS fresh-blade-SYNTHETIC-claim-write-refusal · traveller survives actual production movement/combat
PASS fresh-blade-SYNTHETIC-claim-write-refusal · actual supported walking leg Anik · observer
PASS fresh-blade-SYNTHETIC-claim-write-refusal · traveller survives actual production movement/combat
PASS fresh-blade-SYNTHETIC-claim-write-refusal · actual supported walking leg Anik · observer
PASS fresh-blade-SYNTHETIC-claim-write-refusal · traveller survives actual production movement/combat
PASS fresh-blade-SYNTHETIC-claim-write-refusal · actual supported walking leg Anik · observer
PASS fresh-blade-SYNTHETIC-claim-write-refusal · traveller survives actual production movement/combat
PASS fresh-blade-SYNTHETIC-claim-write-refusal · actual supported walking leg Anik · observer
PASS fresh-blade-SYNTHETIC-claim-write-refusal · traveller survives actual production movement/combat
PASS fresh-blade-SYNTHETIC-claim-write-refusal · actual supported walking leg Anik · observer
PASS fresh-blade-SYNTHETIC-claim-write-refusal · traveller survives actual production movement/combat
PASS fresh-blade-SYNTHETIC-claim-write-refusal · actual supported walking leg Anik · observer
PASS fresh-blade-SYNTHETIC-claim-write-refusal · traveller survives actual production movement/combat
PASS fresh-blade-SYNTHETIC-claim-write-refusal · actual supported walking leg Anik · observer
PASS fresh-blade-SYNTHETIC-claim-write-refusal · traveller survives actual production movement/combat
PASS fresh-blade-SYNTHETIC-claim-write-refusal · actual supported walking leg Anik · observer
PASS fresh-blade-SYNTHETIC-claim-write-refusal · traveller survives actual production movement/combat
PASS fresh-blade-SYNTHETIC-claim-write-refusal · actual supported walking leg Anik · observer
PASS fresh-blade-SYNTHETIC-claim-write-refusal · traveller survives actual production movement/combat
PASS fresh-blade-SYNTHETIC-claim-write-refusal · actual supported walking leg Anik · observer
PASS fresh-blade-SYNTHETIC-claim-write-refusal · traveller survives actual production movement/combat
PASS fresh-blade-SYNTHETIC-claim-write-refusal · actual supported walking leg Anik · observer
PASS fresh-blade-SYNTHETIC-claim-write-refusal · traveller survives actual production movement/combat
PASS fresh-blade-SYNTHETIC-claim-write-refusal · actual supported walking leg Anik · observer
PASS fresh-blade-SYNTHETIC-claim-write-refusal · traveller survives actual production movement/combat
PASS fresh-blade-SYNTHETIC-claim-write-refusal · actual supported walking leg Anik · observer
PASS fresh-blade-SYNTHETIC-claim-write-refusal · traveller survives actual production movement/combat
PASS fresh-blade-SYNTHETIC-claim-write-refusal · actual supported walking leg Anik · observer
PASS fresh-blade-SYNTHETIC-claim-write-refusal · traveller survives actual production movement/combat
PASS fresh-blade-SYNTHETIC-claim-write-refusal · actual supported walking leg Anik · observer
PASS fresh-blade-SYNTHETIC-claim-write-refusal · traveller survives actual production movement/combat
PASS fresh-blade-SYNTHETIC-claim-write-refusal · actual supported walking leg Anik · observer
PASS fresh-blade-SYNTHETIC-claim-write-refusal · traveller survives actual production movement/combat
PASS fresh-blade-SYNTHETIC-claim-write-refusal · actual supported walking leg Anik · observer
PASS fresh-blade-SYNTHETIC-claim-write-refusal · traveller survives actual production movement/combat
PASS fresh-blade-SYNTHETIC-claim-write-refusal · actual supported walking leg Anik · observer
PASS fresh-blade-SYNTHETIC-claim-write-refusal · traveller survives actual production movement/combat
PASS fresh-blade-SYNTHETIC-claim-write-refusal · actual supported walking leg Anik · observer
PASS fresh-blade-SYNTHETIC-claim-write-refusal · traveller survives actual production movement/combat
PASS fresh-blade-SYNTHETIC-claim-write-refusal · actual supported walking leg Anik · observer
PASS fresh-blade-SYNTHETIC-claim-write-refusal · traveller survives actual production movement/combat
PASS fresh-blade-SYNTHETIC-claim-write-refusal · actual supported walking leg Anik · observer
PASS fresh-blade-SYNTHETIC-claim-write-refusal · traveller survives actual production movement/combat
PASS fresh-blade-SYNTHETIC-claim-write-refusal · actual supported walking leg Anik · observer
PASS fresh-blade-SYNTHETIC-claim-write-refusal · traveller survives actual production movement/combat
PASS fresh-blade-SYNTHETIC-claim-write-refusal · actual supported walking leg Anik · observer
PASS fresh-blade-SYNTHETIC-claim-write-refusal · traveller survives actual production movement/combat
PASS fresh-blade-SYNTHETIC-claim-write-refusal · actual supported walking leg Anik · observer
PASS fresh-blade-SYNTHETIC-claim-write-refusal · traveller survives actual production movement/combat
PASS fresh-blade-SYNTHETIC-claim-write-refusal · actual supported walking leg Anik · observer
PASS fresh-blade-SYNTHETIC-claim-write-refusal · traveller survives actual production movement/combat
PASS fresh-blade-SYNTHETIC-claim-write-refusal · actual supported walking leg Anik · observer
PASS fresh-blade-SYNTHETIC-claim-write-refusal · traveller survives actual production movement/combat
PASS fresh-blade-SYNTHETIC-claim-write-refusal · actual supported walking leg Anik · observer
PASS fresh-blade-SYNTHETIC-claim-write-refusal · traveller survives actual production movement/combat
PASS fresh-blade-SYNTHETIC-claim-write-refusal · actual supported walking leg Anik · observer
PASS fresh-blade-SYNTHETIC-claim-write-refusal · traveller survives actual production movement/combat
PASS fresh-blade-SYNTHETIC-claim-write-refusal · actual supported walking leg Anik · observer
PASS fresh-blade-SYNTHETIC-claim-write-refusal · traveller survives actual production movement/combat
PASS fresh-blade-SYNTHETIC-claim-write-refusal · actual supported walking leg Anik · observer
PASS fresh-blade-SYNTHETIC-claim-write-refusal · traveller survives actual production movement/combat
PASS fresh-blade-SYNTHETIC-claim-write-refusal · actual supported walking leg Anik · observer
PASS fresh-blade-SYNTHETIC-claim-write-refusal · traveller survives actual production movement/combat
PASS fresh-blade-SYNTHETIC-claim-write-refusal · actual supported walking leg Anik · observer
PASS fresh-blade-SYNTHETIC-claim-write-refusal · traveller survives actual production movement/combat
PASS fresh-blade-SYNTHETIC-claim-write-refusal · actual supported walking leg Anik · observer
PASS fresh-blade-SYNTHETIC-claim-write-refusal · traveller survives actual production movement/combat
PASS fresh-blade-SYNTHETIC-claim-write-refusal · actual supported walking leg Anik · observer
PASS fresh-blade-SYNTHETIC-claim-write-refusal · traveller survives actual production movement/combat
PASS fresh-blade-SYNTHETIC-claim-write-refusal · actual supported walking leg Anik · observer
PASS fresh-blade-SYNTHETIC-claim-write-refusal · traveller survives actual production movement/combat
PASS fresh-blade-SYNTHETIC-claim-write-refusal · actual supported walking leg Anik · observer
PASS fresh-blade-SYNTHETIC-claim-write-refusal · traveller survives actual production movement/combat
PASS fresh-blade-SYNTHETIC-claim-write-refusal · actual supported walking leg Anik · observer
PASS fresh-blade-SYNTHETIC-claim-write-refusal · traveller survives actual production movement/combat
PASS fresh-blade-SYNTHETIC-claim-write-refusal · actual supported walking leg Anik · observer
PASS fresh-blade-SYNTHETIC-claim-write-refusal · traveller survives actual production movement/combat
PASS fresh-blade-SYNTHETIC-claim-write-refusal · actual supported walking leg Anik · observer
PASS fresh-blade-SYNTHETIC-claim-write-refusal · traveller survives actual production movement/combat
PASS fresh-blade-SYNTHETIC-claim-write-refusal · actual supported walking leg Anik · observer
PASS fresh-blade-SYNTHETIC-claim-write-refusal · traveller survives actual production movement/combat
PASS fresh-blade-SYNTHETIC-claim-write-refusal · actual supported walking leg Anik · observer
PASS fresh-blade-SYNTHETIC-claim-write-refusal · traveller survives actual production movement/combat
PASS fresh-blade-SYNTHETIC-claim-write-refusal · actual supported walking leg Anik · observer
PASS fresh-blade-SYNTHETIC-claim-write-refusal · traveller survives actual production movement/combat
PASS fresh-blade-SYNTHETIC-claim-write-refusal · actual supported walking leg Anik · observer
PASS fresh-blade-SYNTHETIC-claim-write-refusal · traveller survives actual production movement/combat
PASS fresh-blade-SYNTHETIC-claim-write-refusal · actual supported walking leg Anik · observer
PASS fresh-blade-SYNTHETIC-claim-write-refusal · traveller survives actual production movement/combat
PASS fresh-blade-SYNTHETIC-claim-write-refusal · actual supported walking leg Anik · observer
PASS fresh-blade-SYNTHETIC-claim-write-refusal · traveller survives actual production movement/combat
PASS fresh-blade-SYNTHETIC-claim-write-refusal · actual supported walking leg Anik · observer
PASS fresh-blade-SYNTHETIC-claim-write-refusal · traveller survives actual production movement/combat
PASS fresh-blade-SYNTHETIC-claim-write-refusal · actual supported walking leg Anik · observer
PASS fresh-blade-SYNTHETIC-claim-write-refusal · production movement arrives near Anik · observer
PASS fresh-blade-SYNTHETIC-claim-write-refusal · atomic claim-write-refusal leaves complete state and native bytes unchanged
PASS fresh-blade-SYNTHETIC-claim-write-refusal · atomic refusal visibly stays unpaid and open
PASS fresh-blade-SYNTHETIC-claim-write-refusal · deliberate whole fixed fee pays once without equip/refill
PASS fresh-blade-SYNTHETIC-claim-write-refusal · isolated synthetic fixture preserves the full other original native character slot value
PASS fresh-bow · at most six owned profiles
PASS fresh-bow · exact frozen HTML is served over isolated loopback
PASS fresh-bow · actual WebGL2 client is available
PASS fresh-bow · software renderer is explicitly observed
PASS fresh-bow · visible import adds a character and preserves original legacy save bytes
PASS fresh-bow · native seed imports genuinely earned comparator and kit
PASS fresh-bow · production route is accepted for ordinary Cosmos invitation
PASS fresh-bow · whole supported body route reaches ordinary Cosmos invitation
PASS fresh-bow · traveller survives actual production movement/combat
PASS fresh-bow · actual supported walking leg ordinary Cosmos invitation
PASS fresh-bow · traveller survives actual production movement/combat
PASS fresh-bow · actual supported walking leg ordinary Cosmos invitation
PASS fresh-bow · traveller survives actual production movement/combat
PASS fresh-bow · actual supported walking leg ordinary Cosmos invitation
PASS fresh-bow · traveller survives actual production movement/combat
PASS fresh-bow · actual supported walking leg ordinary Cosmos invitation
PASS fresh-bow · traveller survives actual production movement/combat
PASS fresh-bow · actual supported walking leg ordinary Cosmos invitation
PASS fresh-bow · traveller survives actual production movement/combat
PASS fresh-bow · actual supported walking leg ordinary Cosmos invitation
PASS fresh-bow · traveller survives actual production movement/combat
PASS fresh-bow · actual supported walking leg ordinary Cosmos invitation
PASS fresh-bow · traveller survives actual production movement/combat
PASS fresh-bow · actual supported walking leg ordinary Cosmos invitation
PASS fresh-bow · traveller survives actual production movement/combat
PASS fresh-bow · actual supported walking leg ordinary Cosmos invitation
PASS fresh-bow · traveller survives actual production movement/combat
PASS fresh-bow · actual supported walking leg ordinary Cosmos invitation
PASS fresh-bow · traveller survives actual production movement/combat
PASS fresh-bow · actual supported walking leg ordinary Cosmos invitation
PASS fresh-bow · traveller survives actual production movement/combat
PASS fresh-bow · actual supported walking leg ordinary Cosmos invitation
PASS fresh-bow · traveller survives actual production movement/combat
PASS fresh-bow · actual supported walking leg ordinary Cosmos invitation
PASS fresh-bow · production movement arrives near ordinary Cosmos invitation
PASS fresh-bow · physical arrival has no actor teleport for ordinary Cosmos invitation
PASS fresh-bow · native travel has explicit Cosmos confirmation
PASS fresh-bow · actual Cosmos physical owner handles the connected service road
PASS fresh-bow · no resolved machine recreates on native reentry
PASS fresh-bow · whole supported body route reaches Anik · observer
PASS fresh-bow · traveller survives actual production movement/combat
PASS fresh-bow · actual supported walking leg Anik · observer
PASS fresh-bow · traveller survives actual production movement/combat
PASS fresh-bow · actual supported walking leg Anik · observer
PASS fresh-bow · traveller survives actual production movement/combat
PASS fresh-bow · actual supported walking leg Anik · observer
PASS fresh-bow · traveller survives actual production movement/combat
PASS fresh-bow · actual supported walking leg Anik · observer
PASS fresh-bow · traveller survives actual production movement/combat
PASS fresh-bow · actual supported walking leg Anik · observer
PASS fresh-bow · traveller survives actual production movement/combat
PASS fresh-bow · actual supported walking leg Anik · observer
PASS fresh-bow · traveller survives actual production movement/combat
PASS fresh-bow · actual supported walking leg Anik · observer
PASS fresh-bow · traveller survives actual production movement/combat
PASS fresh-bow · actual supported walking leg Anik · observer
PASS fresh-bow · traveller survives actual production movement/combat
PASS fresh-bow · actual supported walking leg Anik · observer
PASS fresh-bow · traveller survives actual production movement/combat
PASS fresh-bow · actual supported walking leg Anik · observer
PASS fresh-bow · traveller survives actual production movement/combat
PASS fresh-bow · actual supported walking leg Anik · observer
PASS fresh-bow · traveller survives actual production movement/combat
PASS fresh-bow · actual supported walking leg Anik · observer
PASS fresh-bow · traveller survives actual production movement/combat
PASS fresh-bow · actual supported walking leg Anik · observer
PASS fresh-bow · traveller survives actual production movement/combat
PASS fresh-bow · actual supported walking leg Anik · observer
PASS fresh-bow · traveller survives actual production movement/combat
PASS fresh-bow · actual supported walking leg Anik · observer
PASS fresh-bow · traveller survives actual production movement/combat
PASS fresh-bow · actual supported walking leg Anik · observer
PASS fresh-bow · traveller survives actual production movement/combat
PASS fresh-bow · actual supported walking leg Anik · observer
PASS fresh-bow · traveller survives actual production movement/combat
PASS fresh-bow · actual supported walking leg Anik · observer
PASS fresh-bow · traveller survives actual production movement/combat
PASS fresh-bow · actual supported walking leg Anik · observer
PASS fresh-bow · traveller survives actual production movement/combat
PASS fresh-bow · actual supported walking leg Anik · observer
PASS fresh-bow · traveller survives actual production movement/combat
PASS fresh-bow · actual supported walking leg Anik · observer
PASS fresh-bow · traveller survives actual production movement/combat
PASS fresh-bow · actual supported walking leg Anik · observer
PASS fresh-bow · traveller survives actual production movement/combat
PASS fresh-bow · actual supported walking leg Anik · observer
PASS fresh-bow · traveller survives actual production movement/combat
PASS fresh-bow · actual supported walking leg Anik · observer
PASS fresh-bow · traveller survives actual production movement/combat
PASS fresh-bow · actual supported walking leg Anik · observer
PASS fresh-bow · traveller survives actual production movement/combat
PASS fresh-bow · actual supported walking leg Anik · observer
PASS fresh-bow · traveller survives actual production movement/combat
PASS fresh-bow · actual supported walking leg Anik · observer
PASS fresh-bow · traveller survives actual production movement/combat
PASS fresh-bow · actual supported walking leg Anik · observer
PASS fresh-bow · traveller survives actual production movement/combat
PASS fresh-bow · actual supported walking leg Anik · observer
PASS fresh-bow · traveller survives actual production movement/combat
PASS fresh-bow · actual supported walking leg Anik · observer
PASS fresh-bow · traveller survives actual production movement/combat
PASS fresh-bow · actual supported walking leg Anik · observer
PASS fresh-bow · traveller survives actual production movement/combat
PASS fresh-bow · actual supported walking leg Anik · observer
PASS fresh-bow · traveller survives actual production movement/combat
PASS fresh-bow · actual supported walking leg Anik · observer
PASS fresh-bow · traveller survives actual production movement/combat
PASS fresh-bow · actual supported walking leg Anik · observer
PASS fresh-bow · traveller survives actual production movement/combat
PASS fresh-bow · actual supported walking leg Anik · observer
PASS fresh-bow · traveller survives actual production movement/combat
PASS fresh-bow · actual supported walking leg Anik · observer
PASS fresh-bow · traveller survives actual production movement/combat
PASS fresh-bow · actual supported walking leg Anik · observer
PASS fresh-bow · traveller survives actual production movement/combat
PASS fresh-bow · actual supported walking leg Anik · observer
PASS fresh-bow · traveller survives actual production movement/combat
PASS fresh-bow · actual supported walking leg Anik · observer
PASS fresh-bow · traveller survives actual production movement/combat
PASS fresh-bow · actual supported walking leg Anik · observer
PASS fresh-bow · traveller survives actual production movement/combat
PASS fresh-bow · actual supported walking leg Anik · observer
PASS fresh-bow · traveller survives actual production movement/combat
PASS fresh-bow · actual supported walking leg Anik · observer
PASS fresh-bow · traveller survives actual production movement/combat
PASS fresh-bow · actual supported walking leg Anik · observer
PASS fresh-bow · traveller survives actual production movement/combat
PASS fresh-bow · actual supported walking leg Anik · observer
PASS fresh-bow · traveller survives actual production movement/combat
PASS fresh-bow · actual supported walking leg Anik · observer
PASS fresh-bow · traveller survives actual production movement/combat
PASS fresh-bow · actual supported walking leg Anik · observer
PASS fresh-bow · traveller survives actual production movement/combat
PASS fresh-bow · actual supported walking leg Anik · observer
PASS fresh-bow · traveller survives actual production movement/combat
PASS fresh-bow · actual supported walking leg Anik · observer
PASS fresh-bow · traveller survives actual production movement/combat
PASS fresh-bow · actual supported walking leg Anik · observer
PASS fresh-bow · traveller survives actual production movement/combat
PASS fresh-bow · actual supported walking leg Anik · observer
PASS fresh-bow · traveller survives actual production movement/combat
PASS fresh-bow · actual supported walking leg Anik · observer
PASS fresh-bow · traveller survives actual production movement/combat
PASS fresh-bow · actual supported walking leg Anik · observer
PASS fresh-bow · traveller survives actual production movement/combat
PASS fresh-bow · actual supported walking leg Anik · observer
PASS fresh-bow · traveller survives actual production movement/combat
PASS fresh-bow · actual supported walking leg Anik · observer
PASS fresh-bow · traveller survives actual production movement/combat
PASS fresh-bow · actual supported walking leg Anik · observer
PASS fresh-bow · traveller survives actual production movement/combat
PASS fresh-bow · actual supported walking leg Anik · observer
PASS fresh-bow · traveller survives actual production movement/combat
PASS fresh-bow · actual supported walking leg Anik · observer
PASS fresh-bow · traveller survives actual production movement/combat
PASS fresh-bow · actual supported walking leg Anik · observer
PASS fresh-bow · traveller survives actual production movement/combat
PASS fresh-bow · actual supported walking leg Anik · observer
PASS fresh-bow · traveller survives actual production movement/combat
PASS fresh-bow · actual supported walking leg Anik · observer
PASS fresh-bow · traveller survives actual production movement/combat
PASS fresh-bow · actual supported walking leg Anik · observer
PASS fresh-bow · traveller survives actual production movement/combat
PASS fresh-bow · actual supported walking leg Anik · observer
PASS fresh-bow · traveller survives actual production movement/combat
PASS fresh-bow · actual supported walking leg Anik · observer
PASS fresh-bow · traveller survives actual production movement/combat
PASS fresh-bow · actual supported walking leg Anik · observer
PASS fresh-bow · traveller survives actual production movement/combat
PASS fresh-bow · actual supported walking leg Anik · observer
PASS fresh-bow · production movement arrives near Anik · observer
PASS fresh-bow · native separate acceptance pays nothing
PASS fresh-bow · accepted saves through native owner
PASS fresh-bow · accepted exact native full world is persisted
PASS fresh-bow · accepted preserves the full other original native character slot value
PASS fresh-bow · exact frozen HTML is served over isolated loopback
PASS fresh-bow · actual WebGL2 client is available
PASS fresh-bow · software renderer is explicitly observed
PASS fresh-bow · accepted whole-Chromium startup preserves exact bytes
PASS fresh-bow · accepted preserves previous history, opened/account facts and kit
PASS fresh-bow · accepted cold load preserves the full other original native character slot value
PASS fresh-bow · production route is accepted for ordinary Cosmos invitation
PASS fresh-bow · whole supported body route reaches ordinary Cosmos invitation
PASS fresh-bow · traveller survives actual production movement/combat
PASS fresh-bow · actual supported walking leg ordinary Cosmos invitation
PASS fresh-bow · production movement arrives near ordinary Cosmos invitation
PASS fresh-bow · physical arrival has no actor teleport for ordinary Cosmos invitation
PASS fresh-bow · native travel has explicit Cosmos confirmation
PASS fresh-bow · actual Cosmos physical owner handles the connected service road
PASS fresh-bow · no resolved machine recreates on native reentry
PASS fresh-bow · native controls cannot manually grant defeat/choice
PASS fresh-bow · whole supported body route reaches Read the omitted local support cost
PASS fresh-bow · traveller survives actual production movement/combat
PASS fresh-bow · actual supported walking leg Read the omitted local support cost
PASS fresh-bow · traveller survives actual production movement/combat
PASS fresh-bow · actual supported walking leg Read the omitted local support cost
PASS fresh-bow · traveller survives actual production movement/combat
PASS fresh-bow · actual supported walking leg Read the omitted local support cost
PASS fresh-bow · traveller survives actual production movement/combat
PASS fresh-bow · actual supported walking leg Read the omitted local support cost
PASS fresh-bow · traveller survives actual production movement/combat
PASS fresh-bow · actual supported walking leg Read the omitted local support cost
PASS fresh-bow · traveller survives actual production movement/combat
PASS fresh-bow · actual supported walking leg Read the omitted local support cost
PASS fresh-bow · traveller survives actual production movement/combat
PASS fresh-bow · actual supported walking leg Read the omitted local support cost
PASS fresh-bow · traveller survives actual production movement/combat
PASS fresh-bow · actual supported walking leg Read the omitted local support cost
PASS fresh-bow · traveller survives actual production movement/combat
PASS fresh-bow · actual supported walking leg Read the omitted local support cost
PASS fresh-bow · traveller survives actual production movement/combat
PASS fresh-bow · actual supported walking leg Read the omitted local support cost
PASS fresh-bow · traveller survives actual production movement/combat
PASS fresh-bow · actual supported walking leg Read the omitted local support cost
PASS fresh-bow · traveller survives actual production movement/combat
PASS fresh-bow · actual supported walking leg Read the omitted local support cost
PASS fresh-bow · traveller survives actual production movement/combat
PASS fresh-bow · actual supported walking leg Read the omitted local support cost
PASS fresh-bow · traveller survives actual production movement/combat
PASS fresh-bow · actual supported walking leg Read the omitted local support cost
PASS fresh-bow · traveller survives actual production movement/combat
PASS fresh-bow · actual supported walking leg Read the omitted local support cost
PASS fresh-bow · traveller survives actual production movement/combat
PASS fresh-bow · actual supported walking leg Read the omitted local support cost
PASS fresh-bow · traveller survives actual production movement/combat
PASS fresh-bow · actual supported walking leg Read the omitted local support cost
PASS fresh-bow · traveller survives actual production movement/combat
PASS fresh-bow · actual supported walking leg Read the omitted local support cost
PASS fresh-bow · traveller survives actual production movement/combat
PASS fresh-bow · actual supported walking leg Read the omitted local support cost
PASS fresh-bow · traveller survives actual production movement/combat
PASS fresh-bow · actual supported walking leg Read the omitted local support cost
PASS fresh-bow · traveller survives actual production movement/combat
PASS fresh-bow · actual supported walking leg Read the omitted local support cost
PASS fresh-bow · traveller survives actual production movement/combat
PASS fresh-bow · actual supported walking leg Read the omitted local support cost
PASS fresh-bow · traveller survives actual production movement/combat
PASS fresh-bow · actual supported walking leg Read the omitted local support cost
PASS fresh-bow · traveller survives actual production movement/combat
PASS fresh-bow · actual supported walking leg Read the omitted local support cost
PASS fresh-bow · traveller survives actual production movement/combat
PASS fresh-bow · actual supported walking leg Read the omitted local support cost
PASS fresh-bow · traveller survives actual production movement/combat
PASS fresh-bow · actual supported walking leg Read the omitted local support cost
PASS fresh-bow · traveller survives actual production movement/combat
PASS fresh-bow · actual supported walking leg Read the omitted local support cost
PASS fresh-bow · traveller survives actual production movement/combat
PASS fresh-bow · actual supported walking leg Read the omitted local support cost
PASS fresh-bow · traveller survives actual production movement/combat
PASS fresh-bow · actual supported walking leg Read the omitted local support cost
PASS fresh-bow · traveller survives actual production movement/combat
PASS fresh-bow · actual supported walking leg Read the omitted local support cost
PASS fresh-bow · traveller survives actual production movement/combat
PASS fresh-bow · actual supported walking leg Read the omitted local support cost
PASS fresh-bow · traveller survives actual production movement/combat
PASS fresh-bow · actual supported walking leg Read the omitted local support cost
PASS fresh-bow · traveller survives actual production movement/combat
PASS fresh-bow · actual supported walking leg Read the omitted local support cost
PASS fresh-bow · traveller survives actual production movement/combat
PASS fresh-bow · actual supported walking leg Read the omitted local support cost
PASS fresh-bow · traveller survives actual production movement/combat
PASS fresh-bow · actual supported walking leg Read the omitted local support cost
PASS fresh-bow · traveller survives actual production movement/combat
PASS fresh-bow · actual supported walking leg Read the omitted local support cost
PASS fresh-bow · traveller survives actual production movement/combat
PASS fresh-bow · actual supported walking leg Read the omitted local support cost
PASS fresh-bow · traveller survives actual production movement/combat
PASS fresh-bow · actual supported walking leg Read the omitted local support cost
PASS fresh-bow · traveller survives actual production movement/combat
PASS fresh-bow · actual supported walking leg Read the omitted local support cost
PASS fresh-bow · traveller survives actual production movement/combat
PASS fresh-bow · actual supported walking leg Read the omitted local support cost
PASS fresh-bow · traveller survives actual production movement/combat
PASS fresh-bow · actual supported walking leg Read the omitted local support cost
PASS fresh-bow · traveller survives actual production movement/combat
PASS fresh-bow · actual supported walking leg Read the omitted local support cost
PASS fresh-bow · traveller survives actual production movement/combat
PASS fresh-bow · actual supported walking leg Read the omitted local support cost
PASS fresh-bow · traveller survives actual production movement/combat
PASS fresh-bow · actual supported walking leg Read the omitted local support cost
PASS fresh-bow · traveller survives actual production movement/combat
PASS fresh-bow · actual supported walking leg Read the omitted local support cost
PASS fresh-bow · traveller survives actual production movement/combat
PASS fresh-bow · actual supported walking leg Read the omitted local support cost
PASS fresh-bow · traveller survives actual production movement/combat
PASS fresh-bow · actual supported walking leg Read the omitted local support cost
PASS fresh-bow · traveller survives actual production movement/combat
PASS fresh-bow · actual supported walking leg Read the omitted local support cost
PASS fresh-bow · traveller survives actual production movement/combat
PASS fresh-bow · actual supported walking leg Read the omitted local support cost
PASS fresh-bow · traveller survives actual production movement/combat
PASS fresh-bow · actual supported walking leg Read the omitted local support cost
PASS fresh-bow · traveller survives actual production movement/combat
PASS fresh-bow · actual supported walking leg Read the omitted local support cost
PASS fresh-bow · traveller survives actual production movement/combat
PASS fresh-bow · actual supported walking leg Read the omitted local support cost
PASS fresh-bow · traveller survives actual production movement/combat
PASS fresh-bow · actual supported walking leg Read the omitted local support cost
PASS fresh-bow · traveller survives actual production movement/combat
PASS fresh-bow · actual supported walking leg Read the omitted local support cost
PASS fresh-bow · traveller survives actual production movement/combat
PASS fresh-bow · actual supported walking leg Read the omitted local support cost
PASS fresh-bow · traveller survives actual production movement/combat
PASS fresh-bow · actual supported walking leg Read the omitted local support cost
PASS fresh-bow · traveller survives actual production movement/combat
PASS fresh-bow · actual supported walking leg Read the omitted local support cost
PASS fresh-bow · traveller survives actual production movement/combat
PASS fresh-bow · actual supported walking leg Read the omitted local support cost
PASS fresh-bow · traveller survives actual production movement/combat
PASS fresh-bow · actual supported walking leg Read the omitted local support cost
PASS fresh-bow · traveller survives actual production movement/combat
PASS fresh-bow · actual supported walking leg Read the omitted local support cost
PASS fresh-bow · traveller survives actual production movement/combat
PASS fresh-bow · actual supported walking leg Read the omitted local support cost
PASS fresh-bow · traveller survives actual production movement/combat
PASS fresh-bow · actual supported walking leg Read the omitted local support cost
PASS fresh-bow · production movement arrives near Read the omitted local support cost
PASS fresh-bow · actual physical UI operation records read-local-cost
PASS fresh-bow · operation never pays an independent fee read-local-cost
PASS fresh-bow · actual transient witness membership follows only accepted facts
PASS fresh-bow · a full-body supported production route reaches the witness viewing side
PASS fresh-bow · production route is accepted for view owned Raven · support planner
PASS fresh-bow · whole supported body route reaches view owned Raven · support planner
PASS fresh-bow · traveller survives actual production movement/combat
PASS fresh-bow · actual supported walking leg view owned Raven · support planner
PASS fresh-bow · traveller survives actual production movement/combat
PASS fresh-bow · actual supported walking leg view owned Raven · support planner
PASS fresh-bow · traveller survives actual production movement/combat
PASS fresh-bow · actual supported walking leg view owned Raven · support planner
PASS fresh-bow · traveller survives actual production movement/combat
PASS fresh-bow · actual supported walking leg view owned Raven · support planner
PASS fresh-bow · traveller survives actual production movement/combat
PASS fresh-bow · actual supported walking leg view owned Raven · support planner
PASS fresh-bow · traveller survives actual production movement/combat
PASS fresh-bow · actual supported walking leg view owned Raven · support planner
PASS fresh-bow · production movement arrives near view owned Raven · support planner
PASS fresh-bow · physical arrival has no actor teleport for view owned Raven · support planner
PASS fresh-bow · actual requested camera adventure
PASS fresh-bow · owned-cosmos-raven-service-v1 causal pixels restore exactly
PASS fresh-bow · actual requested camera follow
PASS fresh-bow · owned-cosmos-raven-service-v1 causal pixels restore exactly
PASS fresh-bow · native controls cannot manually grant defeat/choice
PASS fresh-bow · whole supported body route reaches Inspect the garden’s adjustable return
PASS fresh-bow · traveller survives actual production movement/combat
PASS fresh-bow · actual supported walking leg Inspect the garden’s adjustable return
PASS fresh-bow · traveller survives actual production movement/combat
PASS fresh-bow · actual supported walking leg Inspect the garden’s adjustable return
PASS fresh-bow · traveller survives actual production movement/combat
PASS fresh-bow · actual supported walking leg Inspect the garden’s adjustable return
PASS fresh-bow · traveller survives actual production movement/combat
PASS fresh-bow · actual supported walking leg Inspect the garden’s adjustable return
PASS fresh-bow · traveller survives actual production movement/combat
PASS fresh-bow · actual supported walking leg Inspect the garden’s adjustable return
PASS fresh-bow · traveller survives actual production movement/combat
PASS fresh-bow · actual supported walking leg Inspect the garden’s adjustable return
PASS fresh-bow · traveller survives actual production movement/combat
PASS fresh-bow · actual supported walking leg Inspect the garden’s adjustable return
PASS fresh-bow · traveller survives actual production movement/combat
PASS fresh-bow · actual supported walking leg Inspect the garden’s adjustable return
PASS fresh-bow · traveller survives actual production movement/combat
PASS fresh-bow · actual supported walking leg Inspect the garden’s adjustable return
PASS fresh-bow · traveller survives actual production movement/combat
PASS fresh-bow · actual supported walking leg Inspect the garden’s adjustable return
PASS fresh-bow · traveller survives actual production movement/combat
PASS fresh-bow · actual supported walking leg Inspect the garden’s adjustable return
PASS fresh-bow · traveller survives actual production movement/combat
PASS fresh-bow · actual supported walking leg Inspect the garden’s adjustable return
PASS fresh-bow · traveller survives actual production movement/combat
PASS fresh-bow · actual supported walking leg Inspect the garden’s adjustable return
PASS fresh-bow · traveller survives actual production movement/combat
PASS fresh-bow · actual supported walking leg Inspect the garden’s adjustable return
PASS fresh-bow · traveller survives actual production movement/combat
PASS fresh-bow · actual supported walking leg Inspect the garden’s adjustable return
PASS fresh-bow · production movement arrives near Inspect the garden’s adjustable return
PASS fresh-bow · actual physical UI operation records living-inspect
PASS fresh-bow · operation never pays an independent fee living-inspect
PASS fresh-bow · native controls cannot manually grant defeat/choice
PASS fresh-bow · whole supported body route reaches Fit the independent living return
PASS fresh-bow · traveller survives actual production movement/combat
PASS fresh-bow · actual supported walking leg Fit the independent living return
PASS fresh-bow · traveller survives actual production movement/combat
PASS fresh-bow · actual supported walking leg Fit the independent living return
PASS fresh-bow · traveller survives actual production movement/combat
PASS fresh-bow · actual supported walking leg Fit the independent living return
PASS fresh-bow · traveller survives actual production movement/combat
PASS fresh-bow · actual supported walking leg Fit the independent living return
PASS fresh-bow · traveller survives actual production movement/combat
PASS fresh-bow · actual supported walking leg Fit the independent living return
PASS fresh-bow · production movement arrives near Fit the independent living return
PASS fresh-bow · actual physical UI operation records living-fit
PASS fresh-bow · operation never pays an independent fee living-fit
PASS fresh-bow · native controls cannot manually grant defeat/choice
PASS fresh-bow · whole supported body route reaches Fit the supplied checked station record
PASS fresh-bow · traveller survives actual production movement/combat
PASS fresh-bow · actual supported walking leg Fit the supplied checked station record
PASS fresh-bow · traveller survives actual production movement/combat
PASS fresh-bow · actual supported walking leg Fit the supplied checked station record
PASS fresh-bow · traveller survives actual production movement/combat
PASS fresh-bow · actual supported walking leg Fit the supplied checked station record
PASS fresh-bow · traveller survives actual production movement/combat
PASS fresh-bow · actual supported walking leg Fit the supplied checked station record
PASS fresh-bow · traveller survives actual production movement/combat
PASS fresh-bow · actual supported walking leg Fit the supplied checked station record
PASS fresh-bow · traveller survives actual production movement/combat
PASS fresh-bow · actual supported walking leg Fit the supplied checked station record
PASS fresh-bow · traveller survives actual production movement/combat
PASS fresh-bow · actual supported walking leg Fit the supplied checked station record
PASS fresh-bow · traveller survives actual production movement/combat
PASS fresh-bow · actual supported walking leg Fit the supplied checked station record
PASS fresh-bow · traveller survives actual production movement/combat
PASS fresh-bow · actual supported walking leg Fit the supplied checked station record
PASS fresh-bow · production movement arrives near Fit the supplied checked station record
PASS fresh-bow · actual physical UI operation records assist-observation
PASS fresh-bow · operation never pays an independent fee assist-observation
PASS fresh-bow · native controls cannot manually grant defeat/choice
PASS fresh-bow · actual position already reaches test-service-route
PASS fresh-bow · actual physical UI operation records test-service-route
PASS fresh-bow · operation never pays an independent fee test-service-route
PASS fresh-bow · two-distinct-supports saves through native owner
PASS fresh-bow · two-distinct-supports exact native full world is persisted
PASS fresh-bow · two-distinct-supports preserves the full other original native character slot value
PASS fresh-bow · exact frozen HTML is served over isolated loopback
PASS fresh-bow · actual WebGL2 client is available
PASS fresh-bow · software renderer is explicitly observed
PASS fresh-bow · two-distinct-supports whole-Chromium startup preserves exact bytes
PASS fresh-bow · two-distinct-supports preserves previous history, opened/account facts and kit
PASS fresh-bow · two-distinct-supports cold load preserves the full other original native character slot value
PASS fresh-bow · production route is accepted for ordinary Cosmos invitation
PASS fresh-bow · whole supported body route reaches ordinary Cosmos invitation
PASS fresh-bow · traveller survives actual production movement/combat
PASS fresh-bow · actual supported walking leg ordinary Cosmos invitation
PASS fresh-bow · production movement arrives near ordinary Cosmos invitation
PASS fresh-bow · physical arrival has no actor teleport for ordinary Cosmos invitation
PASS fresh-bow · native travel has explicit Cosmos confirmation
PASS fresh-bow · actual Cosmos physical owner handles the connected service road
PASS fresh-bow · no resolved machine recreates on native reentry
PASS fresh-bow · native controls cannot manually grant defeat/choice
PASS fresh-bow · whole supported body route reaches Begin the local optical defense
PASS fresh-bow · traveller survives actual production movement/combat
PASS fresh-bow · actual supported walking leg Begin the local optical defense
PASS fresh-bow · traveller survives actual production movement/combat
PASS fresh-bow · actual supported walking leg Begin the local optical defense
PASS fresh-bow · traveller survives actual production movement/combat
PASS fresh-bow · actual supported walking leg Begin the local optical defense
PASS fresh-bow · traveller survives actual production movement/combat
PASS fresh-bow · actual supported walking leg Begin the local optical defense
PASS fresh-bow · traveller survives actual production movement/combat
PASS fresh-bow · actual supported walking leg Begin the local optical defense
PASS fresh-bow · traveller survives actual production movement/combat
PASS fresh-bow · actual supported walking leg Begin the local optical defense
PASS fresh-bow · traveller survives actual production movement/combat
PASS fresh-bow · actual supported walking leg Begin the local optical defense
PASS fresh-bow · traveller survives actual production movement/combat
PASS fresh-bow · actual supported walking leg Begin the local optical defense
PASS fresh-bow · traveller survives actual production movement/combat
PASS fresh-bow · actual supported walking leg Begin the local optical defense
PASS fresh-bow · traveller survives actual production movement/combat
PASS fresh-bow · actual supported walking leg Begin the local optical defense
PASS fresh-bow · traveller survives actual production movement/combat
PASS fresh-bow · actual supported walking leg Begin the local optical defense
PASS fresh-bow · traveller survives actual production movement/combat
PASS fresh-bow · actual supported walking leg Begin the local optical defense
PASS fresh-bow · traveller survives actual production movement/combat
PASS fresh-bow · actual supported walking leg Begin the local optical defense
PASS fresh-bow · traveller survives actual production movement/combat
PASS fresh-bow · actual supported walking leg Begin the local optical defense
PASS fresh-bow · traveller survives actual production movement/combat
PASS fresh-bow · actual supported walking leg Begin the local optical defense
PASS fresh-bow · traveller survives actual production movement/combat
PASS fresh-bow · actual supported walking leg Begin the local optical defense
PASS fresh-bow · traveller survives actual production movement/combat
PASS fresh-bow · actual supported walking leg Begin the local optical defense
PASS fresh-bow · traveller survives actual production movement/combat
PASS fresh-bow · actual supported walking leg Begin the local optical defense
PASS fresh-bow · traveller survives actual production movement/combat
PASS fresh-bow · actual supported walking leg Begin the local optical defense
PASS fresh-bow · traveller survives actual production movement/combat
PASS fresh-bow · actual supported walking leg Begin the local optical defense
PASS fresh-bow · traveller survives actual production movement/combat
PASS fresh-bow · actual supported walking leg Begin the local optical defense
PASS fresh-bow · traveller survives actual production movement/combat
PASS fresh-bow · actual supported walking leg Begin the local optical defense
PASS fresh-bow · traveller survives actual production movement/combat
PASS fresh-bow · actual supported walking leg Begin the local optical defense
PASS fresh-bow · traveller survives actual production movement/combat
PASS fresh-bow · actual supported walking leg Begin the local optical defense
PASS fresh-bow · traveller survives actual production movement/combat
PASS fresh-bow · actual supported walking leg Begin the local optical defense
PASS fresh-bow · traveller survives actual production movement/combat
PASS fresh-bow · actual supported walking leg Begin the local optical defense
PASS fresh-bow · traveller survives actual production movement/combat
PASS fresh-bow · actual supported walking leg Begin the local optical defense
PASS fresh-bow · traveller survives actual production movement/combat
PASS fresh-bow · actual supported walking leg Begin the local optical defense
PASS fresh-bow · traveller survives actual production movement/combat
PASS fresh-bow · actual supported walking leg Begin the local optical defense
PASS fresh-bow · traveller survives actual production movement/combat
PASS fresh-bow · actual supported walking leg Begin the local optical defense
PASS fresh-bow · traveller survives actual production movement/combat
PASS fresh-bow · actual supported walking leg Begin the local optical defense
PASS fresh-bow · traveller survives actual production movement/combat
PASS fresh-bow · actual supported walking leg Begin the local optical defense
PASS fresh-bow · traveller survives actual production movement/combat
PASS fresh-bow · actual supported walking leg Begin the local optical defense
PASS fresh-bow · traveller survives actual production movement/combat
PASS fresh-bow · actual supported walking leg Begin the local optical defense
PASS fresh-bow · traveller survives actual production movement/combat
PASS fresh-bow · actual supported walking leg Begin the local optical defense
PASS fresh-bow · traveller survives actual production movement/combat
PASS fresh-bow · actual supported walking leg Begin the local optical defense
PASS fresh-bow · traveller survives actual production movement/combat
PASS fresh-bow · actual supported walking leg Begin the local optical defense
PASS fresh-bow · traveller survives actual production movement/combat
PASS fresh-bow · actual supported walking leg Begin the local optical defense
PASS fresh-bow · traveller survives actual production movement/combat
PASS fresh-bow · actual supported walking leg Begin the local optical defense
PASS fresh-bow · traveller survives actual production movement/combat
PASS fresh-bow · actual supported walking leg Begin the local optical defense
PASS fresh-bow · traveller survives actual production movement/combat
PASS fresh-bow · actual supported walking leg Begin the local optical defense
PASS fresh-bow · traveller survives actual production movement/combat
PASS fresh-bow · actual supported walking leg Begin the local optical defense
PASS fresh-bow · traveller survives actual production movement/combat
PASS fresh-bow · actual supported walking leg Begin the local optical defense
PASS fresh-bow · traveller survives actual production movement/combat
PASS fresh-bow · actual supported walking leg Begin the local optical defense
PASS fresh-bow · traveller survives actual production movement/combat
PASS fresh-bow · actual supported walking leg Begin the local optical defense
PASS fresh-bow · traveller survives actual production movement/combat
PASS fresh-bow · actual supported walking leg Begin the local optical defense
PASS fresh-bow · traveller survives actual production movement/combat
PASS fresh-bow · actual supported walking leg Begin the local optical defense
PASS fresh-bow · traveller survives actual production movement/combat
PASS fresh-bow · actual supported walking leg Begin the local optical defense
PASS fresh-bow · traveller survives actual production movement/combat
PASS fresh-bow · actual supported walking leg Begin the local optical defense
PASS fresh-bow · traveller survives actual production movement/combat
PASS fresh-bow · actual supported walking leg Begin the local optical defense
PASS fresh-bow · traveller survives actual production movement/combat
PASS fresh-bow · actual supported walking leg Begin the local optical defense
PASS fresh-bow · traveller survives actual production movement/combat
PASS fresh-bow · actual supported walking leg Begin the local optical defense
PASS fresh-bow · traveller survives actual production movement/combat
PASS fresh-bow · actual supported walking leg Begin the local optical defense
PASS fresh-bow · traveller survives actual production movement/combat
PASS fresh-bow · actual supported walking leg Begin the local optical defense
PASS fresh-bow · traveller survives actual production movement/combat
PASS fresh-bow · actual supported walking leg Begin the local optical defense
PASS fresh-bow · traveller survives actual production movement/combat
PASS fresh-bow · actual supported walking leg Begin the local optical defense
PASS fresh-bow · traveller survives actual production movement/combat
PASS fresh-bow · actual supported walking leg Begin the local optical defense
PASS fresh-bow · traveller survives actual production movement/combat
PASS fresh-bow · actual supported walking leg Begin the local optical defense
PASS fresh-bow · traveller survives actual production movement/combat
PASS fresh-bow · actual supported walking leg Begin the local optical defense
PASS fresh-bow · traveller survives actual production movement/combat
PASS fresh-bow · actual supported walking leg Begin the local optical defense
PASS fresh-bow · traveller survives actual production movement/combat
PASS fresh-bow · actual supported walking leg Begin the local optical defense
PASS fresh-bow · traveller survives actual production movement/combat
PASS fresh-bow · actual supported walking leg Begin the local optical defense
PASS fresh-bow · traveller survives actual production movement/combat
PASS fresh-bow · actual supported walking leg Begin the local optical defense
PASS fresh-bow · traveller survives actual production movement/combat
PASS fresh-bow · actual supported walking leg Begin the local optical defense
PASS fresh-bow · traveller survives actual production movement/combat
PASS fresh-bow · actual supported walking leg Begin the local optical defense
PASS fresh-bow · traveller survives actual production movement/combat
PASS fresh-bow · actual supported walking leg Begin the local optical defense
PASS fresh-bow · traveller survives actual production movement/combat
PASS fresh-bow · actual supported walking leg Begin the local optical defense
PASS fresh-bow · traveller survives actual production movement/combat
PASS fresh-bow · actual supported walking leg Begin the local optical defense
PASS fresh-bow · traveller survives actual production movement/combat
PASS fresh-bow · actual supported walking leg Begin the local optical defense
PASS fresh-bow · traveller survives actual production movement/combat
PASS fresh-bow · actual supported walking leg Begin the local optical defense
PASS fresh-bow · traveller survives actual production movement/combat
PASS fresh-bow · actual supported walking leg Begin the local optical defense
PASS fresh-bow · traveller survives actual production movement/combat
PASS fresh-bow · actual supported walking leg Begin the local optical defense
PASS fresh-bow · traveller survives actual production movement/combat
PASS fresh-bow · actual supported walking leg Begin the local optical defense
PASS fresh-bow · traveller survives actual production movement/combat
PASS fresh-bow · actual supported walking leg Begin the local optical defense
PASS fresh-bow · traveller survives actual production movement/combat
PASS fresh-bow · actual supported walking leg Begin the local optical defense
PASS fresh-bow · traveller survives actual production movement/combat
PASS fresh-bow · actual supported walking leg Begin the local optical defense
PASS fresh-bow · traveller survives actual production movement/combat
PASS fresh-bow · actual supported walking leg Begin the local optical defense
PASS fresh-bow · traveller survives actual production movement/combat
PASS fresh-bow · actual supported walking leg Begin the local optical defense
PASS fresh-bow · production movement arrives near Begin the local optical defense
PASS fresh-bow · actual physical UI operation records challenge-reclaimer
PASS fresh-bow · operation never pays an independent fee challenge-reclaimer
PASS fresh-bow · production route is accepted for ordinary bow machine range
PASS fresh-bow · whole supported body route reaches ordinary bow machine range
PASS fresh-bow · traveller survives actual production movement/combat
PASS fresh-bow · actual supported walking leg ordinary bow machine range
PASS fresh-bow · traveller survives actual production movement/combat
PASS fresh-bow · actual supported walking leg ordinary bow machine range
PASS fresh-bow · traveller survives actual production movement/combat
PASS fresh-bow · actual supported walking leg ordinary bow machine range
PASS fresh-bow · traveller survives actual production movement/combat
PASS fresh-bow · actual supported walking leg ordinary bow machine range
PASS fresh-bow · production movement arrives near ordinary bow machine range
PASS fresh-bow · physical arrival has no actor teleport for ordinary bow machine range
PASS fresh-bow · native target key owns actual Optical Reclaimer
PASS fresh-bow · actual anchored owned line lock with declared stats
PASS fresh-bow · actual submitted actor and warning vertices fit whole supported locked geometry
PASS fresh-bow · actual requested camera adventure
PASS fresh-bow · reclaimer-body causal pixels restore exactly
PASS fresh-bow · actual requested camera adventure
PASS fresh-bow · reclaimer-line-warning causal pixels restore exactly
PASS fresh-bow · actual requested camera adventure
PASS fresh-bow · reclaimer-line-paired-inlay causal pixels restore exactly
PASS fresh-bow · actual requested camera follow
PASS fresh-bow · reclaimer-body causal pixels restore exactly
PASS fresh-bow · actual requested camera follow
PASS fresh-bow · reclaimer-line-warning causal pixels restore exactly
PASS fresh-bow · actual requested camera follow
PASS fresh-bow · reclaimer-line-paired-inlay causal pixels restore exactly
PASS fresh-bow · empty-geometry positive control detects the actual fresh framebuffer
PASS fresh-bow · traveller survives actual production movement/combat
PASS fresh-bow · traveller survives actual production movement/combat
PASS fresh-bow · bounded native ordinary weapon combat survives
PASS fresh-bow · traveller survives actual production movement/combat
PASS fresh-bow · bounded native ordinary weapon combat survives
PASS fresh-bow · traveller survives actual production movement/combat
PASS fresh-bow · bounded native ordinary weapon combat survives
PASS fresh-bow · traveller survives actual production movement/combat
PASS fresh-bow · bounded native ordinary weapon combat survives
PASS fresh-bow · traveller survives actual production movement/combat
PASS fresh-bow · bounded native ordinary weapon combat survives
PASS fresh-bow · traveller survives actual production movement/combat
PASS fresh-bow · bounded native ordinary weapon combat survives
PASS fresh-bow · traveller survives actual production movement/combat
PASS fresh-bow · bounded native ordinary weapon combat survives
PASS fresh-bow · traveller survives actual production movement/combat
PASS fresh-bow · bounded native ordinary weapon combat survives
PASS fresh-bow · traveller survives actual production movement/combat
PASS fresh-bow · bounded native ordinary weapon combat survives
PASS fresh-bow · traveller survives actual production movement/combat
PASS fresh-bow · bounded native ordinary weapon combat survives
PASS fresh-bow · traveller survives actual production movement/combat
PASS fresh-bow · bounded native ordinary weapon combat survives
PASS fresh-bow · traveller survives actual production movement/combat
PASS fresh-bow · bounded native ordinary weapon combat survives
PASS fresh-bow · traveller survives actual production movement/combat
PASS fresh-bow · bounded native ordinary weapon combat survives
PASS fresh-bow · traveller survives actual production movement/combat
PASS fresh-bow · bounded native ordinary weapon combat survives
PASS fresh-bow · traveller survives actual production movement/combat
PASS fresh-bow · bounded native ordinary weapon combat survives
PASS fresh-bow · traveller survives actual production movement/combat
PASS fresh-bow · bounded native ordinary weapon combat survives
PASS fresh-bow · actual zero-HP exhaustion records only owned reclaimer-settled
PASS fresh-bow · actual blade/projectile callers contribute to exhaustion
PASS fresh-bow · actual bow arrow travels and collides
PASS fresh-bow · no independent encounter fee, legacy drop or planted defeat
PASS fresh-bow · actual-reclaimer-settled saves through native owner
PASS fresh-bow · actual-reclaimer-settled exact native full world is persisted
PASS fresh-bow · actual-reclaimer-settled preserves the full other original native character slot value
PASS fresh-bow · exact frozen HTML is served over isolated loopback
PASS fresh-bow · actual WebGL2 client is available
PASS fresh-bow · software renderer is explicitly observed
PASS fresh-bow · actual-reclaimer-settled whole-Chromium startup preserves exact bytes
PASS fresh-bow · actual-reclaimer-settled preserves previous history, opened/account facts and kit
PASS fresh-bow · actual-reclaimer-settled cold load preserves the full other original native character slot value
PASS fresh-bow · production route is accepted for ordinary Cosmos invitation
PASS fresh-bow · whole supported body route reaches ordinary Cosmos invitation
PASS fresh-bow · traveller survives actual production movement/combat
PASS fresh-bow · actual supported walking leg ordinary Cosmos invitation
PASS fresh-bow · production movement arrives near ordinary Cosmos invitation
PASS fresh-bow · physical arrival has no actor teleport for ordinary Cosmos invitation
PASS fresh-bow · native travel has explicit Cosmos confirmation
PASS fresh-bow · actual Cosmos physical owner handles the connected service road
PASS fresh-bow · no resolved machine recreates on native reentry
PASS fresh-bow · native controls cannot manually grant defeat/choice
PASS fresh-bow · whole supported body route reaches Physically isolate the imposed service feed
PASS fresh-bow · traveller survives actual production movement/combat
PASS fresh-bow · actual supported walking leg Physically isolate the imposed service feed
PASS fresh-bow · traveller survives actual production movement/combat
PASS fresh-bow · actual supported walking leg Physically isolate the imposed service feed
PASS fresh-bow · traveller survives actual production movement/combat
PASS fresh-bow · actual supported walking leg Physically isolate the imposed service feed
PASS fresh-bow · traveller survives actual production movement/combat
PASS fresh-bow · actual supported walking leg Physically isolate the imposed service feed
PASS fresh-bow · traveller survives actual production movement/combat
PASS fresh-bow · actual supported walking leg Physically isolate the imposed service feed
PASS fresh-bow · traveller survives actual production movement/combat
PASS fresh-bow · actual supported walking leg Physically isolate the imposed service feed
PASS fresh-bow · traveller survives actual production movement/combat
PASS fresh-bow · actual supported walking leg Physically isolate the imposed service feed
PASS fresh-bow · traveller survives actual production movement/combat
PASS fresh-bow · actual supported walking leg Physically isolate the imposed service feed
PASS fresh-bow · traveller survives actual production movement/combat
PASS fresh-bow · actual supported walking leg Physically isolate the imposed service feed
PASS fresh-bow · traveller survives actual production movement/combat
PASS fresh-bow · actual supported walking leg Physically isolate the imposed service feed
PASS fresh-bow · traveller survives actual production movement/combat
PASS fresh-bow · actual supported walking leg Physically isolate the imposed service feed
PASS fresh-bow · traveller survives actual production movement/combat
PASS fresh-bow · actual supported walking leg Physically isolate the imposed service feed
PASS fresh-bow · traveller survives actual production movement/combat
PASS fresh-bow · actual supported walking leg Physically isolate the imposed service feed
PASS fresh-bow · traveller survives actual production movement/combat
PASS fresh-bow · actual supported walking leg Physically isolate the imposed service feed
PASS fresh-bow · traveller survives actual production movement/combat
PASS fresh-bow · actual supported walking leg Physically isolate the imposed service feed
PASS fresh-bow · traveller survives actual production movement/combat
PASS fresh-bow · actual supported walking leg Physically isolate the imposed service feed
PASS fresh-bow · traveller survives actual production movement/combat
PASS fresh-bow · actual supported walking leg Physically isolate the imposed service feed
PASS fresh-bow · traveller survives actual production movement/combat
PASS fresh-bow · actual supported walking leg Physically isolate the imposed service feed
PASS fresh-bow · traveller survives actual production movement/combat
PASS fresh-bow · actual supported walking leg Physically isolate the imposed service feed
PASS fresh-bow · traveller survives actual production movement/combat
PASS fresh-bow · actual supported walking leg Physically isolate the imposed service feed
PASS fresh-bow · traveller survives actual production movement/combat
PASS fresh-bow · actual supported walking leg Physically isolate the imposed service feed
PASS fresh-bow · traveller survives actual production movement/combat
PASS fresh-bow · actual supported walking leg Physically isolate the imposed service feed
PASS fresh-bow · traveller survives actual production movement/combat
PASS fresh-bow · actual supported walking leg Physically isolate the imposed service feed
PASS fresh-bow · traveller survives actual production movement/combat
PASS fresh-bow · actual supported walking leg Physically isolate the imposed service feed
PASS fresh-bow · traveller survives actual production movement/combat
PASS fresh-bow · actual supported walking leg Physically isolate the imposed service feed
PASS fresh-bow · traveller survives actual production movement/combat
PASS fresh-bow · actual supported walking leg Physically isolate the imposed service feed
PASS fresh-bow · traveller survives actual production movement/combat
PASS fresh-bow · actual supported walking leg Physically isolate the imposed service feed
PASS fresh-bow · traveller survives actual production movement/combat
PASS fresh-bow · actual supported walking leg Physically isolate the imposed service feed
PASS fresh-bow · traveller survives actual production movement/combat
PASS fresh-bow · actual supported walking leg Physically isolate the imposed service feed
PASS fresh-bow · traveller survives actual production movement/combat
PASS fresh-bow · actual supported walking leg Physically isolate the imposed service feed
PASS fresh-bow · traveller survives actual production movement/combat
PASS fresh-bow · actual supported walking leg Physically isolate the imposed service feed
PASS fresh-bow · traveller survives actual production movement/combat
PASS fresh-bow · actual supported walking leg Physically isolate the imposed service feed
PASS fresh-bow · traveller survives actual production movement/combat
PASS fresh-bow · actual supported walking leg Physically isolate the imposed service feed
PASS fresh-bow · traveller survives actual production movement/combat
PASS fresh-bow · actual supported walking leg Physically isolate the imposed service feed
PASS fresh-bow · traveller survives actual production movement/combat
PASS fresh-bow · actual supported walking leg Physically isolate the imposed service feed
PASS fresh-bow · traveller survives actual production movement/combat
PASS fresh-bow · actual supported walking leg Physically isolate the imposed service feed
PASS fresh-bow · traveller survives actual production movement/combat
PASS fresh-bow · actual supported walking leg Physically isolate the imposed service feed
PASS fresh-bow · traveller survives actual production movement/combat
PASS fresh-bow · actual supported walking leg Physically isolate the imposed service feed
PASS fresh-bow · traveller survives actual production movement/combat
PASS fresh-bow · actual supported walking leg Physically isolate the imposed service feed
PASS fresh-bow · traveller survives actual production movement/combat
PASS fresh-bow · actual supported walking leg Physically isolate the imposed service feed
PASS fresh-bow · traveller survives actual production movement/combat
PASS fresh-bow · actual supported walking leg Physically isolate the imposed service feed
PASS fresh-bow · traveller survives actual production movement/combat
PASS fresh-bow · actual supported walking leg Physically isolate the imposed service feed
PASS fresh-bow · traveller survives actual production movement/combat
PASS fresh-bow · actual supported walking leg Physically isolate the imposed service feed
PASS fresh-bow · traveller survives actual production movement/combat
PASS fresh-bow · actual supported walking leg Physically isolate the imposed service feed
PASS fresh-bow · traveller survives actual production movement/combat
PASS fresh-bow · actual supported walking leg Physically isolate the imposed service feed
PASS fresh-bow · traveller survives actual production movement/combat
PASS fresh-bow · actual supported walking leg Physically isolate the imposed service feed
PASS fresh-bow · traveller survives actual production movement/combat
PASS fresh-bow · actual supported walking leg Physically isolate the imposed service feed
PASS fresh-bow · traveller survives actual production movement/combat
PASS fresh-bow · actual supported walking leg Physically isolate the imposed service feed
PASS fresh-bow · traveller survives actual production movement/combat
PASS fresh-bow · actual supported walking leg Physically isolate the imposed service feed
PASS fresh-bow · traveller survives actual production movement/combat
PASS fresh-bow · actual supported walking leg Physically isolate the imposed service feed
PASS fresh-bow · traveller survives actual production movement/combat
PASS fresh-bow · actual supported walking leg Physically isolate the imposed service feed
PASS fresh-bow · traveller survives actual production movement/combat
PASS fresh-bow · actual supported walking leg Physically isolate the imposed service feed
PASS fresh-bow · traveller survives actual production movement/combat
PASS fresh-bow · actual supported walking leg Physically isolate the imposed service feed
PASS fresh-bow · traveller survives actual production movement/combat
PASS fresh-bow · actual supported walking leg Physically isolate the imposed service feed
PASS fresh-bow · traveller survives actual production movement/combat
PASS fresh-bow · actual supported walking leg Physically isolate the imposed service feed
PASS fresh-bow · traveller survives actual production movement/combat
PASS fresh-bow · actual supported walking leg Physically isolate the imposed service feed
PASS fresh-bow · traveller survives actual production movement/combat
PASS fresh-bow · actual supported walking leg Physically isolate the imposed service feed
PASS fresh-bow · traveller survives actual production movement/combat
PASS fresh-bow · actual supported walking leg Physically isolate the imposed service feed
PASS fresh-bow · traveller survives actual production movement/combat
PASS fresh-bow · actual supported walking leg Physically isolate the imposed service feed
PASS fresh-bow · traveller survives actual production movement/combat
PASS fresh-bow · actual supported walking leg Physically isolate the imposed service feed
PASS fresh-bow · traveller survives actual production movement/combat
PASS fresh-bow · actual supported walking leg Physically isolate the imposed service feed
PASS fresh-bow · traveller survives actual production movement/combat
PASS fresh-bow · actual supported walking leg Physically isolate the imposed service feed
PASS fresh-bow · traveller survives actual production movement/combat
PASS fresh-bow · actual supported walking leg Physically isolate the imposed service feed
PASS fresh-bow · traveller survives actual production movement/combat
PASS fresh-bow · actual supported walking leg Physically isolate the imposed service feed
PASS fresh-bow · traveller survives actual production movement/combat
PASS fresh-bow · actual supported walking leg Physically isolate the imposed service feed
PASS fresh-bow · traveller survives actual production movement/combat
PASS fresh-bow · actual supported walking leg Physically isolate the imposed service feed
PASS fresh-bow · traveller survives actual production movement/combat
PASS fresh-bow · actual supported walking leg Physically isolate the imposed service feed
PASS fresh-bow · traveller survives actual production movement/combat
PASS fresh-bow · actual supported walking leg Physically isolate the imposed service feed
PASS fresh-bow · traveller survives actual production movement/combat
PASS fresh-bow · actual supported walking leg Physically isolate the imposed service feed
PASS fresh-bow · traveller survives actual production movement/combat
PASS fresh-bow · actual supported walking leg Physically isolate the imposed service feed
PASS fresh-bow · traveller survives actual production movement/combat
PASS fresh-bow · actual supported walking leg Physically isolate the imposed service feed
PASS fresh-bow · traveller survives actual production movement/combat
PASS fresh-bow · actual supported walking leg Physically isolate the imposed service feed
PASS fresh-bow · traveller survives actual production movement/combat
PASS fresh-bow · actual supported walking leg Physically isolate the imposed service feed
PASS fresh-bow · traveller survives actual production movement/combat
PASS fresh-bow · actual supported walking leg Physically isolate the imposed service feed
PASS fresh-bow · traveller survives actual production movement/combat
PASS fresh-bow · actual supported walking leg Physically isolate the imposed service feed
PASS fresh-bow · traveller survives actual production movement/combat
PASS fresh-bow · actual supported walking leg Physically isolate the imposed service feed
PASS fresh-bow · traveller survives actual production movement/combat
PASS fresh-bow · actual supported walking leg Physically isolate the imposed service feed
PASS fresh-bow · traveller survives actual production movement/combat
PASS fresh-bow · actual supported walking leg Physically isolate the imposed service feed
PASS fresh-bow · traveller survives actual production movement/combat
PASS fresh-bow · actual supported walking leg Physically isolate the imposed service feed
PASS fresh-bow · traveller survives actual production movement/combat
PASS fresh-bow · actual supported walking leg Physically isolate the imposed service feed
PASS fresh-bow · traveller survives actual production movement/combat
PASS fresh-bow · actual supported walking leg Physically isolate the imposed service feed
PASS fresh-bow · traveller survives actual production movement/combat
PASS fresh-bow · actual supported walking leg Physically isolate the imposed service feed
PASS fresh-bow · traveller survives actual production movement/combat
PASS fresh-bow · actual supported walking leg Physically isolate the imposed service feed
PASS fresh-bow · traveller survives actual production movement/combat
PASS fresh-bow · actual supported walking leg Physically isolate the imposed service feed
PASS fresh-bow · traveller survives actual production movement/combat
PASS fresh-bow · actual supported walking leg Physically isolate the imposed service feed
PASS fresh-bow · production movement arrives near Physically isolate the imposed service feed
PASS fresh-bow · actual physical UI operation records isolate-service-feed
PASS fresh-bow · operation never pays an independent fee isolate-service-feed
PASS fresh-bow · native controls cannot manually grant defeat/choice
PASS fresh-bow · whole supported body route reaches Begin the Still Meridian Guardian operation
PASS fresh-bow · traveller survives actual production movement/combat
PASS fresh-bow · actual supported walking leg Begin the Still Meridian Guardian operation
PASS fresh-bow · traveller survives actual production movement/combat
PASS fresh-bow · actual supported walking leg Begin the Still Meridian Guardian operation
PASS fresh-bow · traveller survives actual production movement/combat
PASS fresh-bow · actual supported walking leg Begin the Still Meridian Guardian operation
PASS fresh-bow · traveller survives actual production movement/combat
PASS fresh-bow · actual supported walking leg Begin the Still Meridian Guardian operation
PASS fresh-bow · traveller survives actual production movement/combat
PASS fresh-bow · actual supported walking leg Begin the Still Meridian Guardian operation
PASS fresh-bow · traveller survives actual production movement/combat
PASS fresh-bow · actual supported walking leg Begin the Still Meridian Guardian operation
PASS fresh-bow · traveller survives actual production movement/combat
PASS fresh-bow · actual supported walking leg Begin the Still Meridian Guardian operation
PASS fresh-bow · traveller survives actual production movement/combat
PASS fresh-bow · actual supported walking leg Begin the Still Meridian Guardian operation
PASS fresh-bow · traveller survives actual production movement/combat
PASS fresh-bow · actual supported walking leg Begin the Still Meridian Guardian operation
PASS fresh-bow · production movement arrives near Begin the Still Meridian Guardian operation
PASS fresh-bow · actual physical UI operation records challenge-guardian
PASS fresh-bow · operation never pays an independent fee challenge-guardian
PASS fresh-bow · guardian-ready saves through native owner
PASS fresh-bow · guardian-ready exact native full world is persisted
PASS fresh-bow · guardian-ready preserves the full other original native character slot value
PASS fresh-bow · exact frozen HTML is served over isolated loopback
PASS fresh-bow · actual WebGL2 client is available
PASS fresh-bow · software renderer is explicitly observed
PASS fresh-bow · guardian-ready whole-Chromium startup preserves exact bytes
PASS fresh-bow · guardian-ready preserves previous history, opened/account facts and kit
PASS fresh-bow · guardian-ready cold load preserves the full other original native character slot value
PASS fresh-bow · production route is accepted for ordinary Cosmos invitation
PASS fresh-bow · whole supported body route reaches ordinary Cosmos invitation
PASS fresh-bow · traveller survives actual production movement/combat
PASS fresh-bow · actual supported walking leg ordinary Cosmos invitation
PASS fresh-bow · production movement arrives near ordinary Cosmos invitation
PASS fresh-bow · physical arrival has no actor teleport for ordinary Cosmos invitation
PASS fresh-bow · native travel has explicit Cosmos confirmation
PASS fresh-bow · actual Cosmos physical owner handles the connected service road
PASS fresh-bow · no resolved machine recreates on native reentry
PASS fresh-bow · production route is accepted for ordinary bow machine range
PASS fresh-bow · whole supported body route reaches ordinary bow machine range
PASS fresh-bow · traveller survives actual production movement/combat
PASS fresh-bow · actual supported walking leg ordinary bow machine range
PASS fresh-bow · traveller survives actual production movement/combat
PASS fresh-bow · actual supported walking leg ordinary bow machine range
PASS fresh-bow · traveller survives actual production movement/combat
PASS fresh-bow · actual supported walking leg ordinary bow machine range
PASS fresh-bow · traveller survives actual production movement/combat
PASS fresh-bow · actual supported walking leg ordinary bow machine range
PASS fresh-bow · traveller survives actual production movement/combat
PASS fresh-bow · actual supported walking leg ordinary bow machine range
PASS fresh-bow · traveller survives actual production movement/combat
PASS fresh-bow · actual supported walking leg ordinary bow machine range
PASS fresh-bow · traveller survives actual production movement/combat
PASS fresh-bow · actual supported walking leg ordinary bow machine range
PASS fresh-bow · traveller survives actual production movement/combat
PASS fresh-bow · actual supported walking leg ordinary bow machine range
PASS fresh-bow · traveller survives actual production movement/combat
PASS fresh-bow · actual supported walking leg ordinary bow machine range
PASS fresh-bow · traveller survives actual production movement/combat
PASS fresh-bow · actual supported walking leg ordinary bow machine range
PASS fresh-bow · traveller survives actual production movement/combat
PASS fresh-bow · actual supported walking leg ordinary bow machine range
PASS fresh-bow · traveller survives actual production movement/combat
PASS fresh-bow · actual supported walking leg ordinary bow machine range
PASS fresh-bow · traveller survives actual production movement/combat
PASS fresh-bow · actual supported walking leg ordinary bow machine range
PASS fresh-bow · traveller survives actual production movement/combat
PASS fresh-bow · actual supported walking leg ordinary bow machine range
PASS fresh-bow · traveller survives actual production movement/combat
PASS fresh-bow · actual supported walking leg ordinary bow machine range
PASS fresh-bow · traveller survives actual production movement/combat
PASS fresh-bow · actual supported walking leg ordinary bow machine range
PASS fresh-bow · traveller survives actual production movement/combat
PASS fresh-bow · actual supported walking leg ordinary bow machine range
PASS fresh-bow · traveller survives actual production movement/combat
PASS fresh-bow · actual supported walking leg ordinary bow machine range
PASS fresh-bow · traveller survives actual production movement/combat
PASS fresh-bow · actual supported walking leg ordinary bow machine range
PASS fresh-bow · traveller survives actual production movement/combat
PASS fresh-bow · actual supported walking leg ordinary bow machine range
PASS fresh-bow · traveller survives actual production movement/combat
PASS fresh-bow · actual supported walking leg ordinary bow machine range
PASS fresh-bow · traveller survives actual production movement/combat
PASS fresh-bow · actual supported walking leg ordinary bow machine range
PASS fresh-bow · traveller survives actual production movement/combat
PASS fresh-bow · actual supported walking leg ordinary bow machine range
PASS fresh-bow · traveller survives actual production movement/combat
PASS fresh-bow · actual supported walking leg ordinary bow machine range
PASS fresh-bow · traveller survives actual production movement/combat
PASS fresh-bow · actual supported walking leg ordinary bow machine range
PASS fresh-bow · traveller survives actual production movement/combat
PASS fresh-bow · actual supported walking leg ordinary bow machine range
PASS fresh-bow · traveller survives actual production movement/combat
PASS fresh-bow · actual supported walking leg ordinary bow machine range
PASS fresh-bow · traveller survives actual production movement/combat
PASS fresh-bow · actual supported walking leg ordinary bow machine range
PASS fresh-bow · traveller survives actual production movement/combat
PASS fresh-bow · actual supported walking leg ordinary bow machine range
PASS fresh-bow · traveller survives actual production movement/combat
PASS fresh-bow · actual supported walking leg ordinary bow machine range
PASS fresh-bow · traveller survives actual production movement/combat
PASS fresh-bow · actual supported walking leg ordinary bow machine range
PASS fresh-bow · traveller survives actual production movement/combat
PASS fresh-bow · actual supported walking leg ordinary bow machine range
PASS fresh-bow · traveller survives actual production movement/combat
PASS fresh-bow · actual supported walking leg ordinary bow machine range
PASS fresh-bow · traveller survives actual production movement/combat
PASS fresh-bow · actual supported walking leg ordinary bow machine range
PASS fresh-bow · traveller survives actual production movement/combat
PASS fresh-bow · actual supported walking leg ordinary bow machine range
PASS fresh-bow · traveller survives actual production movement/combat
PASS fresh-bow · actual supported walking leg ordinary bow machine range
PASS fresh-bow · traveller survives actual production movement/combat
PASS fresh-bow · actual supported walking leg ordinary bow machine range
PASS fresh-bow · traveller survives actual production movement/combat
PASS fresh-bow · actual supported walking leg ordinary bow machine range
PASS fresh-bow · traveller survives actual production movement/combat
PASS fresh-bow · actual supported walking leg ordinary bow machine range
PASS fresh-bow · traveller survives actual production movement/combat
PASS fresh-bow · actual supported walking leg ordinary bow machine range
PASS fresh-bow · traveller survives actual production movement/combat
PASS fresh-bow · actual supported walking leg ordinary bow machine range
PASS fresh-bow · traveller survives actual production movement/combat
PASS fresh-bow · actual supported walking leg ordinary bow machine range
PASS fresh-bow · traveller survives actual production movement/combat
PASS fresh-bow · actual supported walking leg ordinary bow machine range
PASS fresh-bow · traveller survives actual production movement/combat
PASS fresh-bow · actual supported walking leg ordinary bow machine range
PASS fresh-bow · traveller survives actual production movement/combat
PASS fresh-bow · actual supported walking leg ordinary bow machine range
PASS fresh-bow · traveller survives actual production movement/combat
PASS fresh-bow · actual supported walking leg ordinary bow machine range
PASS fresh-bow · traveller survives actual production movement/combat
PASS fresh-bow · actual supported walking leg ordinary bow machine range
PASS fresh-bow · traveller survives actual production movement/combat
PASS fresh-bow · actual supported walking leg ordinary bow machine range
PASS fresh-bow · traveller survives actual production movement/combat
PASS fresh-bow · actual supported walking leg ordinary bow machine range
PASS fresh-bow · traveller survives actual production movement/combat
PASS fresh-bow · actual supported walking leg ordinary bow machine range
PASS fresh-bow · traveller survives actual production movement/combat
PASS fresh-bow · actual supported walking leg ordinary bow machine range
PASS fresh-bow · traveller survives actual production movement/combat
PASS fresh-bow · actual supported walking leg ordinary bow machine range
PASS fresh-bow · traveller survives actual production movement/combat
PASS fresh-bow · actual supported walking leg ordinary bow machine range
PASS fresh-bow · traveller survives actual production movement/combat
PASS fresh-bow · actual supported walking leg ordinary bow machine range
PASS fresh-bow · traveller survives actual production movement/combat
PASS fresh-bow · actual supported walking leg ordinary bow machine range
PASS fresh-bow · traveller survives actual production movement/combat
PASS fresh-bow · actual supported walking leg ordinary bow machine range
PASS fresh-bow · traveller survives actual production movement/combat
PASS fresh-bow · actual supported walking leg ordinary bow machine range
PASS fresh-bow · traveller survives actual production movement/combat
PASS fresh-bow · actual supported walking leg ordinary bow machine range
PASS fresh-bow · traveller survives actual production movement/combat
PASS fresh-bow · actual supported walking leg ordinary bow machine range
PASS fresh-bow · traveller survives actual production movement/combat
PASS fresh-bow · actual supported walking leg ordinary bow machine range
PASS fresh-bow · traveller survives actual production movement/combat
PASS fresh-bow · actual supported walking leg ordinary bow machine range
PASS fresh-bow · traveller survives actual production movement/combat
PASS fresh-bow · actual supported walking leg ordinary bow machine range
PASS fresh-bow · traveller survives actual production movement/combat
PASS fresh-bow · actual supported walking leg ordinary bow machine range
PASS fresh-bow · traveller survives actual production movement/combat
PASS fresh-bow · actual supported walking leg ordinary bow machine range
PASS fresh-bow · traveller survives actual production movement/combat
PASS fresh-bow · actual supported walking leg ordinary bow machine range
PASS fresh-bow · traveller survives actual production movement/combat
PASS fresh-bow · actual supported walking leg ordinary bow machine range
PASS fresh-bow · traveller survives actual production movement/combat
PASS fresh-bow · actual supported walking leg ordinary bow machine range
PASS fresh-bow · traveller survives actual production movement/combat
PASS fresh-bow · actual supported walking leg ordinary bow machine range
PASS fresh-bow · traveller survives actual production movement/combat
PASS fresh-bow · actual supported walking leg ordinary bow machine range
PASS fresh-bow · traveller survives actual production movement/combat
PASS fresh-bow · actual supported walking leg ordinary bow machine range
PASS fresh-bow · traveller survives actual production movement/combat
PASS fresh-bow · actual supported walking leg ordinary bow machine range
PASS fresh-bow · traveller survives actual production movement/combat
PASS fresh-bow · actual supported walking leg ordinary bow machine range
PASS fresh-bow · traveller survives actual production movement/combat
PASS fresh-bow · actual supported walking leg ordinary bow machine range
PASS fresh-bow · traveller survives actual production movement/combat
PASS fresh-bow · actual supported walking leg ordinary bow machine range
PASS fresh-bow · traveller survives actual production movement/combat
PASS fresh-bow · actual supported walking leg ordinary bow machine range
PASS fresh-bow · traveller survives actual production movement/combat
PASS fresh-bow · actual supported walking leg ordinary bow machine range
PASS fresh-bow · traveller survives actual production movement/combat
PASS fresh-bow · actual supported walking leg ordinary bow machine range
PASS fresh-bow · traveller survives actual production movement/combat
PASS fresh-bow · actual supported walking leg ordinary bow machine range
PASS fresh-bow · traveller survives actual production movement/combat
PASS fresh-bow · actual supported walking leg ordinary bow machine range
PASS fresh-bow · traveller survives actual production movement/combat
PASS fresh-bow · actual supported walking leg ordinary bow machine range
PASS fresh-bow · traveller survives actual production movement/combat
PASS fresh-bow · actual supported walking leg ordinary bow machine range
PASS fresh-bow · traveller survives actual production movement/combat
PASS fresh-bow · actual supported walking leg ordinary bow machine range
PASS fresh-bow · traveller survives actual production movement/combat
PASS fresh-bow · actual supported walking leg ordinary bow machine range
PASS fresh-bow · traveller survives actual production movement/combat
PASS fresh-bow · actual supported walking leg ordinary bow machine range
PASS fresh-bow · traveller survives actual production movement/combat
PASS fresh-bow · actual supported walking leg ordinary bow machine range
PASS fresh-bow · traveller survives actual production movement/combat
PASS fresh-bow · actual supported walking leg ordinary bow machine range
PASS fresh-bow · traveller survives actual production movement/combat
PASS fresh-bow · actual supported walking leg ordinary bow machine range
PASS fresh-bow · traveller survives actual production movement/combat
PASS fresh-bow · actual supported walking leg ordinary bow machine range
PASS fresh-bow · traveller survives actual production movement/combat
PASS fresh-bow · actual supported walking leg ordinary bow machine range
PASS fresh-bow · traveller survives actual production movement/combat
PASS fresh-bow · actual supported walking leg ordinary bow machine range
PASS fresh-bow · traveller survives actual production movement/combat
PASS fresh-bow · actual supported walking leg ordinary bow machine range
PASS fresh-bow · traveller survives actual production movement/combat
PASS fresh-bow · actual supported walking leg ordinary bow machine range
PASS fresh-bow · traveller survives actual production movement/combat
PASS fresh-bow · actual supported walking leg ordinary bow machine range
PASS fresh-bow · traveller survives actual production movement/combat
PASS fresh-bow · actual supported walking leg ordinary bow machine range
PASS fresh-bow · traveller survives actual production movement/combat
PASS fresh-bow · actual supported walking leg ordinary bow machine range
PASS fresh-bow · traveller survives actual production movement/combat
PASS fresh-bow · actual supported walking leg ordinary bow machine range
PASS fresh-bow · traveller survives actual production movement/combat
PASS fresh-bow · actual supported walking leg ordinary bow machine range
PASS fresh-bow · traveller survives actual production movement/combat
PASS fresh-bow · actual supported walking leg ordinary bow machine range
PASS fresh-bow · traveller survives actual production movement/combat
PASS fresh-bow · actual supported walking leg ordinary bow machine range
PASS fresh-bow · traveller survives actual production movement/combat
PASS fresh-bow · actual supported walking leg ordinary bow machine range
PASS fresh-bow · production movement arrives near ordinary bow machine range
PASS fresh-bow · physical arrival has no actor teleport for ordinary bow machine range
PASS fresh-bow · native target key owns actual Still Meridian Guardian
PASS fresh-bow · production route is accepted for read original annulus and cross
PASS fresh-bow · whole supported body route reaches read original annulus and cross
PASS fresh-bow · traveller survives actual production movement/combat
PASS fresh-bow · actual supported walking leg read original annulus and cross
PASS fresh-bow · production movement arrives near read original annulus and cross
PASS fresh-bow · physical arrival has no actor teleport for read original annulus and cross
PASS fresh-bow · actual anchored owned annulus lock with declared stats
PASS fresh-bow · actual submitted actor and warning vertices fit whole supported locked geometry
PASS fresh-bow · actual requested camera adventure
PASS fresh-bow · guardian-body causal pixels restore exactly
PASS fresh-bow · actual requested camera adventure
PASS fresh-bow · guardian-annulus-warning causal pixels restore exactly
PASS fresh-bow · actual requested camera adventure
PASS fresh-bow · guardian-annulus-paired-inlay causal pixels restore exactly
PASS fresh-bow · actual requested camera follow
PASS fresh-bow · guardian-body causal pixels restore exactly
PASS fresh-bow · actual requested camera follow
PASS fresh-bow · guardian-annulus-warning causal pixels restore exactly
PASS fresh-bow · actual requested camera follow
PASS fresh-bow · guardian-annulus-paired-inlay causal pixels restore exactly
PASS fresh-bow · traveller survives actual production movement/combat
PASS fresh-bow · production route is accepted for read original primary and transverse cross
PASS fresh-bow · whole supported body route reaches read original primary and transverse cross
PASS fresh-bow · traveller survives actual production movement/combat
PASS fresh-bow · actual supported walking leg read original primary and transverse cross
PASS fresh-bow · production movement arrives near read original primary and transverse cross
PASS fresh-bow · physical arrival has no actor teleport for read original primary and transverse cross
PASS fresh-bow · actual anchored owned cross lock with declared stats
PASS fresh-bow · actual submitted actor and warning vertices fit whole supported locked geometry
PASS fresh-bow · actual requested camera adventure
PASS fresh-bow · guardian-body causal pixels restore exactly
PASS fresh-bow · actual requested camera adventure
PASS fresh-bow · guardian-cross-warning causal pixels restore exactly
PASS fresh-bow · actual requested camera adventure
PASS fresh-bow · guardian-cross-paired-inlay causal pixels restore exactly
PASS fresh-bow · actual requested camera follow
PASS fresh-bow · guardian-body causal pixels restore exactly
PASS fresh-bow · actual requested camera follow
PASS fresh-bow · guardian-cross-warning causal pixels restore exactly
PASS fresh-bow · actual requested camera follow
PASS fresh-bow · guardian-cross-paired-inlay causal pixels restore exactly
PASS fresh-bow · traveller survives actual production movement/combat
PASS fresh-bow · production route is accepted for supported outside west guardian approach
PASS fresh-bow · whole supported body route reaches supported outside west guardian approach
PASS fresh-bow · traveller survives actual production movement/combat
PASS fresh-bow · actual supported walking leg supported outside west guardian approach
PASS fresh-bow · traveller survives actual production movement/combat
PASS fresh-bow · actual supported walking leg supported outside west guardian approach
PASS fresh-bow · traveller survives actual production movement/combat
PASS fresh-bow · actual supported walking leg supported outside west guardian approach
PASS fresh-bow · traveller survives actual production movement/combat
PASS fresh-bow · actual supported walking leg supported outside west guardian approach
PASS fresh-bow · traveller survives actual production movement/combat
PASS fresh-bow · actual supported walking leg supported outside west guardian approach
PASS fresh-bow · traveller survives actual production movement/combat
PASS fresh-bow · actual supported walking leg supported outside west guardian approach
PASS fresh-bow · traveller survives actual production movement/combat
PASS fresh-bow · actual supported walking leg supported outside west guardian approach
PASS fresh-bow · traveller survives actual production movement/combat
PASS fresh-bow · actual supported walking leg supported outside west guardian approach
PASS fresh-bow · traveller survives actual production movement/combat
PASS fresh-bow · actual supported walking leg supported outside west guardian approach
PASS fresh-bow · traveller survives actual production movement/combat
PASS fresh-bow · actual supported walking leg supported outside west guardian approach
PASS fresh-bow · production movement arrives near supported outside west guardian approach
PASS fresh-bow · physical arrival has no actor teleport for supported outside west guardian approach
PASS fresh-bow · native controls cannot manually grant defeat/choice
PASS fresh-bow · production route is accepted for Release the transverse-bar feed
PASS fresh-bow · whole supported body route reaches Release the transverse-bar feed
PASS fresh-bow · traveller survives actual production movement/combat
PASS fresh-bow · actual supported walking leg Release the transverse-bar feed
PASS fresh-bow · traveller survives actual production movement/combat
PASS fresh-bow · actual supported walking leg Release the transverse-bar feed
PASS fresh-bow · traveller survives actual production movement/combat
PASS fresh-bow · actual supported walking leg Release the transverse-bar feed
PASS fresh-bow · production movement arrives near Release the transverse-bar feed
PASS fresh-bow · physical arrival has no actor teleport for Release the transverse-bar feed
PASS fresh-bow · actual physical UI operation records release-west-feed
PASS fresh-bow · operation never pays an independent fee release-west-feed
PASS fresh-bow · production route is accepted for supported outside guardian feed loop
PASS fresh-bow · whole supported body route reaches supported outside guardian feed loop
PASS fresh-bow · traveller survives actual production movement/combat
PASS fresh-bow · actual supported walking leg supported outside guardian feed loop
PASS fresh-bow · traveller survives actual production movement/combat
PASS fresh-bow · actual supported walking leg supported outside guardian feed loop
PASS fresh-bow · traveller survives actual production movement/combat
PASS fresh-bow · actual supported walking leg supported outside guardian feed loop
PASS fresh-bow · traveller survives actual production movement/combat
PASS fresh-bow · actual supported walking leg supported outside guardian feed loop
PASS fresh-bow · traveller survives actual production movement/combat
PASS fresh-bow · actual supported walking leg supported outside guardian feed loop
PASS fresh-bow · traveller survives actual production movement/combat
PASS fresh-bow · actual supported walking leg supported outside guardian feed loop
PASS fresh-bow · production movement arrives near supported outside guardian feed loop
PASS fresh-bow · physical arrival has no actor teleport for supported outside guardian feed loop
PASS fresh-bow · production route is accepted for supported outside guardian feed loop
PASS fresh-bow · whole supported body route reaches supported outside guardian feed loop
PASS fresh-bow · traveller survives actual production movement/combat
PASS fresh-bow · actual supported walking leg supported outside guardian feed loop
PASS fresh-bow · traveller survives actual production movement/combat
PASS fresh-bow · actual supported walking leg supported outside guardian feed loop
PASS fresh-bow · traveller survives actual production movement/combat
PASS fresh-bow · actual supported walking leg supported outside guardian feed loop
PASS fresh-bow · traveller survives actual production movement/combat
PASS fresh-bow · actual supported walking leg supported outside guardian feed loop
PASS fresh-bow · traveller survives actual production movement/combat
PASS fresh-bow · actual supported walking leg supported outside guardian feed loop
PASS fresh-bow · traveller survives actual production movement/combat
PASS fresh-bow · actual supported walking leg supported outside guardian feed loop
PASS fresh-bow · traveller survives actual production movement/combat
PASS fresh-bow · actual supported walking leg supported outside guardian feed loop
PASS fresh-bow · traveller survives actual production movement/combat
PASS fresh-bow · actual supported walking leg supported outside guardian feed loop
PASS fresh-bow · production movement arrives near supported outside guardian feed loop
PASS fresh-bow · physical arrival has no actor teleport for supported outside guardian feed loop
PASS fresh-bow · production route is accepted for supported outside guardian feed loop
PASS fresh-bow · whole supported body route reaches supported outside guardian feed loop
PASS fresh-bow · traveller survives actual production movement/combat
PASS fresh-bow · actual supported walking leg supported outside guardian feed loop
PASS fresh-bow · traveller survives actual production movement/combat
PASS fresh-bow · actual supported walking leg supported outside guardian feed loop
PASS fresh-bow · traveller survives actual production movement/combat
PASS fresh-bow · actual supported walking leg supported outside guardian feed loop
PASS fresh-bow · traveller survives actual production movement/combat
PASS fresh-bow · actual supported walking leg supported outside guardian feed loop
PASS fresh-bow · traveller survives actual production movement/combat
PASS fresh-bow · actual supported walking leg supported outside guardian feed loop
PASS fresh-bow · traveller survives actual production movement/combat
PASS fresh-bow · actual supported walking leg supported outside guardian feed loop
PASS fresh-bow · traveller survives actual production movement/combat
PASS fresh-bow · actual supported walking leg supported outside guardian feed loop
PASS fresh-bow · traveller survives actual production movement/combat
PASS fresh-bow · actual supported walking leg supported outside guardian feed loop
PASS fresh-bow · traveller survives actual production movement/combat
PASS fresh-bow · actual supported walking leg supported outside guardian feed loop
PASS fresh-bow · traveller survives actual production movement/combat
PASS fresh-bow · actual supported walking leg supported outside guardian feed loop
PASS fresh-bow · production movement arrives near supported outside guardian feed loop
PASS fresh-bow · physical arrival has no actor teleport for supported outside guardian feed loop
PASS fresh-bow · native controls cannot manually grant defeat/choice
PASS fresh-bow · production route is accepted for Release the outer-ring feed
PASS fresh-bow · whole supported body route reaches Release the outer-ring feed
PASS fresh-bow · traveller survives actual production movement/combat
PASS fresh-bow · actual supported walking leg Release the outer-ring feed
PASS fresh-bow · traveller survives actual production movement/combat
PASS fresh-bow · actual supported walking leg Release the outer-ring feed
PASS fresh-bow · traveller survives actual production movement/combat
PASS fresh-bow · actual supported walking leg Release the outer-ring feed
PASS fresh-bow · production movement arrives near Release the outer-ring feed
PASS fresh-bow · physical arrival has no actor teleport for Release the outer-ring feed
PASS fresh-bow · actual physical UI operation records release-east-feed
PASS fresh-bow · operation never pays an independent fee release-east-feed
PASS fresh-bow · production route is accepted for read physically released future frames
PASS fresh-bow · whole supported body route reaches read physically released future frames
PASS fresh-bow · traveller survives actual production movement/combat
PASS fresh-bow · actual supported walking leg read physically released future frames
PASS fresh-bow · traveller survives actual production movement/combat
PASS fresh-bow · actual supported walking leg read physically released future frames
PASS fresh-bow · traveller survives actual production movement/combat
PASS fresh-bow · actual supported walking leg read physically released future frames
PASS fresh-bow · traveller survives actual production movement/combat
PASS fresh-bow · actual supported walking leg read physically released future frames
PASS fresh-bow · traveller survives actual production movement/combat
PASS fresh-bow · actual supported walking leg read physically released future frames
PASS fresh-bow · traveller survives actual production movement/combat
PASS fresh-bow · actual supported walking leg read physically released future frames
PASS fresh-bow · production movement arrives near read physically released future frames
PASS fresh-bow · physical arrival has no actor teleport for read physically released future frames
PASS fresh-bow · actual anchored owned annulus lock with declared stats
PASS fresh-bow · actual submitted actor and warning vertices fit whole supported locked geometry
PASS fresh-bow · actual requested camera adventure
PASS fresh-bow · guardian-body causal pixels restore exactly
PASS fresh-bow · actual requested camera adventure
PASS fresh-bow · guardian-annulus-warning causal pixels restore exactly
PASS fresh-bow · actual requested camera adventure
PASS fresh-bow · guardian-annulus-paired-inlay causal pixels restore exactly
PASS fresh-bow · actual requested camera follow
PASS fresh-bow · guardian-body causal pixels restore exactly
PASS fresh-bow · actual requested camera follow
PASS fresh-bow · guardian-annulus-warning causal pixels restore exactly
PASS fresh-bow · actual requested camera follow
PASS fresh-bow · guardian-annulus-paired-inlay causal pixels restore exactly
PASS fresh-bow · traveller survives actual production movement/combat
PASS fresh-bow · actual anchored owned cross lock with declared stats
PASS fresh-bow · actual submitted actor and warning vertices fit whole supported locked geometry
PASS fresh-bow · actual requested camera adventure
PASS fresh-bow · guardian-body causal pixels restore exactly
PASS fresh-bow · actual requested camera adventure
PASS fresh-bow · guardian-cross-warning causal pixels restore exactly
PASS fresh-bow · actual requested camera adventure
PASS fresh-bow · guardian-cross-paired-inlay causal pixels restore exactly
PASS fresh-bow · actual requested camera follow
PASS fresh-bow · guardian-body causal pixels restore exactly
PASS fresh-bow · actual requested camera follow
PASS fresh-bow · guardian-cross-warning causal pixels restore exactly
PASS fresh-bow · actual requested camera follow
PASS fresh-bow · guardian-cross-paired-inlay causal pixels restore exactly
PASS fresh-bow · physical releases measurably change only future warning mechanisms
PASS fresh-bow · traveller survives actual production movement/combat
PASS fresh-bow · production route is accepted for ordinary final weapon approach
PASS fresh-bow · whole supported body route reaches ordinary final weapon approach
PASS fresh-bow · traveller survives actual production movement/combat
PASS fresh-bow · actual supported walking leg ordinary final weapon approach
PASS fresh-bow · production movement arrives near ordinary final weapon approach
PASS fresh-bow · physical arrival has no actor teleport for ordinary final weapon approach
PASS fresh-bow · empty-geometry positive control detects the actual fresh framebuffer
PASS fresh-bow · traveller survives actual production movement/combat
PASS fresh-bow · traveller survives actual production movement/combat
PASS fresh-bow · bounded native ordinary weapon combat survives
PASS fresh-bow · traveller survives actual production movement/combat
PASS fresh-bow · bounded native ordinary weapon combat survives
PASS fresh-bow · traveller survives actual production movement/combat
PASS fresh-bow · bounded native ordinary weapon combat survives
PASS fresh-bow · traveller survives actual production movement/combat
PASS fresh-bow · bounded native ordinary weapon combat survives
PASS fresh-bow · traveller survives actual production movement/combat
PASS fresh-bow · bounded native ordinary weapon combat survives
PASS fresh-bow · traveller survives actual production movement/combat
PASS fresh-bow · bounded native ordinary weapon combat survives
PASS fresh-bow · traveller survives actual production movement/combat
PASS fresh-bow · bounded native ordinary weapon combat survives
PASS fresh-bow · traveller survives actual production movement/combat
PASS fresh-bow · bounded native ordinary weapon combat survives
PASS fresh-bow · traveller survives actual production movement/combat
PASS fresh-bow · bounded native ordinary weapon combat survives
PASS fresh-bow · traveller survives actual production movement/combat
PASS fresh-bow · bounded native ordinary weapon combat survives
PASS fresh-bow · traveller survives actual production movement/combat
PASS fresh-bow · bounded native ordinary weapon combat survives
PASS fresh-bow · traveller survives actual production movement/combat
PASS fresh-bow · bounded native ordinary weapon combat survives
PASS fresh-bow · traveller survives actual production movement/combat
PASS fresh-bow · bounded native ordinary weapon combat survives
PASS fresh-bow · traveller survives actual production movement/combat
PASS fresh-bow · bounded native ordinary weapon combat survives
PASS fresh-bow · traveller survives actual production movement/combat
PASS fresh-bow · bounded native ordinary weapon combat survives
PASS fresh-bow · traveller survives actual production movement/combat
PASS fresh-bow · bounded native ordinary weapon combat survives
PASS fresh-bow · traveller survives actual production movement/combat
PASS fresh-bow · bounded native ordinary weapon combat survives
PASS fresh-bow · traveller survives actual production movement/combat
PASS fresh-bow · bounded native ordinary weapon combat survives
PASS fresh-bow · traveller survives actual production movement/combat
PASS fresh-bow · bounded native ordinary weapon combat survives
PASS fresh-bow · traveller survives actual production movement/combat
PASS fresh-bow · bounded native ordinary weapon combat survives
PASS fresh-bow · traveller survives actual production movement/combat
PASS fresh-bow · bounded native ordinary weapon combat survives
PASS fresh-bow · traveller survives actual production movement/combat
PASS fresh-bow · bounded native ordinary weapon combat survives
PASS fresh-bow · traveller survives actual production movement/combat
PASS fresh-bow · bounded native ordinary weapon combat survives
PASS fresh-bow · traveller survives actual production movement/combat
PASS fresh-bow · bounded native ordinary weapon combat survives
PASS fresh-bow · traveller survives actual production movement/combat
PASS fresh-bow · bounded native ordinary weapon combat survives
PASS fresh-bow · traveller survives actual production movement/combat
PASS fresh-bow · bounded native ordinary weapon combat survives
PASS fresh-bow · traveller survives actual production movement/combat
PASS fresh-bow · bounded native ordinary weapon combat survives
PASS fresh-bow · traveller survives actual production movement/combat
PASS fresh-bow · bounded native ordinary weapon combat survives
PASS fresh-bow · traveller survives actual production movement/combat
PASS fresh-bow · bounded native ordinary weapon combat survives
PASS fresh-bow · traveller survives actual production movement/combat
PASS fresh-bow · bounded native ordinary weapon combat survives
PASS fresh-bow · traveller survives actual production movement/combat
PASS fresh-bow · bounded native ordinary weapon combat survives
PASS fresh-bow · actual zero-HP exhaustion records only owned guardian-settled
PASS fresh-bow · actual blade/projectile callers contribute to exhaustion
PASS fresh-bow · actual bow arrow travels and collides
PASS fresh-bow · no independent encounter fee, legacy drop or planted defeat
PASS fresh-bow · guardian-settled-with-physical-feeds saves through native owner
PASS fresh-bow · guardian-settled-with-physical-feeds exact native full world is persisted
PASS fresh-bow · guardian-settled-with-physical-feeds preserves the full other original native character slot value
PASS fresh-bow · exact frozen HTML is served over isolated loopback
PASS fresh-bow · actual WebGL2 client is available
PASS fresh-bow · software renderer is explicitly observed
PASS fresh-bow · guardian-settled-with-physical-feeds whole-Chromium startup preserves exact bytes
PASS fresh-bow · guardian-settled-with-physical-feeds preserves previous history, opened/account facts and kit
PASS fresh-bow · guardian-settled-with-physical-feeds cold load preserves the full other original native character slot value
PASS fresh-bow · production route is accepted for ordinary Cosmos invitation
PASS fresh-bow · whole supported body route reaches ordinary Cosmos invitation
PASS fresh-bow · traveller survives actual production movement/combat
PASS fresh-bow · actual supported walking leg ordinary Cosmos invitation
PASS fresh-bow · production movement arrives near ordinary Cosmos invitation
PASS fresh-bow · physical arrival has no actor teleport for ordinary Cosmos invitation
PASS fresh-bow · native travel has explicit Cosmos confirmation
PASS fresh-bow · actual Cosmos physical owner handles the connected service road
PASS fresh-bow · no resolved machine recreates on native reentry
PASS fresh-bow · native controls cannot manually grant defeat/choice
PASS fresh-bow · whole supported body route reaches Disable the coercive central synchronization
PASS fresh-bow · traveller survives actual production movement/combat
PASS fresh-bow · actual supported walking leg Disable the coercive central synchronization
PASS fresh-bow · traveller survives actual production movement/combat
PASS fresh-bow · actual supported walking leg Disable the coercive central synchronization
PASS fresh-bow · traveller survives actual production movement/combat
PASS fresh-bow · actual supported walking leg Disable the coercive central synchronization
PASS fresh-bow · traveller survives actual production movement/combat
PASS fresh-bow · actual supported walking leg Disable the coercive central synchronization
PASS fresh-bow · traveller survives actual production movement/combat
PASS fresh-bow · actual supported walking leg Disable the coercive central synchronization
PASS fresh-bow · traveller survives actual production movement/combat
PASS fresh-bow · actual supported walking leg Disable the coercive central synchronization
PASS fresh-bow · traveller survives actual production movement/combat
PASS fresh-bow · actual supported walking leg Disable the coercive central synchronization
PASS fresh-bow · traveller survives actual production movement/combat
PASS fresh-bow · actual supported walking leg Disable the coercive central synchronization
PASS fresh-bow · traveller survives actual production movement/combat
PASS fresh-bow · actual supported walking leg Disable the coercive central synchronization
PASS fresh-bow · traveller survives actual production movement/combat
PASS fresh-bow · actual supported walking leg Disable the coercive central synchronization
PASS fresh-bow · traveller survives actual production movement/combat
PASS fresh-bow · actual supported walking leg Disable the coercive central synchronization
PASS fresh-bow · traveller survives actual production movement/combat
PASS fresh-bow · actual supported walking leg Disable the coercive central synchronization
PASS fresh-bow · traveller survives actual production movement/combat
PASS fresh-bow · actual supported walking leg Disable the coercive central synchronization
PASS fresh-bow · traveller survives actual production movement/combat
PASS fresh-bow · actual supported walking leg Disable the coercive central synchronization
PASS fresh-bow · traveller survives actual production movement/combat
PASS fresh-bow · actual supported walking leg Disable the coercive central synchronization
PASS fresh-bow · traveller survives actual production movement/combat
PASS fresh-bow · actual supported walking leg Disable the coercive central synchronization
PASS fresh-bow · traveller survives actual production movement/combat
PASS fresh-bow · actual supported walking leg Disable the coercive central synchronization
PASS fresh-bow · traveller survives actual production movement/combat
PASS fresh-bow · actual supported walking leg Disable the coercive central synchronization
PASS fresh-bow · traveller survives actual production movement/combat
PASS fresh-bow · actual supported walking leg Disable the coercive central synchronization
PASS fresh-bow · traveller survives actual production movement/combat
PASS fresh-bow · actual supported walking leg Disable the coercive central synchronization
PASS fresh-bow · traveller survives actual production movement/combat
PASS fresh-bow · actual supported walking leg Disable the coercive central synchronization
PASS fresh-bow · traveller survives actual production movement/combat
PASS fresh-bow · actual supported walking leg Disable the coercive central synchronization
PASS fresh-bow · traveller survives actual production movement/combat
PASS fresh-bow · actual supported walking leg Disable the coercive central synchronization
PASS fresh-bow · traveller survives actual production movement/combat
PASS fresh-bow · actual supported walking leg Disable the coercive central synchronization
PASS fresh-bow · traveller survives actual production movement/combat
PASS fresh-bow · actual supported walking leg Disable the coercive central synchronization
PASS fresh-bow · traveller survives actual production movement/combat
PASS fresh-bow · actual supported walking leg Disable the coercive central synchronization
PASS fresh-bow · traveller survives actual production movement/combat
PASS fresh-bow · actual supported walking leg Disable the coercive central synchronization
PASS fresh-bow · traveller survives actual production movement/combat
PASS fresh-bow · actual supported walking leg Disable the coercive central synchronization
PASS fresh-bow · traveller survives actual production movement/combat
PASS fresh-bow · actual supported walking leg Disable the coercive central synchronization
PASS fresh-bow · traveller survives actual production movement/combat
PASS fresh-bow · actual supported walking leg Disable the coercive central synchronization
PASS fresh-bow · traveller survives actual production movement/combat
PASS fresh-bow · actual supported walking leg Disable the coercive central synchronization
PASS fresh-bow · traveller survives actual production movement/combat
PASS fresh-bow · actual supported walking leg Disable the coercive central synchronization
PASS fresh-bow · traveller survives actual production movement/combat
PASS fresh-bow · actual supported walking leg Disable the coercive central synchronization
PASS fresh-bow · traveller survives actual production movement/combat
PASS fresh-bow · actual supported walking leg Disable the coercive central synchronization
PASS fresh-bow · traveller survives actual production movement/combat
PASS fresh-bow · actual supported walking leg Disable the coercive central synchronization
PASS fresh-bow · traveller survives actual production movement/combat
PASS fresh-bow · actual supported walking leg Disable the coercive central synchronization
PASS fresh-bow · traveller survives actual production movement/combat
PASS fresh-bow · actual supported walking leg Disable the coercive central synchronization
PASS fresh-bow · traveller survives actual production movement/combat
PASS fresh-bow · actual supported walking leg Disable the coercive central synchronization
PASS fresh-bow · traveller survives actual production movement/combat
PASS fresh-bow · actual supported walking leg Disable the coercive central synchronization
PASS fresh-bow · traveller survives actual production movement/combat
PASS fresh-bow · actual supported walking leg Disable the coercive central synchronization
PASS fresh-bow · traveller survives actual production movement/combat
PASS fresh-bow · actual supported walking leg Disable the coercive central synchronization
PASS fresh-bow · traveller survives actual production movement/combat
PASS fresh-bow · actual supported walking leg Disable the coercive central synchronization
PASS fresh-bow · traveller survives actual production movement/combat
PASS fresh-bow · actual supported walking leg Disable the coercive central synchronization
PASS fresh-bow · traveller survives actual production movement/combat
PASS fresh-bow · actual supported walking leg Disable the coercive central synchronization
PASS fresh-bow · traveller survives actual production movement/combat
PASS fresh-bow · actual supported walking leg Disable the coercive central synchronization
PASS fresh-bow · traveller survives actual production movement/combat
PASS fresh-bow · actual supported walking leg Disable the coercive central synchronization
PASS fresh-bow · traveller survives actual production movement/combat
PASS fresh-bow · actual supported walking leg Disable the coercive central synchronization
PASS fresh-bow · traveller survives actual production movement/combat
PASS fresh-bow · actual supported walking leg Disable the coercive central synchronization
PASS fresh-bow · traveller survives actual production movement/combat
PASS fresh-bow · actual supported walking leg Disable the coercive central synchronization
PASS fresh-bow · traveller survives actual production movement/combat
PASS fresh-bow · actual supported walking leg Disable the coercive central synchronization
PASS fresh-bow · traveller survives actual production movement/combat
PASS fresh-bow · actual supported walking leg Disable the coercive central synchronization
PASS fresh-bow · traveller survives actual production movement/combat
PASS fresh-bow · actual supported walking leg Disable the coercive central synchronization
PASS fresh-bow · traveller survives actual production movement/combat
PASS fresh-bow · actual supported walking leg Disable the coercive central synchronization
PASS fresh-bow · traveller survives actual production movement/combat
PASS fresh-bow · actual supported walking leg Disable the coercive central synchronization
PASS fresh-bow · traveller survives actual production movement/combat
PASS fresh-bow · actual supported walking leg Disable the coercive central synchronization
PASS fresh-bow · traveller survives actual production movement/combat
PASS fresh-bow · actual supported walking leg Disable the coercive central synchronization
PASS fresh-bow · traveller survives actual production movement/combat
PASS fresh-bow · actual supported walking leg Disable the coercive central synchronization
PASS fresh-bow · traveller survives actual production movement/combat
PASS fresh-bow · actual supported walking leg Disable the coercive central synchronization
PASS fresh-bow · traveller survives actual production movement/combat
PASS fresh-bow · actual supported walking leg Disable the coercive central synchronization
PASS fresh-bow · traveller survives actual production movement/combat
PASS fresh-bow · actual supported walking leg Disable the coercive central synchronization
PASS fresh-bow · traveller survives actual production movement/combat
PASS fresh-bow · actual supported walking leg Disable the coercive central synchronization
PASS fresh-bow · traveller survives actual production movement/combat
PASS fresh-bow · actual supported walking leg Disable the coercive central synchronization
PASS fresh-bow · traveller survives actual production movement/combat
PASS fresh-bow · actual supported walking leg Disable the coercive central synchronization
PASS fresh-bow · traveller survives actual production movement/combat
PASS fresh-bow · actual supported walking leg Disable the coercive central synchronization
PASS fresh-bow · traveller survives actual production movement/combat
PASS fresh-bow · actual supported walking leg Disable the coercive central synchronization
PASS fresh-bow · traveller survives actual production movement/combat
PASS fresh-bow · actual supported walking leg Disable the coercive central synchronization
PASS fresh-bow · traveller survives actual production movement/combat
PASS fresh-bow · actual supported walking leg Disable the coercive central synchronization
PASS fresh-bow · traveller survives actual production movement/combat
PASS fresh-bow · actual supported walking leg Disable the coercive central synchronization
PASS fresh-bow · traveller survives actual production movement/combat
PASS fresh-bow · actual supported walking leg Disable the coercive central synchronization
PASS fresh-bow · traveller survives actual production movement/combat
PASS fresh-bow · actual supported walking leg Disable the coercive central synchronization
PASS fresh-bow · traveller survives actual production movement/combat
PASS fresh-bow · actual supported walking leg Disable the coercive central synchronization
PASS fresh-bow · traveller survives actual production movement/combat
PASS fresh-bow · actual supported walking leg Disable the coercive central synchronization
PASS fresh-bow · traveller survives actual production movement/combat
PASS fresh-bow · actual supported walking leg Disable the coercive central synchronization
PASS fresh-bow · traveller survives actual production movement/combat
PASS fresh-bow · actual supported walking leg Disable the coercive central synchronization
PASS fresh-bow · traveller survives actual production movement/combat
PASS fresh-bow · actual supported walking leg Disable the coercive central synchronization
PASS fresh-bow · traveller survives actual production movement/combat
PASS fresh-bow · actual supported walking leg Disable the coercive central synchronization
PASS fresh-bow · traveller survives actual production movement/combat
PASS fresh-bow · actual supported walking leg Disable the coercive central synchronization
PASS fresh-bow · traveller survives actual production movement/combat
PASS fresh-bow · actual supported walking leg Disable the coercive central synchronization
PASS fresh-bow · traveller survives actual production movement/combat
PASS fresh-bow · actual supported walking leg Disable the coercive central synchronization
PASS fresh-bow · traveller survives actual production movement/combat
PASS fresh-bow · actual supported walking leg Disable the coercive central synchronization
PASS fresh-bow · traveller survives actual production movement/combat
PASS fresh-bow · actual supported walking leg Disable the coercive central synchronization
PASS fresh-bow · traveller survives actual production movement/combat
PASS fresh-bow · actual supported walking leg Disable the coercive central synchronization
PASS fresh-bow · traveller survives actual production movement/combat
PASS fresh-bow · actual supported walking leg Disable the coercive central synchronization
PASS fresh-bow · traveller survives actual production movement/combat
PASS fresh-bow · actual supported walking leg Disable the coercive central synchronization
PASS fresh-bow · traveller survives actual production movement/combat
PASS fresh-bow · actual supported walking leg Disable the coercive central synchronization
PASS fresh-bow · traveller survives actual production movement/combat
PASS fresh-bow · actual supported walking leg Disable the coercive central synchronization
PASS fresh-bow · traveller survives actual production movement/combat
PASS fresh-bow · actual supported walking leg Disable the coercive central synchronization
PASS fresh-bow · traveller survives actual production movement/combat
PASS fresh-bow · actual supported walking leg Disable the coercive central synchronization
PASS fresh-bow · traveller survives actual production movement/combat
PASS fresh-bow · actual supported walking leg Disable the coercive central synchronization
PASS fresh-bow · traveller survives actual production movement/combat
PASS fresh-bow · actual supported walking leg Disable the coercive central synchronization
PASS fresh-bow · traveller survives actual production movement/combat
PASS fresh-bow · actual supported walking leg Disable the coercive central synchronization
PASS fresh-bow · traveller survives actual production movement/combat
PASS fresh-bow · actual supported walking leg Disable the coercive central synchronization
PASS fresh-bow · traveller survives actual production movement/combat
PASS fresh-bow · actual supported walking leg Disable the coercive central synchronization
PASS fresh-bow · traveller survives actual production movement/combat
PASS fresh-bow · actual supported walking leg Disable the coercive central synchronization
PASS fresh-bow · traveller survives actual production movement/combat
PASS fresh-bow · actual supported walking leg Disable the coercive central synchronization
PASS fresh-bow · traveller survives actual production movement/combat
PASS fresh-bow · actual supported walking leg Disable the coercive central synchronization
PASS fresh-bow · traveller survives actual production movement/combat
PASS fresh-bow · actual supported walking leg Disable the coercive central synchronization
PASS fresh-bow · traveller survives actual production movement/combat
PASS fresh-bow · actual supported walking leg Disable the coercive central synchronization
PASS fresh-bow · traveller survives actual production movement/combat
PASS fresh-bow · actual supported walking leg Disable the coercive central synchronization
PASS fresh-bow · traveller survives actual production movement/combat
PASS fresh-bow · actual supported walking leg Disable the coercive central synchronization
PASS fresh-bow · traveller survives actual production movement/combat
PASS fresh-bow · actual supported walking leg Disable the coercive central synchronization
PASS fresh-bow · production movement arrives near Disable the coercive central synchronization
PASS fresh-bow · actual physical UI operation records disable-central-link
PASS fresh-bow · operation never pays an independent fee disable-central-link
PASS fresh-bow · actual transient witness membership follows only accepted facts
PASS fresh-bow · a full-body supported production route reaches the witness viewing side
PASS fresh-bow · production route is accepted for view owned Avar Senn · created scholar
PASS fresh-bow · whole supported body route reaches view owned Avar Senn · created scholar
PASS fresh-bow · traveller survives actual production movement/combat
PASS fresh-bow · actual supported walking leg view owned Avar Senn · created scholar
PASS fresh-bow · traveller survives actual production movement/combat
PASS fresh-bow · actual supported walking leg view owned Avar Senn · created scholar
PASS fresh-bow · traveller survives actual production movement/combat
PASS fresh-bow · actual supported walking leg view owned Avar Senn · created scholar
PASS fresh-bow · traveller survives actual production movement/combat
PASS fresh-bow · actual supported walking leg view owned Avar Senn · created scholar
PASS fresh-bow · traveller survives actual production movement/combat
PASS fresh-bow · actual supported walking leg view owned Avar Senn · created scholar
PASS fresh-bow · traveller survives actual production movement/combat
PASS fresh-bow · actual supported walking leg view owned Avar Senn · created scholar
PASS fresh-bow · traveller survives actual production movement/combat
PASS fresh-bow · actual supported walking leg view owned Avar Senn · created scholar
PASS fresh-bow · traveller survives actual production movement/combat
PASS fresh-bow · actual supported walking leg view owned Avar Senn · created scholar
PASS fresh-bow · traveller survives actual production movement/combat
PASS fresh-bow · actual supported walking leg view owned Avar Senn · created scholar
PASS fresh-bow · traveller survives actual production movement/combat
PASS fresh-bow · actual supported walking leg view owned Avar Senn · created scholar
PASS fresh-bow · traveller survives actual production movement/combat
PASS fresh-bow · actual supported walking leg view owned Avar Senn · created scholar
PASS fresh-bow · traveller survives actual production movement/combat
PASS fresh-bow · actual supported walking leg view owned Avar Senn · created scholar
PASS fresh-bow · traveller survives actual production movement/combat
PASS fresh-bow · actual supported walking leg view owned Avar Senn · created scholar
PASS fresh-bow · traveller survives actual production movement/combat
PASS fresh-bow · actual supported walking leg view owned Avar Senn · created scholar
PASS fresh-bow · traveller survives actual production movement/combat
PASS fresh-bow · actual supported walking leg view owned Avar Senn · created scholar
PASS fresh-bow · production movement arrives near view owned Avar Senn · created scholar
PASS fresh-bow · physical arrival has no actor teleport for view owned Avar Senn · created scholar
PASS fresh-bow · actual requested camera adventure
PASS fresh-bow · owned-cosmos-avar-senn-v1 causal pixels restore exactly
PASS fresh-bow · actual requested camera follow
PASS fresh-bow · owned-cosmos-avar-senn-v1 causal pixels restore exactly
PASS fresh-bow · central-disabled saves through native owner
PASS fresh-bow · central-disabled exact native full world is persisted
PASS fresh-bow · central-disabled preserves the full other original native character slot value
PASS fresh-bow · exact frozen HTML is served over isolated loopback
PASS fresh-bow · actual WebGL2 client is available
PASS fresh-bow · software renderer is explicitly observed
PASS fresh-bow · central-disabled whole-Chromium startup preserves exact bytes
PASS fresh-bow · central-disabled preserves previous history, opened/account facts and kit
PASS fresh-bow · central-disabled cold load preserves the full other original native character slot value
PASS fresh-bow · production route is accepted for ordinary Cosmos invitation
PASS fresh-bow · whole supported body route reaches ordinary Cosmos invitation
PASS fresh-bow · traveller survives actual production movement/combat
PASS fresh-bow · actual supported walking leg ordinary Cosmos invitation
PASS fresh-bow · production movement arrives near ordinary Cosmos invitation
PASS fresh-bow · physical arrival has no actor teleport for ordinary Cosmos invitation
PASS fresh-bow · native travel has explicit Cosmos confirmation
PASS fresh-bow · actual Cosmos physical owner handles the connected service road
PASS fresh-bow · no resolved machine recreates on native reentry
PASS fresh-bow · whole supported body route reaches Record the local accountability arrangement
PASS fresh-bow · traveller survives actual production movement/combat
PASS fresh-bow · actual supported walking leg Record the local accountability arrangement
PASS fresh-bow · traveller survives actual production movement/combat
PASS fresh-bow · actual supported walking leg Record the local accountability arrangement
PASS fresh-bow · traveller survives actual production movement/combat
PASS fresh-bow · actual supported walking leg Record the local accountability arrangement
PASS fresh-bow · traveller survives actual production movement/combat
PASS fresh-bow · actual supported walking leg Record the local accountability arrangement
PASS fresh-bow · traveller survives actual production movement/combat
PASS fresh-bow · actual supported walking leg Record the local accountability arrangement
PASS fresh-bow · traveller survives actual production movement/combat
PASS fresh-bow · actual supported walking leg Record the local accountability arrangement
PASS fresh-bow · traveller survives actual production movement/combat
PASS fresh-bow · actual supported walking leg Record the local accountability arrangement
PASS fresh-bow · traveller survives actual production movement/combat
PASS fresh-bow · actual supported walking leg Record the local accountability arrangement
PASS fresh-bow · traveller survives actual production movement/combat
PASS fresh-bow · actual supported walking leg Record the local accountability arrangement
PASS fresh-bow · traveller survives actual production movement/combat
PASS fresh-bow · actual supported walking leg Record the local accountability arrangement
PASS fresh-bow · traveller survives actual production movement/combat
PASS fresh-bow · actual supported walking leg Record the local accountability arrangement
PASS fresh-bow · traveller survives actual production movement/combat
PASS fresh-bow · actual supported walking leg Record the local accountability arrangement
PASS fresh-bow · traveller survives actual production movement/combat
PASS fresh-bow · actual supported walking leg Record the local accountability arrangement
PASS fresh-bow · traveller survives actual production movement/combat
PASS fresh-bow · actual supported walking leg Record the local accountability arrangement
PASS fresh-bow · traveller survives actual production movement/combat
PASS fresh-bow · actual supported walking leg Record the local accountability arrangement
PASS fresh-bow · traveller survives actual production movement/combat
PASS fresh-bow · actual supported walking leg Record the local accountability arrangement
PASS fresh-bow · traveller survives actual production movement/combat
PASS fresh-bow · actual supported walking leg Record the local accountability arrangement
PASS fresh-bow · traveller survives actual production movement/combat
PASS fresh-bow · actual supported walking leg Record the local accountability arrangement
PASS fresh-bow · traveller survives actual production movement/combat
PASS fresh-bow · actual supported walking leg Record the local accountability arrangement
PASS fresh-bow · traveller survives actual production movement/combat
PASS fresh-bow · actual supported walking leg Record the local accountability arrangement
PASS fresh-bow · traveller survives actual production movement/combat
PASS fresh-bow · actual supported walking leg Record the local accountability arrangement
PASS fresh-bow · traveller survives actual production movement/combat
PASS fresh-bow · actual supported walking leg Record the local accountability arrangement
PASS fresh-bow · traveller survives actual production movement/combat
PASS fresh-bow · actual supported walking leg Record the local accountability arrangement
PASS fresh-bow · traveller survives actual production movement/combat
PASS fresh-bow · actual supported walking leg Record the local accountability arrangement
PASS fresh-bow · traveller survives actual production movement/combat
PASS fresh-bow · actual supported walking leg Record the local accountability arrangement
PASS fresh-bow · traveller survives actual production movement/combat
PASS fresh-bow · actual supported walking leg Record the local accountability arrangement
PASS fresh-bow · traveller survives actual production movement/combat
PASS fresh-bow · actual supported walking leg Record the local accountability arrangement
PASS fresh-bow · traveller survives actual production movement/combat
PASS fresh-bow · actual supported walking leg Record the local accountability arrangement
PASS fresh-bow · traveller survives actual production movement/combat
PASS fresh-bow · actual supported walking leg Record the local accountability arrangement
PASS fresh-bow · traveller survives actual production movement/combat
PASS fresh-bow · actual supported walking leg Record the local accountability arrangement
PASS fresh-bow · traveller survives actual production movement/combat
PASS fresh-bow · actual supported walking leg Record the local accountability arrangement
PASS fresh-bow · traveller survives actual production movement/combat
PASS fresh-bow · actual supported walking leg Record the local accountability arrangement
PASS fresh-bow · traveller survives actual production movement/combat
PASS fresh-bow · actual supported walking leg Record the local accountability arrangement
PASS fresh-bow · traveller survives actual production movement/combat
PASS fresh-bow · actual supported walking leg Record the local accountability arrangement
PASS fresh-bow · traveller survives actual production movement/combat
PASS fresh-bow · actual supported walking leg Record the local accountability arrangement
PASS fresh-bow · traveller survives actual production movement/combat
PASS fresh-bow · actual supported walking leg Record the local accountability arrangement
PASS fresh-bow · traveller survives actual production movement/combat
PASS fresh-bow · actual supported walking leg Record the local accountability arrangement
PASS fresh-bow · traveller survives actual production movement/combat
PASS fresh-bow · actual supported walking leg Record the local accountability arrangement
PASS fresh-bow · traveller survives actual production movement/combat
PASS fresh-bow · actual supported walking leg Record the local accountability arrangement
PASS fresh-bow · traveller survives actual production movement/combat
PASS fresh-bow · actual supported walking leg Record the local accountability arrangement
PASS fresh-bow · traveller survives actual production movement/combat
PASS fresh-bow · actual supported walking leg Record the local accountability arrangement
PASS fresh-bow · traveller survives actual production movement/combat
PASS fresh-bow · actual supported walking leg Record the local accountability arrangement
PASS fresh-bow · traveller survives actual production movement/combat
PASS fresh-bow · actual supported walking leg Record the local accountability arrangement
PASS fresh-bow · traveller survives actual production movement/combat
PASS fresh-bow · actual supported walking leg Record the local accountability arrangement
PASS fresh-bow · traveller survives actual production movement/combat
PASS fresh-bow · actual supported walking leg Record the local accountability arrangement
PASS fresh-bow · traveller survives actual production movement/combat
PASS fresh-bow · actual supported walking leg Record the local accountability arrangement
PASS fresh-bow · traveller survives actual production movement/combat
PASS fresh-bow · actual supported walking leg Record the local accountability arrangement
PASS fresh-bow · traveller survives actual production movement/combat
PASS fresh-bow · actual supported walking leg Record the local accountability arrangement
PASS fresh-bow · traveller survives actual production movement/combat
PASS fresh-bow · actual supported walking leg Record the local accountability arrangement
PASS fresh-bow · traveller survives actual production movement/combat
PASS fresh-bow · actual supported walking leg Record the local accountability arrangement
PASS fresh-bow · traveller survives actual production movement/combat
PASS fresh-bow · actual supported walking leg Record the local accountability arrangement
PASS fresh-bow · traveller survives actual production movement/combat
PASS fresh-bow · actual supported walking leg Record the local accountability arrangement
PASS fresh-bow · traveller survives actual production movement/combat
PASS fresh-bow · actual supported walking leg Record the local accountability arrangement
PASS fresh-bow · traveller survives actual production movement/combat
PASS fresh-bow · actual supported walking leg Record the local accountability arrangement
PASS fresh-bow · traveller survives actual production movement/combat
PASS fresh-bow · actual supported walking leg Record the local accountability arrangement
PASS fresh-bow · traveller survives actual production movement/combat
PASS fresh-bow · actual supported walking leg Record the local accountability arrangement
PASS fresh-bow · traveller survives actual production movement/combat
PASS fresh-bow · actual supported walking leg Record the local accountability arrangement
PASS fresh-bow · traveller survives actual production movement/combat
PASS fresh-bow · actual supported walking leg Record the local accountability arrangement
PASS fresh-bow · traveller survives actual production movement/combat
PASS fresh-bow · actual supported walking leg Record the local accountability arrangement
PASS fresh-bow · traveller survives actual production movement/combat
PASS fresh-bow · actual supported walking leg Record the local accountability arrangement
PASS fresh-bow · traveller survives actual production movement/combat
PASS fresh-bow · actual supported walking leg Record the local accountability arrangement
PASS fresh-bow · traveller survives actual production movement/combat
PASS fresh-bow · actual supported walking leg Record the local accountability arrangement
PASS fresh-bow · traveller survives actual production movement/combat
PASS fresh-bow · actual supported walking leg Record the local accountability arrangement
PASS fresh-bow · traveller survives actual production movement/combat
PASS fresh-bow · actual supported walking leg Record the local accountability arrangement
PASS fresh-bow · traveller survives actual production movement/combat
PASS fresh-bow · actual supported walking leg Record the local accountability arrangement
PASS fresh-bow · traveller survives actual production movement/combat
PASS fresh-bow · actual supported walking leg Record the local accountability arrangement
PASS fresh-bow · traveller survives actual production movement/combat
PASS fresh-bow · actual supported walking leg Record the local accountability arrangement
PASS fresh-bow · traveller survives actual production movement/combat
PASS fresh-bow · actual supported walking leg Record the local accountability arrangement
PASS fresh-bow · traveller survives actual production movement/combat
PASS fresh-bow · actual supported walking leg Record the local accountability arrangement
PASS fresh-bow · traveller survives actual production movement/combat
PASS fresh-bow · actual supported walking leg Record the local accountability arrangement
PASS fresh-bow · traveller survives actual production movement/combat
PASS fresh-bow · actual supported walking leg Record the local accountability arrangement
PASS fresh-bow · traveller survives actual production movement/combat
PASS fresh-bow · actual supported walking leg Record the local accountability arrangement
PASS fresh-bow · traveller survives actual production movement/combat
PASS fresh-bow · actual supported walking leg Record the local accountability arrangement
PASS fresh-bow · traveller survives actual production movement/combat
PASS fresh-bow · actual supported walking leg Record the local accountability arrangement
PASS fresh-bow · traveller survives actual production movement/combat
PASS fresh-bow · actual supported walking leg Record the local accountability arrangement
PASS fresh-bow · traveller survives actual production movement/combat
PASS fresh-bow · actual supported walking leg Record the local accountability arrangement
PASS fresh-bow · traveller survives actual production movement/combat
PASS fresh-bow · actual supported walking leg Record the local accountability arrangement
PASS fresh-bow · traveller survives actual production movement/combat
PASS fresh-bow · actual supported walking leg Record the local accountability arrangement
PASS fresh-bow · traveller survives actual production movement/combat
PASS fresh-bow · actual supported walking leg Record the local accountability arrangement
PASS fresh-bow · traveller survives actual production movement/combat
PASS fresh-bow · actual supported walking leg Record the local accountability arrangement
PASS fresh-bow · traveller survives actual production movement/combat
PASS fresh-bow · actual supported walking leg Record the local accountability arrangement
PASS fresh-bow · traveller survives actual production movement/combat
PASS fresh-bow · actual supported walking leg Record the local accountability arrangement
PASS fresh-bow · traveller survives actual production movement/combat
PASS fresh-bow · actual supported walking leg Record the local accountability arrangement
PASS fresh-bow · traveller survives actual production movement/combat
PASS fresh-bow · actual supported walking leg Record the local accountability arrangement
PASS fresh-bow · traveller survives actual production movement/combat
PASS fresh-bow · actual supported walking leg Record the local accountability arrangement
PASS fresh-bow · traveller survives actual production movement/combat
PASS fresh-bow · actual supported walking leg Record the local accountability arrangement
PASS fresh-bow · traveller survives actual production movement/combat
PASS fresh-bow · actual supported walking leg Record the local accountability arrangement
PASS fresh-bow · traveller survives actual production movement/combat
PASS fresh-bow · actual supported walking leg Record the local accountability arrangement
PASS fresh-bow · traveller survives actual production movement/combat
PASS fresh-bow · actual supported walking leg Record the local accountability arrangement
PASS fresh-bow · traveller survives actual production movement/combat
PASS fresh-bow · actual supported walking leg Record the local accountability arrangement
PASS fresh-bow · traveller survives actual production movement/combat
PASS fresh-bow · actual supported walking leg Record the local accountability arrangement
PASS fresh-bow · traveller survives actual production movement/combat
PASS fresh-bow · actual supported walking leg Record the local accountability arrangement
PASS fresh-bow · production movement arrives near Record the local accountability arrangement
PASS fresh-bow · account preview grants nothing
PASS fresh-bow · account cancel retains undecided record
PASS fresh-bow · deliberate current-owner confirmation retains exact local account
PASS fresh-bow · deliberate-account saves through native owner
PASS fresh-bow · deliberate-account exact native full world is persisted
PASS fresh-bow · deliberate-account preserves the full other original native character slot value
PASS fresh-bow · exact frozen HTML is served over isolated loopback
PASS fresh-bow · actual WebGL2 client is available
PASS fresh-bow · software renderer is explicitly observed
PASS fresh-bow · deliberate-account whole-Chromium startup preserves exact bytes
PASS fresh-bow · deliberate-account preserves previous history, opened/account facts and kit
PASS fresh-bow · deliberate-account cold load preserves the full other original native character slot value
PASS fresh-bow · production route is accepted for ordinary Cosmos invitation
PASS fresh-bow · whole supported body route reaches ordinary Cosmos invitation
PASS fresh-bow · traveller survives actual production movement/combat
PASS fresh-bow · actual supported walking leg ordinary Cosmos invitation
PASS fresh-bow · production movement arrives near ordinary Cosmos invitation
PASS fresh-bow · physical arrival has no actor teleport for ordinary Cosmos invitation
PASS fresh-bow · native travel has explicit Cosmos confirmation
PASS fresh-bow · actual Cosmos physical owner handles the connected service road
PASS fresh-bow · no resolved machine recreates on native reentry
PASS fresh-bow · native controls cannot manually grant defeat/choice
PASS fresh-bow · whole supported body route reaches Set the prepared garden return independently
PASS fresh-bow · traveller survives actual production movement/combat
PASS fresh-bow · actual supported walking leg Set the prepared garden return independently
PASS fresh-bow · traveller survives actual production movement/combat
PASS fresh-bow · actual supported walking leg Set the prepared garden return independently
PASS fresh-bow · traveller survives actual production movement/combat
PASS fresh-bow · actual supported walking leg Set the prepared garden return independently
PASS fresh-bow · traveller survives actual production movement/combat
PASS fresh-bow · actual supported walking leg Set the prepared garden return independently
PASS fresh-bow · traveller survives actual production movement/combat
PASS fresh-bow · actual supported walking leg Set the prepared garden return independently
PASS fresh-bow · traveller survives actual production movement/combat
PASS fresh-bow · actual supported walking leg Set the prepared garden return independently
PASS fresh-bow · traveller survives actual production movement/combat
PASS fresh-bow · actual supported walking leg Set the prepared garden return independently
PASS fresh-bow · traveller survives actual production movement/combat
PASS fresh-bow · actual supported walking leg Set the prepared garden return independently
PASS fresh-bow · traveller survives actual production movement/combat
PASS fresh-bow · actual supported walking leg Set the prepared garden return independently
PASS fresh-bow · traveller survives actual production movement/combat
PASS fresh-bow · actual supported walking leg Set the prepared garden return independently
PASS fresh-bow · traveller survives actual production movement/combat
PASS fresh-bow · actual supported walking leg Set the prepared garden return independently
PASS fresh-bow · traveller survives actual production movement/combat
PASS fresh-bow · actual supported walking leg Set the prepared garden return independently
PASS fresh-bow · traveller survives actual production movement/combat
PASS fresh-bow · actual supported walking leg Set the prepared garden return independently
PASS fresh-bow · traveller survives actual production movement/combat
PASS fresh-bow · actual supported walking leg Set the prepared garden return independently
PASS fresh-bow · traveller survives actual production movement/combat
PASS fresh-bow · actual supported walking leg Set the prepared garden return independently
PASS fresh-bow · traveller survives actual production movement/combat
PASS fresh-bow · actual supported walking leg Set the prepared garden return independently
PASS fresh-bow · traveller survives actual production movement/combat
PASS fresh-bow · actual supported walking leg Set the prepared garden return independently
PASS fresh-bow · traveller survives actual production movement/combat
PASS fresh-bow · actual supported walking leg Set the prepared garden return independently
PASS fresh-bow · traveller survives actual production movement/combat
PASS fresh-bow · actual supported walking leg Set the prepared garden return independently
PASS fresh-bow · traveller survives actual production movement/combat
PASS fresh-bow · actual supported walking leg Set the prepared garden return independently
PASS fresh-bow · traveller survives actual production movement/combat
PASS fresh-bow · actual supported walking leg Set the prepared garden return independently
PASS fresh-bow · traveller survives actual production movement/combat
PASS fresh-bow · actual supported walking leg Set the prepared garden return independently
PASS fresh-bow · traveller survives actual production movement/combat
PASS fresh-bow · actual supported walking leg Set the prepared garden return independently
PASS fresh-bow · traveller survives actual production movement/combat
PASS fresh-bow · actual supported walking leg Set the prepared garden return independently
PASS fresh-bow · traveller survives actual production movement/combat
PASS fresh-bow · actual supported walking leg Set the prepared garden return independently
PASS fresh-bow · traveller survives actual production movement/combat
PASS fresh-bow · actual supported walking leg Set the prepared garden return independently
PASS fresh-bow · traveller survives actual production movement/combat
PASS fresh-bow · actual supported walking leg Set the prepared garden return independently
PASS fresh-bow · traveller survives actual production movement/combat
PASS fresh-bow · actual supported walking leg Set the prepared garden return independently
PASS fresh-bow · traveller survives actual production movement/combat
PASS fresh-bow · actual supported walking leg Set the prepared garden return independently
PASS fresh-bow · traveller survives actual production movement/combat
PASS fresh-bow · actual supported walking leg Set the prepared garden return independently
PASS fresh-bow · traveller survives actual production movement/combat
PASS fresh-bow · actual supported walking leg Set the prepared garden return independently
PASS fresh-bow · traveller survives actual production movement/combat
PASS fresh-bow · actual supported walking leg Set the prepared garden return independently
PASS fresh-bow · traveller survives actual production movement/combat
PASS fresh-bow · actual supported walking leg Set the prepared garden return independently
PASS fresh-bow · traveller survives actual production movement/combat
PASS fresh-bow · actual supported walking leg Set the prepared garden return independently
PASS fresh-bow · traveller survives actual production movement/combat
PASS fresh-bow · actual supported walking leg Set the prepared garden return independently
PASS fresh-bow · traveller survives actual production movement/combat
PASS fresh-bow · actual supported walking leg Set the prepared garden return independently
PASS fresh-bow · traveller survives actual production movement/combat
PASS fresh-bow · actual supported walking leg Set the prepared garden return independently
PASS fresh-bow · traveller survives actual production movement/combat
PASS fresh-bow · actual supported walking leg Set the prepared garden return independently
PASS fresh-bow · traveller survives actual production movement/combat
PASS fresh-bow · actual supported walking leg Set the prepared garden return independently
PASS fresh-bow · traveller survives actual production movement/combat
PASS fresh-bow · actual supported walking leg Set the prepared garden return independently
PASS fresh-bow · traveller survives actual production movement/combat
PASS fresh-bow · actual supported walking leg Set the prepared garden return independently
PASS fresh-bow · traveller survives actual production movement/combat
PASS fresh-bow · actual supported walking leg Set the prepared garden return independently
PASS fresh-bow · traveller survives actual production movement/combat
PASS fresh-bow · actual supported walking leg Set the prepared garden return independently
PASS fresh-bow · traveller survives actual production movement/combat
PASS fresh-bow · actual supported walking leg Set the prepared garden return independently
PASS fresh-bow · traveller survives actual production movement/combat
PASS fresh-bow · actual supported walking leg Set the prepared garden return independently
PASS fresh-bow · traveller survives actual production movement/combat
PASS fresh-bow · actual supported walking leg Set the prepared garden return independently
PASS fresh-bow · traveller survives actual production movement/combat
PASS fresh-bow · actual supported walking leg Set the prepared garden return independently
PASS fresh-bow · traveller survives actual production movement/combat
PASS fresh-bow · actual supported walking leg Set the prepared garden return independently
PASS fresh-bow · traveller survives actual production movement/combat
PASS fresh-bow · actual supported walking leg Set the prepared garden return independently
PASS fresh-bow · traveller survives actual production movement/combat
PASS fresh-bow · actual supported walking leg Set the prepared garden return independently
PASS fresh-bow · traveller survives actual production movement/combat
PASS fresh-bow · actual supported walking leg Set the prepared garden return independently
PASS fresh-bow · traveller survives actual production movement/combat
PASS fresh-bow · actual supported walking leg Set the prepared garden return independently
PASS fresh-bow · traveller survives actual production movement/combat
PASS fresh-bow · actual supported walking leg Set the prepared garden return independently
PASS fresh-bow · traveller survives actual production movement/combat
PASS fresh-bow · actual supported walking leg Set the prepared garden return independently
PASS fresh-bow · traveller survives actual production movement/combat
PASS fresh-bow · actual supported walking leg Set the prepared garden return independently
PASS fresh-bow · traveller survives actual production movement/combat
PASS fresh-bow · actual supported walking leg Set the prepared garden return independently
PASS fresh-bow · traveller survives actual production movement/combat
PASS fresh-bow · actual supported walking leg Set the prepared garden return independently
PASS fresh-bow · traveller survives actual production movement/combat
PASS fresh-bow · actual supported walking leg Set the prepared garden return independently
PASS fresh-bow · traveller survives actual production movement/combat
PASS fresh-bow · actual supported walking leg Set the prepared garden return independently
PASS fresh-bow · traveller survives actual production movement/combat
PASS fresh-bow · actual supported walking leg Set the prepared garden return independently
PASS fresh-bow · traveller survives actual production movement/combat
PASS fresh-bow · actual supported walking leg Set the prepared garden return independently
PASS fresh-bow · traveller survives actual production movement/combat
PASS fresh-bow · actual supported walking leg Set the prepared garden return independently
PASS fresh-bow · traveller survives actual production movement/combat
PASS fresh-bow · actual supported walking leg Set the prepared garden return independently
PASS fresh-bow · traveller survives actual production movement/combat
PASS fresh-bow · actual supported walking leg Set the prepared garden return independently
PASS fresh-bow · traveller survives actual production movement/combat
PASS fresh-bow · actual supported walking leg Set the prepared garden return independently
PASS fresh-bow · traveller survives actual production movement/combat
PASS fresh-bow · actual supported walking leg Set the prepared garden return independently
PASS fresh-bow · traveller survives actual production movement/combat
PASS fresh-bow · actual supported walking leg Set the prepared garden return independently
PASS fresh-bow · traveller survives actual production movement/combat
PASS fresh-bow · actual supported walking leg Set the prepared garden return independently
PASS fresh-bow · traveller survives actual production movement/combat
PASS fresh-bow · actual supported walking leg Set the prepared garden return independently
PASS fresh-bow · traveller survives actual production movement/combat
PASS fresh-bow · actual supported walking leg Set the prepared garden return independently
PASS fresh-bow · traveller survives actual production movement/combat
PASS fresh-bow · actual supported walking leg Set the prepared garden return independently
PASS fresh-bow · traveller survives actual production movement/combat
PASS fresh-bow · actual supported walking leg Set the prepared garden return independently
PASS fresh-bow · traveller survives actual production movement/combat
PASS fresh-bow · actual supported walking leg Set the prepared garden return independently
PASS fresh-bow · traveller survives actual production movement/combat
PASS fresh-bow · actual supported walking leg Set the prepared garden return independently
PASS fresh-bow · production movement arrives near Set the prepared garden return independently
PASS fresh-bow · actual physical UI operation records configure-living
PASS fresh-bow · operation never pays an independent fee configure-living
PASS fresh-bow · native controls cannot manually grant defeat/choice
PASS fresh-bow · whole supported body route reaches Publish the prepared named interval independently
PASS fresh-bow · traveller survives actual production movement/combat
PASS fresh-bow · actual supported walking leg Publish the prepared named interval independently
PASS fresh-bow · traveller survives actual production movement/combat
PASS fresh-bow · actual supported walking leg Publish the prepared named interval independently
PASS fresh-bow · traveller survives actual production movement/combat
PASS fresh-bow · actual supported walking leg Publish the prepared named interval independently
PASS fresh-bow · traveller survives actual production movement/combat
PASS fresh-bow · actual supported walking leg Publish the prepared named interval independently
PASS fresh-bow · traveller survives actual production movement/combat
PASS fresh-bow · actual supported walking leg Publish the prepared named interval independently
PASS fresh-bow · traveller survives actual production movement/combat
PASS fresh-bow · actual supported walking leg Publish the prepared named interval independently
PASS fresh-bow · traveller survives actual production movement/combat
PASS fresh-bow · actual supported walking leg Publish the prepared named interval independently
PASS fresh-bow · traveller survives actual production movement/combat
PASS fresh-bow · actual supported walking leg Publish the prepared named interval independently
PASS fresh-bow · traveller survives actual production movement/combat
PASS fresh-bow · actual supported walking leg Publish the prepared named interval independently
PASS fresh-bow · production movement arrives near Publish the prepared named interval independently
PASS fresh-bow · actual physical UI operation records configure-observation
PASS fresh-bow · operation never pays an independent fee configure-observation
PASS fresh-bow · native controls cannot manually grant defeat/choice
PASS fresh-bow · whole supported body route reaches Open the independent local service interval
PASS fresh-bow · traveller survives actual production movement/combat
PASS fresh-bow · actual supported walking leg Open the independent local service interval
PASS fresh-bow · traveller survives actual production movement/combat
PASS fresh-bow · actual supported walking leg Open the independent local service interval
PASS fresh-bow · traveller survives actual production movement/combat
PASS fresh-bow · actual supported walking leg Open the independent local service interval
PASS fresh-bow · traveller survives actual production movement/combat
PASS fresh-bow · actual supported walking leg Open the independent local service interval
PASS fresh-bow · traveller survives actual production movement/combat
PASS fresh-bow · actual supported walking leg Open the independent local service interval
PASS fresh-bow · traveller survives actual production movement/combat
PASS fresh-bow · actual supported walking leg Open the independent local service interval
PASS fresh-bow · traveller survives actual production movement/combat
PASS fresh-bow · actual supported walking leg Open the independent local service interval
PASS fresh-bow · traveller survives actual production movement/combat
PASS fresh-bow · actual supported walking leg Open the independent local service interval
PASS fresh-bow · traveller survives actual production movement/combat
PASS fresh-bow · actual supported walking leg Open the independent local service interval
PASS fresh-bow · traveller survives actual production movement/combat
PASS fresh-bow · actual supported walking leg Open the independent local service interval
PASS fresh-bow · traveller survives actual production movement/combat
PASS fresh-bow · actual supported walking leg Open the independent local service interval
PASS fresh-bow · traveller survives actual production movement/combat
PASS fresh-bow · actual supported walking leg Open the independent local service interval
PASS fresh-bow · production movement arrives near Open the independent local service interval
PASS fresh-bow · actual physical UI operation records open-confluence
PASS fresh-bow · operation never pays an independent fee open-confluence
PASS fresh-bow · actual requested camera adventure
PASS fresh-bow · bounded-account-independent-apparatus causal pixels restore exactly
PASS fresh-bow · actual requested camera adventure
PASS fresh-bow · bounded-account-persistent-account causal pixels restore exactly
PASS fresh-bow · actual requested camera follow
PASS fresh-bow · bounded-account-independent-apparatus causal pixels restore exactly
PASS fresh-bow · actual requested camera follow
PASS fresh-bow · bounded-account-persistent-account causal pixels restore exactly
PASS fresh-bow · independently-open saves through native owner
PASS fresh-bow · independently-open exact native full world is persisted
PASS fresh-bow · independently-open preserves the full other original native character slot value
PASS fresh-bow · exact frozen HTML is served over isolated loopback
PASS fresh-bow · actual WebGL2 client is available
PASS fresh-bow · software renderer is explicitly observed
PASS fresh-bow · independently-open whole-Chromium startup preserves exact bytes
PASS fresh-bow · independently-open preserves previous history, opened/account facts and kit
PASS fresh-bow · independently-open cold load preserves the full other original native character slot value
PASS fresh-bow · production route is accepted for ordinary Cosmos invitation
PASS fresh-bow · whole supported body route reaches ordinary Cosmos invitation
PASS fresh-bow · traveller survives actual production movement/combat
PASS fresh-bow · actual supported walking leg ordinary Cosmos invitation
PASS fresh-bow · production movement arrives near ordinary Cosmos invitation
PASS fresh-bow · physical arrival has no actor teleport for ordinary Cosmos invitation
PASS fresh-bow · native travel has explicit Cosmos confirmation
PASS fresh-bow · actual Cosmos physical owner handles the connected service road
PASS fresh-bow · no resolved machine recreates on native reentry
PASS fresh-bow · native controls cannot manually grant defeat/choice
PASS fresh-bow · whole supported body route reaches Verify the open apparatus and public account
PASS fresh-bow · traveller survives actual production movement/combat
PASS fresh-bow · actual supported walking leg Verify the open apparatus and public account
PASS fresh-bow · traveller survives actual production movement/combat
PASS fresh-bow · actual supported walking leg Verify the open apparatus and public account
PASS fresh-bow · traveller survives actual production movement/combat
PASS fresh-bow · actual supported walking leg Verify the open apparatus and public account
PASS fresh-bow · traveller survives actual production movement/combat
PASS fresh-bow · actual supported walking leg Verify the open apparatus and public account
PASS fresh-bow · traveller survives actual production movement/combat
PASS fresh-bow · actual supported walking leg Verify the open apparatus and public account
PASS fresh-bow · traveller survives actual production movement/combat
PASS fresh-bow · actual supported walking leg Verify the open apparatus and public account
PASS fresh-bow · traveller survives actual production movement/combat
PASS fresh-bow · actual supported walking leg Verify the open apparatus and public account
PASS fresh-bow · traveller survives actual production movement/combat
PASS fresh-bow · actual supported walking leg Verify the open apparatus and public account
PASS fresh-bow · traveller survives actual production movement/combat
PASS fresh-bow · actual supported walking leg Verify the open apparatus and public account
PASS fresh-bow · traveller survives actual production movement/combat
PASS fresh-bow · actual supported walking leg Verify the open apparatus and public account
PASS fresh-bow · traveller survives actual production movement/combat
PASS fresh-bow · actual supported walking leg Verify the open apparatus and public account
PASS fresh-bow · traveller survives actual production movement/combat
PASS fresh-bow · actual supported walking leg Verify the open apparatus and public account
PASS fresh-bow · traveller survives actual production movement/combat
PASS fresh-bow · actual supported walking leg Verify the open apparatus and public account
PASS fresh-bow · traveller survives actual production movement/combat
PASS fresh-bow · actual supported walking leg Verify the open apparatus and public account
PASS fresh-bow · traveller survives actual production movement/combat
PASS fresh-bow · actual supported walking leg Verify the open apparatus and public account
PASS fresh-bow · traveller survives actual production movement/combat
PASS fresh-bow · actual supported walking leg Verify the open apparatus and public account
PASS fresh-bow · traveller survives actual production movement/combat
PASS fresh-bow · actual supported walking leg Verify the open apparatus and public account
PASS fresh-bow · traveller survives actual production movement/combat
PASS fresh-bow · actual supported walking leg Verify the open apparatus and public account
PASS fresh-bow · traveller survives actual production movement/combat
PASS fresh-bow · actual supported walking leg Verify the open apparatus and public account
PASS fresh-bow · traveller survives actual production movement/combat
PASS fresh-bow · actual supported walking leg Verify the open apparatus and public account
PASS fresh-bow · traveller survives actual production movement/combat
PASS fresh-bow · actual supported walking leg Verify the open apparatus and public account
PASS fresh-bow · traveller survives actual production movement/combat
PASS fresh-bow · actual supported walking leg Verify the open apparatus and public account
PASS fresh-bow · traveller survives actual production movement/combat
PASS fresh-bow · actual supported walking leg Verify the open apparatus and public account
PASS fresh-bow · traveller survives actual production movement/combat
PASS fresh-bow · actual supported walking leg Verify the open apparatus and public account
PASS fresh-bow · traveller survives actual production movement/combat
PASS fresh-bow · actual supported walking leg Verify the open apparatus and public account
PASS fresh-bow · traveller survives actual production movement/combat
PASS fresh-bow · actual supported walking leg Verify the open apparatus and public account
PASS fresh-bow · traveller survives actual production movement/combat
PASS fresh-bow · actual supported walking leg Verify the open apparatus and public account
PASS fresh-bow · traveller survives actual production movement/combat
PASS fresh-bow · actual supported walking leg Verify the open apparatus and public account
PASS fresh-bow · traveller survives actual production movement/combat
PASS fresh-bow · actual supported walking leg Verify the open apparatus and public account
PASS fresh-bow · traveller survives actual production movement/combat
PASS fresh-bow · actual supported walking leg Verify the open apparatus and public account
PASS fresh-bow · traveller survives actual production movement/combat
PASS fresh-bow · actual supported walking leg Verify the open apparatus and public account
PASS fresh-bow · traveller survives actual production movement/combat
PASS fresh-bow · actual supported walking leg Verify the open apparatus and public account
PASS fresh-bow · traveller survives actual production movement/combat
PASS fresh-bow · actual supported walking leg Verify the open apparatus and public account
PASS fresh-bow · traveller survives actual production movement/combat
PASS fresh-bow · actual supported walking leg Verify the open apparatus and public account
PASS fresh-bow · traveller survives actual production movement/combat
PASS fresh-bow · actual supported walking leg Verify the open apparatus and public account
PASS fresh-bow · traveller survives actual production movement/combat
PASS fresh-bow · actual supported walking leg Verify the open apparatus and public account
PASS fresh-bow · traveller survives actual production movement/combat
PASS fresh-bow · actual supported walking leg Verify the open apparatus and public account
PASS fresh-bow · traveller survives actual production movement/combat
PASS fresh-bow · actual supported walking leg Verify the open apparatus and public account
PASS fresh-bow · traveller survives actual production movement/combat
PASS fresh-bow · actual supported walking leg Verify the open apparatus and public account
PASS fresh-bow · traveller survives actual production movement/combat
PASS fresh-bow · actual supported walking leg Verify the open apparatus and public account
PASS fresh-bow · traveller survives actual production movement/combat
PASS fresh-bow · actual supported walking leg Verify the open apparatus and public account
PASS fresh-bow · traveller survives actual production movement/combat
PASS fresh-bow · actual supported walking leg Verify the open apparatus and public account
PASS fresh-bow · traveller survives actual production movement/combat
PASS fresh-bow · actual supported walking leg Verify the open apparatus and public account
PASS fresh-bow · traveller survives actual production movement/combat
PASS fresh-bow · actual supported walking leg Verify the open apparatus and public account
PASS fresh-bow · traveller survives actual production movement/combat
PASS fresh-bow · actual supported walking leg Verify the open apparatus and public account
PASS fresh-bow · traveller survives actual production movement/combat
PASS fresh-bow · actual supported walking leg Verify the open apparatus and public account
PASS fresh-bow · traveller survives actual production movement/combat
PASS fresh-bow · actual supported walking leg Verify the open apparatus and public account
PASS fresh-bow · traveller survives actual production movement/combat
PASS fresh-bow · actual supported walking leg Verify the open apparatus and public account
PASS fresh-bow · traveller survives actual production movement/combat
PASS fresh-bow · actual supported walking leg Verify the open apparatus and public account
PASS fresh-bow · traveller survives actual production movement/combat
PASS fresh-bow · actual supported walking leg Verify the open apparatus and public account
PASS fresh-bow · traveller survives actual production movement/combat
PASS fresh-bow · actual supported walking leg Verify the open apparatus and public account
PASS fresh-bow · traveller survives actual production movement/combat
PASS fresh-bow · actual supported walking leg Verify the open apparatus and public account
PASS fresh-bow · traveller survives actual production movement/combat
PASS fresh-bow · actual supported walking leg Verify the open apparatus and public account
PASS fresh-bow · traveller survives actual production movement/combat
PASS fresh-bow · actual supported walking leg Verify the open apparatus and public account
PASS fresh-bow · traveller survives actual production movement/combat
PASS fresh-bow · actual supported walking leg Verify the open apparatus and public account
PASS fresh-bow · traveller survives actual production movement/combat
PASS fresh-bow · actual supported walking leg Verify the open apparatus and public account
PASS fresh-bow · traveller survives actual production movement/combat
PASS fresh-bow · actual supported walking leg Verify the open apparatus and public account
PASS fresh-bow · traveller survives actual production movement/combat
PASS fresh-bow · actual supported walking leg Verify the open apparatus and public account
PASS fresh-bow · traveller survives actual production movement/combat
PASS fresh-bow · actual supported walking leg Verify the open apparatus and public account
PASS fresh-bow · traveller survives actual production movement/combat
PASS fresh-bow · actual supported walking leg Verify the open apparatus and public account
PASS fresh-bow · traveller survives actual production movement/combat
PASS fresh-bow · actual supported walking leg Verify the open apparatus and public account
PASS fresh-bow · traveller survives actual production movement/combat
PASS fresh-bow · actual supported walking leg Verify the open apparatus and public account
PASS fresh-bow · traveller survives actual production movement/combat
PASS fresh-bow · actual supported walking leg Verify the open apparatus and public account
PASS fresh-bow · traveller survives actual production movement/combat
PASS fresh-bow · actual supported walking leg Verify the open apparatus and public account
PASS fresh-bow · traveller survives actual production movement/combat
PASS fresh-bow · actual supported walking leg Verify the open apparatus and public account
PASS fresh-bow · traveller survives actual production movement/combat
PASS fresh-bow · actual supported walking leg Verify the open apparatus and public account
PASS fresh-bow · traveller survives actual production movement/combat
PASS fresh-bow · actual supported walking leg Verify the open apparatus and public account
PASS fresh-bow · traveller survives actual production movement/combat
PASS fresh-bow · actual supported walking leg Verify the open apparatus and public account
PASS fresh-bow · traveller survives actual production movement/combat
PASS fresh-bow · actual supported walking leg Verify the open apparatus and public account
PASS fresh-bow · traveller survives actual production movement/combat
PASS fresh-bow · actual supported walking leg Verify the open apparatus and public account
PASS fresh-bow · traveller survives actual production movement/combat
PASS fresh-bow · actual supported walking leg Verify the open apparatus and public account
PASS fresh-bow · traveller survives actual production movement/combat
PASS fresh-bow · actual supported walking leg Verify the open apparatus and public account
PASS fresh-bow · traveller survives actual production movement/combat
PASS fresh-bow · actual supported walking leg Verify the open apparatus and public account
PASS fresh-bow · traveller survives actual production movement/combat
PASS fresh-bow · actual supported walking leg Verify the open apparatus and public account
PASS fresh-bow · traveller survives actual production movement/combat
PASS fresh-bow · actual supported walking leg Verify the open apparatus and public account
PASS fresh-bow · traveller survives actual production movement/combat
PASS fresh-bow · actual supported walking leg Verify the open apparatus and public account
PASS fresh-bow · traveller survives actual production movement/combat
PASS fresh-bow · actual supported walking leg Verify the open apparatus and public account
PASS fresh-bow · traveller survives actual production movement/combat
PASS fresh-bow · actual supported walking leg Verify the open apparatus and public account
PASS fresh-bow · traveller survives actual production movement/combat
PASS fresh-bow · actual supported walking leg Verify the open apparatus and public account
PASS fresh-bow · traveller survives actual production movement/combat
PASS fresh-bow · actual supported walking leg Verify the open apparatus and public account
PASS fresh-bow · traveller survives actual production movement/combat
PASS fresh-bow · actual supported walking leg Verify the open apparatus and public account
PASS fresh-bow · traveller survives actual production movement/combat
PASS fresh-bow · actual supported walking leg Verify the open apparatus and public account
PASS fresh-bow · traveller survives actual production movement/combat
PASS fresh-bow · actual supported walking leg Verify the open apparatus and public account
PASS fresh-bow · traveller survives actual production movement/combat
PASS fresh-bow · actual supported walking leg Verify the open apparatus and public account
PASS fresh-bow · traveller survives actual production movement/combat
PASS fresh-bow · actual supported walking leg Verify the open apparatus and public account
PASS fresh-bow · traveller survives actual production movement/combat
PASS fresh-bow · actual supported walking leg Verify the open apparatus and public account
PASS fresh-bow · traveller survives actual production movement/combat
PASS fresh-bow · actual supported walking leg Verify the open apparatus and public account
PASS fresh-bow · traveller survives actual production movement/combat
PASS fresh-bow · actual supported walking leg Verify the open apparatus and public account
PASS fresh-bow · traveller survives actual production movement/combat
PASS fresh-bow · actual supported walking leg Verify the open apparatus and public account
PASS fresh-bow · traveller survives actual production movement/combat
PASS fresh-bow · actual supported walking leg Verify the open apparatus and public account
PASS fresh-bow · traveller survives actual production movement/combat
PASS fresh-bow · actual supported walking leg Verify the open apparatus and public account
PASS fresh-bow · traveller survives actual production movement/combat
PASS fresh-bow · actual supported walking leg Verify the open apparatus and public account
PASS fresh-bow · production movement arrives near Verify the open apparatus and public account
PASS fresh-bow · actual physical UI operation records verify-open-bearings
PASS fresh-bow · operation never pays an independent fee verify-open-bearings
PASS fresh-bow · actual authored recognition caller remains visible and unpaid
PASS fresh-bow · all native work and combat leave the separate fee unpaid
PASS fresh-bow · verified-unpaid saves through native owner
PASS fresh-bow · verified-unpaid exact native full world is persisted
PASS fresh-bow · verified-unpaid preserves the full other original native character slot value
PASS fresh-bow · exact frozen HTML is served over isolated loopback
PASS fresh-bow · actual WebGL2 client is available
PASS fresh-bow · software renderer is explicitly observed
PASS fresh-bow · verified-unpaid whole-Chromium startup preserves exact bytes
PASS fresh-bow · verified-unpaid preserves previous history, opened/account facts and kit
PASS fresh-bow · verified-unpaid cold load preserves the full other original native character slot value
PASS fresh-bow · production route is accepted for ordinary Cosmos invitation
PASS fresh-bow · whole supported body route reaches ordinary Cosmos invitation
PASS fresh-bow · traveller survives actual production movement/combat
PASS fresh-bow · actual supported walking leg ordinary Cosmos invitation
PASS fresh-bow · production movement arrives near ordinary Cosmos invitation
PASS fresh-bow · physical arrival has no actor teleport for ordinary Cosmos invitation
PASS fresh-bow · native travel has explicit Cosmos confirmation
PASS fresh-bow · actual Cosmos physical owner handles the connected service road
PASS fresh-bow · no resolved machine recreates on native reentry
PASS fresh-bow · whole supported body route reaches Anik · observer
PASS fresh-bow · traveller survives actual production movement/combat
PASS fresh-bow · actual supported walking leg Anik · observer
PASS fresh-bow · traveller survives actual production movement/combat
PASS fresh-bow · actual supported walking leg Anik · observer
PASS fresh-bow · traveller survives actual production movement/combat
PASS fresh-bow · actual supported walking leg Anik · observer
PASS fresh-bow · traveller survives actual production movement/combat
PASS fresh-bow · actual supported walking leg Anik · observer
PASS fresh-bow · traveller survives actual production movement/combat
PASS fresh-bow · actual supported walking leg Anik · observer
PASS fresh-bow · traveller survives actual production movement/combat
PASS fresh-bow · actual supported walking leg Anik · observer
PASS fresh-bow · traveller survives actual production movement/combat
PASS fresh-bow · actual supported walking leg Anik · observer
PASS fresh-bow · traveller survives actual production movement/combat
PASS fresh-bow · actual supported walking leg Anik · observer
PASS fresh-bow · traveller survives actual production movement/combat
PASS fresh-bow · actual supported walking leg Anik · observer
PASS fresh-bow · traveller survives actual production movement/combat
PASS fresh-bow · actual supported walking leg Anik · observer
PASS fresh-bow · traveller survives actual production movement/combat
PASS fresh-bow · actual supported walking leg Anik · observer
PASS fresh-bow · traveller survives actual production movement/combat
PASS fresh-bow · actual supported walking leg Anik · observer
PASS fresh-bow · traveller survives actual production movement/combat
PASS fresh-bow · actual supported walking leg Anik · observer
PASS fresh-bow · traveller survives actual production movement/combat
PASS fresh-bow · actual supported walking leg Anik · observer
PASS fresh-bow · traveller survives actual production movement/combat
PASS fresh-bow · actual supported walking leg Anik · observer
PASS fresh-bow · traveller survives actual production movement/combat
PASS fresh-bow · actual supported walking leg Anik · observer
PASS fresh-bow · traveller survives actual production movement/combat
PASS fresh-bow · actual supported walking leg Anik · observer
PASS fresh-bow · traveller survives actual production movement/combat
PASS fresh-bow · actual supported walking leg Anik · observer
PASS fresh-bow · traveller survives actual production movement/combat
PASS fresh-bow · actual supported walking leg Anik · observer
PASS fresh-bow · traveller survives actual production movement/combat
PASS fresh-bow · actual supported walking leg Anik · observer
PASS fresh-bow · traveller survives actual production movement/combat
PASS fresh-bow · actual supported walking leg Anik · observer
PASS fresh-bow · traveller survives actual production movement/combat
PASS fresh-bow · actual supported walking leg Anik · observer
PASS fresh-bow · traveller survives actual production movement/combat
PASS fresh-bow · actual supported walking leg Anik · observer
PASS fresh-bow · traveller survives actual production movement/combat
PASS fresh-bow · actual supported walking leg Anik · observer
PASS fresh-bow · traveller survives actual production movement/combat
PASS fresh-bow · actual supported walking leg Anik · observer
PASS fresh-bow · traveller survives actual production movement/combat
PASS fresh-bow · actual supported walking leg Anik · observer
PASS fresh-bow · traveller survives actual production movement/combat
PASS fresh-bow · actual supported walking leg Anik · observer
PASS fresh-bow · traveller survives actual production movement/combat
PASS fresh-bow · actual supported walking leg Anik · observer
PASS fresh-bow · traveller survives actual production movement/combat
PASS fresh-bow · actual supported walking leg Anik · observer
PASS fresh-bow · traveller survives actual production movement/combat
PASS fresh-bow · actual supported walking leg Anik · observer
PASS fresh-bow · traveller survives actual production movement/combat
PASS fresh-bow · actual supported walking leg Anik · observer
PASS fresh-bow · traveller survives actual production movement/combat
PASS fresh-bow · actual supported walking leg Anik · observer
PASS fresh-bow · traveller survives actual production movement/combat
PASS fresh-bow · actual supported walking leg Anik · observer
PASS fresh-bow · traveller survives actual production movement/combat
PASS fresh-bow · actual supported walking leg Anik · observer
PASS fresh-bow · traveller survives actual production movement/combat
PASS fresh-bow · actual supported walking leg Anik · observer
PASS fresh-bow · traveller survives actual production movement/combat
PASS fresh-bow · actual supported walking leg Anik · observer
PASS fresh-bow · traveller survives actual production movement/combat
PASS fresh-bow · actual supported walking leg Anik · observer
PASS fresh-bow · traveller survives actual production movement/combat
PASS fresh-bow · actual supported walking leg Anik · observer
PASS fresh-bow · traveller survives actual production movement/combat
PASS fresh-bow · actual supported walking leg Anik · observer
PASS fresh-bow · traveller survives actual production movement/combat
PASS fresh-bow · actual supported walking leg Anik · observer
PASS fresh-bow · traveller survives actual production movement/combat
PASS fresh-bow · actual supported walking leg Anik · observer
PASS fresh-bow · traveller survives actual production movement/combat
PASS fresh-bow · actual supported walking leg Anik · observer
PASS fresh-bow · traveller survives actual production movement/combat
PASS fresh-bow · actual supported walking leg Anik · observer
PASS fresh-bow · traveller survives actual production movement/combat
PASS fresh-bow · actual supported walking leg Anik · observer
PASS fresh-bow · traveller survives actual production movement/combat
PASS fresh-bow · actual supported walking leg Anik · observer
PASS fresh-bow · traveller survives actual production movement/combat
PASS fresh-bow · actual supported walking leg Anik · observer
PASS fresh-bow · traveller survives actual production movement/combat
PASS fresh-bow · actual supported walking leg Anik · observer
PASS fresh-bow · traveller survives actual production movement/combat
PASS fresh-bow · actual supported walking leg Anik · observer
PASS fresh-bow · traveller survives actual production movement/combat
PASS fresh-bow · actual supported walking leg Anik · observer
PASS fresh-bow · traveller survives actual production movement/combat
PASS fresh-bow · actual supported walking leg Anik · observer
PASS fresh-bow · traveller survives actual production movement/combat
PASS fresh-bow · actual supported walking leg Anik · observer
PASS fresh-bow · traveller survives actual production movement/combat
PASS fresh-bow · actual supported walking leg Anik · observer
PASS fresh-bow · traveller survives actual production movement/combat
PASS fresh-bow · actual supported walking leg Anik · observer
PASS fresh-bow · traveller survives actual production movement/combat
PASS fresh-bow · actual supported walking leg Anik · observer
PASS fresh-bow · traveller survives actual production movement/combat
PASS fresh-bow · actual supported walking leg Anik · observer
PASS fresh-bow · traveller survives actual production movement/combat
PASS fresh-bow · actual supported walking leg Anik · observer
PASS fresh-bow · traveller survives actual production movement/combat
PASS fresh-bow · actual supported walking leg Anik · observer
PASS fresh-bow · traveller survives actual production movement/combat
PASS fresh-bow · actual supported walking leg Anik · observer
PASS fresh-bow · traveller survives actual production movement/combat
PASS fresh-bow · actual supported walking leg Anik · observer
PASS fresh-bow · traveller survives actual production movement/combat
PASS fresh-bow · actual supported walking leg Anik · observer
PASS fresh-bow · traveller survives actual production movement/combat
PASS fresh-bow · actual supported walking leg Anik · observer
PASS fresh-bow · traveller survives actual production movement/combat
PASS fresh-bow · actual supported walking leg Anik · observer
PASS fresh-bow · traveller survives actual production movement/combat
PASS fresh-bow · actual supported walking leg Anik · observer
PASS fresh-bow · traveller survives actual production movement/combat
PASS fresh-bow · actual supported walking leg Anik · observer
PASS fresh-bow · traveller survives actual production movement/combat
PASS fresh-bow · actual supported walking leg Anik · observer
PASS fresh-bow · production movement arrives near Anik · observer
PASS fresh-bow · deliberate whole fixed fee pays once without equip/refill
PASS fresh-bow · all previous owners, gear, sockets and choices remain
PASS fresh-bow · paid-once saves through native owner
PASS fresh-bow · paid-once exact native full world is persisted
PASS fresh-bow · paid-once preserves the full other original native character slot value
PASS fresh-bow · exact frozen HTML is served over isolated loopback
PASS fresh-bow · actual WebGL2 client is available
PASS fresh-bow · software renderer is explicitly observed
PASS fresh-bow · paid-once whole-Chromium startup preserves exact bytes
PASS fresh-bow · paid-once preserves previous history, opened/account facts and kit
PASS fresh-bow · paid-once cold load preserves the full other original native character slot value
PASS fresh-bow · production route is accepted for ordinary Cosmos invitation
PASS fresh-bow · whole supported body route reaches ordinary Cosmos invitation
PASS fresh-bow · traveller survives actual production movement/combat
PASS fresh-bow · actual supported walking leg ordinary Cosmos invitation
PASS fresh-bow · production movement arrives near ordinary Cosmos invitation
PASS fresh-bow · physical arrival has no actor teleport for ordinary Cosmos invitation
PASS fresh-bow · native travel has explicit Cosmos confirmation
PASS fresh-bow · actual Cosmos physical owner handles the connected service road
PASS fresh-bow · no resolved machine recreates on native reentry
PASS fresh-bow · labelled production replay never duplicates the native fee
PASS fresh-bow · production route is accepted for ordinary supported return at Three Lamps
PASS fresh-bow · whole supported body route reaches ordinary supported return at Three Lamps
PASS fresh-bow · traveller survives actual production movement/combat
PASS fresh-bow · actual supported walking leg ordinary supported return at Three Lamps
PASS fresh-bow · production movement arrives near ordinary supported return at Three Lamps
PASS fresh-bow · physical arrival has no actor teleport for ordinary supported return at Three Lamps
PASS fresh-bow · normal native return keeps open/account/paid facts
PASS fresh-bow · whole earned campaign preserves the full other original native character slot value
PASS returning-strongest · at most six owned profiles
PASS returning-strongest · exact frozen HTML is served over isolated loopback
PASS returning-strongest · actual WebGL2 client is available
PASS returning-strongest · software renderer is explicitly observed
PASS returning-strongest · visible import adds a character and preserves original legacy save bytes
PASS returning-strongest · native seed imports genuinely earned comparator and kit
PASS returning-strongest · production route is accepted for ordinary Cosmos invitation
PASS returning-strongest · whole supported body route reaches ordinary Cosmos invitation
PASS returning-strongest · traveller survives actual production movement/combat
PASS returning-strongest · actual supported walking leg ordinary Cosmos invitation
PASS returning-strongest · traveller survives actual production movement/combat
PASS returning-strongest · actual supported walking leg ordinary Cosmos invitation
PASS returning-strongest · traveller survives actual production movement/combat
PASS returning-strongest · actual supported walking leg ordinary Cosmos invitation
PASS returning-strongest · traveller survives actual production movement/combat
PASS returning-strongest · actual supported walking leg ordinary Cosmos invitation
PASS returning-strongest · traveller survives actual production movement/combat
PASS returning-strongest · actual supported walking leg ordinary Cosmos invitation
PASS returning-strongest · traveller survives actual production movement/combat
PASS returning-strongest · actual supported walking leg ordinary Cosmos invitation
PASS returning-strongest · traveller survives actual production movement/combat
PASS returning-strongest · actual supported walking leg ordinary Cosmos invitation
PASS returning-strongest · traveller survives actual production movement/combat
PASS returning-strongest · actual supported walking leg ordinary Cosmos invitation
PASS returning-strongest · traveller survives actual production movement/combat
PASS returning-strongest · actual supported walking leg ordinary Cosmos invitation
PASS returning-strongest · traveller survives actual production movement/combat
PASS returning-strongest · actual supported walking leg ordinary Cosmos invitation
PASS returning-strongest · traveller survives actual production movement/combat
PASS returning-strongest · actual supported walking leg ordinary Cosmos invitation
PASS returning-strongest · traveller survives actual production movement/combat
PASS returning-strongest · actual supported walking leg ordinary Cosmos invitation
PASS returning-strongest · traveller survives actual production movement/combat
PASS returning-strongest · actual supported walking leg ordinary Cosmos invitation
PASS returning-strongest · production movement arrives near ordinary Cosmos invitation
PASS returning-strongest · physical arrival has no actor teleport for ordinary Cosmos invitation
PASS returning-strongest · native travel has explicit Cosmos confirmation
PASS returning-strongest · actual Cosmos physical owner handles the connected service road
PASS returning-strongest · no resolved machine recreates on native reentry
PASS returning-strongest · whole supported body route reaches Anik · observer
PASS returning-strongest · traveller survives actual production movement/combat
PASS returning-strongest · actual supported walking leg Anik · observer
PASS returning-strongest · traveller survives actual production movement/combat
PASS returning-strongest · actual supported walking leg Anik · observer
PASS returning-strongest · traveller survives actual production movement/combat
PASS returning-strongest · actual supported walking leg Anik · observer
PASS returning-strongest · traveller survives actual production movement/combat
PASS returning-strongest · actual supported walking leg Anik · observer
PASS returning-strongest · traveller survives actual production movement/combat
PASS returning-strongest · actual supported walking leg Anik · observer
PASS returning-strongest · traveller survives actual production movement/combat
PASS returning-strongest · actual supported walking leg Anik · observer
PASS returning-strongest · traveller survives actual production movement/combat
PASS returning-strongest · actual supported walking leg Anik · observer
PASS returning-strongest · traveller survives actual production movement/combat
PASS returning-strongest · actual supported walking leg Anik · observer
PASS returning-strongest · traveller survives actual production movement/combat
PASS returning-strongest · actual supported walking leg Anik · observer
PASS returning-strongest · traveller survives actual production movement/combat
PASS returning-strongest · actual supported walking leg Anik · observer
PASS returning-strongest · traveller survives actual production movement/combat
PASS returning-strongest · actual supported walking leg Anik · observer
PASS returning-strongest · traveller survives actual production movement/combat
PASS returning-strongest · actual supported walking leg Anik · observer
PASS returning-strongest · traveller survives actual production movement/combat
PASS returning-strongest · actual supported walking leg Anik · observer
PASS returning-strongest · traveller survives actual production movement/combat
PASS returning-strongest · actual supported walking leg Anik · observer
PASS returning-strongest · traveller survives actual production movement/combat
PASS returning-strongest · actual supported walking leg Anik · observer
PASS returning-strongest · traveller survives actual production movement/combat
PASS returning-strongest · actual supported walking leg Anik · observer
PASS returning-strongest · traveller survives actual production movement/combat
PASS returning-strongest · actual supported walking leg Anik · observer
PASS returning-strongest · traveller survives actual production movement/combat
PASS returning-strongest · actual supported walking leg Anik · observer
PASS returning-strongest · traveller survives actual production movement/combat
PASS returning-strongest · actual supported walking leg Anik · observer
PASS returning-strongest · traveller survives actual production movement/combat
PASS returning-strongest · actual supported walking leg Anik · observer
PASS returning-strongest · traveller survives actual production movement/combat
PASS returning-strongest · actual supported walking leg Anik · observer
PASS returning-strongest · traveller survives actual production movement/combat
PASS returning-strongest · actual supported walking leg Anik · observer
PASS returning-strongest · traveller survives actual production movement/combat
PASS returning-strongest · actual supported walking leg Anik · observer
PASS returning-strongest · traveller survives actual production movement/combat
PASS returning-strongest · actual supported walking leg Anik · observer
PASS returning-strongest · traveller survives actual production movement/combat
PASS returning-strongest · actual supported walking leg Anik · observer
PASS returning-strongest · traveller survives actual production movement/combat
PASS returning-strongest · actual supported walking leg Anik · observer
PASS returning-strongest · traveller survives actual production movement/combat
PASS returning-strongest · actual supported walking leg Anik · observer
PASS returning-strongest · traveller survives actual production movement/combat
PASS returning-strongest · actual supported walking leg Anik · observer
PASS returning-strongest · traveller survives actual production movement/combat
PASS returning-strongest · actual supported walking leg Anik · observer
PASS returning-strongest · traveller survives actual production movement/combat
PASS returning-strongest · actual supported walking leg Anik · observer
PASS returning-strongest · traveller survives actual production movement/combat
PASS returning-strongest · actual supported walking leg Anik · observer
PASS returning-strongest · traveller survives actual production movement/combat
PASS returning-strongest · actual supported walking leg Anik · observer
PASS returning-strongest · traveller survives actual production movement/combat
PASS returning-strongest · actual supported walking leg Anik · observer
PASS returning-strongest · traveller survives actual production movement/combat
PASS returning-strongest · actual supported walking leg Anik · observer
PASS returning-strongest · traveller survives actual production movement/combat
PASS returning-strongest · actual supported walking leg Anik · observer
PASS returning-strongest · traveller survives actual production movement/combat
PASS returning-strongest · actual supported walking leg Anik · observer
PASS returning-strongest · traveller survives actual production movement/combat
PASS returning-strongest · actual supported walking leg Anik · observer
PASS returning-strongest · traveller survives actual production movement/combat
PASS returning-strongest · actual supported walking leg Anik · observer
PASS returning-strongest · traveller survives actual production movement/combat
PASS returning-strongest · actual supported walking leg Anik · observer
PASS returning-strongest · traveller survives actual production movement/combat
PASS returning-strongest · actual supported walking leg Anik · observer
PASS returning-strongest · traveller survives actual production movement/combat
PASS returning-strongest · actual supported walking leg Anik · observer
PASS returning-strongest · traveller survives actual production movement/combat
PASS returning-strongest · actual supported walking leg Anik · observer
PASS returning-strongest · traveller survives actual production movement/combat
PASS returning-strongest · actual supported walking leg Anik · observer
PASS returning-strongest · traveller survives actual production movement/combat
PASS returning-strongest · actual supported walking leg Anik · observer
PASS returning-strongest · traveller survives actual production movement/combat
PASS returning-strongest · actual supported walking leg Anik · observer
PASS returning-strongest · traveller survives actual production movement/combat
PASS returning-strongest · actual supported walking leg Anik · observer
PASS returning-strongest · traveller survives actual production movement/combat
PASS returning-strongest · actual supported walking leg Anik · observer
PASS returning-strongest · traveller survives actual production movement/combat
PASS returning-strongest · actual supported walking leg Anik · observer
PASS returning-strongest · traveller survives actual production movement/combat
PASS returning-strongest · actual supported walking leg Anik · observer
PASS returning-strongest · traveller survives actual production movement/combat
PASS returning-strongest · actual supported walking leg Anik · observer
PASS returning-strongest · traveller survives actual production movement/combat
PASS returning-strongest · actual supported walking leg Anik · observer
PASS returning-strongest · traveller survives actual production movement/combat
PASS returning-strongest · actual supported walking leg Anik · observer
PASS returning-strongest · traveller survives actual production movement/combat
PASS returning-strongest · actual supported walking leg Anik · observer
PASS returning-strongest · traveller survives actual production movement/combat
PASS returning-strongest · actual supported walking leg Anik · observer
PASS returning-strongest · traveller survives actual production movement/combat
PASS returning-strongest · actual supported walking leg Anik · observer
PASS returning-strongest · traveller survives actual production movement/combat
PASS returning-strongest · actual supported walking leg Anik · observer
PASS returning-strongest · traveller survives actual production movement/combat
PASS returning-strongest · actual supported walking leg Anik · observer
PASS returning-strongest · traveller survives actual production movement/combat
PASS returning-strongest · actual supported walking leg Anik · observer
PASS returning-strongest · traveller survives actual production movement/combat
PASS returning-strongest · actual supported walking leg Anik · observer
PASS returning-strongest · traveller survives actual production movement/combat
PASS returning-strongest · actual supported walking leg Anik · observer
PASS returning-strongest · traveller survives actual production movement/combat
PASS returning-strongest · actual supported walking leg Anik · observer
PASS returning-strongest · traveller survives actual production movement/combat
PASS returning-strongest · actual supported walking leg Anik · observer
PASS returning-strongest · traveller survives actual production movement/combat
PASS returning-strongest · actual supported walking leg Anik · observer
PASS returning-strongest · traveller survives actual production movement/combat
PASS returning-strongest · actual supported walking leg Anik · observer
PASS returning-strongest · traveller survives actual production movement/combat
PASS returning-strongest · actual supported walking leg Anik · observer
PASS returning-strongest · production movement arrives near Anik · observer
PASS returning-strongest · native separate acceptance pays nothing
PASS returning-strongest · accepted saves through native owner
PASS returning-strongest · accepted exact native full world is persisted
PASS returning-strongest · accepted preserves the full other original native character slot value
PASS returning-strongest · exact frozen HTML is served over isolated loopback
PASS returning-strongest · actual WebGL2 client is available
PASS returning-strongest · software renderer is explicitly observed
PASS returning-strongest · accepted whole-Chromium startup preserves exact bytes
PASS returning-strongest · accepted preserves previous history, opened/account facts and kit
PASS returning-strongest · accepted cold load preserves the full other original native character slot value
PASS returning-strongest · production route is accepted for ordinary Cosmos invitation
PASS returning-strongest · whole supported body route reaches ordinary Cosmos invitation
PASS returning-strongest · traveller survives actual production movement/combat
PASS returning-strongest · actual supported walking leg ordinary Cosmos invitation
PASS returning-strongest · production movement arrives near ordinary Cosmos invitation
PASS returning-strongest · physical arrival has no actor teleport for ordinary Cosmos invitation
PASS returning-strongest · native travel has explicit Cosmos confirmation
PASS returning-strongest · actual Cosmos physical owner handles the connected service road
PASS returning-strongest · no resolved machine recreates on native reentry
PASS returning-strongest · native controls cannot manually grant defeat/choice
PASS returning-strongest · whole supported body route reaches Read the omitted local support cost
PASS returning-strongest · traveller survives actual production movement/combat
PASS returning-strongest · actual supported walking leg Read the omitted local support cost
PASS returning-strongest · traveller survives actual production movement/combat
PASS returning-strongest · actual supported walking leg Read the omitted local support cost
PASS returning-strongest · traveller survives actual production movement/combat
PASS returning-strongest · actual supported walking leg Read the omitted local support cost
PASS returning-strongest · traveller survives actual production movement/combat
PASS returning-strongest · actual supported walking leg Read the omitted local support cost
PASS returning-strongest · traveller survives actual production movement/combat
PASS returning-strongest · actual supported walking leg Read the omitted local support cost
PASS returning-strongest · traveller survives actual production movement/combat
PASS returning-strongest · actual supported walking leg Read the omitted local support cost
PASS returning-strongest · traveller survives actual production movement/combat
PASS returning-strongest · actual supported walking leg Read the omitted local support cost
PASS returning-strongest · traveller survives actual production movement/combat
PASS returning-strongest · actual supported walking leg Read the omitted local support cost
PASS returning-strongest · traveller survives actual production movement/combat
PASS returning-strongest · actual supported walking leg Read the omitted local support cost
PASS returning-strongest · traveller survives actual production movement/combat
PASS returning-strongest · actual supported walking leg Read the omitted local support cost
PASS returning-strongest · traveller survives actual production movement/combat
PASS returning-strongest · actual supported walking leg Read the omitted local support cost
PASS returning-strongest · traveller survives actual production movement/combat
PASS returning-strongest · actual supported walking leg Read the omitted local support cost
PASS returning-strongest · traveller survives actual production movement/combat
PASS returning-strongest · actual supported walking leg Read the omitted local support cost
PASS returning-strongest · traveller survives actual production movement/combat
PASS returning-strongest · actual supported walking leg Read the omitted local support cost
PASS returning-strongest · traveller survives actual production movement/combat
PASS returning-strongest · actual supported walking leg Read the omitted local support cost
PASS returning-strongest · traveller survives actual production movement/combat
PASS returning-strongest · actual supported walking leg Read the omitted local support cost
PASS returning-strongest · traveller survives actual production movement/combat
PASS returning-strongest · actual supported walking leg Read the omitted local support cost
PASS returning-strongest · traveller survives actual production movement/combat
PASS returning-strongest · actual supported walking leg Read the omitted local support cost
PASS returning-strongest · traveller survives actual production movement/combat
PASS returning-strongest · actual supported walking leg Read the omitted local support cost
PASS returning-strongest · traveller survives actual production movement/combat
PASS returning-strongest · actual supported walking leg Read the omitted local support cost
PASS returning-strongest · traveller survives actual production movement/combat
PASS returning-strongest · actual supported walking leg Read the omitted local support cost
PASS returning-strongest · traveller survives actual production movement/combat
PASS returning-strongest · actual supported walking leg Read the omitted local support cost
PASS returning-strongest · traveller survives actual production movement/combat
PASS returning-strongest · actual supported walking leg Read the omitted local support cost
PASS returning-strongest · traveller survives actual production movement/combat
PASS returning-strongest · actual supported walking leg Read the omitted local support cost
PASS returning-strongest · traveller survives actual production movement/combat
PASS returning-strongest · actual supported walking leg Read the omitted local support cost
PASS returning-strongest · traveller survives actual production movement/combat
PASS returning-strongest · actual supported walking leg Read the omitted local support cost
PASS returning-strongest · traveller survives actual production movement/combat
PASS returning-strongest · actual supported walking leg Read the omitted local support cost
PASS returning-strongest · traveller survives actual production movement/combat
PASS returning-strongest · actual supported walking leg Read the omitted local support cost
PASS returning-strongest · traveller survives actual production movement/combat
PASS returning-strongest · actual supported walking leg Read the omitted local support cost
PASS returning-strongest · traveller survives actual production movement/combat
PASS returning-strongest · actual supported walking leg Read the omitted local support cost
PASS returning-strongest · traveller survives actual production movement/combat
PASS returning-strongest · actual supported walking leg Read the omitted local support cost
PASS returning-strongest · traveller survives actual production movement/combat
PASS returning-strongest · actual supported walking leg Read the omitted local support cost
PASS returning-strongest · traveller survives actual production movement/combat
PASS returning-strongest · actual supported walking leg Read the omitted local support cost
PASS returning-strongest · traveller survives actual production movement/combat
PASS returning-strongest · actual supported walking leg Read the omitted local support cost
PASS returning-strongest · traveller survives actual production movement/combat
PASS returning-strongest · actual supported walking leg Read the omitted local support cost
PASS returning-strongest · traveller survives actual production movement/combat
PASS returning-strongest · actual supported walking leg Read the omitted local support cost
PASS returning-strongest · traveller survives actual production movement/combat
PASS returning-strongest · actual supported walking leg Read the omitted local support cost
PASS returning-strongest · traveller survives actual production movement/combat
PASS returning-strongest · actual supported walking leg Read the omitted local support cost
PASS returning-strongest · traveller survives actual production movement/combat
PASS returning-strongest · actual supported walking leg Read the omitted local support cost
PASS returning-strongest · traveller survives actual production movement/combat
PASS returning-strongest · actual supported walking leg Read the omitted local support cost
PASS returning-strongest · traveller survives actual production movement/combat
PASS returning-strongest · actual supported walking leg Read the omitted local support cost
PASS returning-strongest · traveller survives actual production movement/combat
PASS returning-strongest · actual supported walking leg Read the omitted local support cost
PASS returning-strongest · traveller survives actual production movement/combat
PASS returning-strongest · actual supported walking leg Read the omitted local support cost
PASS returning-strongest · traveller survives actual production movement/combat
PASS returning-strongest · actual supported walking leg Read the omitted local support cost
PASS returning-strongest · traveller survives actual production movement/combat
PASS returning-strongest · actual supported walking leg Read the omitted local support cost
PASS returning-strongest · traveller survives actual production movement/combat
PASS returning-strongest · actual supported walking leg Read the omitted local support cost
PASS returning-strongest · traveller survives actual production movement/combat
PASS returning-strongest · actual supported walking leg Read the omitted local support cost
PASS returning-strongest · traveller survives actual production movement/combat
PASS returning-strongest · actual supported walking leg Read the omitted local support cost
PASS returning-strongest · traveller survives actual production movement/combat
PASS returning-strongest · actual supported walking leg Read the omitted local support cost
PASS returning-strongest · traveller survives actual production movement/combat
PASS returning-strongest · actual supported walking leg Read the omitted local support cost
PASS returning-strongest · traveller survives actual production movement/combat
PASS returning-strongest · actual supported walking leg Read the omitted local support cost
PASS returning-strongest · traveller survives actual production movement/combat
PASS returning-strongest · actual supported walking leg Read the omitted local support cost
PASS returning-strongest · traveller survives actual production movement/combat
PASS returning-strongest · actual supported walking leg Read the omitted local support cost
PASS returning-strongest · traveller survives actual production movement/combat
PASS returning-strongest · actual supported walking leg Read the omitted local support cost
PASS returning-strongest · traveller survives actual production movement/combat
PASS returning-strongest · actual supported walking leg Read the omitted local support cost
PASS returning-strongest · traveller survives actual production movement/combat
PASS returning-strongest · actual supported walking leg Read the omitted local support cost
PASS returning-strongest · traveller survives actual production movement/combat
PASS returning-strongest · actual supported walking leg Read the omitted local support cost
PASS returning-strongest · traveller survives actual production movement/combat
PASS returning-strongest · actual supported walking leg Read the omitted local support cost
PASS returning-strongest · traveller survives actual production movement/combat
PASS returning-strongest · actual supported walking leg Read the omitted local support cost
PASS returning-strongest · traveller survives actual production movement/combat
PASS returning-strongest · actual supported walking leg Read the omitted local support cost
PASS returning-strongest · traveller survives actual production movement/combat
PASS returning-strongest · actual supported walking leg Read the omitted local support cost
PASS returning-strongest · traveller survives actual production movement/combat
PASS returning-strongest · actual supported walking leg Read the omitted local support cost
PASS returning-strongest · production movement arrives near Read the omitted local support cost
PASS returning-strongest · actual physical UI operation records read-local-cost
PASS returning-strongest · operation never pays an independent fee read-local-cost
PASS returning-strongest · actual transient witness membership follows only accepted facts
PASS returning-strongest · a full-body supported production route reaches the witness viewing side
PASS returning-strongest · production route is accepted for view owned Raven · support planner
PASS returning-strongest · whole supported body route reaches view owned Raven · support planner
PASS returning-strongest · traveller survives actual production movement/combat
PASS returning-strongest · actual supported walking leg view owned Raven · support planner
PASS returning-strongest · traveller survives actual production movement/combat
PASS returning-strongest · actual supported walking leg view owned Raven · support planner
PASS returning-strongest · traveller survives actual production movement/combat
PASS returning-strongest · actual supported walking leg view owned Raven · support planner
PASS returning-strongest · traveller survives actual production movement/combat
PASS returning-strongest · actual supported walking leg view owned Raven · support planner
PASS returning-strongest · traveller survives actual production movement/combat
PASS returning-strongest · actual supported walking leg view owned Raven · support planner
PASS returning-strongest · traveller survives actual production movement/combat
PASS returning-strongest · actual supported walking leg view owned Raven · support planner
PASS returning-strongest · production movement arrives near view owned Raven · support planner
PASS returning-strongest · physical arrival has no actor teleport for view owned Raven · support planner
PASS returning-strongest · actual requested camera adventure
PASS returning-strongest · owned-cosmos-raven-service-v1 causal pixels restore exactly
PASS returning-strongest · actual requested camera follow
PASS returning-strongest · owned-cosmos-raven-service-v1 causal pixels restore exactly
PASS returning-strongest · native controls cannot manually grant defeat/choice
PASS returning-strongest · whole supported body route reaches Fit the supplied pre-checked material support
PASS returning-strongest · traveller survives actual production movement/combat
PASS returning-strongest · actual supported walking leg Fit the supplied pre-checked material support
PASS returning-strongest · traveller survives actual production movement/combat
PASS returning-strongest · actual supported walking leg Fit the supplied pre-checked material support
PASS returning-strongest · traveller survives actual production movement/combat
PASS returning-strongest · actual supported walking leg Fit the supplied pre-checked material support
PASS returning-strongest · traveller survives actual production movement/combat
PASS returning-strongest · actual supported walking leg Fit the supplied pre-checked material support
PASS returning-strongest · traveller survives actual production movement/combat
PASS returning-strongest · actual supported walking leg Fit the supplied pre-checked material support
PASS returning-strongest · traveller survives actual production movement/combat
PASS returning-strongest · actual supported walking leg Fit the supplied pre-checked material support
PASS returning-strongest · traveller survives actual production movement/combat
PASS returning-strongest · actual supported walking leg Fit the supplied pre-checked material support
PASS returning-strongest · traveller survives actual production movement/combat
PASS returning-strongest · actual supported walking leg Fit the supplied pre-checked material support
PASS returning-strongest · traveller survives actual production movement/combat
PASS returning-strongest · actual supported walking leg Fit the supplied pre-checked material support
PASS returning-strongest · traveller survives actual production movement/combat
PASS returning-strongest · actual supported walking leg Fit the supplied pre-checked material support
PASS returning-strongest · traveller survives actual production movement/combat
PASS returning-strongest · actual supported walking leg Fit the supplied pre-checked material support
PASS returning-strongest · production movement arrives near Fit the supplied pre-checked material support
PASS returning-strongest · actual physical UI operation records assist-material
PASS returning-strongest · operation never pays an independent fee assist-material
PASS returning-strongest · native controls cannot manually grant defeat/choice
PASS returning-strongest · whole supported body route reaches Read both named local stations
PASS returning-strongest · traveller survives actual production movement/combat
PASS returning-strongest · actual supported walking leg Read both named local stations
PASS returning-strongest · traveller survives actual production movement/combat
PASS returning-strongest · actual supported walking leg Read both named local stations
PASS returning-strongest · traveller survives actual production movement/combat
PASS returning-strongest · actual supported walking leg Read both named local stations
PASS returning-strongest · production movement arrives near Read both named local stations
PASS returning-strongest · actual physical UI operation records observation-inspect
PASS returning-strongest · operation never pays an independent fee observation-inspect
PASS returning-strongest · native controls cannot manually grant defeat/choice
PASS returning-strongest · whole supported body route reaches Fit the named-station interval record
PASS returning-strongest · traveller survives actual production movement/combat
PASS returning-strongest · actual supported walking leg Fit the named-station interval record
PASS returning-strongest · traveller survives actual production movement/combat
PASS returning-strongest · actual supported walking leg Fit the named-station interval record
PASS returning-strongest · traveller survives actual production movement/combat
PASS returning-strongest · actual supported walking leg Fit the named-station interval record
PASS returning-strongest · traveller survives actual production movement/combat
PASS returning-strongest · actual supported walking leg Fit the named-station interval record
PASS returning-strongest · traveller survives actual production movement/combat
PASS returning-strongest · actual supported walking leg Fit the named-station interval record
PASS returning-strongest · traveller survives actual production movement/combat
PASS returning-strongest · actual supported walking leg Fit the named-station interval record
PASS returning-strongest · traveller survives actual production movement/combat
PASS returning-strongest · actual supported walking leg Fit the named-station interval record
PASS returning-strongest · traveller survives actual production movement/combat
PASS returning-strongest · actual supported walking leg Fit the named-station interval record
PASS returning-strongest · traveller survives actual production movement/combat
PASS returning-strongest · actual supported walking leg Fit the named-station interval record
PASS returning-strongest · traveller survives actual production movement/combat
PASS returning-strongest · actual supported walking leg Fit the named-station interval record
PASS returning-strongest · production movement arrives near Fit the named-station interval record
PASS returning-strongest · actual physical UI operation records observation-fit
PASS returning-strongest · operation never pays an independent fee observation-fit
PASS returning-strongest · native controls cannot manually grant defeat/choice
PASS returning-strongest · actual position already reaches test-service-route
PASS returning-strongest · actual physical UI operation records test-service-route
PASS returning-strongest · operation never pays an independent fee test-service-route
PASS returning-strongest · two-distinct-supports saves through native owner
PASS returning-strongest · two-distinct-supports exact native full world is persisted
PASS returning-strongest · two-distinct-supports preserves the full other original native character slot value
PASS returning-strongest · exact frozen HTML is served over isolated loopback
PASS returning-strongest · actual WebGL2 client is available
PASS returning-strongest · software renderer is explicitly observed
PASS returning-strongest · two-distinct-supports whole-Chromium startup preserves exact bytes
PASS returning-strongest · two-distinct-supports preserves previous history, opened/account facts and kit
PASS returning-strongest · two-distinct-supports cold load preserves the full other original native character slot value
PASS returning-strongest · production route is accepted for ordinary Cosmos invitation
PASS returning-strongest · whole supported body route reaches ordinary Cosmos invitation
PASS returning-strongest · traveller survives actual production movement/combat
PASS returning-strongest · actual supported walking leg ordinary Cosmos invitation
PASS returning-strongest · production movement arrives near ordinary Cosmos invitation
PASS returning-strongest · physical arrival has no actor teleport for ordinary Cosmos invitation
PASS returning-strongest · native travel has explicit Cosmos confirmation
PASS returning-strongest · actual Cosmos physical owner handles the connected service road
PASS returning-strongest · no resolved machine recreates on native reentry
PASS returning-strongest · ordinary native companion control retains stay
PASS returning-strongest · native controls cannot manually grant defeat/choice
PASS returning-strongest · whole supported body route reaches Begin the local optical defense
PASS returning-strongest · traveller survives actual production movement/combat
PASS returning-strongest · actual supported walking leg Begin the local optical defense
PASS returning-strongest · traveller survives actual production movement/combat
PASS returning-strongest · actual supported walking leg Begin the local optical defense
PASS returning-strongest · traveller survives actual production movement/combat
PASS returning-strongest · actual supported walking leg Begin the local optical defense
PASS returning-strongest · traveller survives actual production movement/combat
PASS returning-strongest · actual supported walking leg Begin the local optical defense
PASS returning-strongest · traveller survives actual production movement/combat
PASS returning-strongest · actual supported walking leg Begin the local optical defense
PASS returning-strongest · traveller survives actual production movement/combat
PASS returning-strongest · actual supported walking leg Begin the local optical defense
PASS returning-strongest · traveller survives actual production movement/combat
PASS returning-strongest · actual supported walking leg Begin the local optical defense
PASS returning-strongest · traveller survives actual production movement/combat
PASS returning-strongest · actual supported walking leg Begin the local optical defense
PASS returning-strongest · traveller survives actual production movement/combat
PASS returning-strongest · actual supported walking leg Begin the local optical defense
PASS returning-strongest · traveller survives actual production movement/combat
PASS returning-strongest · actual supported walking leg Begin the local optical defense
PASS returning-strongest · traveller survives actual production movement/combat
PASS returning-strongest · actual supported walking leg Begin the local optical defense
PASS returning-strongest · traveller survives actual production movement/combat
PASS returning-strongest · actual supported walking leg Begin the local optical defense
PASS returning-strongest · traveller survives actual production movement/combat
PASS returning-strongest · actual supported walking leg Begin the local optical defense
PASS returning-strongest · traveller survives actual production movement/combat
PASS returning-strongest · actual supported walking leg Begin the local optical defense
PASS returning-strongest · traveller survives actual production movement/combat
PASS returning-strongest · actual supported walking leg Begin the local optical defense
PASS returning-strongest · traveller survives actual production movement/combat
PASS returning-strongest · actual supported walking leg Begin the local optical defense
PASS returning-strongest · traveller survives actual production movement/combat
PASS returning-strongest · actual supported walking leg Begin the local optical defense
PASS returning-strongest · traveller survives actual production movement/combat
PASS returning-strongest · actual supported walking leg Begin the local optical defense
PASS returning-strongest · traveller survives actual production movement/combat
PASS returning-strongest · actual supported walking leg Begin the local optical defense
PASS returning-strongest · traveller survives actual production movement/combat
PASS returning-strongest · actual supported walking leg Begin the local optical defense
PASS returning-strongest · traveller survives actual production movement/combat
PASS returning-strongest · actual supported walking leg Begin the local optical defense
PASS returning-strongest · traveller survives actual production movement/combat
PASS returning-strongest · actual supported walking leg Begin the local optical defense
PASS returning-strongest · traveller survives actual production movement/combat
PASS returning-strongest · actual supported walking leg Begin the local optical defense
PASS returning-strongest · traveller survives actual production movement/combat
PASS returning-strongest · actual supported walking leg Begin the local optical defense
PASS returning-strongest · traveller survives actual production movement/combat
PASS returning-strongest · actual supported walking leg Begin the local optical defense
PASS returning-strongest · traveller survives actual production movement/combat
PASS returning-strongest · actual supported walking leg Begin the local optical defense
PASS returning-strongest · traveller survives actual production movement/combat
PASS returning-strongest · actual supported walking leg Begin the local optical defense
PASS returning-strongest · traveller survives actual production movement/combat
PASS returning-strongest · actual supported walking leg Begin the local optical defense
PASS returning-strongest · traveller survives actual production movement/combat
PASS returning-strongest · actual supported walking leg Begin the local optical defense
PASS returning-strongest · traveller survives actual production movement/combat
PASS returning-strongest · actual supported walking leg Begin the local optical defense
PASS returning-strongest · traveller survives actual production movement/combat
PASS returning-strongest · actual supported walking leg Begin the local optical defense
PASS returning-strongest · traveller survives actual production movement/combat
PASS returning-strongest · actual supported walking leg Begin the local optical defense
PASS returning-strongest · traveller survives actual production movement/combat
PASS returning-strongest · actual supported walking leg Begin the local optical defense
PASS returning-strongest · traveller survives actual production movement/combat
PASS returning-strongest · actual supported walking leg Begin the local optical defense
PASS returning-strongest · traveller survives actual production movement/combat
PASS returning-strongest · actual supported walking leg Begin the local optical defense
PASS returning-strongest · traveller survives actual production movement/combat
PASS returning-strongest · actual supported walking leg Begin the local optical defense
PASS returning-strongest · traveller survives actual production movement/combat
PASS returning-strongest · actual supported walking leg Begin the local optical defense
PASS returning-strongest · traveller survives actual production movement/combat
PASS returning-strongest · actual supported walking leg Begin the local optical defense
PASS returning-strongest · traveller survives actual production movement/combat
PASS returning-strongest · actual supported walking leg Begin the local optical defense
PASS returning-strongest · traveller survives actual production movement/combat
PASS returning-strongest · actual supported walking leg Begin the local optical defense
PASS returning-strongest · traveller survives actual production movement/combat
PASS returning-strongest · actual supported walking leg Begin the local optical defense
PASS returning-strongest · traveller survives actual production movement/combat
PASS returning-strongest · actual supported walking leg Begin the local optical defense
PASS returning-strongest · traveller survives actual production movement/combat
PASS returning-strongest · actual supported walking leg Begin the local optical defense
PASS returning-strongest · traveller survives actual production movement/combat
PASS returning-strongest · actual supported walking leg Begin the local optical defense
PASS returning-strongest · traveller survives actual production movement/combat
PASS returning-strongest · actual supported walking leg Begin the local optical defense
PASS returning-strongest · traveller survives actual production movement/combat
PASS returning-strongest · actual supported walking leg Begin the local optical defense
PASS returning-strongest · traveller survives actual production movement/combat
PASS returning-strongest · actual supported walking leg Begin the local optical defense
PASS returning-strongest · traveller survives actual production movement/combat
PASS returning-strongest · actual supported walking leg Begin the local optical defense
PASS returning-strongest · traveller survives actual production movement/combat
PASS returning-strongest · actual supported walking leg Begin the local optical defense
PASS returning-strongest · traveller survives actual production movement/combat
PASS returning-strongest · actual supported walking leg Begin the local optical defense
PASS returning-strongest · traveller survives actual production movement/combat
PASS returning-strongest · actual supported walking leg Begin the local optical defense
PASS returning-strongest · traveller survives actual production movement/combat
PASS returning-strongest · actual supported walking leg Begin the local optical defense
PASS returning-strongest · traveller survives actual production movement/combat
PASS returning-strongest · actual supported walking leg Begin the local optical defense
PASS returning-strongest · traveller survives actual production movement/combat
PASS returning-strongest · actual supported walking leg Begin the local optical defense
PASS returning-strongest · traveller survives actual production movement/combat
PASS returning-strongest · actual supported walking leg Begin the local optical defense
PASS returning-strongest · traveller survives actual production movement/combat
PASS returning-strongest · actual supported walking leg Begin the local optical defense
PASS returning-strongest · traveller survives actual production movement/combat
PASS returning-strongest · actual supported walking leg Begin the local optical defense
PASS returning-strongest · traveller survives actual production movement/combat
PASS returning-strongest · actual supported walking leg Begin the local optical defense
PASS returning-strongest · traveller survives actual production movement/combat
PASS returning-strongest · actual supported walking leg Begin the local optical defense
PASS returning-strongest · traveller survives actual production movement/combat
PASS returning-strongest · actual supported walking leg Begin the local optical defense
PASS returning-strongest · traveller survives actual production movement/combat
PASS returning-strongest · actual supported walking leg Begin the local optical defense
PASS returning-strongest · traveller survives actual production movement/combat
PASS returning-strongest · actual supported walking leg Begin the local optical defense
PASS returning-strongest · traveller survives actual production movement/combat
PASS returning-strongest · actual supported walking leg Begin the local optical defense
PASS returning-strongest · traveller survives actual production movement/combat
PASS returning-strongest · actual supported walking leg Begin the local optical defense
PASS returning-strongest · traveller survives actual production movement/combat
PASS returning-strongest · actual supported walking leg Begin the local optical defense
PASS returning-strongest · traveller survives actual production movement/combat
PASS returning-strongest · actual supported walking leg Begin the local optical defense
PASS returning-strongest · traveller survives actual production movement/combat
PASS returning-strongest · actual supported walking leg Begin the local optical defense
PASS returning-strongest · traveller survives actual production movement/combat
PASS returning-strongest · actual supported walking leg Begin the local optical defense
PASS returning-strongest · traveller survives actual production movement/combat
PASS returning-strongest · actual supported walking leg Begin the local optical defense
PASS returning-strongest · traveller survives actual production movement/combat
PASS returning-strongest · actual supported walking leg Begin the local optical defense
PASS returning-strongest · traveller survives actual production movement/combat
PASS returning-strongest · actual supported walking leg Begin the local optical defense
PASS returning-strongest · traveller survives actual production movement/combat
PASS returning-strongest · actual supported walking leg Begin the local optical defense
PASS returning-strongest · traveller survives actual production movement/combat
PASS returning-strongest · actual supported walking leg Begin the local optical defense
PASS returning-strongest · traveller survives actual production movement/combat
PASS returning-strongest · actual supported walking leg Begin the local optical defense
PASS returning-strongest · traveller survives actual production movement/combat
PASS returning-strongest · actual supported walking leg Begin the local optical defense
PASS returning-strongest · traveller survives actual production movement/combat
PASS returning-strongest · actual supported walking leg Begin the local optical defense
PASS returning-strongest · traveller survives actual production movement/combat
PASS returning-strongest · actual supported walking leg Begin the local optical defense
PASS returning-strongest · traveller survives actual production movement/combat
PASS returning-strongest · actual supported walking leg Begin the local optical defense
PASS returning-strongest · production movement arrives near Begin the local optical defense
PASS returning-strongest · actual physical UI operation records challenge-reclaimer
PASS returning-strongest · operation never pays an independent fee challenge-reclaimer
PASS returning-strongest · production route is accepted for ordinary blade machine range
PASS returning-strongest · whole supported body route reaches ordinary blade machine range
PASS returning-strongest · traveller survives actual production movement/combat
PASS returning-strongest · actual supported walking leg ordinary blade machine range
PASS returning-strongest · traveller survives actual production movement/combat
PASS returning-strongest · actual supported walking leg ordinary blade machine range
PASS returning-strongest · traveller survives actual production movement/combat
PASS returning-strongest · actual supported walking leg ordinary blade machine range
PASS returning-strongest · traveller survives actual production movement/combat
PASS returning-strongest · actual supported walking leg ordinary blade machine range
PASS returning-strongest · production movement arrives near ordinary blade machine range
PASS returning-strongest · physical arrival has no actor teleport for ordinary blade machine range
PASS returning-strongest · native target key owns actual Optical Reclaimer
PASS returning-strongest · actual anchored owned line lock with declared stats
PASS returning-strongest · actual submitted actor and warning vertices fit whole supported locked geometry
PASS returning-strongest · actual requested camera adventure
PASS returning-strongest · reclaimer-body causal pixels restore exactly
PASS returning-strongest · actual requested camera adventure
PASS returning-strongest · reclaimer-line-warning causal pixels restore exactly
PASS returning-strongest · actual requested camera adventure
PASS returning-strongest · reclaimer-line-paired-inlay causal pixels restore exactly
PASS returning-strongest · actual requested camera follow
PASS returning-strongest · reclaimer-body causal pixels restore exactly
PASS returning-strongest · actual requested camera follow
PASS returning-strongest · reclaimer-line-warning causal pixels restore exactly
PASS returning-strongest · actual requested camera follow
PASS returning-strongest · reclaimer-line-paired-inlay causal pixels restore exactly
PASS returning-strongest · empty-geometry positive control detects the actual fresh framebuffer
PASS returning-strongest · traveller survives actual production movement/combat
PASS returning-strongest · traveller survives actual production movement/combat
PASS returning-strongest · bounded native ordinary weapon combat survives
PASS returning-strongest · actual zero-HP exhaustion records only owned reclaimer-settled
PASS returning-strongest · actual blade/projectile callers contribute to exhaustion
PASS returning-strongest · no independent encounter fee, legacy drop or planted defeat
PASS returning-strongest · actual-reclaimer-settled saves through native owner
PASS returning-strongest · actual-reclaimer-settled exact native full world is persisted
PASS returning-strongest · actual-reclaimer-settled preserves the full other original native character slot value
PASS returning-strongest · exact frozen HTML is served over isolated loopback
PASS returning-strongest · actual WebGL2 client is available
PASS returning-strongest · software renderer is explicitly observed
PASS returning-strongest · actual-reclaimer-settled whole-Chromium startup preserves exact bytes
PASS returning-strongest · actual-reclaimer-settled preserves previous history, opened/account facts and kit
PASS returning-strongest · actual-reclaimer-settled cold load preserves the full other original native character slot value
PASS returning-strongest · production route is accepted for ordinary Cosmos invitation
PASS returning-strongest · whole supported body route reaches ordinary Cosmos invitation
PASS returning-strongest · traveller survives actual production movement/combat
PASS returning-strongest · actual supported walking leg ordinary Cosmos invitation
PASS returning-strongest · production movement arrives near ordinary Cosmos invitation
PASS returning-strongest · physical arrival has no actor teleport for ordinary Cosmos invitation
PASS returning-strongest · native travel has explicit Cosmos confirmation
PASS returning-strongest · actual Cosmos physical owner handles the connected service road
PASS returning-strongest · no resolved machine recreates on native reentry
PASS returning-strongest · native controls cannot manually grant defeat/choice
PASS returning-strongest · whole supported body route reaches Physically isolate the imposed service feed
PASS returning-strongest · traveller survives actual production movement/combat
PASS returning-strongest · actual supported walking leg Physically isolate the imposed service feed
PASS returning-strongest · traveller survives actual production movement/combat
PASS returning-strongest · actual supported walking leg Physically isolate the imposed service feed
PASS returning-strongest · traveller survives actual production movement/combat
PASS returning-strongest · actual supported walking leg Physically isolate the imposed service feed
PASS returning-strongest · traveller survives actual production movement/combat
PASS returning-strongest · actual supported walking leg Physically isolate the imposed service feed
PASS returning-strongest · traveller survives actual production movement/combat
PASS returning-strongest · actual supported walking leg Physically isolate the imposed service feed
PASS returning-strongest · traveller survives actual production movement/combat
PASS returning-strongest · actual supported walking leg Physically isolate the imposed service feed
PASS returning-strongest · traveller survives actual production movement/combat
PASS returning-strongest · actual supported walking leg Physically isolate the imposed service feed
PASS returning-strongest · traveller survives actual production movement/combat
PASS returning-strongest · actual supported walking leg Physically isolate the imposed service feed
PASS returning-strongest · traveller survives actual production movement/combat
PASS returning-strongest · actual supported walking leg Physically isolate the imposed service feed
PASS returning-strongest · traveller survives actual production movement/combat
PASS returning-strongest · actual supported walking leg Physically isolate the imposed service feed
PASS returning-strongest · traveller survives actual production movement/combat
PASS returning-strongest · actual supported walking leg Physically isolate the imposed service feed
PASS returning-strongest · traveller survives actual production movement/combat
PASS returning-strongest · actual supported walking leg Physically isolate the imposed service feed
PASS returning-strongest · traveller survives actual production movement/combat
PASS returning-strongest · actual supported walking leg Physically isolate the imposed service feed
PASS returning-strongest · traveller survives actual production movement/combat
PASS returning-strongest · actual supported walking leg Physically isolate the imposed service feed
PASS returning-strongest · traveller survives actual production movement/combat
PASS returning-strongest · actual supported walking leg Physically isolate the imposed service feed
PASS returning-strongest · traveller survives actual production movement/combat
PASS returning-strongest · actual supported walking leg Physically isolate the imposed service feed
PASS returning-strongest · traveller survives actual production movement/combat
PASS returning-strongest · actual supported walking leg Physically isolate the imposed service feed
PASS returning-strongest · traveller survives actual production movement/combat
PASS returning-strongest · actual supported walking leg Physically isolate the imposed service feed
PASS returning-strongest · traveller survives actual production movement/combat
PASS returning-strongest · actual supported walking leg Physically isolate the imposed service feed
PASS returning-strongest · traveller survives actual production movement/combat
PASS returning-strongest · actual supported walking leg Physically isolate the imposed service feed
PASS returning-strongest · traveller survives actual production movement/combat
PASS returning-strongest · actual supported walking leg Physically isolate the imposed service feed
PASS returning-strongest · traveller survives actual production movement/combat
PASS returning-strongest · actual supported walking leg Physically isolate the imposed service feed
PASS returning-strongest · traveller survives actual production movement/combat
PASS returning-strongest · actual supported walking leg Physically isolate the imposed service feed
PASS returning-strongest · traveller survives actual production movement/combat
PASS returning-strongest · actual supported walking leg Physically isolate the imposed service feed
PASS returning-strongest · traveller survives actual production movement/combat
PASS returning-strongest · actual supported walking leg Physically isolate the imposed service feed
PASS returning-strongest · traveller survives actual production movement/combat
PASS returning-strongest · actual supported walking leg Physically isolate the imposed service feed
PASS returning-strongest · traveller survives actual production movement/combat
PASS returning-strongest · actual supported walking leg Physically isolate the imposed service feed
PASS returning-strongest · traveller survives actual production movement/combat
PASS returning-strongest · actual supported walking leg Physically isolate the imposed service feed
PASS returning-strongest · traveller survives actual production movement/combat
PASS returning-strongest · actual supported walking leg Physically isolate the imposed service feed
PASS returning-strongest · traveller survives actual production movement/combat
PASS returning-strongest · actual supported walking leg Physically isolate the imposed service feed
PASS returning-strongest · traveller survives actual production movement/combat
PASS returning-strongest · actual supported walking leg Physically isolate the imposed service feed
PASS returning-strongest · traveller survives actual production movement/combat
PASS returning-strongest · actual supported walking leg Physically isolate the imposed service feed
PASS returning-strongest · traveller survives actual production movement/combat
PASS returning-strongest · actual supported walking leg Physically isolate the imposed service feed
PASS returning-strongest · traveller survives actual production movement/combat
PASS returning-strongest · actual supported walking leg Physically isolate the imposed service feed
PASS returning-strongest · traveller survives actual production movement/combat
PASS returning-strongest · actual supported walking leg Physically isolate the imposed service feed
PASS returning-strongest · traveller survives actual production movement/combat
PASS returning-strongest · actual supported walking leg Physically isolate the imposed service feed
PASS returning-strongest · traveller survives actual production movement/combat
PASS returning-strongest · actual supported walking leg Physically isolate the imposed service feed
PASS returning-strongest · traveller survives actual production movement/combat
PASS returning-strongest · actual supported walking leg Physically isolate the imposed service feed
PASS returning-strongest · traveller survives actual production movement/combat
PASS returning-strongest · actual supported walking leg Physically isolate the imposed service feed
PASS returning-strongest · traveller survives actual production movement/combat
PASS returning-strongest · actual supported walking leg Physically isolate the imposed service feed
PASS returning-strongest · traveller survives actual production movement/combat
PASS returning-strongest · actual supported walking leg Physically isolate the imposed service feed
PASS returning-strongest · traveller survives actual production movement/combat
PASS returning-strongest · actual supported walking leg Physically isolate the imposed service feed
PASS returning-strongest · traveller survives actual production movement/combat
PASS returning-strongest · actual supported walking leg Physically isolate the imposed service feed
PASS returning-strongest · traveller survives actual production movement/combat
PASS returning-strongest · actual supported walking leg Physically isolate the imposed service feed
PASS returning-strongest · traveller survives actual production movement/combat
PASS returning-strongest · actual supported walking leg Physically isolate the imposed service feed
PASS returning-strongest · traveller survives actual production movement/combat
PASS returning-strongest · actual supported walking leg Physically isolate the imposed service feed
PASS returning-strongest · traveller survives actual production movement/combat
PASS returning-strongest · actual supported walking leg Physically isolate the imposed service feed
PASS returning-strongest · traveller survives actual production movement/combat
PASS returning-strongest · actual supported walking leg Physically isolate the imposed service feed
PASS returning-strongest · traveller survives actual production movement/combat
PASS returning-strongest · actual supported walking leg Physically isolate the imposed service feed
PASS returning-strongest · traveller survives actual production movement/combat
PASS returning-strongest · actual supported walking leg Physically isolate the imposed service feed
PASS returning-strongest · traveller survives actual production movement/combat
PASS returning-strongest · actual supported walking leg Physically isolate the imposed service feed
PASS returning-strongest · traveller survives actual production movement/combat
PASS returning-strongest · actual supported walking leg Physically isolate the imposed service feed
PASS returning-strongest · traveller survives actual production movement/combat
PASS returning-strongest · actual supported walking leg Physically isolate the imposed service feed
PASS returning-strongest · traveller survives actual production movement/combat
PASS returning-strongest · actual supported walking leg Physically isolate the imposed service feed
PASS returning-strongest · traveller survives actual production movement/combat
PASS returning-strongest · actual supported walking leg Physically isolate the imposed service feed
PASS returning-strongest · traveller survives actual production movement/combat
PASS returning-strongest · actual supported walking leg Physically isolate the imposed service feed
PASS returning-strongest · traveller survives actual production movement/combat
PASS returning-strongest · actual supported walking leg Physically isolate the imposed service feed
PASS returning-strongest · traveller survives actual production movement/combat
PASS returning-strongest · actual supported walking leg Physically isolate the imposed service feed
PASS returning-strongest · traveller survives actual production movement/combat
PASS returning-strongest · actual supported walking leg Physically isolate the imposed service feed
PASS returning-strongest · traveller survives actual production movement/combat
PASS returning-strongest · actual supported walking leg Physically isolate the imposed service feed
PASS returning-strongest · traveller survives actual production movement/combat
PASS returning-strongest · actual supported walking leg Physically isolate the imposed service feed
PASS returning-strongest · traveller survives actual production movement/combat
PASS returning-strongest · actual supported walking leg Physically isolate the imposed service feed
PASS returning-strongest · traveller survives actual production movement/combat
PASS returning-strongest · actual supported walking leg Physically isolate the imposed service feed
PASS returning-strongest · traveller survives actual production movement/combat
PASS returning-strongest · actual supported walking leg Physically isolate the imposed service feed
PASS returning-strongest · traveller survives actual production movement/combat
PASS returning-strongest · actual supported walking leg Physically isolate the imposed service feed
PASS returning-strongest · traveller survives actual production movement/combat
PASS returning-strongest · actual supported walking leg Physically isolate the imposed service feed
PASS returning-strongest · traveller survives actual production movement/combat
PASS returning-strongest · actual supported walking leg Physically isolate the imposed service feed
PASS returning-strongest · traveller survives actual production movement/combat
PASS returning-strongest · actual supported walking leg Physically isolate the imposed service feed
PASS returning-strongest · traveller survives actual production movement/combat
PASS returning-strongest · actual supported walking leg Physically isolate the imposed service feed
PASS returning-strongest · traveller survives actual production movement/combat
PASS returning-strongest · actual supported walking leg Physically isolate the imposed service feed
PASS returning-strongest · traveller survives actual production movement/combat
PASS returning-strongest · actual supported walking leg Physically isolate the imposed service feed
PASS returning-strongest · traveller survives actual production movement/combat
PASS returning-strongest · actual supported walking leg Physically isolate the imposed service feed
PASS returning-strongest · traveller survives actual production movement/combat
PASS returning-strongest · actual supported walking leg Physically isolate the imposed service feed
PASS returning-strongest · traveller survives actual production movement/combat
PASS returning-strongest · actual supported walking leg Physically isolate the imposed service feed
PASS returning-strongest · traveller survives actual production movement/combat
PASS returning-strongest · actual supported walking leg Physically isolate the imposed service feed
PASS returning-strongest · traveller survives actual production movement/combat
PASS returning-strongest · actual supported walking leg Physically isolate the imposed service feed
PASS returning-strongest · traveller survives actual production movement/combat
PASS returning-strongest · actual supported walking leg Physically isolate the imposed service feed
PASS returning-strongest · traveller survives actual production movement/combat
PASS returning-strongest · actual supported walking leg Physically isolate the imposed service feed
PASS returning-strongest · traveller survives actual production movement/combat
PASS returning-strongest · actual supported walking leg Physically isolate the imposed service feed
PASS returning-strongest · traveller survives actual production movement/combat
PASS returning-strongest · actual supported walking leg Physically isolate the imposed service feed
PASS returning-strongest · traveller survives actual production movement/combat
PASS returning-strongest · actual supported walking leg Physically isolate the imposed service feed
PASS returning-strongest · traveller survives actual production movement/combat
PASS returning-strongest · actual supported walking leg Physically isolate the imposed service feed
PASS returning-strongest · traveller survives actual production movement/combat
PASS returning-strongest · actual supported walking leg Physically isolate the imposed service feed
PASS returning-strongest · traveller survives actual production movement/combat
PASS returning-strongest · actual supported walking leg Physically isolate the imposed service feed
PASS returning-strongest · traveller survives actual production movement/combat
PASS returning-strongest · actual supported walking leg Physically isolate the imposed service feed
PASS returning-strongest · production movement arrives near Physically isolate the imposed service feed
PASS returning-strongest · actual physical UI operation records isolate-service-feed
PASS returning-strongest · operation never pays an independent fee isolate-service-feed
PASS returning-strongest · native controls cannot manually grant defeat/choice
PASS returning-strongest · whole supported body route reaches Begin the Still Meridian Guardian operation
PASS returning-strongest · traveller survives actual production movement/combat
PASS returning-strongest · actual supported walking leg Begin the Still Meridian Guardian operation
PASS returning-strongest · traveller survives actual production movement/combat
PASS returning-strongest · actual supported walking leg Begin the Still Meridian Guardian operation
PASS returning-strongest · traveller survives actual production movement/combat
PASS returning-strongest · actual supported walking leg Begin the Still Meridian Guardian operation
PASS returning-strongest · traveller survives actual production movement/combat
PASS returning-strongest · actual supported walking leg Begin the Still Meridian Guardian operation
PASS returning-strongest · traveller survives actual production movement/combat
PASS returning-strongest · actual supported walking leg Begin the Still Meridian Guardian operation
PASS returning-strongest · traveller survives actual production movement/combat
PASS returning-strongest · actual supported walking leg Begin the Still Meridian Guardian operation
PASS returning-strongest · traveller survives actual production movement/combat
PASS returning-strongest · actual supported walking leg Begin the Still Meridian Guardian operation
PASS returning-strongest · traveller survives actual production movement/combat
PASS returning-strongest · actual supported walking leg Begin the Still Meridian Guardian operation
PASS returning-strongest · traveller survives actual production movement/combat
PASS returning-strongest · actual supported walking leg Begin the Still Meridian Guardian operation
PASS returning-strongest · production movement arrives near Begin the Still Meridian Guardian operation
PASS returning-strongest · actual physical UI operation records challenge-guardian
PASS returning-strongest · operation never pays an independent fee challenge-guardian
PASS returning-strongest · guardian-ready saves through native owner
PASS returning-strongest · guardian-ready exact native full world is persisted
PASS returning-strongest · guardian-ready preserves the full other original native character slot value
PASS returning-strongest · exact frozen HTML is served over isolated loopback
PASS returning-strongest · actual WebGL2 client is available
PASS returning-strongest · software renderer is explicitly observed
PASS returning-strongest · guardian-ready whole-Chromium startup preserves exact bytes
PASS returning-strongest · guardian-ready preserves previous history, opened/account facts and kit
PASS returning-strongest · guardian-ready cold load preserves the full other original native character slot value
PASS returning-strongest · production route is accepted for ordinary Cosmos invitation
PASS returning-strongest · whole supported body route reaches ordinary Cosmos invitation
PASS returning-strongest · traveller survives actual production movement/combat
PASS returning-strongest · actual supported walking leg ordinary Cosmos invitation
PASS returning-strongest · production movement arrives near ordinary Cosmos invitation
PASS returning-strongest · physical arrival has no actor teleport for ordinary Cosmos invitation
PASS returning-strongest · native travel has explicit Cosmos confirmation
PASS returning-strongest · actual Cosmos physical owner handles the connected service road
PASS returning-strongest · no resolved machine recreates on native reentry
PASS returning-strongest · production route is accepted for ordinary blade machine range
PASS returning-strongest · whole supported body route reaches ordinary blade machine range
PASS returning-strongest · traveller survives actual production movement/combat
PASS returning-strongest · actual supported walking leg ordinary blade machine range
PASS returning-strongest · traveller survives actual production movement/combat
PASS returning-strongest · actual supported walking leg ordinary blade machine range
PASS returning-strongest · traveller survives actual production movement/combat
PASS returning-strongest · actual supported walking leg ordinary blade machine range
PASS returning-strongest · traveller survives actual production movement/combat
PASS returning-strongest · actual supported walking leg ordinary blade machine range
PASS returning-strongest · traveller survives actual production movement/combat
PASS returning-strongest · actual supported walking leg ordinary blade machine range
PASS returning-strongest · traveller survives actual production movement/combat
PASS returning-strongest · actual supported walking leg ordinary blade machine range
PASS returning-strongest · traveller survives actual production movement/combat
PASS returning-strongest · actual supported walking leg ordinary blade machine range
PASS returning-strongest · traveller survives actual production movement/combat
PASS returning-strongest · actual supported walking leg ordinary blade machine range
PASS returning-strongest · traveller survives actual production movement/combat
PASS returning-strongest · actual supported walking leg ordinary blade machine range
PASS returning-strongest · traveller survives actual production movement/combat
PASS returning-strongest · actual supported walking leg ordinary blade machine range
PASS returning-strongest · traveller survives actual production movement/combat
PASS returning-strongest · actual supported walking leg ordinary blade machine range
PASS returning-strongest · traveller survives actual production movement/combat
PASS returning-strongest · actual supported walking leg ordinary blade machine range
PASS returning-strongest · traveller survives actual production movement/combat
PASS returning-strongest · actual supported walking leg ordinary blade machine range
PASS returning-strongest · traveller survives actual production movement/combat
PASS returning-strongest · actual supported walking leg ordinary blade machine range
PASS returning-strongest · traveller survives actual production movement/combat
PASS returning-strongest · actual supported walking leg ordinary blade machine range
PASS returning-strongest · traveller survives actual production movement/combat
PASS returning-strongest · actual supported walking leg ordinary blade machine range
PASS returning-strongest · traveller survives actual production movement/combat
PASS returning-strongest · actual supported walking leg ordinary blade machine range
PASS returning-strongest · traveller survives actual production movement/combat
PASS returning-strongest · actual supported walking leg ordinary blade machine range
PASS returning-strongest · traveller survives actual production movement/combat
PASS returning-strongest · actual supported walking leg ordinary blade machine range
PASS returning-strongest · traveller survives actual production movement/combat
PASS returning-strongest · actual supported walking leg ordinary blade machine range
PASS returning-strongest · traveller survives actual production movement/combat
PASS returning-strongest · actual supported walking leg ordinary blade machine range
PASS returning-strongest · traveller survives actual production movement/combat
PASS returning-strongest · actual supported walking leg ordinary blade machine range
PASS returning-strongest · traveller survives actual production movement/combat
PASS returning-strongest · actual supported walking leg ordinary blade machine range
PASS returning-strongest · traveller survives actual production movement/combat
PASS returning-strongest · actual supported walking leg ordinary blade machine range
PASS returning-strongest · traveller survives actual production movement/combat
PASS returning-strongest · actual supported walking leg ordinary blade machine range
PASS returning-strongest · traveller survives actual production movement/combat
PASS returning-strongest · actual supported walking leg ordinary blade machine range
PASS returning-strongest · traveller survives actual production movement/combat
PASS returning-strongest · actual supported walking leg ordinary blade machine range
PASS returning-strongest · traveller survives actual production movement/combat
PASS returning-strongest · actual supported walking leg ordinary blade machine range
PASS returning-strongest · traveller survives actual production movement/combat
PASS returning-strongest · actual supported walking leg ordinary blade machine range
PASS returning-strongest · traveller survives actual production movement/combat
PASS returning-strongest · actual supported walking leg ordinary blade machine range
PASS returning-strongest · traveller survives actual production movement/combat
PASS returning-strongest · actual supported walking leg ordinary blade machine range
PASS returning-strongest · traveller survives actual production movement/combat
PASS returning-strongest · actual supported walking leg ordinary blade machine range
PASS returning-strongest · traveller survives actual production movement/combat
PASS returning-strongest · actual supported walking leg ordinary blade machine range
PASS returning-strongest · traveller survives actual production movement/combat
PASS returning-strongest · actual supported walking leg ordinary blade machine range
PASS returning-strongest · traveller survives actual production movement/combat
PASS returning-strongest · actual supported walking leg ordinary blade machine range
PASS returning-strongest · traveller survives actual production movement/combat
PASS returning-strongest · actual supported walking leg ordinary blade machine range
PASS returning-strongest · traveller survives actual production movement/combat
PASS returning-strongest · actual supported walking leg ordinary blade machine range
PASS returning-strongest · traveller survives actual production movement/combat
PASS returning-strongest · actual supported walking leg ordinary blade machine range
PASS returning-strongest · traveller survives actual production movement/combat
PASS returning-strongest · actual supported walking leg ordinary blade machine range
PASS returning-strongest · traveller survives actual production movement/combat
PASS returning-strongest · actual supported walking leg ordinary blade machine range
PASS returning-strongest · traveller survives actual production movement/combat
PASS returning-strongest · actual supported walking leg ordinary blade machine range
PASS returning-strongest · traveller survives actual production movement/combat
PASS returning-strongest · actual supported walking leg ordinary blade machine range
PASS returning-strongest · traveller survives actual production movement/combat
PASS returning-strongest · actual supported walking leg ordinary blade machine range
PASS returning-strongest · traveller survives actual production movement/combat
PASS returning-strongest · actual supported walking leg ordinary blade machine range
PASS returning-strongest · traveller survives actual production movement/combat
PASS returning-strongest · actual supported walking leg ordinary blade machine range
PASS returning-strongest · traveller survives actual production movement/combat
PASS returning-strongest · actual supported walking leg ordinary blade machine range
PASS returning-strongest · traveller survives actual production movement/combat
PASS returning-strongest · actual supported walking leg ordinary blade machine range
PASS returning-strongest · traveller survives actual production movement/combat
PASS returning-strongest · actual supported walking leg ordinary blade machine range
PASS returning-strongest · traveller survives actual production movement/combat
PASS returning-strongest · actual supported walking leg ordinary blade machine range
PASS returning-strongest · traveller survives actual production movement/combat
PASS returning-strongest · actual supported walking leg ordinary blade machine range
PASS returning-strongest · traveller survives actual production movement/combat
PASS returning-strongest · actual supported walking leg ordinary blade machine range
PASS returning-strongest · traveller survives actual production movement/combat
PASS returning-strongest · actual supported walking leg ordinary blade machine range
PASS returning-strongest · traveller survives actual production movement/combat
PASS returning-strongest · actual supported walking leg ordinary blade machine range
PASS returning-strongest · traveller survives actual production movement/combat
PASS returning-strongest · actual supported walking leg ordinary blade machine range
PASS returning-strongest · traveller survives actual production movement/combat
PASS returning-strongest · actual supported walking leg ordinary blade machine range
PASS returning-strongest · traveller survives actual production movement/combat
PASS returning-strongest · actual supported walking leg ordinary blade machine range
PASS returning-strongest · traveller survives actual production movement/combat
PASS returning-strongest · actual supported walking leg ordinary blade machine range
PASS returning-strongest · traveller survives actual production movement/combat
PASS returning-strongest · actual supported walking leg ordinary blade machine range
PASS returning-strongest · traveller survives actual production movement/combat
PASS returning-strongest · actual supported walking leg ordinary blade machine range
PASS returning-strongest · traveller survives actual production movement/combat
PASS returning-strongest · actual supported walking leg ordinary blade machine range
PASS returning-strongest · traveller survives actual production movement/combat
PASS returning-strongest · actual supported walking leg ordinary blade machine range
PASS returning-strongest · traveller survives actual production movement/combat
PASS returning-strongest · actual supported walking leg ordinary blade machine range
PASS returning-strongest · traveller survives actual production movement/combat
PASS returning-strongest · actual supported walking leg ordinary blade machine range
PASS returning-strongest · traveller survives actual production movement/combat
PASS returning-strongest · actual supported walking leg ordinary blade machine range
PASS returning-strongest · traveller survives actual production movement/combat
PASS returning-strongest · actual supported walking leg ordinary blade machine range
PASS returning-strongest · traveller survives actual production movement/combat
PASS returning-strongest · actual supported walking leg ordinary blade machine range
PASS returning-strongest · traveller survives actual production movement/combat
PASS returning-strongest · actual supported walking leg ordinary blade machine range
PASS returning-strongest · traveller survives actual production movement/combat
PASS returning-strongest · actual supported walking leg ordinary blade machine range
PASS returning-strongest · traveller survives actual production movement/combat
PASS returning-strongest · actual supported walking leg ordinary blade machine range
PASS returning-strongest · traveller survives actual production movement/combat
PASS returning-strongest · actual supported walking leg ordinary blade machine range
PASS returning-strongest · traveller survives actual production movement/combat
PASS returning-strongest · actual supported walking leg ordinary blade machine range
PASS returning-strongest · traveller survives actual production movement/combat
PASS returning-strongest · actual supported walking leg ordinary blade machine range
PASS returning-strongest · traveller survives actual production movement/combat
PASS returning-strongest · actual supported walking leg ordinary blade machine range
PASS returning-strongest · traveller survives actual production movement/combat
PASS returning-strongest · actual supported walking leg ordinary blade machine range
PASS returning-strongest · traveller survives actual production movement/combat
PASS returning-strongest · actual supported walking leg ordinary blade machine range
PASS returning-strongest · traveller survives actual production movement/combat
PASS returning-strongest · actual supported walking leg ordinary blade machine range
PASS returning-strongest · traveller survives actual production movement/combat
PASS returning-strongest · actual supported walking leg ordinary blade machine range
PASS returning-strongest · traveller survives actual production movement/combat
PASS returning-strongest · actual supported walking leg ordinary blade machine range
PASS returning-strongest · traveller survives actual production movement/combat
PASS returning-strongest · actual supported walking leg ordinary blade machine range
PASS returning-strongest · traveller survives actual production movement/combat
PASS returning-strongest · actual supported walking leg ordinary blade machine range
PASS returning-strongest · traveller survives actual production movement/combat
PASS returning-strongest · actual supported walking leg ordinary blade machine range
PASS returning-strongest · traveller survives actual production movement/combat
PASS returning-strongest · actual supported walking leg ordinary blade machine range
PASS returning-strongest · traveller survives actual production movement/combat
PASS returning-strongest · actual supported walking leg ordinary blade machine range
PASS returning-strongest · traveller survives actual production movement/combat
PASS returning-strongest · actual supported walking leg ordinary blade machine range
PASS returning-strongest · traveller survives actual production movement/combat
PASS returning-strongest · actual supported walking leg ordinary blade machine range
PASS returning-strongest · traveller survives actual production movement/combat
PASS returning-strongest · actual supported walking leg ordinary blade machine range
PASS returning-strongest · traveller survives actual production movement/combat
PASS returning-strongest · actual supported walking leg ordinary blade machine range
PASS returning-strongest · traveller survives actual production movement/combat
PASS returning-strongest · actual supported walking leg ordinary blade machine range
PASS returning-strongest · traveller survives actual production movement/combat
PASS returning-strongest · actual supported walking leg ordinary blade machine range
PASS returning-strongest · traveller survives actual production movement/combat
PASS returning-strongest · actual supported walking leg ordinary blade machine range
PASS returning-strongest · traveller survives actual production movement/combat
PASS returning-strongest · actual supported walking leg ordinary blade machine range
PASS returning-strongest · traveller survives actual production movement/combat
PASS returning-strongest · actual supported walking leg ordinary blade machine range
PASS returning-strongest · traveller survives actual production movement/combat
PASS returning-strongest · actual supported walking leg ordinary blade machine range
PASS returning-strongest · traveller survives actual production movement/combat
PASS returning-strongest · actual supported walking leg ordinary blade machine range
PASS returning-strongest · traveller survives actual production movement/combat
PASS returning-strongest · actual supported walking leg ordinary blade machine range
PASS returning-strongest · traveller survives actual production movement/combat
PASS returning-strongest · actual supported walking leg ordinary blade machine range
PASS returning-strongest · traveller survives actual production movement/combat
PASS returning-strongest · actual supported walking leg ordinary blade machine range
PASS returning-strongest · traveller survives actual production movement/combat
PASS returning-strongest · actual supported walking leg ordinary blade machine range
PASS returning-strongest · traveller survives actual production movement/combat
PASS returning-strongest · actual supported walking leg ordinary blade machine range
PASS returning-strongest · traveller survives actual production movement/combat
PASS returning-strongest · actual supported walking leg ordinary blade machine range
PASS returning-strongest · production movement arrives near ordinary blade machine range
PASS returning-strongest · physical arrival has no actor teleport for ordinary blade machine range
PASS returning-strongest · native target key owns actual Still Meridian Guardian
PASS returning-strongest · production route is accepted for read original annulus and cross
PASS returning-strongest · whole supported body route reaches read original annulus and cross
PASS returning-strongest · traveller survives actual production movement/combat
PASS returning-strongest · actual supported walking leg read original annulus and cross
PASS returning-strongest · traveller survives actual production movement/combat
PASS returning-strongest · actual supported walking leg read original annulus and cross
PASS returning-strongest · production movement arrives near read original annulus and cross
PASS returning-strongest · physical arrival has no actor teleport for read original annulus and cross
PASS returning-strongest · actual anchored owned annulus lock with declared stats
PASS returning-strongest · actual submitted actor and warning vertices fit whole supported locked geometry
PASS returning-strongest · actual requested camera adventure
PASS returning-strongest · guardian-body causal pixels restore exactly
PASS returning-strongest · actual requested camera adventure
PASS returning-strongest · guardian-annulus-warning causal pixels restore exactly
PASS returning-strongest · actual requested camera adventure
PASS returning-strongest · guardian-annulus-paired-inlay causal pixels restore exactly
PASS returning-strongest · actual requested camera follow
PASS returning-strongest · guardian-body causal pixels restore exactly
PASS returning-strongest · actual requested camera follow
PASS returning-strongest · guardian-annulus-warning causal pixels restore exactly
PASS returning-strongest · actual requested camera follow
PASS returning-strongest · guardian-annulus-paired-inlay causal pixels restore exactly
PASS returning-strongest · traveller survives actual production movement/combat
PASS returning-strongest · production route is accepted for read original primary and transverse cross
PASS returning-strongest · whole supported body route reaches read original primary and transverse cross
PASS returning-strongest · traveller survives actual production movement/combat
PASS returning-strongest · actual supported walking leg read original primary and transverse cross
PASS returning-strongest · production movement arrives near read original primary and transverse cross
PASS returning-strongest · physical arrival has no actor teleport for read original primary and transverse cross
PASS returning-strongest · actual anchored owned cross lock with declared stats
PASS returning-strongest · actual submitted actor and warning vertices fit whole supported locked geometry
PASS returning-strongest · actual requested camera adventure
PASS returning-strongest · guardian-body causal pixels restore exactly
PASS returning-strongest · actual requested camera adventure
PASS returning-strongest · guardian-cross-warning causal pixels restore exactly
PASS returning-strongest · actual requested camera adventure
PASS returning-strongest · guardian-cross-paired-inlay causal pixels restore exactly
PASS returning-strongest · actual requested camera follow
PASS returning-strongest · guardian-body causal pixels restore exactly
PASS returning-strongest · actual requested camera follow
PASS returning-strongest · guardian-cross-warning causal pixels restore exactly
PASS returning-strongest · actual requested camera follow
PASS returning-strongest · guardian-cross-paired-inlay causal pixels restore exactly
PASS returning-strongest · traveller survives actual production movement/combat
PASS returning-strongest · production route is accepted for supported outside west guardian approach
PASS returning-strongest · whole supported body route reaches supported outside west guardian approach
PASS returning-strongest · traveller survives actual production movement/combat
PASS returning-strongest · actual supported walking leg supported outside west guardian approach
PASS returning-strongest · traveller survives actual production movement/combat
PASS returning-strongest · actual supported walking leg supported outside west guardian approach
PASS returning-strongest · traveller survives actual production movement/combat
PASS returning-strongest · actual supported walking leg supported outside west guardian approach
PASS returning-strongest · traveller survives actual production movement/combat
PASS returning-strongest · actual supported walking leg supported outside west guardian approach
PASS returning-strongest · traveller survives actual production movement/combat
PASS returning-strongest · actual supported walking leg supported outside west guardian approach
PASS returning-strongest · traveller survives actual production movement/combat
PASS returning-strongest · actual supported walking leg supported outside west guardian approach
PASS returning-strongest · traveller survives actual production movement/combat
PASS returning-strongest · actual supported walking leg supported outside west guardian approach
PASS returning-strongest · traveller survives actual production movement/combat
PASS returning-strongest · actual supported walking leg supported outside west guardian approach
PASS returning-strongest · traveller survives actual production movement/combat
PASS returning-strongest · actual supported walking leg supported outside west guardian approach
PASS returning-strongest · traveller survives actual production movement/combat
PASS returning-strongest · actual supported walking leg supported outside west guardian approach
PASS returning-strongest · production movement arrives near supported outside west guardian approach
PASS returning-strongest · physical arrival has no actor teleport for supported outside west guardian approach
PASS returning-strongest · native controls cannot manually grant defeat/choice
PASS returning-strongest · production route is accepted for Release the transverse-bar feed
PASS returning-strongest · whole supported body route reaches Release the transverse-bar feed
PASS returning-strongest · traveller survives actual production movement/combat
PASS returning-strongest · actual supported walking leg Release the transverse-bar feed
PASS returning-strongest · traveller survives actual production movement/combat
PASS returning-strongest · actual supported walking leg Release the transverse-bar feed
PASS returning-strongest · traveller survives actual production movement/combat
PASS returning-strongest · actual supported walking leg Release the transverse-bar feed
PASS returning-strongest · production movement arrives near Release the transverse-bar feed
PASS returning-strongest · physical arrival has no actor teleport for Release the transverse-bar feed
PASS returning-strongest · actual physical UI operation records release-west-feed
PASS returning-strongest · operation never pays an independent fee release-west-feed
PASS returning-strongest · production route is accepted for supported outside guardian feed loop
PASS returning-strongest · whole supported body route reaches supported outside guardian feed loop
PASS returning-strongest · traveller survives actual production movement/combat
PASS returning-strongest · actual supported walking leg supported outside guardian feed loop
PASS returning-strongest · traveller survives actual production movement/combat
PASS returning-strongest · actual supported walking leg supported outside guardian feed loop
PASS returning-strongest · traveller survives actual production movement/combat
PASS returning-strongest · actual supported walking leg supported outside guardian feed loop
PASS returning-strongest · traveller survives actual production movement/combat
PASS returning-strongest · actual supported walking leg supported outside guardian feed loop
PASS returning-strongest · traveller survives actual production movement/combat
PASS returning-strongest · actual supported walking leg supported outside guardian feed loop
PASS returning-strongest · traveller survives actual production movement/combat
PASS returning-strongest · actual supported walking leg supported outside guardian feed loop
PASS returning-strongest · production movement arrives near supported outside guardian feed loop
PASS returning-strongest · physical arrival has no actor teleport for supported outside guardian feed loop
PASS returning-strongest · production route is accepted for supported outside guardian feed loop
PASS returning-strongest · whole supported body route reaches supported outside guardian feed loop
PASS returning-strongest · traveller survives actual production movement/combat
PASS returning-strongest · actual supported walking leg supported outside guardian feed loop
PASS returning-strongest · traveller survives actual production movement/combat
PASS returning-strongest · actual supported walking leg supported outside guardian feed loop
PASS returning-strongest · traveller survives actual production movement/combat
PASS returning-strongest · actual supported walking leg supported outside guardian feed loop
PASS returning-strongest · traveller survives actual production movement/combat
PASS returning-strongest · actual supported walking leg supported outside guardian feed loop
PASS returning-strongest · traveller survives actual production movement/combat
PASS returning-strongest · actual supported walking leg supported outside guardian feed loop
PASS returning-strongest · traveller survives actual production movement/combat
PASS returning-strongest · actual supported walking leg supported outside guardian feed loop
PASS returning-strongest · traveller survives actual production movement/combat
PASS returning-strongest · actual supported walking leg supported outside guardian feed loop
PASS returning-strongest · traveller survives actual production movement/combat
PASS returning-strongest · actual supported walking leg supported outside guardian feed loop
PASS returning-strongest · production movement arrives near supported outside guardian feed loop
PASS returning-strongest · physical arrival has no actor teleport for supported outside guardian feed loop
PASS returning-strongest · production route is accepted for supported outside guardian feed loop
PASS returning-strongest · whole supported body route reaches supported outside guardian feed loop
PASS returning-strongest · traveller survives actual production movement/combat
PASS returning-strongest · actual supported walking leg supported outside guardian feed loop
PASS returning-strongest · traveller survives actual production movement/combat
PASS returning-strongest · actual supported walking leg supported outside guardian feed loop
PASS returning-strongest · traveller survives actual production movement/combat
PASS returning-strongest · actual supported walking leg supported outside guardian feed loop
PASS returning-strongest · traveller survives actual production movement/combat
PASS returning-strongest · actual supported walking leg supported outside guardian feed loop
PASS returning-strongest · traveller survives actual production movement/combat
PASS returning-strongest · actual supported walking leg supported outside guardian feed loop
PASS returning-strongest · traveller survives actual production movement/combat
PASS returning-strongest · actual supported walking leg supported outside guardian feed loop
PASS returning-strongest · traveller survives actual production movement/combat
PASS returning-strongest · actual supported walking leg supported outside guardian feed loop
PASS returning-strongest · traveller survives actual production movement/combat
PASS returning-strongest · actual supported walking leg supported outside guardian feed loop
PASS returning-strongest · traveller survives actual production movement/combat
PASS returning-strongest · actual supported walking leg supported outside guardian feed loop
PASS returning-strongest · traveller survives actual production movement/combat
PASS returning-strongest · actual supported walking leg supported outside guardian feed loop
PASS returning-strongest · production movement arrives near supported outside guardian feed loop
PASS returning-strongest · physical arrival has no actor teleport for supported outside guardian feed loop
PASS returning-strongest · native controls cannot manually grant defeat/choice
PASS returning-strongest · production route is accepted for Release the outer-ring feed
PASS returning-strongest · whole supported body route reaches Release the outer-ring feed
PASS returning-strongest · traveller survives actual production movement/combat
PASS returning-strongest · actual supported walking leg Release the outer-ring feed
PASS returning-strongest · traveller survives actual production movement/combat
PASS returning-strongest · actual supported walking leg Release the outer-ring feed
PASS returning-strongest · traveller survives actual production movement/combat
PASS returning-strongest · actual supported walking leg Release the outer-ring feed
PASS returning-strongest · production movement arrives near Release the outer-ring feed
PASS returning-strongest · physical arrival has no actor teleport for Release the outer-ring feed
PASS returning-strongest · actual physical UI operation records release-east-feed
PASS returning-strongest · operation never pays an independent fee release-east-feed
PASS returning-strongest · production route is accepted for read physically released future frames
PASS returning-strongest · whole supported body route reaches read physically released future frames
PASS returning-strongest · traveller survives actual production movement/combat
PASS returning-strongest · actual supported walking leg read physically released future frames
PASS returning-strongest · traveller survives actual production movement/combat
PASS returning-strongest · actual supported walking leg read physically released future frames
PASS returning-strongest · traveller survives actual production movement/combat
PASS returning-strongest · actual supported walking leg read physically released future frames
PASS returning-strongest · traveller survives actual production movement/combat
PASS returning-strongest · actual supported walking leg read physically released future frames
PASS returning-strongest · traveller survives actual production movement/combat
PASS returning-strongest · actual supported walking leg read physically released future frames
PASS returning-strongest · traveller survives actual production movement/combat
PASS returning-strongest · actual supported walking leg read physically released future frames
PASS returning-strongest · production movement arrives near read physically released future frames
PASS returning-strongest · physical arrival has no actor teleport for read physically released future frames
PASS returning-strongest · actual anchored owned annulus lock with declared stats
PASS returning-strongest · actual submitted actor and warning vertices fit whole supported locked geometry
PASS returning-strongest · actual requested camera adventure
PASS returning-strongest · guardian-body causal pixels restore exactly
PASS returning-strongest · actual requested camera adventure
PASS returning-strongest · guardian-annulus-warning causal pixels restore exactly
PASS returning-strongest · actual requested camera adventure
PASS returning-strongest · guardian-annulus-paired-inlay causal pixels restore exactly
PASS returning-strongest · actual requested camera follow
PASS returning-strongest · guardian-body causal pixels restore exactly
PASS returning-strongest · actual requested camera follow
PASS returning-strongest · guardian-annulus-warning causal pixels restore exactly
PASS returning-strongest · actual requested camera follow
PASS returning-strongest · guardian-annulus-paired-inlay causal pixels restore exactly
PASS returning-strongest · traveller survives actual production movement/combat
PASS returning-strongest · actual anchored owned cross lock with declared stats
PASS returning-strongest · actual submitted actor and warning vertices fit whole supported locked geometry
PASS returning-strongest · actual requested camera adventure
PASS returning-strongest · guardian-body causal pixels restore exactly
PASS returning-strongest · actual requested camera adventure
PASS returning-strongest · guardian-cross-warning causal pixels restore exactly
PASS returning-strongest · actual requested camera adventure
PASS returning-strongest · guardian-cross-paired-inlay causal pixels restore exactly
PASS returning-strongest · actual requested camera follow
PASS returning-strongest · guardian-body causal pixels restore exactly
PASS returning-strongest · actual requested camera follow
PASS returning-strongest · guardian-cross-warning causal pixels restore exactly
PASS returning-strongest · actual requested camera follow
PASS returning-strongest · guardian-cross-paired-inlay causal pixels restore exactly
PASS returning-strongest · physical releases measurably change only future warning mechanisms
PASS returning-strongest · traveller survives actual production movement/combat
PASS returning-strongest · production route is accepted for ordinary final weapon approach
PASS returning-strongest · whole supported body route reaches ordinary final weapon approach
PASS returning-strongest · traveller survives actual production movement/combat
PASS returning-strongest · actual supported walking leg ordinary final weapon approach
PASS returning-strongest · traveller survives actual production movement/combat
PASS returning-strongest · actual supported walking leg ordinary final weapon approach
PASS returning-strongest · production movement arrives near ordinary final weapon approach
PASS returning-strongest · physical arrival has no actor teleport for ordinary final weapon approach
PASS returning-strongest · empty-geometry positive control detects the actual fresh framebuffer
PASS returning-strongest · traveller survives actual production movement/combat
PASS returning-strongest · traveller survives actual production movement/combat
PASS returning-strongest · bounded native ordinary weapon combat survives
PASS returning-strongest · traveller survives actual production movement/combat
PASS returning-strongest · bounded native ordinary weapon combat survives
PASS returning-strongest · traveller survives actual production movement/combat
PASS returning-strongest · bounded native ordinary weapon combat survives
PASS returning-strongest · traveller survives actual production movement/combat
PASS returning-strongest · bounded native ordinary weapon combat survives
PASS returning-strongest · traveller survives actual production movement/combat
PASS returning-strongest · bounded native ordinary weapon combat survives
PASS returning-strongest · actual zero-HP exhaustion records only owned guardian-settled
PASS returning-strongest · actual blade/projectile callers contribute to exhaustion
PASS returning-strongest · no independent encounter fee, legacy drop or planted defeat
PASS returning-strongest · ordinary native companion control retains follow
PASS returning-strongest · guardian-settled-with-physical-feeds saves through native owner
PASS returning-strongest · guardian-settled-with-physical-feeds exact native full world is persisted
PASS returning-strongest · guardian-settled-with-physical-feeds preserves the full other original native character slot value
PASS returning-strongest · exact frozen HTML is served over isolated loopback
PASS returning-strongest · actual WebGL2 client is available
PASS returning-strongest · software renderer is explicitly observed
PASS returning-strongest · guardian-settled-with-physical-feeds whole-Chromium startup preserves exact bytes
PASS returning-strongest · guardian-settled-with-physical-feeds preserves previous history, opened/account facts and kit
PASS returning-strongest · guardian-settled-with-physical-feeds cold load preserves the full other original native character slot value
PASS returning-strongest · production route is accepted for ordinary Cosmos invitation
PASS returning-strongest · whole supported body route reaches ordinary Cosmos invitation
PASS returning-strongest · traveller survives actual production movement/combat
PASS returning-strongest · actual supported walking leg ordinary Cosmos invitation
PASS returning-strongest · production movement arrives near ordinary Cosmos invitation
PASS returning-strongest · physical arrival has no actor teleport for ordinary Cosmos invitation
PASS returning-strongest · native travel has explicit Cosmos confirmation
PASS returning-strongest · actual Cosmos physical owner handles the connected service road
PASS returning-strongest · no resolved machine recreates on native reentry
PASS returning-strongest · native controls cannot manually grant defeat/choice
PASS returning-strongest · whole supported body route reaches Disable the coercive central synchronization
PASS returning-strongest · traveller survives actual production movement/combat
PASS returning-strongest · actual supported walking leg Disable the coercive central synchronization
PASS returning-strongest · traveller survives actual production movement/combat
PASS returning-strongest · actual supported walking leg Disable the coercive central synchronization
PASS returning-strongest · traveller survives actual production movement/combat
PASS returning-strongest · actual supported walking leg Disable the coercive central synchronization
PASS returning-strongest · traveller survives actual production movement/combat
PASS returning-strongest · actual supported walking leg Disable the coercive central synchronization
PASS returning-strongest · traveller survives actual production movement/combat
PASS returning-strongest · actual supported walking leg Disable the coercive central synchronization
PASS returning-strongest · traveller survives actual production movement/combat
PASS returning-strongest · actual supported walking leg Disable the coercive central synchronization
PASS returning-strongest · traveller survives actual production movement/combat
PASS returning-strongest · actual supported walking leg Disable the coercive central synchronization
PASS returning-strongest · traveller survives actual production movement/combat
PASS returning-strongest · actual supported walking leg Disable the coercive central synchronization
PASS returning-strongest · traveller survives actual production movement/combat
PASS returning-strongest · actual supported walking leg Disable the coercive central synchronization
PASS returning-strongest · traveller survives actual production movement/combat
PASS returning-strongest · actual supported walking leg Disable the coercive central synchronization
PASS returning-strongest · traveller survives actual production movement/combat
PASS returning-strongest · actual supported walking leg Disable the coercive central synchronization
PASS returning-strongest · traveller survives actual production movement/combat
PASS returning-strongest · actual supported walking leg Disable the coercive central synchronization
PASS returning-strongest · traveller survives actual production movement/combat
PASS returning-strongest · actual supported walking leg Disable the coercive central synchronization
PASS returning-strongest · traveller survives actual production movement/combat
PASS returning-strongest · actual supported walking leg Disable the coercive central synchronization
PASS returning-strongest · traveller survives actual production movement/combat
PASS returning-strongest · actual supported walking leg Disable the coercive central synchronization
PASS returning-strongest · traveller survives actual production movement/combat
PASS returning-strongest · actual supported walking leg Disable the coercive central synchronization
PASS returning-strongest · traveller survives actual production movement/combat
PASS returning-strongest · actual supported walking leg Disable the coercive central synchronization
PASS returning-strongest · traveller survives actual production movement/combat
PASS returning-strongest · actual supported walking leg Disable the coercive central synchronization
PASS returning-strongest · traveller survives actual production movement/combat
PASS returning-strongest · actual supported walking leg Disable the coercive central synchronization
PASS returning-strongest · traveller survives actual production movement/combat
PASS returning-strongest · actual supported walking leg Disable the coercive central synchronization
PASS returning-strongest · traveller survives actual production movement/combat
PASS returning-strongest · actual supported walking leg Disable the coercive central synchronization
PASS returning-strongest · traveller survives actual production movement/combat
PASS returning-strongest · actual supported walking leg Disable the coercive central synchronization
PASS returning-strongest · traveller survives actual production movement/combat
PASS returning-strongest · actual supported walking leg Disable the coercive central synchronization
PASS returning-strongest · traveller survives actual production movement/combat
PASS returning-strongest · actual supported walking leg Disable the coercive central synchronization
PASS returning-strongest · traveller survives actual production movement/combat
PASS returning-strongest · actual supported walking leg Disable the coercive central synchronization
PASS returning-strongest · traveller survives actual production movement/combat
PASS returning-strongest · actual supported walking leg Disable the coercive central synchronization
PASS returning-strongest · traveller survives actual production movement/combat
PASS returning-strongest · actual supported walking leg Disable the coercive central synchronization
PASS returning-strongest · traveller survives actual production movement/combat
PASS returning-strongest · actual supported walking leg Disable the coercive central synchronization
PASS returning-strongest · traveller survives actual production movement/combat
PASS returning-strongest · actual supported walking leg Disable the coercive central synchronization
PASS returning-strongest · traveller survives actual production movement/combat
PASS returning-strongest · actual supported walking leg Disable the coercive central synchronization
PASS returning-strongest · traveller survives actual production movement/combat
PASS returning-strongest · actual supported walking leg Disable the coercive central synchronization
PASS returning-strongest · traveller survives actual production movement/combat
PASS returning-strongest · actual supported walking leg Disable the coercive central synchronization
PASS returning-strongest · traveller survives actual production movement/combat
PASS returning-strongest · actual supported walking leg Disable the coercive central synchronization
PASS returning-strongest · traveller survives actual production movement/combat
PASS returning-strongest · actual supported walking leg Disable the coercive central synchronization
PASS returning-strongest · traveller survives actual production movement/combat
PASS returning-strongest · actual supported walking leg Disable the coercive central synchronization
PASS returning-strongest · traveller survives actual production movement/combat
PASS returning-strongest · actual supported walking leg Disable the coercive central synchronization
PASS returning-strongest · traveller survives actual production movement/combat
PASS returning-strongest · actual supported walking leg Disable the coercive central synchronization
PASS returning-strongest · traveller survives actual production movement/combat
PASS returning-strongest · actual supported walking leg Disable the coercive central synchronization
PASS returning-strongest · traveller survives actual production movement/combat
PASS returning-strongest · actual supported walking leg Disable the coercive central synchronization
PASS returning-strongest · traveller survives actual production movement/combat
PASS returning-strongest · actual supported walking leg Disable the coercive central synchronization
PASS returning-strongest · traveller survives actual production movement/combat
PASS returning-strongest · actual supported walking leg Disable the coercive central synchronization
PASS returning-strongest · traveller survives actual production movement/combat
PASS returning-strongest · actual supported walking leg Disable the coercive central synchronization
PASS returning-strongest · traveller survives actual production movement/combat
PASS returning-strongest · actual supported walking leg Disable the coercive central synchronization
PASS returning-strongest · traveller survives actual production movement/combat
PASS returning-strongest · actual supported walking leg Disable the coercive central synchronization
PASS returning-strongest · traveller survives actual production movement/combat
PASS returning-strongest · actual supported walking leg Disable the coercive central synchronization
PASS returning-strongest · traveller survives actual production movement/combat
PASS returning-strongest · actual supported walking leg Disable the coercive central synchronization
PASS returning-strongest · traveller survives actual production movement/combat
PASS returning-strongest · actual supported walking leg Disable the coercive central synchronization
PASS returning-strongest · traveller survives actual production movement/combat
PASS returning-strongest · actual supported walking leg Disable the coercive central synchronization
PASS returning-strongest · traveller survives actual production movement/combat
PASS returning-strongest · actual supported walking leg Disable the coercive central synchronization
PASS returning-strongest · traveller survives actual production movement/combat
PASS returning-strongest · actual supported walking leg Disable the coercive central synchronization
PASS returning-strongest · traveller survives actual production movement/combat
PASS returning-strongest · actual supported walking leg Disable the coercive central synchronization
PASS returning-strongest · traveller survives actual production movement/combat
PASS returning-strongest · actual supported walking leg Disable the coercive central synchronization
PASS returning-strongest · traveller survives actual production movement/combat
PASS returning-strongest · actual supported walking leg Disable the coercive central synchronization
PASS returning-strongest · traveller survives actual production movement/combat
PASS returning-strongest · actual supported walking leg Disable the coercive central synchronization
PASS returning-strongest · traveller survives actual production movement/combat
PASS returning-strongest · actual supported walking leg Disable the coercive central synchronization
PASS returning-strongest · traveller survives actual production movement/combat
PASS returning-strongest · actual supported walking leg Disable the coercive central synchronization
PASS returning-strongest · traveller survives actual production movement/combat
PASS returning-strongest · actual supported walking leg Disable the coercive central synchronization
PASS returning-strongest · traveller survives actual production movement/combat
PASS returning-strongest · actual supported walking leg Disable the coercive central synchronization
PASS returning-strongest · traveller survives actual production movement/combat
PASS returning-strongest · actual supported walking leg Disable the coercive central synchronization
PASS returning-strongest · traveller survives actual production movement/combat
PASS returning-strongest · actual supported walking leg Disable the coercive central synchronization
PASS returning-strongest · traveller survives actual production movement/combat
PASS returning-strongest · actual supported walking leg Disable the coercive central synchronization
PASS returning-strongest · traveller survives actual production movement/combat
PASS returning-strongest · actual supported walking leg Disable the coercive central synchronization
PASS returning-strongest · traveller survives actual production movement/combat
PASS returning-strongest · actual supported walking leg Disable the coercive central synchronization
PASS returning-strongest · traveller survives actual production movement/combat
PASS returning-strongest · actual supported walking leg Disable the coercive central synchronization
PASS returning-strongest · traveller survives actual production movement/combat
PASS returning-strongest · actual supported walking leg Disable the coercive central synchronization
PASS returning-strongest · traveller survives actual production movement/combat
PASS returning-strongest · actual supported walking leg Disable the coercive central synchronization
PASS returning-strongest · traveller survives actual production movement/combat
PASS returning-strongest · actual supported walking leg Disable the coercive central synchronization
PASS returning-strongest · traveller survives actual production movement/combat
PASS returning-strongest · actual supported walking leg Disable the coercive central synchronization
PASS returning-strongest · traveller survives actual production movement/combat
PASS returning-strongest · actual supported walking leg Disable the coercive central synchronization
PASS returning-strongest · traveller survives actual production movement/combat
PASS returning-strongest · actual supported walking leg Disable the coercive central synchronization
PASS returning-strongest · traveller survives actual production movement/combat
PASS returning-strongest · actual supported walking leg Disable the coercive central synchronization
PASS returning-strongest · traveller survives actual production movement/combat
PASS returning-strongest · actual supported walking leg Disable the coercive central synchronization
PASS returning-strongest · traveller survives actual production movement/combat
PASS returning-strongest · actual supported walking leg Disable the coercive central synchronization
PASS returning-strongest · traveller survives actual production movement/combat
PASS returning-strongest · actual supported walking leg Disable the coercive central synchronization
PASS returning-strongest · traveller survives actual production movement/combat
PASS returning-strongest · actual supported walking leg Disable the coercive central synchronization
PASS returning-strongest · traveller survives actual production movement/combat
PASS returning-strongest · actual supported walking leg Disable the coercive central synchronization
PASS returning-strongest · traveller survives actual production movement/combat
PASS returning-strongest · actual supported walking leg Disable the coercive central synchronization
PASS returning-strongest · traveller survives actual production movement/combat
PASS returning-strongest · actual supported walking leg Disable the coercive central synchronization
PASS returning-strongest · traveller survives actual production movement/combat
PASS returning-strongest · actual supported walking leg Disable the coercive central synchronization
PASS returning-strongest · traveller survives actual production movement/combat
PASS returning-strongest · actual supported walking leg Disable the coercive central synchronization
PASS returning-strongest · traveller survives actual production movement/combat
PASS returning-strongest · actual supported walking leg Disable the coercive central synchronization
PASS returning-strongest · traveller survives actual production movement/combat
PASS returning-strongest · actual supported walking leg Disable the coercive central synchronization
PASS returning-strongest · traveller survives actual production movement/combat
PASS returning-strongest · actual supported walking leg Disable the coercive central synchronization
PASS returning-strongest · traveller survives actual production movement/combat
PASS returning-strongest · actual supported walking leg Disable the coercive central synchronization
PASS returning-strongest · traveller survives actual production movement/combat
PASS returning-strongest · actual supported walking leg Disable the coercive central synchronization
PASS returning-strongest · traveller survives actual production movement/combat
PASS returning-strongest · actual supported walking leg Disable the coercive central synchronization
PASS returning-strongest · traveller survives actual production movement/combat
PASS returning-strongest · actual supported walking leg Disable the coercive central synchronization
PASS returning-strongest · traveller survives actual production movement/combat
PASS returning-strongest · actual supported walking leg Disable the coercive central synchronization
PASS returning-strongest · traveller survives actual production movement/combat
PASS returning-strongest · actual supported walking leg Disable the coercive central synchronization
PASS returning-strongest · traveller survives actual production movement/combat
PASS returning-strongest · actual supported walking leg Disable the coercive central synchronization
PASS returning-strongest · traveller survives actual production movement/combat
PASS returning-strongest · actual supported walking leg Disable the coercive central synchronization
PASS returning-strongest · traveller survives actual production movement/combat
PASS returning-strongest · actual supported walking leg Disable the coercive central synchronization
PASS returning-strongest · traveller survives actual production movement/combat
PASS returning-strongest · actual supported walking leg Disable the coercive central synchronization
PASS returning-strongest · traveller survives actual production movement/combat
PASS returning-strongest · actual supported walking leg Disable the coercive central synchronization
PASS returning-strongest · traveller survives actual production movement/combat
PASS returning-strongest · actual supported walking leg Disable the coercive central synchronization
PASS returning-strongest · traveller survives actual production movement/combat
PASS returning-strongest · actual supported walking leg Disable the coercive central synchronization
PASS returning-strongest · traveller survives actual production movement/combat
PASS returning-strongest · actual supported walking leg Disable the coercive central synchronization
PASS returning-strongest · traveller survives actual production movement/combat
PASS returning-strongest · actual supported walking leg Disable the coercive central synchronization
PASS returning-strongest · traveller survives actual production movement/combat
PASS returning-strongest · actual supported walking leg Disable the coercive central synchronization
PASS returning-strongest · traveller survives actual production movement/combat
PASS returning-strongest · actual supported walking leg Disable the coercive central synchronization
PASS returning-strongest · traveller survives actual production movement/combat
PASS returning-strongest · actual supported walking leg Disable the coercive central synchronization
PASS returning-strongest · production movement arrives near Disable the coercive central synchronization
PASS returning-strongest · actual physical UI operation records disable-central-link
PASS returning-strongest · operation never pays an independent fee disable-central-link
PASS returning-strongest · actual transient witness membership follows only accepted facts
PASS returning-strongest · a full-body supported production route reaches the witness viewing side
PASS returning-strongest · production route is accepted for view owned Avar Senn · created scholar
PASS returning-strongest · whole supported body route reaches view owned Avar Senn · created scholar
PASS returning-strongest · traveller survives actual production movement/combat
PASS returning-strongest · actual supported walking leg view owned Avar Senn · created scholar
PASS returning-strongest · traveller survives actual production movement/combat
PASS returning-strongest · actual supported walking leg view owned Avar Senn · created scholar
PASS returning-strongest · traveller survives actual production movement/combat
PASS returning-strongest · actual supported walking leg view owned Avar Senn · created scholar
PASS returning-strongest · traveller survives actual production movement/combat
PASS returning-strongest · actual supported walking leg view owned Avar Senn · created scholar
PASS returning-strongest · traveller survives actual production movement/combat
PASS returning-strongest · actual supported walking leg view owned Avar Senn · created scholar
PASS returning-strongest · traveller survives actual production movement/combat
PASS returning-strongest · actual supported walking leg view owned Avar Senn · created scholar
PASS returning-strongest · traveller survives actual production movement/combat
PASS returning-strongest · actual supported walking leg view owned Avar Senn · created scholar
PASS returning-strongest · traveller survives actual production movement/combat
PASS returning-strongest · actual supported walking leg view owned Avar Senn · created scholar
PASS returning-strongest · traveller survives actual production movement/combat
PASS returning-strongest · actual supported walking leg view owned Avar Senn · created scholar
PASS returning-strongest · traveller survives actual production movement/combat
PASS returning-strongest · actual supported walking leg view owned Avar Senn · created scholar
PASS returning-strongest · traveller survives actual production movement/combat
PASS returning-strongest · actual supported walking leg view owned Avar Senn · created scholar
PASS returning-strongest · traveller survives actual production movement/combat
PASS returning-strongest · actual supported walking leg view owned Avar Senn · created scholar
PASS returning-strongest · traveller survives actual production movement/combat
PASS returning-strongest · actual supported walking leg view owned Avar Senn · created scholar
PASS returning-strongest · traveller survives actual production movement/combat
PASS returning-strongest · actual supported walking leg view owned Avar Senn · created scholar
PASS returning-strongest · traveller survives actual production movement/combat
PASS returning-strongest · actual supported walking leg view owned Avar Senn · created scholar
PASS returning-strongest · production movement arrives near view owned Avar Senn · created scholar
PASS returning-strongest · physical arrival has no actor teleport for view owned Avar Senn · created scholar
PASS returning-strongest · actual requested camera adventure
PASS returning-strongest · owned-cosmos-avar-senn-v1 causal pixels restore exactly
PASS returning-strongest · actual requested camera follow
PASS returning-strongest · owned-cosmos-avar-senn-v1 causal pixels restore exactly
PASS returning-strongest · central-disabled saves through native owner
PASS returning-strongest · central-disabled exact native full world is persisted
PASS returning-strongest · central-disabled preserves the full other original native character slot value
PASS returning-strongest · exact frozen HTML is served over isolated loopback
PASS returning-strongest · actual WebGL2 client is available
PASS returning-strongest · software renderer is explicitly observed
PASS returning-strongest · central-disabled whole-Chromium startup preserves exact bytes
PASS returning-strongest · central-disabled preserves previous history, opened/account facts and kit
PASS returning-strongest · central-disabled cold load preserves the full other original native character slot value
PASS returning-strongest · production route is accepted for ordinary Cosmos invitation
PASS returning-strongest · whole supported body route reaches ordinary Cosmos invitation
PASS returning-strongest · traveller survives actual production movement/combat
PASS returning-strongest · actual supported walking leg ordinary Cosmos invitation
PASS returning-strongest · production movement arrives near ordinary Cosmos invitation
PASS returning-strongest · physical arrival has no actor teleport for ordinary Cosmos invitation
PASS returning-strongest · native travel has explicit Cosmos confirmation
PASS returning-strongest · actual Cosmos physical owner handles the connected service road
PASS returning-strongest · no resolved machine recreates on native reentry
PASS returning-strongest · whole supported body route reaches Record the local accountability arrangement
PASS returning-strongest · traveller survives actual production movement/combat
PASS returning-strongest · actual supported walking leg Record the local accountability arrangement
PASS returning-strongest · traveller survives actual production movement/combat
PASS returning-strongest · actual supported walking leg Record the local accountability arrangement
PASS returning-strongest · traveller survives actual production movement/combat
PASS returning-strongest · actual supported walking leg Record the local accountability arrangement
PASS returning-strongest · traveller survives actual production movement/combat
PASS returning-strongest · actual supported walking leg Record the local accountability arrangement
PASS returning-strongest · traveller survives actual production movement/combat
PASS returning-strongest · actual supported walking leg Record the local accountability arrangement
PASS returning-strongest · traveller survives actual production movement/combat
PASS returning-strongest · actual supported walking leg Record the local accountability arrangement
PASS returning-strongest · traveller survives actual production movement/combat
PASS returning-strongest · actual supported walking leg Record the local accountability arrangement
PASS returning-strongest · traveller survives actual production movement/combat
PASS returning-strongest · actual supported walking leg Record the local accountability arrangement
PASS returning-strongest · traveller survives actual production movement/combat
PASS returning-strongest · actual supported walking leg Record the local accountability arrangement
PASS returning-strongest · traveller survives actual production movement/combat
PASS returning-strongest · actual supported walking leg Record the local accountability arrangement
PASS returning-strongest · traveller survives actual production movement/combat
PASS returning-strongest · actual supported walking leg Record the local accountability arrangement
PASS returning-strongest · traveller survives actual production movement/combat
PASS returning-strongest · actual supported walking leg Record the local accountability arrangement
PASS returning-strongest · traveller survives actual production movement/combat
PASS returning-strongest · actual supported walking leg Record the local accountability arrangement
PASS returning-strongest · traveller survives actual production movement/combat
PASS returning-strongest · actual supported walking leg Record the local accountability arrangement
PASS returning-strongest · traveller survives actual production movement/combat
PASS returning-strongest · actual supported walking leg Record the local accountability arrangement
PASS returning-strongest · traveller survives actual production movement/combat
PASS returning-strongest · actual supported walking leg Record the local accountability arrangement
PASS returning-strongest · traveller survives actual production movement/combat
PASS returning-strongest · actual supported walking leg Record the local accountability arrangement
PASS returning-strongest · traveller survives actual production movement/combat
PASS returning-strongest · actual supported walking leg Record the local accountability arrangement
PASS returning-strongest · traveller survives actual production movement/combat
PASS returning-strongest · actual supported walking leg Record the local accountability arrangement
PASS returning-strongest · traveller survives actual production movement/combat
PASS returning-strongest · actual supported walking leg Record the local accountability arrangement
PASS returning-strongest · traveller survives actual production movement/combat
PASS returning-strongest · actual supported walking leg Record the local accountability arrangement
PASS returning-strongest · traveller survives actual production movement/combat
PASS returning-strongest · actual supported walking leg Record the local accountability arrangement
PASS returning-strongest · traveller survives actual production movement/combat
PASS returning-strongest · actual supported walking leg Record the local accountability arrangement
PASS returning-strongest · traveller survives actual production movement/combat
PASS returning-strongest · actual supported walking leg Record the local accountability arrangement
PASS returning-strongest · traveller survives actual production movement/combat
PASS returning-strongest · actual supported walking leg Record the local accountability arrangement
PASS returning-strongest · traveller survives actual production movement/combat
PASS returning-strongest · actual supported walking leg Record the local accountability arrangement
PASS returning-strongest · traveller survives actual production movement/combat
PASS returning-strongest · actual supported walking leg Record the local accountability arrangement
PASS returning-strongest · traveller survives actual production movement/combat
PASS returning-strongest · actual supported walking leg Record the local accountability arrangement
PASS returning-strongest · traveller survives actual production movement/combat
PASS returning-strongest · actual supported walking leg Record the local accountability arrangement
PASS returning-strongest · traveller survives actual production movement/combat
PASS returning-strongest · actual supported walking leg Record the local accountability arrangement
PASS returning-strongest · traveller survives actual production movement/combat
PASS returning-strongest · actual supported walking leg Record the local accountability arrangement
PASS returning-strongest · traveller survives actual production movement/combat
PASS returning-strongest · actual supported walking leg Record the local accountability arrangement
PASS returning-strongest · traveller survives actual production movement/combat
PASS returning-strongest · actual supported walking leg Record the local accountability arrangement
PASS returning-strongest · traveller survives actual production movement/combat
PASS returning-strongest · actual supported walking leg Record the local accountability arrangement
PASS returning-strongest · traveller survives actual production movement/combat
PASS returning-strongest · actual supported walking leg Record the local accountability arrangement
PASS returning-strongest · traveller survives actual production movement/combat
PASS returning-strongest · actual supported walking leg Record the local accountability arrangement
PASS returning-strongest · traveller survives actual production movement/combat
PASS returning-strongest · actual supported walking leg Record the local accountability arrangement
PASS returning-strongest · traveller survives actual production movement/combat
PASS returning-strongest · actual supported walking leg Record the local accountability arrangement
PASS returning-strongest · traveller survives actual production movement/combat
PASS returning-strongest · actual supported walking leg Record the local accountability arrangement
PASS returning-strongest · traveller survives actual production movement/combat
PASS returning-strongest · actual supported walking leg Record the local accountability arrangement
PASS returning-strongest · traveller survives actual production movement/combat
PASS returning-strongest · actual supported walking leg Record the local accountability arrangement
PASS returning-strongest · traveller survives actual production movement/combat
PASS returning-strongest · actual supported walking leg Record the local accountability arrangement
PASS returning-strongest · traveller survives actual production movement/combat
PASS returning-strongest · actual supported walking leg Record the local accountability arrangement
PASS returning-strongest · traveller survives actual production movement/combat
PASS returning-strongest · actual supported walking leg Record the local accountability arrangement
PASS returning-strongest · traveller survives actual production movement/combat
PASS returning-strongest · actual supported walking leg Record the local accountability arrangement
PASS returning-strongest · traveller survives actual production movement/combat
PASS returning-strongest · actual supported walking leg Record the local accountability arrangement
PASS returning-strongest · traveller survives actual production movement/combat
PASS returning-strongest · actual supported walking leg Record the local accountability arrangement
PASS returning-strongest · traveller survives actual production movement/combat
PASS returning-strongest · actual supported walking leg Record the local accountability arrangement
PASS returning-strongest · traveller survives actual production movement/combat
PASS returning-strongest · actual supported walking leg Record the local accountability arrangement
PASS returning-strongest · traveller survives actual production movement/combat
PASS returning-strongest · actual supported walking leg Record the local accountability arrangement
PASS returning-strongest · traveller survives actual production movement/combat
PASS returning-strongest · actual supported walking leg Record the local accountability arrangement
PASS returning-strongest · traveller survives actual production movement/combat
PASS returning-strongest · actual supported walking leg Record the local accountability arrangement
PASS returning-strongest · traveller survives actual production movement/combat
PASS returning-strongest · actual supported walking leg Record the local accountability arrangement
PASS returning-strongest · traveller survives actual production movement/combat
PASS returning-strongest · actual supported walking leg Record the local accountability arrangement
PASS returning-strongest · traveller survives actual production movement/combat
PASS returning-strongest · actual supported walking leg Record the local accountability arrangement
PASS returning-strongest · traveller survives actual production movement/combat
PASS returning-strongest · actual supported walking leg Record the local accountability arrangement
PASS returning-strongest · traveller survives actual production movement/combat
PASS returning-strongest · actual supported walking leg Record the local accountability arrangement
PASS returning-strongest · traveller survives actual production movement/combat
PASS returning-strongest · actual supported walking leg Record the local accountability arrangement
PASS returning-strongest · traveller survives actual production movement/combat
PASS returning-strongest · actual supported walking leg Record the local accountability arrangement
PASS returning-strongest · traveller survives actual production movement/combat
PASS returning-strongest · actual supported walking leg Record the local accountability arrangement
PASS returning-strongest · traveller survives actual production movement/combat
PASS returning-strongest · actual supported walking leg Record the local accountability arrangement
PASS returning-strongest · traveller survives actual production movement/combat
PASS returning-strongest · actual supported walking leg Record the local accountability arrangement
PASS returning-strongest · traveller survives actual production movement/combat
PASS returning-strongest · actual supported walking leg Record the local accountability arrangement
PASS returning-strongest · traveller survives actual production movement/combat
PASS returning-strongest · actual supported walking leg Record the local accountability arrangement
PASS returning-strongest · traveller survives actual production movement/combat
PASS returning-strongest · actual supported walking leg Record the local accountability arrangement
PASS returning-strongest · traveller survives actual production movement/combat
PASS returning-strongest · actual supported walking leg Record the local accountability arrangement
PASS returning-strongest · traveller survives actual production movement/combat
PASS returning-strongest · actual supported walking leg Record the local accountability arrangement
PASS returning-strongest · traveller survives actual production movement/combat
PASS returning-strongest · actual supported walking leg Record the local accountability arrangement
PASS returning-strongest · traveller survives actual production movement/combat
PASS returning-strongest · actual supported walking leg Record the local accountability arrangement
PASS returning-strongest · traveller survives actual production movement/combat
PASS returning-strongest · actual supported walking leg Record the local accountability arrangement
PASS returning-strongest · traveller survives actual production movement/combat
PASS returning-strongest · actual supported walking leg Record the local accountability arrangement
PASS returning-strongest · traveller survives actual production movement/combat
PASS returning-strongest · actual supported walking leg Record the local accountability arrangement
PASS returning-strongest · traveller survives actual production movement/combat
PASS returning-strongest · actual supported walking leg Record the local accountability arrangement
PASS returning-strongest · traveller survives actual production movement/combat
PASS returning-strongest · actual supported walking leg Record the local accountability arrangement
PASS returning-strongest · traveller survives actual production movement/combat
PASS returning-strongest · actual supported walking leg Record the local accountability arrangement
PASS returning-strongest · traveller survives actual production movement/combat
PASS returning-strongest · actual supported walking leg Record the local accountability arrangement
PASS returning-strongest · traveller survives actual production movement/combat
PASS returning-strongest · actual supported walking leg Record the local accountability arrangement
PASS returning-strongest · traveller survives actual production movement/combat
PASS returning-strongest · actual supported walking leg Record the local accountability arrangement
PASS returning-strongest · traveller survives actual production movement/combat
PASS returning-strongest · actual supported walking leg Record the local accountability arrangement
PASS returning-strongest · traveller survives actual production movement/combat
PASS returning-strongest · actual supported walking leg Record the local accountability arrangement
PASS returning-strongest · traveller survives actual production movement/combat
PASS returning-strongest · actual supported walking leg Record the local accountability arrangement
PASS returning-strongest · traveller survives actual production movement/combat
PASS returning-strongest · actual supported walking leg Record the local accountability arrangement
PASS returning-strongest · traveller survives actual production movement/combat
PASS returning-strongest · actual supported walking leg Record the local accountability arrangement
PASS returning-strongest · traveller survives actual production movement/combat
PASS returning-strongest · actual supported walking leg Record the local accountability arrangement
PASS returning-strongest · traveller survives actual production movement/combat
PASS returning-strongest · actual supported walking leg Record the local accountability arrangement
PASS returning-strongest · traveller survives actual production movement/combat
PASS returning-strongest · actual supported walking leg Record the local accountability arrangement
PASS returning-strongest · traveller survives actual production movement/combat
PASS returning-strongest · actual supported walking leg Record the local accountability arrangement
PASS returning-strongest · traveller survives actual production movement/combat
PASS returning-strongest · actual supported walking leg Record the local accountability arrangement
PASS returning-strongest · traveller survives actual production movement/combat
PASS returning-strongest · actual supported walking leg Record the local accountability arrangement
PASS returning-strongest · traveller survives actual production movement/combat
PASS returning-strongest · actual supported walking leg Record the local accountability arrangement
PASS returning-strongest · traveller survives actual production movement/combat
PASS returning-strongest · actual supported walking leg Record the local accountability arrangement
PASS returning-strongest · traveller survives actual production movement/combat
PASS returning-strongest · actual supported walking leg Record the local accountability arrangement
PASS returning-strongest · production movement arrives near Record the local accountability arrangement
PASS returning-strongest · account preview grants nothing
PASS returning-strongest · account cancel retains undecided record
PASS returning-strongest · deliberate current-owner confirmation retains exact local account
PASS returning-strongest · deliberate-account saves through native owner
PASS returning-strongest · deliberate-account exact native full world is persisted
PASS returning-strongest · deliberate-account preserves the full other original native character slot value
Cosmos native: 7053/7053; failed
