TAP version 13
# Subtest: adventure defaults round trip without equipment or story
ok 1 - adventure defaults round trip without equipment or story
  ---
  duration_ms: 7.8425
  type: 'test'
  ...
# Subtest: v4 migration preserves sandbox, composition, notes, appearance without source mutation
ok 2 - v4 migration preserves sandbox, composition, notes, appearance without source mutation
  ---
  duration_ms: 6.5717
  type: 'test'
  ...
# Subtest: realm05 browser key is copied without overwriting previous save
ok 3 - realm05 browser key is copied without overwriting previous save
  ---
  duration_ms: 3.8034
  type: 'test'
  ...
# Subtest: starter supplies require actual workshop proximity
ok 4 - starter supplies require actual workshop proximity
  ---
  duration_ms: 14.8574
  type: 'test'
  ...
# Subtest: starter kit is one claim and equips owned items
ok 5 - starter kit is one claim and equips owned items
  ---
  duration_ms: 1.2647
  type: 'test'
  ...
# Subtest: retry is idempotent while changed terms under same ID are rejected
ok 6 - retry is idempotent while changed terms under same ID are rejected
  ---
  duration_ms: 3.028
  type: 'test'
  ...
# Subtest: entry requires supplies, repaired crossing, pickaxe and proximity
ok 7 - entry requires supplies, repaired crossing, pickaxe and proximity
  ---
  duration_ms: 0.8556
  type: 'test'
  ...
# Subtest: interior saves retain safe exterior return position
ok 8 - interior saves retain safe exterior return position
  ---
  duration_ms: 1.2732
  type: 'test'
  ...
# Subtest: authored entry, fox and encounter positions are walkable
ok 9 - authored entry, fox and encounter positions are walkable
  ---
  duration_ms: 0.3051
  type: 'test'
  ...
# Subtest: outer walls and NaN cannot be walked through
ok 10 - outer walls and NaN cannot be walked through
  ---
  duration_ms: 0.2323
  type: 'test'
  ...
# Subtest: digging checks scene, tool and reach before mutation
ok 11 - digging checks scene, tool and reach before mutation
  ---
  duration_ms: 1.5089
  type: 'test'
  ...
# Subtest: two actual strikes excavate rock and open a path
ok 12 - two actual strikes excavate rock and open a path
  ---
  duration_ms: 11.8093
  type: 'test'
  ...
# Subtest: pick cooldown prevents duplicate immediate strokes
ok 13 - pick cooldown prevents duplicate immediate strokes
  ---
  duration_ms: 8.3271
  type: 'test'
  ...
# Subtest: outer cells refuse excavation
ok 14 - outer cells refuse excavation
  ---
  duration_ms: 0.6312
  type: 'test'
  ...
# Subtest: removed stone cannot pay again
ok 15 - removed stone cannot pay again
  ---
  duration_ms: 4.2305
  type: 'test'
  ...
# Subtest: cold reopening reconstructs excavation but restarts outside
ok 16 - cold reopening reconstructs excavation but restarts outside
  ---
  duration_ms: 3.5407
  type: 'test'
  ...
# Subtest: attacks cannot damage distant targets
ok 17 - attacks cannot damage distant targets
  ---
  duration_ms: 0.5779
  type: 'test'
  ...
# Subtest: line of sight blocks attacks through rock
ok 18 - line of sight blocks attacks through rock
  ---
  duration_ms: 0.4231
  type: 'test'
  ...
# Subtest: melee decreases health, respects cooldown and creates one defeat/cache
ok 19 - melee decreases health, respects cooldown and creates one defeat/cache
  ---
  duration_ms: 5.5258
  type: 'test'
  ...
# Subtest: sweep consumes stamina only once per cooldown
ok 20 - sweep consumes stamina only once per cooldown
  ---
  duration_ms: 0.6503
  type: 'test'
  ...
# Subtest: insufficient stamina refuses without mutation
ok 21 - insufficient stamina refuses without mutation
  ---
  duration_ms: 1.0661
  type: 'test'
  ...
# Subtest: dodge respects cave collision instead of tunneling
ok 22 - dodge respects cave collision instead of tunneling
  ---
  duration_ms: 0.4322
  type: 'test'
  ...
# Subtest: dodge avoidance protects against imminent impact
ok 23 - dodge avoidance protects against imminent impact
  ---
  duration_ms: 2.8322
  type: 'test'
  ...
# Subtest: telegraph hits its declared destination, not a tracking player
ok 24 - telegraph hits its declared destination, not a tracking player
  ---
  duration_ms: 0.843
  type: 'test'
  ...
# Subtest: failed evasion incurs damage reduced by armor
ok 25 - failed evasion incurs damage reduced by armor
  ---
  duration_ms: 0.7163
  type: 'test'
  ...
# Subtest: pause stops actual timers and combat
ok 26 - pause stops actual timers and combat
  ---
  duration_ms: 1.2349
  type: 'test'
  ...
# Subtest: daylight slider is not a cooldown cheat
ok 27 - daylight slider is not a cooldown cheat
  ---
  duration_ms: 0.9305
  type: 'test'
  ...
# Subtest: healing consumes tonic, caps at maximum and has cooldown
ok 28 - healing consumes tonic, caps at maximum and has cooldown
  ---
  duration_ms: 0.4007
  type: 'test'
  ...
# Subtest: rest requires spring and is not available in combat
ok 29 - rest requires spring and is not available in combat
  ---
  duration_ms: 0.529
  type: 'test'
  ...
# Subtest: death stops movement and resurrection preserves loot
ok 30 - death stops movement and resurrection preserves loot
  ---
  duration_ms: 0.5529
  type: 'test'
  ...
# Subtest: paused resurrection is possible without resuming time implicitly
ok 31 - paused resurrection is possible without resuming time implicitly
  ---
  duration_ms: 0.4279
  type: 'test'
  ...
# Subtest: living players cannot resurrect for a free teleport
ok 32 - living players cannot resurrect for a free teleport
  ---
  duration_ms: 0.345
  type: 'test'
  ...
# Subtest: loot is proximity checked and cannot be claimed twice
ok 33 - loot is proximity checked and cannot be claimed twice
  ---
  duration_ms: 0.4319
  type: 'test'
  ...
# Subtest: full pouch rejects atomically and preserves cache
ok 34 - full pouch rejects atomically and preserves cache
  ---
  duration_ms: 1.1526
  type: 'test'
  ...
# Subtest: equipment must be owned and goes into the declared slot
ok 35 - equipment must be owned and goes into the declared slot
  ---
  duration_ms: 0.4214
  type: 'test'
  ...
# Subtest: increased health capacity does not heal on equip
ok 36 - increased health capacity does not heal on equip
  ---
  duration_ms: 0.313
  type: 'test'
  ...
# Subtest: forge consumes exact inputs once
ok 37 - forge consumes exact inputs once
  ---
  duration_ms: 0.6079
  type: 'test'
  ...
# Subtest: forge outside workbench fails without cost
ok 38 - forge outside workbench fails without cost
  ---
  duration_ms: 0.9491
  type: 'test'
  ...
# Subtest: rescue requires proximity and threat clearance
ok 39 - rescue requires proximity and threat clearance
  ---
  duration_ms: 0.4513
  type: 'test'
  ...
# Subtest: companion naming is bounded data and mode is enumerated
ok 40 - companion naming is bounded data and mode is enumerated
  ---
  duration_ms: 0.5001
  type: 'test'
  ...
# Subtest: Stay retains fox in its scene during active session
ok 41 - Stay retains fox in its scene during active session
  ---
  duration_ms: 0.5173
  type: 'test'
  ...
# Subtest: Follow explicitly recalls across a scene boundary
ok 42 - Follow explicitly recalls across a scene boundary
  ---
  duration_ms: 0.8027
  type: 'test'
  ...
# Subtest: defeated enemies stay defeated on re-entry
ok 43 - defeated enemies stay defeated on re-entry
  ---
  duration_ms: 0.4616
  type: 'test'
  ...
# Subtest: unfinished enemies reset on re-entry; partial health is not a win
ok 44 - unfinished enemies reset on re-entry; partial health is not a win
  ---
  duration_ms: 0.375
  type: 'test'
  ...
# Subtest: relic requires guardian defeat and proximity, with single claim
ok 45 - relic requires guardian defeat and proximity, with single claim
  ---
  duration_ms: 1.0687
  type: 'test'
  ...
# Subtest: envoy requires relic at the spring
ok 46 - envoy requires relic at the spring
  ---
  duration_ms: 0.7516
  type: 'test'
  ...
# Subtest: final choice stays single across command IDs and cold reload
ok 47 - final choice stays single across command IDs and cold reload
  ---
  duration_ms: 1.6898
  type: 'test'
  ...
# Subtest: import rejects negative ore
ok 48 - import rejects negative ore
  ---
  duration_ms: 0.4528
  type: 'test'
  ...
# Subtest: import rejects NaN stamina
ok 49 - import rejects NaN stamina
  ---
  duration_ms: 0.0966
  type: 'test'
  ...
# Subtest: import rejects foreign gear
ok 50 - import rejects foreign gear
  ---
  duration_ms: 0.0779
  type: 'test'
  ...
# Subtest: import rejects non-owned equip
ok 51 - import rejects non-owned equip
  ---
  duration_ms: 0.0899
  type: 'test'
  ...
# Subtest: import rejects duplicate cells
ok 52 - import rejects duplicate cells
  ---
  duration_ms: 0.0706
  type: 'test'
  ...
# Subtest: import rejects outer excavation
ok 53 - import rejects outer excavation
  ---
  duration_ms: 0.076
  type: 'test'
  ...
# Subtest: import rejects noncanonical cell
ok 54 - import rejects noncanonical cell
  ---
  duration_ms: 0.0673
  type: 'test'
  ...
# Subtest: import rejects relic without defeat
ok 55 - import rejects relic without defeat
  ---
  duration_ms: 0.0602
  type: 'test'
  ...
# Subtest: import rejects gift without envoy
ok 56 - import rejects gift without envoy
  ---
  duration_ms: 0.3595
  type: 'test'
  ...
# Subtest: import rejects oversized name
ok 57 - import rejects oversized name
  ---
  duration_ms: 0.8483
  type: 'test'
  ...
# Subtest: import rejects duplicate drop
ok 58 - import rejects duplicate drop
  ---
  duration_ms: 0.1407
  type: 'test'
  ...
# Subtest: import rejects impossible chips
ok 59 - import rejects impossible chips
  ---
  duration_ms: 0.0813
  type: 'test'
  ...
# Subtest: import rejects excess health
ok 60 - import rejects excess health
  ---
  duration_ms: 0.0823
  type: 'test'
  ...
# Subtest: import rejects foreign enemy
ok 61 - import rejects foreign enemy
  ---
  duration_ms: 0.0567
  type: 'test'
  ...
# Subtest: import rejects unstarted rescue
ok 62 - import rejects unstarted rescue
  ---
  duration_ms: 0.0511
  type: 'test'
  ...
# Subtest: invalid command envelope cannot mutate persistent state
ok 63 - invalid command envelope cannot mutate persistent state
  ---
  duration_ms: 0.8116
  type: 'test'
  ...
# Subtest: prototype-looking item key safely refuses
ok 64 - prototype-looking item key safely refuses
  ---
  duration_ms: 0.6791
  type: 'test'
  ...
# Subtest: circular command data is safely refused
ok 65 - circular command data is safely refused
  ---
  duration_ms: 0.9805
  type: 'test'
  ...
# Subtest: no private memory or credentials enter save
ok 66 - no private memory or credentials enter save
  ---
  duration_ms: 0.6386
  type: 'test'
  ...
# Subtest: version07 raw save migrates without losing road or creative state
ok 67 - version07 raw save migrates without losing road or creative state
  ---
  duration_ms: 14.2672
  type: 'test'
  ...
# Subtest: legacy storage key is copied not overwritten
ok 68 - legacy storage key is copied not overwritten
  ---
  duration_ms: 34.9439
  type: 'test'
  ...
# Subtest: fresh arsenal has no free bows gems or medals
ok 69 - fresh arsenal has no free bows gems or medals
  ---
  duration_ms: 0.782
  type: 'test'
  ...
# Subtest: gem records reject invalid quantities and unknown fields
ok 70 - gem records reject invalid quantities and unknown fields
  ---
  duration_ms: 18.4419
  type: 'test'
  ...
# Subtest: socket validation needs owned weapon and known gem
ok 71 - socket validation needs owned weapon and known gem
  ---
  duration_ms: 3.2006
  type: 'test'
  ...
# Subtest: medal requires bounded completion time and vice versa
ok 72 - medal requires bounded completion time and vice versa
  ---
  duration_ms: 4.5904
  type: 'test'
  ...
# Subtest: unstarted record cannot mint loose gems or a medal
ok 73 - unstarted record cannot mint loose gems or a medal
  ---
  duration_ms: 0.3729
  type: 'test'
  ...
# Subtest: craft refuses before supplies, remote bench, paused or unknown recipe
ok 74 - craft refuses before supplies, remote bench, paused or unknown recipe
  ---
  duration_ms: 9.2451
  type: 'test'
  ...
# Subtest: bow recipe consumes exact wood fiber stone and creates a unique item
ok 75 - bow recipe consumes exact wood fiber stone and creates a unique item
  ---
  duration_ms: 1.3226
  type: 'test'
  ...
# Subtest: insufficient material on any ingredient causes no partial charge
ok 76 - insufficient material on any ingredient causes no partial charge
  ---
  duration_ms: 2.9175
  type: 'test'
  ...
# Subtest: longbow requires original bow then keeps it and charges exact components
ok 77 - longbow requires original bow then keeps it and charges exact components
  ---
  duration_ms: 1.2162
  type: 'test'
  ...
# Subtest: craft duplicate id never charges twice and changed content is refused
ok 78 - craft duplicate id never charges twice and changed content is refused
  ---
  duration_ms: 2.2065
  type: 'test'
  ...
# Subtest: gem crafting charges correct actual material and currency balances
ok 79 - gem crafting charges correct actual material and currency balances
  ---
  duration_ms: 0.4988
  type: 'test'
  ...
# Subtest: gem capacity, ore and coin refusals are atomic
ok 80 - gem capacity, ore and coin refusals are atomic
  ---
  duration_ms: 2.3528
  type: 'test'
  ...
# Subtest: socket requires actual outdoor workbench and loose gem
ok 81 - socket requires actual outdoor workbench and loose gem
  ---
  duration_ms: 2.7917
  type: 'test'
  ...
# Subtest: fitting replacing reclaiming preserves total gem quantities
ok 82 - fitting replacing reclaiming preserves total gem quantities
  ---
  duration_ms: 0.4766
  type: 'test'
  ...
# Subtest: socket changes stats only for currently equipped weapon
ok 83 - socket changes stats only for currently equipped weapon
  ---
  duration_ms: 0.5083
  type: 'test'
  ...
# Subtest: moonstone raises capacity without healing and removal clamps current HP
ok 84 - moonstone raises capacity without healing and removal clamps current HP
  ---
  duration_ms: 0.5121
  type: 'test'
  ...
# Subtest: socket rejects same setting, wrong slot, foreign weapon, unknown gem
ok 85 - socket rejects same setting, wrong slot, foreign weapon, unknown gem
  ---
  duration_ms: 3.0981
  type: 'test'
  ...
# Subtest: full reclaim pouch prevents swap without consuming new gem
ok 86 - full reclaim pouch prevents swap without consuming new gem
  ---
  duration_ms: 1.9656
  type: 'test'
  ...
# Subtest: socket duplicate cannot charge, reclaim or alter stats twice
ok 87 - socket duplicate cannot charge, reclaim or alter stats twice
  ---
  duration_ms: 0.9713
  type: 'test'
  ...
# Subtest: range entry checks workshop proximity and prepared character
ok 88 - range entry checks workshop proximity and prepared character
  ---
  duration_ms: 2.4756
  type: 'test'
  ...
# Subtest: range collision bounds and pillars affect real walking
ok 89 - range collision bounds and pillars affect real walking
  ---
  duration_ms: 0.9334
  type: 'test'
  ...
# Subtest: range path routes around a pillar, not through it
ok 90 - range path routes around a pillar, not through it
  ---
  duration_ms: 3.6643
  type: 'test'
  ...
# Subtest: range south exit requires proximity and restores workshop position
ok 91 - range south exit requires proximity and restores workshop position
  ---
  duration_ms: 1.1158
  type: 'test'
  ...
# Subtest: save inside court restores outside without unfinished arrows or round
ok 92 - save inside court restores outside without unfinished arrows or round
  ---
  duration_ms: 1.552
  type: 'test'
  ...
# Subtest: bow provides ranged profile while all previous blades keep their reach
ok 93 - bow provides ranged profile while all previous blades keep their reach
  ---
  duration_ms: 13.3941
  type: 'test'
  ...
# Subtest: bows refuse village shots and blades refuse practice target attacks
ok 94 - bows refuse village shots and blades refuse practice target attacks
  ---
  duration_ms: 2.629
  type: 'test'
  ...
# Subtest: launch spends exact stamina and damage is delayed until actual travel
ok 95 - launch spends exact stamina and damage is delayed until actual travel
  ---
  duration_ms: 8.7264
  type: 'test'
  ...
# Subtest: cooldown and low stamina refusals do not consume resources
ok 96 - cooldown and low stamina refusals do not consume resources
  ---
  duration_ms: 4.6155
  type: 'test'
  ...
# Subtest: unknown out of range and obstructed targets do not launch
ok 97 - unknown out of range and obstructed targets do not launch
  ---
  duration_ms: 2.263
  type: 'test'
  ...
# Subtest: arrow direction is fixed and can miss a moving enemy
ok 98 - arrow direction is fixed and can miss a moving enemy
  ---
  duration_ms: 2.5782
  type: 'test'
  ...
# Subtest: damage snapshots the launch gear, not later equipped weapon
ok 99 - damage snapshots the launch gear, not later equipped weapon
  ---
  duration_ms: 1.4533
  type: 'test'
  ...
# Subtest: incoming arrow grants timed enemy awareness at current world time
ok 100 - incoming arrow grants timed enemy awareness at current world time
  ---
  duration_ms: 0.8035
  type: 'test'
  ...
# Subtest: line trace chooses first target regardless of requested target order
ok 101 - line trace chooses first target regardless of requested target order
  ---
  duration_ms: 0.1974
  type: 'test'
  ...
# Subtest: wall precedes targets behind it and already-hit ids are ignored
ok 102 - wall precedes targets behind it and already-hit ids are ignored
  ---
  duration_ms: 0.1325
  type: 'test'
  ...
# Subtest: swept segments catch a target between endpoints
ok 103 - swept segments catch a target between endpoints
  ---
  duration_ms: 0.1124
  type: 'test'
  ...
# Subtest: degenerate and invalid geometry is bounded
ok 104 - degenerate and invalid geometry is bounded
  ---
  duration_ms: 0.4948
  type: 'test'
  ...
# Subtest: projectiles cross road water but not real obstacles
ok 105 - projectiles cross road water but not real obstacles
  ---
  duration_ms: 0.6506
  type: 'test'
  ...
# Subtest: mine stone and court pillars stop arrows
ok 106 - mine stone and court pillars stop arrows
  ---
  duration_ms: 0.7678
  type: 'test'
  ...
# Subtest: piercing light can hit at most two bodies and each at most once
ok 107 - piercing light can hit at most two bodies and each at most once
  ---
  duration_ms: 1.1256
  type: 'test'
  ...
# Subtest: ordinary arrow only hits first intervening target
ok 108 - ordinary arrow only hits first intervening target
  ---
  duration_ms: 1.2239
  type: 'test'
  ...
# Subtest: leaving and dying discard transient arrows
ok 109 - leaving and dying discard transient arrows
  ---
  duration_ms: 0.8774
  type: 'test'
  ...
# Subtest: no arrow follows an enemy forever
ok 110 - no arrow follows an enemy forever
  ---
  duration_ms: 1.3481
  type: 'test'
  ...
# Subtest: a fired arrow reaching zero HP creates one ordinary cache and XP result
ok 111 - a fired arrow reaching zero HP creates one ordinary cache and XP result
  ---
  duration_ms: 0.8388
  type: 'test'
  ...
# Subtest: target motion is reproducible and only the sun moves
ok 112 - target motion is reproducible and only the sun moves
  ---
  duration_ms: 0.1842
  type: 'test'
  ...
# Subtest: round requires range and bow and cannot restart a running clock
ok 113 - round requires range and bow and cannot restart a running clock
  ---
  duration_ms: 2.5769
  type: 'test'
  ...
# Subtest: practice arrows hit real targets without XP harm defeat or loot
ok 114 - practice arrows hit real targets without XP harm defeat or loot
  ---
  duration_ms: 0.9753
  type: 'test'
  ...
# Subtest: untimed target hits cannot mint a practice reward
ok 115 - untimed target hits cannot mint a practice reward
  ---
  duration_ms: 0.3882
  type: 'test'
  ...
# Subtest: known-answer six hits award one medal five coins one amber
ok 116 - known-answer six hits award one medal five coins one amber
  ---
  duration_ms: 0.4676
  type: 'test'
  ...
# Subtest: repeated completed rounds improve best but never pay again
ok 117 - repeated completed rounds improve best but never pay again
  ---
  duration_ms: 0.4483
  type: 'test'
  ...
# Subtest: longer round preserves faster recorded time
ok 118 - longer round preserves faster recorded time
  ---
  duration_ms: 0.4564
  type: 'test'
  ...
# Subtest: partial hits and timeout have no reward; new round starts empty
ok 119 - partial hits and timeout have no reward; new round starts empty
  ---
  duration_ms: 9.7607
  type: 'test'
  ...
# Subtest: pause freezes timer projectile and moving target
ok 120 - pause freezes timer projectile and moving target
  ---
  duration_ms: 2.2655
  type: 'test'
  ...
# Subtest: daylight adjustment does not advance practice clock
ok 121 - daylight adjustment does not advance practice clock
  ---
  duration_ms: 0.4554
  type: 'test'
  ...
# Subtest: round stop preserves prior medal and clears arrows
ok 122 - round stop preserves prior medal and clears arrows
  ---
  duration_ms: 1.062
  type: 'test'
  ...
# Subtest: reward overflow does not mark medal or partly pay
ok 123 - reward overflow does not mark medal or partly pay
  ---
  duration_ms: 1.6407
  type: 'test'
  ...
# Subtest: saved medal sockets and health validate in a cold restart
ok 124 - saved medal sockets and health validate in a cold restart
  ---
  duration_ms: 1.3966
  type: 'test'
  ...
# Subtest: equipped amber modifies actual fox damage, unequipped amber does not
ok 125 - equipped amber modifies actual fox damage, unequipped amber does not
  ---
  duration_ms: 1.2551
  type: 'test'
  ...
# Subtest: Realm08 world migrates to current schema without changing supported content
ok 126 - Realm08 world migrates to current schema without changing supported content
  ---
  duration_ms: 12.019
  type: 'test'
  ...
# Subtest: fresh beacon contains no earned alignment or free story completion
ok 127 - fresh beacon contains no earned alignment or free story completion
  ---
  duration_ms: 0.9949
  type: 'test'
  ...
# Subtest: beacon import rejects version
ok 128 - beacon import rejects version
  ---
  duration_ms: 0.659
  type: 'test'
  ...
# Subtest: beacon import rejects missingSoul
ok 129 - beacon import rejects missingSoul
  ---
  duration_ms: 0.4581
  type: 'test'
  ...
# Subtest: beacon import rejects badStatus
ok 130 - beacon import rejects badStatus
  ---
  duration_ms: 0.3616
  type: 'test'
  ...
# Subtest: beacon import rejects badCounts
ok 131 - beacon import rejects badCounts
  ---
  duration_ms: 0.2945
  type: 'test'
  ...
# Subtest: beacon import rejects unknownRoute
ok 132 - beacon import rejects unknownRoute
  ---
  duration_ms: 0.275
  type: 'test'
  ...
# Subtest: beacon import rejects unearnedCompletion
ok 133 - beacon import rejects unearnedCompletion
  ---
  duration_ms: 0.2475
  type: 'test'
  ...
# Subtest: beacon import rejects rewardEarly
ok 134 - beacon import rejects rewardEarly
  ---
  duration_ms: 0.2809
  type: 'test'
  ...
# Subtest: beacon import rejects graceEarly
ok 135 - beacon import rejects graceEarly
  ---
  duration_ms: 0.3158
  type: 'test'
  ...
# Subtest: beacon import rejects negativeRadiance
ok 136 - beacon import rejects negativeRadiance
  ---
  duration_ms: 0.2806
  type: 'test'
  ...
# Subtest: beacon import rejects corruptionNoHistory
ok 137 - beacon import rejects corruptionNoHistory
  ---
  duration_ms: 0.233
  type: 'test'
  ...
# Subtest: beacon import rejects falsePower
ok 138 - beacon import rejects falsePower
  ---
  duration_ms: 0.1994
  type: 'test'
  ...
# Subtest: beacon import rejects fakeScar
ok 139 - beacon import rejects fakeScar
  ---
  duration_ms: 0.2008
  type: 'test'
  ...
# Subtest: beacon import rejects duplicatedScars
ok 140 - beacon import rejects duplicatedScars
  ---
  duration_ms: 0.2231
  type: 'test'
  ...
# Subtest: beacon import rejects unearnedRelic
ok 141 - beacon import rejects unearnedRelic
  ---
  duration_ms: 0.2222
  type: 'test'
  ...
# Subtest: beacon import rejects nonintegerAttempts
ok 142 - beacon import rejects nonintegerAttempts
  ---
  duration_ms: 0.2415
  type: 'test'
  ...
# Subtest: beacon opening requires story and physical scene
ok 143 - beacon opening requires story and physical scene
  ---
  duration_ms: 27.4523
  type: 'test'
  ...
# Subtest: answer at beacon settles an unreported chapter II exactly once
ok 144 - answer at beacon settles an unreported chapter II exactly once
  ---
  duration_ms: 5.5838
  type: 'test'
  ...
# Subtest: arrival has three actual valid paths and does not start combat automatically
ok 145 - arrival has three actual valid paths and does not start combat automatically
  ---
  duration_ms: 11.0316
  type: 'test'
  ...
# Subtest: cannot accept Grace or start battle during the descent
ok 146 - cannot accept Grace or start battle during the descent
  ---
  duration_ms: 7.0974
  type: 'test'
  ...
# Subtest: Grace is optional and a deliberate single claim
ok 147 - Grace is optional and a deliberate single claim
  ---
  duration_ms: 6.7706
  type: 'test'
  ...
# Subtest: first defense can start without accepting a Grace
ok 148 - first defense can start without accepting a Grace
  ---
  duration_ms: 7.3056
  type: 'test'
  ...
# Subtest: new events never insert their IDs into ordinary defeat or cache persistence
ok 149 - new events never insert their IDs into ordinary defeat or cache persistence
  ---
  duration_ms: 5.888
  type: 'test'
  ...
# Subtest: complete waves opens exactly one reward, replaying request cannot double pay
ok 150 - complete waves opens exactly one reward, replaying request cannot double pay
  ---
  duration_ms: 70.3986
  type: 'test'
  ...
# Subtest: full pouch refuses defense reward atomically
ok 151 - full pouch refuses defense reward atomically
  ---
  duration_ms: 138.231
  type: 'test'
  ...
# Subtest: ordinary failure is recoverable and protects completed content
ok 152 - ordinary failure is recoverable and protects completed content
  ---
  duration_ms: 9.0667
  type: 'test'
  ...
# Subtest: withdrawal loses the encounter but a reload does not invent a win
ok 153 - withdrawal loses the encounter but a reload does not invent a win
  ---
  duration_ms: 9.7416
  type: 'test'
  ...
# Subtest: pause stops arrival movement, enemy windups, ward and timers
ok 154 - pause stops arrival movement, enemy windups, ward and timers
  ---
  duration_ms: 12.6885
  type: 'test'
  ...
# Subtest: repair spends actual stamina, obeys position cooldown and maximum
ok 155 - repair spends actual stamina, obeys position cooldown and maximum
  ---
  duration_ms: 14.8123
  type: 'test'
  ...
# Subtest: Oren repairs, Mara reveals and Ilan replenishes stamina on active schedules
ok 156 - Oren repairs, Mara reveals and Ilan replenishes stamina on active schedules
  ---
  duration_ms: 5.2967
  type: 'test'
  ...
# Subtest: passive presence is not a guaranteed defense win
ok 157 - passive presence is not a guaranteed defense win
  ---
  duration_ms: 62.8925
  type: 'test'
  ...
# Subtest: attempt cap refuses before healing or spending resources
ok 158 - attempt cap refuses before healing or spending resources
  ---
  duration_ms: 5.9635
  type: 'test'
  ...
# Subtest: cinder is an explicit exclusive choice and acceptance does not corrupt
ok 159 - cinder is an explicit exclusive choice and acceptance does not corrupt
  ---
  duration_ms: 57.1205
  type: 'test'
  ...
# Subtest: sealing a cinder imposes neither power nor corruption
ok 160 - sealing a cinder imposes neither power nor corruption
  ---
  duration_ms: 70.7348
  type: 'test'
  ...
# Subtest: replay rewards and failures cannot damage a completed chapter
ok 161 - replay rewards and failures cannot damage a completed chapter
  ---
  duration_ms: 63.2648
  type: 'test'
  ...
# Subtest: future route records do not teleport or unlock nonexistent geography
ok 162 - future route records do not teleport or unlock nonexistent geography
  ---
  duration_ms: 55.3067
  type: 'test'
  ...
# Subtest: target cycling is nearest-first, reversible and never starts attacking
ok 163 - target cycling is nearest-first, reversible and never starts attacking
  ---
  duration_ms: 9.2395
  type: 'test'
  ...
# Subtest: hidden dead and very distant targets are not selectable
ok 164 - hidden dead and very distant targets are not selectable
  ---
  duration_ms: 16.6337
  type: 'test'
  ...
# Subtest: autoattack repeatedly uses real cooldowns without moving the player
ok 165 - autoattack repeatedly uses real cooldowns without moving the player
  ---
  duration_ms: 10.5806
  type: 'test'
  ...
# Subtest: out of range autoattack waits rather than walking or spending stamina
ok 166 - out of range autoattack waits rather than walking or spending stamina
  ---
  duration_ms: 11.8048
  type: 'test'
  ...
# Subtest: selected target death stops autoattack instead of pulling a new foe
ok 167 - selected target death stops autoattack instead of pulling a new foe
  ---
  duration_ms: 3.3942
  type: 'test'
  ...
# Subtest: clear target, scene changes and restart never retain autoattack
ok 168 - clear target, scene changes and restart never retain autoattack
  ---
  duration_ms: 3.826
  type: 'test'
  ...
# Subtest: Brace halves guarded damage for its actual timed window
ok 169 - Brace halves guarded damage for its actual timed window
  ---
  duration_ms: 6.0072
  type: 'test'
  ...
# Subtest: Brace refuses insufficient stamina without charging a cooldown
ok 170 - Brace refuses insufficient stamina without charging a cooldown
  ---
  duration_ms: 12.831
  type: 'test'
  ...
# Subtest: Briar reveals a cloaked foe, exposes and interrupts a locked windup
ok 171 - Briar reveals a cloaked foe, exposes and interrupts a locked windup
  ---
  duration_ms: 4.402
  type: 'test'
  ...
# Subtest: Briar Stay prevents the companion skill
ok 172 - Briar Stay prevents the companion skill
  ---
  duration_ms: 6.5033
  type: 'test'
  ...
# Subtest: Aegis is a finite barrier, not immortality, and needs accepted Grace
ok 173 - Aegis is a finite barrier, not immortality, and needs accepted Grace
  ---
  duration_ms: 13.4286
  type: 'test'
  ...
# Subtest: Cinder health cost is nonlethal and its scar is persistent but not repeated
ok 174 - Cinder health cost is nonlethal and its scar is persistent but not repeated
  ---
  duration_ms: 62.0151
  type: 'test'
  ...
# Subtest: renouncing the cinder removes power and present corruption, not its history
ok 175 - renouncing the cinder removes power and present corruption, not its history
  ---
  duration_ms: 63.9908
  type: 'test'
  ...
# Subtest: choice switching never grants damage by itself or silently starts PvP
ok 176 - choice switching never grants damage by itself or silently starts PvP
  ---
  duration_ms: 4.5297
  type: 'test'
  ...
# Subtest: mutation receipts protect identical retries and reject changed choices
ok 177 - mutation receipts protect identical retries and reject changed choices
  ---
  duration_ms: 9.6846
  type: 'test'
  ...
# Subtest: first target selected after a scene change survives the next tick
ok 178 - first target selected after a scene change survives the next tick
  ---
  duration_ms: 6.5906
  type: 'test'
  ...
# Subtest: rail eligibility preserves every reviewed bridge transform, color and mesh
ok 179 - rail eligibility preserves every reviewed bridge transform, color and mesh
  ---
  duration_ms: 6.0576
  type: 'test'
  ...
# Subtest: rail visibility uniform resets per batch and remains off in reflection, other realms and off-span
ok 180 - rail visibility uniform resets per batch and remains off in reflection, other realms and off-span
  ---
  duration_ms: 1.4196
  type: 'test'
  ...
# Subtest: bridge floor is a continuous narrow supported corridor; flanking water rejects movement and picking
ok 181 - bridge floor is a continuous narrow supported corridor; flanking water rejects movement and picking
  ---
  duration_ms: 407.7016
  type: 'test'
  ...
# Subtest: fresh and returning movement crosses both banks and retains canonical ownership
ok 182 - fresh and returning movement crosses both banks and retains canonical ownership
  ---
  duration_ms: 123.5323
  type: 'test'
  ...
# Subtest: bridge pieces respect finite budgets, floor, open rails and per-pier water contact
ok 183 - bridge pieces respect finite budgets, floor, open rails and per-pier water contact
  ---
  duration_ms: 1.0518
  type: 'test'
  ...
# Subtest: vault is actual finite open elliptic geometry, not a filled box or floating ring
ok 184 - vault is actual finite open elliptic geometry, not a filled box or floating ring
  ---
  duration_ms: 2.0072
  type: 'test'
  ...
# Subtest: Earth submits the bridge instead of terrain columns inside its water span
ok 185 - Earth submits the bridge instead of terrain columns inside its water span
  ---
  duration_ms: 68.0374
  type: 'test'
  ...
# Subtest: asymmetric mountain mesh is bounded finite original ground rather than cone peaks
ok 186 - asymmetric mountain mesh is bounded finite original ground rather than cone peaks
  ---
  duration_ms: 2.3061
  type: 'test'
  ...
# Subtest: world cloud basis preserves the exact reflected VP horizontal handedness in both cameras
ok 187 - world cloud basis preserves the exact reflected VP horizontal handedness in both cameras
  ---
  duration_ms: 0.6573
  type: 'test'
  ...
# Subtest: rock skirt has outward finite faces, a straight upper seam and submerged irregular lower edge
ok 188 - rock skirt has outward finite faces, a straight upper seam and submerged irregular lower edge
  ---
  duration_ms: 1.0598
  type: 'test'
  ...
# Subtest: actual shoreline world triangles leave vaults and supported walking floor clear without fake flat ground
ok 189 - actual shoreline world triangles leave vaults and supported walking floor clear without fake flat ground
  ---
  duration_ms: 38.3552
  type: 'test'
  ...
# Subtest: mountain spacing leaves three receding layers and fits the existing scenery budget
ok 190 - mountain spacing leaves three receding layers and fits the existing scenery budget
  ---
  duration_ms: 0.7247
  type: 'test'
  ...
# Subtest: old world migrates empty bridge work without changing old fields
ok 191 - old world migrates empty bridge work without changing old fields
  ---
  duration_ms: 13.2035
  type: 'test'
  ...
# Subtest: future/null/impossible bridge records refuse instead of discarding history
ok 192 - future/null/impossible bridge records refuse instead of discarding history
  ---
  duration_ms: 0.5193
  type: 'test'
  ...
# Subtest: acceptance checks kit/proximity and synchronous durability without mutations
ok 193 - acceptance checks kit/proximity and synchronous durability without mutations
  ---
  duration_ms: 27.4527
  type: 'test'
  ...
# Subtest: shelter completed unpaid work is atomic, retryable and paid exactly once
ok 194 - shelter completed unpaid work is atomic, retryable and paid exactly once
  ---
  duration_ms: 16.9856
  type: 'test'
  ...
# Subtest: river-lookout completed unpaid work is atomic, retryable and paid exactly once
ok 195 - river-lookout completed unpaid work is atomic, retryable and paid exactly once
  ---
  duration_ms: 15.376
  type: 'test'
  ...
# Subtest: work anchors and the living worker remain on full-body supported ground
ok 196 - work anchors and the living worker remain on full-body supported ground
  ---
  duration_ms: 17.8303
  type: 'test'
  ...
# Subtest: claimed community work teaches a single deliberate home board
ok 197 - claimed community work teaches a single deliberate home board
  ---
  duration_ms: 11.4877
  type: 'test'
  ...
# Subtest: blocked-side work, stale requests and unavailable characters preserve every byte and write
ok 198 - blocked-side work, stale requests and unavailable characters preserve every byte and write
  ---
  duration_ms: 5.8574
  type: 'test'
  ...
# Subtest: fitted fixtures, worker and record are read-only, seated and grounded
ok 199 - fitted fixtures, worker and record are read-only, seated and grounded
  ---
  duration_ms: 43.9426
  type: 'test'
  ...
# Subtest: working stop differs from resting stop and the supported actor loop freezes while paused
ok 200 - working stop differs from resting stop and the supported actor loop freezes while paused
  ---
  duration_ms: 100.3231
  type: 'test'
  ...
# Subtest: global/CommonJS expose only a frozen pure planner
ok 201 - global/CommonJS expose only a frozen pure planner
  ---
  duration_ms: 2.1979
  type: 'test'
  ...
# Subtest: actual Hearthwater and Coastward midpoint plans retain the existing adventure framing
ok 202 - actual Hearthwater and Coastward midpoint plans retain the existing adventure framing
  ---
  duration_ms: 1.6959
  type: 'test'
  ...
# Subtest: all actual diorama styles retain half nine and relative zoom without switching preset or FOV
ok 203 - all actual diorama styles retain half nine and relative zoom without switching preset or FOV
  ---
  duration_ms: 1.8655
  type: 'test'
  ...
# Subtest: canonical bank joins remain frameable at each actual deck end
ok 204 - canonical bank joins remain frameable at each actual deck end
  ---
  duration_ms: 0.3538
  type: 'test'
  ...
# Subtest: supported ground just beyond each deck refuses framing rather than extending bridge identity
ok 205 - supported ground just beyond each deck refuses framing rather than extending bridge identity
  ---
  duration_ms: 0.3321
  type: 'test'
  ...
# Subtest: Hearthwater physical foot support rejects the visible-deck fringe and retains valid inner edge
ok 206 - Hearthwater physical foot support rejects the visible-deck fringe and retains valid inner edge
  ---
  duration_ms: 0.294
  type: 'test'
  ...
# Subtest: Coastward framing obeys actual full-actor rail exclusion even inside the supported patch
ok 207 - Coastward framing obeys actual full-actor rail exclusion even inside the supported patch
  ---
  duration_ms: 0.4733
  type: 'test'
  ...
# Subtest: actual supported off-bridge work and roads refuse without any planned camera fields
ok 208 - actual supported off-bridge work and roads refuse without any planned camera fields
  ---
  duration_ms: 0.3386
  type: 'test'
  ...
# Subtest: synthetic malformed input/presets/diving/base widths refuse with fresh readable results
ok 209 - synthetic malformed input/presets/diving/base widths refuse with fresh readable results
  ---
  duration_ms: 0.4613
  type: 'test'
  ...
# Subtest: plans ignore health and extra authority objects, preserve frozen inputs and return fresh views
ok 210 - plans ignore health and extra authority objects, preserve frozen inputs and return fresh views
  ---
  duration_ms: 0.5041
  type: 'test'
  ...
# Subtest: synthetic missing/malformed canonical data refuse safely before exposing a view
ok 211 - synthetic missing/malformed canonical data refuse safely before exposing a view
  ---
  duration_ms: 3.2005
  type: 'test'
  ...
# Subtest: per-view preferences roundtrip without changing progression or creative content
ok 212 - per-view preferences roundtrip without changing progression or creative content
  ---
  duration_ms: 8.3828
  type: 'test'
  ...
# Subtest: old camera preferences acquire empty view memory and keep their selected mode
ok 213 - old camera preferences acquire empty view memory and keep their selected mode
  ---
  duration_ms: 1.1807
  type: 'test'
  ...
# Subtest: invalid optional view profiles cannot inject nonfinite camera state or discard valid peers
ok 214 - invalid optional view profiles cannot inject nonfinite camera state or discard valid peers
  ---
  duration_ms: 1.1709
  type: 'test'
  ...
# Subtest: unknown view-memory versions fall back while keeping ordinary settings and saves
ok 215 - unknown view-memory versions fall back while keeping ordinary settings and saves
  ---
  duration_ms: 0.913
  type: 'test'
  ...
# Subtest: perspective has depth and the requested vertical field of view
ok 216 - perspective has depth and the requested vertical field of view
  ---
  duration_ms: 1.093
  type: 'test'
  ...
# Subtest: production picking inverts ground projection across orbit, FOV and aspect
ok 217 - production picking inverts ground projection across orbit, FOV and aspect
  ---
  duration_ms: 4.5234
  type: 'test'
  ...
# Subtest: perspective sky and behind-camera points never become movement destinations
ok 218 - perspective sky and behind-camera points never become movement destinations
  ---
  duration_ms: 0.2536
  type: 'test'
  ...
# Subtest: obstruction sweep pulls in before a wall, ignores a clear ray and handles a grazing near plane
ok 219 - obstruction sweep pulls in before a wall, ignores a clear ray and handles a grazing near plane
  ---
  duration_ms: 0.345
  type: 'test'
  ...
# Subtest: perspective water reflection retains contact UV and actual world mirror
ok 220 - perspective water reflection retains contact UV and actual world mirror
  ---
  duration_ms: 0.2948
  type: 'test'
  ...
# Subtest: presentation preferences roundtrip without modifying old progression or creative state
ok 221 - presentation preferences roundtrip without modifying old progression or creative state
  ---
  duration_ms: 11.6428
  type: 'test'
  ...
# Subtest: clearance bounds preserve rotated wall extents and explicitly exclude foliage and low ground
ok 222 - clearance bounds preserve rotated wall extents and explicitly exclude foliage and low ground
  ---
  duration_ms: 0.461
  type: 'test'
  ...
# Subtest: clearance sees opted-in dynamic construction and keeps actor batches out
ok 223 - clearance sees opted-in dynamic construction and keeps actor batches out
  ---
  duration_ms: 0.2559
  type: 'test'
  ...
# Subtest: explicit realm walls keep camera clearance below the legacy floor cutoff
ok 224 - explicit realm walls keep camera clearance below the legacy floor cutoff
  ---
  duration_ms: 0.2595
  type: 'test'
  ...
# Subtest: legacy load leaves every stored byte untouched until explicit character creation
ok 225 - legacy load leaves every stored byte untouched until explicit character creation
  ---
  duration_ms: 13.5097
  type: 'test'
  ...
# Subtest: switching saves outgoing state and restores complete independent characters
ok 226 - switching saves outgoing state and restores complete independent characters
  ---
  duration_ms: 5.4138
  type: 'test'
  ...
# Subtest: quota failures never switch identity, spend state, or create partial slots
ok 227 - quota failures never switch identity, spend state, or create partial slots
  ---
  duration_ms: 3.937
  type: 'test'
  ...
# Subtest: imports copy a validated character into a new slot and full capacity is atomic
ok 228 - imports copy a validated character into a new slot and full capacity is atomic
  ---
  duration_ms: 3.6578
  type: 'test'
  ...
# Subtest: deletion requires the exact inactive target name and never reuses its identity
ok 229 - deletion requires the exact inactive target name and never reuses its identity
  ---
  duration_ms: 3.8724
  type: 'test'
  ...
# Subtest: stale UI revisions and external storage changes refuse mutations
ok 230 - stale UI revisions and external storage changes refuse mutations
  ---
  duration_ms: 1.4126
  type: 'test'
  ...
# Subtest: a present corrupt library cannot silently restore or overwrite an old world
ok 231 - a present corrupt library cannot silently restore or overwrite an old world
  ---
  duration_ms: 0.2929
  type: 'test'
  ...
# Subtest: managed writes require ownership of the browser editing lock
ok 232 - managed writes require ownership of the browser editing lock
  ---
  duration_ms: 1.2066
  type: 'test'
  ...
# Subtest: a legacy tab detects another writer before save, migration, or explicit replacement
ok 233 - a legacy tab detects another writer before save, migration, or explicit replacement
  ---
  duration_ms: 0.7892
  type: 'test'
  ...
# Subtest: invalid imported state and invalid library identities reject before any write
ok 234 - invalid imported state and invalid library identities reject before any write
  ---
  duration_ms: 3.3717
  type: 'test'
  ...
# Subtest: failed legacy replacement retains the loaded runtime and original bytes
ok 235 - failed legacy replacement retains the loaded runtime and original bytes
  ---
  duration_ms: 0.7097
  type: 'test'
  ...
# Subtest: editing lock is held until release and a competing owner must retry explicitly
ok 236 - editing lock is held until release and a competing owner must retry explicitly
  ---
  duration_ms: 17.0421
  type: 'test'
  ...
# Subtest: version6 migrates to current schema with no inferred class and all banked XP intact
ok 237 - version6 migrates to current schema with no inferred class and all banked XP intact
  ---
  duration_ms: 13.0664
  type: 'test'
  ...
# Subtest: class choice requires kit, proximity, known ID and explicit confirmation atomically
ok 238 - class choice requires kit, proximity, known ID and explicit confirmation atomically
  ---
  duration_ms: 15.8127
  type: 'test'
  ...
# Subtest: hunter is deliberate, one-time, reloadable and grants no gear/history/XP
ok 239 - hunter is deliberate, one-time, reloadable and grants no gear/history/XP
  ---
  duration_ms: 2.0521
  type: 'test'
  ...
# Subtest: magician is deliberate, one-time, reloadable and grants no gear/history/XP
ok 240 - magician is deliberate, one-time, reloadable and grants no gear/history/XP
  ---
  duration_ms: 2.1388
  type: 'test'
  ...
# Subtest: invalid class state and impossible unstarted class are refused
ok 241 - invalid class state and impossible unstarted class are refused
  ---
  duration_ms: 0.7888
  type: 'test'
  ...
# Subtest: technique refuses unassigned, wrong scene, pause, death and absent target
ok 242 - technique refuses unassigned, wrong scene, pause, death and absent target
  ---
  duration_ms: 8.2073
  type: 'test'
  ...
# Subtest: hunter validates range, LOS, stamina and durable cooldown before paying
ok 243 - hunter validates range, LOS, stamina and durable cooldown before paying
  ---
  duration_ms: 5.0747
  type: 'test'
  ...
# Subtest: magician validates range, LOS, stamina and durable cooldown before paying
ok 244 - magician validates range, LOS, stamina and durable cooldown before paying
  ---
  duration_ms: 5.0435
  type: 'test'
  ...
# Subtest: hunter marks without a hit and only the next actual blade impact gains bounded damage
ok 245 - hunter marks without a hit and only the next actual blade impact gains bounded damage
  ---
  duration_ms: 0.9987
  type: 'test'
  ...
# Subtest: hunter mark is not consumed by another target, companion or soul damage
ok 246 - hunter mark is not consumed by another target, companion or soul damage
  ---
  duration_ms: 1.4976
  type: 'test'
  ...
# Subtest: bow mark follows swept collision, with no payout on a missed arrow
ok 247 - bow mark follows swept collision, with no payout on a missed arrow
  ---
  duration_ms: 3.152
  type: 'test'
  ...
# Subtest: an obstructed arrow cannot consume mark or make confirmed-hit feedback
ok 248 - an obstructed arrow cannot consume mark or make confirmed-hit feedback
  ---
  duration_ms: 0.8101
  type: 'test'
  ...
# Subtest: marks expire and cannot cross scene, run identity or reload
ok 249 - marks expire and cannot cross scene, run identity or reload
  ---
  duration_ms: 3.5701
  type: 'test'
  ...
# Subtest: magician creates one actual damage event, faces target and never spawns an arrow
ok 250 - magician creates one actual damage event, faces target and never spawns an arrow
  ---
  duration_ms: 0.7569
  type: 'test'
  ...
# Subtest: class techniques do not earn the archery medal and leave weapon family free
ok 251 - class techniques do not earn the archery medal and leave weapon family free
  ---
  duration_ms: 1.7447
  type: 'test'
  ...
# Subtest: Coastward skirts are bounded deterministic static instances in one shared mesh kind
ok 252 - Coastward skirts are bounded deterministic static instances in one shared mesh kind
  ---
  duration_ms: 61.6443
  type: 'test'
  ...
# Subtest: every actual upper seam meets rendered grass underside on a real exposed union boundary
ok 253 - every actual upper seam meets rendered grass underside on a real exposed union boundary
  ---
  duration_ms: 40.6043
  type: 'test'
  ...
# Subtest: actual skirt triangles remain below every supported foot plane and sink all lower edge vertices
ok 254 - actual skirt triangles remain below every supported foot plane and sink all lower edge vertices
  ---
  duration_ms: 26.8211
  type: 'test'
  ...
# Subtest: all exposed surface normals retain their positive outward and upward orientation after transformation
ok 255 - all exposed surface normals retain their positive outward and upward orientation after transformation
  ---
  duration_ms: 7.5958
  type: 'test'
  ...
# Subtest: bridge sides remain open and all actual full-body routes stay above decorative geometry
ok 256 - bridge sides remain open and all actual full-body routes stay above decorative geometry
  ---
  duration_ms: 1052.0244
  type: 'test'
  ...
# Subtest: normal submission adds skirts only to Coastward and never changes canonical definitions or saves
ok 257 - normal submission adds skirts only to Coastward and never changes canonical definitions or saves
  ---
  duration_ms: 97.2806
  type: 'test'
  ...
# Subtest: joining and subdividing equal-height source cells introduces no interior skirt or duplicate seam
ok 258 - joining and subdividing equal-height source cells introduces no interior skirt or duplicate seam
  ---
  duration_ms: 0.4578
  type: 'test'
  ...
# Subtest: the new woodland floor is actual traversable ground linking both original lanes
ok 259 - the new woodland floor is actual traversable ground linking both original lanes
  ---
  duration_ms: 2.9406
  type: 'test'
  ...
# Subtest: smooth bank surface vertices share normals across triangle joins without changing the old rock mesh
ok 260 - smooth bank surface vertices share normals across triangle joins without changing the old rock mesh
  ---
  duration_ms: 2.4993
  type: 'test'
  ...
# Subtest: only existing channel posts and four approach lamps join the main-view cutaway aperture
ok 261 - only existing channel posts and four approach lamps join the main-view cutaway aperture
  ---
  duration_ms: 99.6515
  type: 'test'
  ...
# Subtest: browser and CommonJS expose the same pure interface without foreign global mutation
ok 262 - browser and CommonJS expose the same pure interface without foreign global mutation
  ---
  duration_ms: 3.6062
  type: 'test'
  ...
# Subtest: all three canonical buildings have bounded deterministic original exterior parts
ok 263 - all three canonical buildings have bounded deterministic original exterior parts
  ---
  duration_ms: 17.4672
  type: 'test'
  ...
# Subtest: roof shells and framing follow actual parent extents and meet the roof profile
ok 264 - roof shells and framing follow actual parent extents and meet the roof profile
  ---
  duration_ms: 1.3266
  type: 'test'
  ...
# Subtest: timber matrices are positive orthonormal and local grain meets declared endpoints
ok 265 - timber matrices are positive orthonormal and local grain meets declared endpoints
  ---
  duration_ms: 2.7499
  type: 'test'
  ...
# Subtest: body-height facade stays within existing collision clearance, eaves remain overhead
ok 266 - body-height facade stays within existing collision clearance, eaves remain overhead
  ---
  duration_ms: 17.3358
  type: 'test'
  ...
# Subtest: actual emitted geometry leaves all authored public routes and task actors clear
ok 267 - actual emitted geometry leaves all authored public routes and task actors clear
  ---
  duration_ms: 481.2875
  type: 'test'
  ...
# Subtest: all opaque dressing inherits house cutaway tags without camera or body authority
ok 268 - all opaque dressing inherits house cutaway tags without camera or body authority
  ---
  duration_ms: 2.571
  type: 'test'
  ...
# Subtest: changed parent positions and supplied floor heights move dressing rather than hard-code geography
ok 269 - changed parent positions and supplied floor heights move dressing rather than hard-code geography
  ---
  duration_ms: 1.5861
  type: 'test'
  ...
# Subtest: decoration writes only computed geometry and leaves definitions and simulation untouched
ok 270 - decoration writes only computed geometry and leaves definitions and simulation untouched
  ---
  duration_ms: 3.7053
  type: 'test'
  ...
# Subtest: malformed parents or height refuse before any writer mutation
ok 271 - malformed parents or height refuse before any writer mutation
  ---
  duration_ms: 2.1736
  type: 'test'
  ...
# Subtest: isolated global/CommonJS expose only the frozen pure woodland API
ok 272 - isolated global/CommonJS expose only the frozen pure woodland API
  ---
  duration_ms: 2.4487
  type: 'test'
  ...
# Subtest: ten actual parents receive deterministic mixed canopy within the total budget
ok 273 - ten actual parents receive deterministic mixed canopy within the total budget
  ---
  duration_ms: 4.5787
  type: 'test'
  ...
# Subtest: every actual mesh/basis is finite, positive and parent-tagged without new camera/body authority
ok 274 - every actual mesh/basis is finite, positive and parent-tagged without new camera/body authority
  ---
  duration_ms: 53.026
  type: 'test'
  ...
# Subtest: actual bark faces intersect the unchanged trunk while low roots stay supported and close
ok 275 - actual bark faces intersect the unchanged trunk while low roots stay supported and close
  ---
  duration_ms: 6.1126
  type: 'test'
  ...
# Subtest: rising branches meet the trunk, timber grain endpoints and opaque crown volumes
ok 276 - rising branches meet the trunk, timber grain endpoints and opaque crown volumes
  ---
  duration_ms: 4.9791
  type: 'test'
  ...
# Subtest: upper and lower crown meshes overlap into coherent crowns at the CPU rest pose
ok 277 - upper and lower crown meshes overlap into coherent crowns at the CPU rest pose
  ---
  duration_ms: 1.0913
  type: 'test'
  ...
# Subtest: all route full-body envelopes stay clear including conservative crown wind bounds
ok 278 - all route full-body envelopes stay clear including conservative crown wind bounds
  ---
  duration_ms: 38.2535
  type: 'test'
  ...
# Subtest: high opaque art clears a full actor and canopy spread stays bounded by actual parents
ok 279 - high opaque art clears a full actor and canopy spread stays bounded by actual parents
  ---
  duration_ms: 37.4351
  type: 'test'
  ...
# Subtest: reserved wind envelope matches current source path and only foliage opts in
ok 280 - reserved wind envelope matches current source path and only foliage opts in
  ---
  duration_ms: 1.7169
  type: 'test'
  ...
# Subtest: parent and supplied-height changes move every part without hard-coded coordinates
ok 281 - parent and supplied-height changes move every part without hard-coded coordinates
  ---
  duration_ms: 1.8045
  type: 'test'
  ...
# Subtest: decorate appends only fresh geometry and never reads simulation/progression
ok 282 - decorate appends only fresh geometry and never reads simulation/progression
  ---
  duration_ms: 4.7679
  type: 'test'
  ...
# Subtest: missing/duplicate/malformed parents or unsupported heights refuse before writer mutation
ok 283 - missing/duplicate/malformed parents or unsupported heights refuse before writer mutation
  ---
  duration_ms: 7.9793
  type: 'test'
  ...
# Subtest: selected real-time strike and recovery status retain their actual timer without writes
ok 284 - selected real-time strike and recovery status retain their actual timer without writes
  ---
  duration_ms: 18.6644
  type: 'test'
  ...
# Subtest: owner-aware warning charge
ok 285 - owner-aware warning charge
  ---
  duration_ms: 0.969
  type: 'test'
  ...
# Subtest: owner-aware warning bell-outer
ok 286 - owner-aware warning bell-outer
  ---
  duration_ms: 9.2593
  type: 'test'
  ...
# Subtest: owner-aware warning bell-inner
ok 287 - owner-aware warning bell-inner
  ---
  duration_ms: 1.0801
  type: 'test'
  ...
# Subtest: owner-aware warning ward
ok 288 - owner-aware warning ward
  ---
  duration_ms: 0.8107
  type: 'test'
  ...
# Subtest: owner-aware warning strike
ok 289 - owner-aware warning strike
  ---
  duration_ms: 0.6291
  type: 'test'
  ...
# Subtest: active charge is untimed and distinct from its preceding warning and later opening
ok 290 - active charge is untimed and distinct from its preceding warning and later opening
  ---
  duration_ms: 0.7656
  type: 'test'
  ...
# Subtest: clears cue at idle
ok 291 - clears cue at idle
  ---
  duration_ms: 0.7695
  type: 'test'
  ...
# Subtest: clears cue at pursue
ok 292 - clears cue at pursue
  ---
  duration_ms: 1.25
  type: 'test'
  ...
# Subtest: clears cue at return
ok 293 - clears cue at return
  ---
  duration_ms: 0.5217
  type: 'test'
  ...
# Subtest: clears cue at practice
ok 294 - clears cue at practice
  ---
  duration_ms: 0.4281
  type: 'test'
  ...
# Subtest: clears cue at hidden
ok 295 - clears cue at hidden
  ---
  duration_ms: 0.3511
  type: 'test'
  ...
# Subtest: clears cue at defeated
ok 296 - clears cue at defeated
  ---
  duration_ms: 0.3604
  type: 'test'
  ...
# Subtest: clears cue at unselected
ok 297 - clears cue at unselected
  ---
  duration_ms: 0.3248
  type: 'test'
  ...
# Subtest: clears cue at far
ok 298 - clears cue at far
  ---
  duration_ms: 0.354
  type: 'test'
  ...
# Subtest: clears cue at paused
ok 299 - clears cue at paused
  ---
  duration_ms: 0.3305
  type: 'test'
  ...
# Subtest: clears cue at dead-player
ok 300 - clears cue at dead-player
  ---
  duration_ms: 0.3533
  type: 'test'
  ...
# Subtest: clears cue at noncombat
ok 301 - clears cue at noncombat
  ---
  duration_ms: 0.3778
  type: 'test'
  ...
# Subtest: clears cue at invalid-timer
ok 302 - clears cue at invalid-timer
  ---
  duration_ms: 0.3036
  type: 'test'
  ...
# Subtest: clears cue at expired-timer
ok 303 - clears cue at expired-timer
  ---
  duration_ms: 0.3633
  type: 'test'
  ...
# Subtest: clears cue at unknown-ring
ok 304 - clears cue at unknown-ring
  ---
  duration_ms: 0.5664
  type: 'test'
  ...
# Subtest: clears cue at missing-aim
ok 305 - clears cue at missing-aim
  ---
  duration_ms: 0.3227
  type: 'test'
  ...
# Subtest: clears cue at unknown-charge
ok 306 - clears cue at unknown-charge
  ---
  duration_ms: 0.2764
  type: 'test'
  ...
# Subtest: clears cue at unknown-owner
ok 307 - clears cue at unknown-owner
  ---
  duration_ms: 0.2931
  type: 'test'
  ...
# Subtest: clears cue at invalid-event-kind
ok 308 - clears cue at invalid-event-kind
  ---
  duration_ms: 0.3259
  type: 'test'
  ...
# Subtest: clears cue at invalid-bell-kind
ok 309 - clears cue at invalid-bell-kind
  ---
  duration_ms: 0.2855
  type: 'test'
  ...
# Subtest: opening cue never promises weapon readiness across reach, stamina or obstruction
ok 310 - opening cue never promises weapon readiness across reach, stamina or obstruction
  ---
  duration_ms: 0.9295
  type: 'test'
  ...
# Subtest: blade anticipates then repeatedly hits at its actual cadence, without walking
ok 311 - blade anticipates then repeatedly hits at its actual cadence, without walking
  ---
  duration_ms: 41.6753
  type: 'test'
  ...
# Subtest: bow anticipates then repeatedly hits at its actual cadence, without walking
ok 312 - bow anticipates then repeatedly hits at its actual cadence, without walking
  ---
  duration_ms: 9.6924
  type: 'test'
  ...
# Subtest: pending attack cancels on stop
ok 313 - pending attack cancels on stop
  ---
  duration_ms: 1.585
  type: 'test'
  ...
# Subtest: pending attack cancels on range
ok 314 - pending attack cancels on range
  ---
  duration_ms: 1.1778
  type: 'test'
  ...
# Subtest: pending attack cancels on target
ok 315 - pending attack cancels on target
  ---
  duration_ms: 1.4934
  type: 'test'
  ...
# Subtest: pending attack cancels on pause
ok 316 - pending attack cancels on pause
  ---
  duration_ms: 0.8794
  type: 'test'
  ...
# Subtest: pending attack cancels on death
ok 317 - pending attack cancels on death
  ---
  duration_ms: 1.8974
  type: 'test'
  ...
# Subtest: blocked arrow has no confirmed hit number or hit reaction
ok 318 - blocked arrow has no confirmed hit number or hit reaction
  ---
  duration_ms: 1.476
  type: 'test'
  ...
# Subtest: projectile that misses moving target cannot create confirmed feedback
ok 319 - projectile that misses moving target cannot create confirmed feedback
  ---
  duration_ms: 30.1387
  type: 'test'
  ...
# Subtest: confirmed hit stamps the damaged target once and scene change clears transient feedback
ok 320 - confirmed hit stamps the damaged target once and scene change clears transient feedback
  ---
  duration_ms: 3.0551
  type: 'test'
  ...
# Subtest: isolated browser global and CommonJS expose the same bounded pure API
ok 321 - isolated browser global and CommonJS expose the same bounded pure API
  ---
  duration_ms: 3.6106
  type: 'test'
  ...
# Subtest: gait phase follows actual displacement and is independent of sampling subdivision/speed
ok 322 - gait phase follows actual displacement and is independent of sampling subdivision/speed
  ---
  duration_ms: 0.7442
  type: 'test'
  ...
# Subtest: stationary blocked intent cannot trot and stopping settles without advancing stride
ok 323 - stationary blocked intent cannot trot and stopping settles without advancing stride
  ---
  duration_ms: 0.8445
  type: 'test'
  ...
# Subtest: repeated samples and long pauses preserve the full pose; paused travel is consumed
ok 324 - repeated samples and long pauses preserve the full pose; paused travel is consumed
  ---
  duration_ms: 3.4901
  type: 'test'
  ...
# Subtest: scene, teleport and clock discontinuities reset gait without mutating previous samples
ok 325 - scene, teleport and clock discontinuities reset gait without mutating previous samples
  ---
  duration_ms: 0.3445
  type: 'test'
  ...
# Subtest: injured unbonded Briar is completely still and has no bond collar
ok 326 - injured unbonded Briar is completely still and has no bond collar
  ---
  duration_ms: 0.8888
  type: 'test'
  ...
# Subtest: reduced motion retains all four essential legs while suppressing time-driven secondary drift
ok 327 - reduced motion retains all four essential legs while suppressing time-driven secondary drift
  ---
  duration_ms: 0.3994
  type: 'test'
  ...
# Subtest: diagonal trot has visible clearance, fixed leg lengths and no paw below supplied ground
ok 328 - diagonal trot has visible clearance, fixed leg lengths and no paw below supplied ground
  ---
  duration_ms: 2925.715
  type: 'test'
  ...
# Subtest: actual bone transforms meet shared joints through every authored pose and placement
ok 329 - actual bone transforms meet shared joints through every authored pose and placement
  ---
  duration_ms: 23.3474
  type: 'test'
  ...
# Subtest: tail segments overlap at shared anchors and cream tip remains attached
ok 330 - tail segments overlap at shared anchors and cream tip remains attached
  ---
  duration_ms: 5.2958
  type: 'test'
  ...
# Subtest: familiar teal collar touches the neck and head details stay in a shared articulated frame
ok 331 - familiar teal collar touches the neck and head details stay in a shared articulated frame
  ---
  duration_ms: 2.2558
  type: 'test'
  ...
# Subtest: inner ear patches stay on and within the actual outer-ear front facets
ok 332 - inner ear patches stay on and within the actual outer-ear front facets
  ---
  duration_ms: 17.8122
  type: 'test'
  ...
# Subtest: all actual mesh transforms are finite, positive and bounded for all part kinds
ok 333 - all actual mesh transforms are finite, positive and bounded for all part kinds
  ---
  duration_ms: 562.108
  type: 'test'
  ...
# Subtest: pure pose/draw never changes placement, motion, supplied state or existing output entries
ok 334 - pure pose/draw never changes placement, motion, supplied state or existing output entries
  ---
  duration_ms: 1.4012
  type: 'test'
  ...
# Subtest: invalid or mismatched actual placement refuses before any partial draw
ok 335 - invalid or mismatched actual placement refuses before any partial draw
  ---
  duration_ms: 0.7345
  type: 'test'
  ...
# Subtest: fresh world is valid and round trips
ok 336 - fresh world is valid and round trips
  ---
  duration_ms: 9.8174
  type: 'test'
  ...
# Subtest: seeded world decoration is repeatable
ok 337 - seeded world decoration is repeatable
  ---
  duration_ms: 0.3983
  type: 'test'
  ...
# Subtest: water and nonfinite ground are not walkable
ok 338 - water and nonfinite ground are not walkable
  ---
  duration_ms: 0.1839
  type: 'test'
  ...
# Subtest: buildings and the spring are obstacles
ok 339 - buildings and the spring are obstacles
  ---
  duration_ms: 0.1543
  type: 'test'
  ...
# Subtest: every landmark has walkable admission
ok 340 - every landmark has walkable admission
  ---
  duration_ms: 0.2917
  type: 'test'
  ...
# Subtest: all 121 landmark routes exist and sampled segments avoid obstacles
ok 341 - all 121 landmark routes exist and sampled segments avoid obstacles
  ---
  duration_ms: 3041.6488
  type: 'test'
  ...
# Subtest: click movement arrives without overshooting
ok 342 - click movement arrives without overshooting
  ---
  duration_ms: 38.6791
  type: 'test'
  ...
# Subtest: manual motion is bounded at terrain edge
ok 343 - manual motion is bounded at terrain edge
  ---
  duration_ms: 19.0851
  type: 'test'
  ...
# Subtest: invalid move does not replace current route
ok 344 - invalid move does not replace current route
  ---
  duration_ms: 1.014
  type: 'test'
  ...
# Subtest: invalid tick cannot corrupt time
ok 345 - invalid tick cannot corrupt time
  ---
  duration_ms: 0.8127
  type: 'test'
  ...
# Subtest: pause stops simulation
ok 346 - pause stops simulation
  ---
  duration_ms: 19.6203
  type: 'test'
  ...
# Subtest: time flow setting stops only the clock
ok 347 - time flow setting stops only the clock
  ---
  duration_ms: 6.4275
  type: 'test'
  ...
# Subtest: day rolls over with a new event
ok 348 - day rolls over with a new event
  ---
  duration_ms: 63.0919
  type: 'test'
  ...
# Subtest: all three share home during supper
ok 349 - all three share home during supper
  ---
  duration_ms: 0.2348
  type: 'test'
  ...
# Subtest: daytime projects have different destinations
ok 350 - daytime projects have different destinations
  ---
  duration_ms: 0.1491
  type: 'test'
  ...
# Subtest: routines travel to the shared house
ok 351 - routines travel to the shared house
  ---
  duration_ms: 59.1078
  type: 'test'
  ...
# Subtest: enter requires proximity
ok 352 - enter requires proximity
  ---
  duration_ms: 0.6735
  type: 'test'
  ...
# Subtest: enter, save and leave preserve outside position
ok 353 - enter, save and leave preserve outside position
  ---
  duration_ms: 13.6361
  type: 'test'
  ...
# Subtest: interior table and walls collide
ok 354 - interior table and walls collide
  ---
  duration_ms: 0.7341
  type: 'test'
  ...
# Subtest: non-interior locations cannot be entered
ok 355 - non-interior locations cannot be entered
  ---
  duration_ms: 0.9117
  type: 'test'
  ...
# Subtest: planting requires being in the garden
ok 356 - planting requires being in the garden
  ---
  duration_ms: 0.8151
  type: 'test'
  ...
# Subtest: twelve flowers are bounded and recoverable
ok 357 - twelve flowers are bounded and recoverable
  ---
  duration_ms: 8.625
  type: 'test'
  ...
# Subtest: duplicate accepted command does not duplicate a note
ok 358 - duplicate accepted command does not duplicate a note
  ---
  duration_ms: 0.7744
  type: 'test'
  ...
# Subtest: same id with changed payload conflicts
ok 359 - same id with changed payload conflicts
  ---
  duration_ms: 0.7338
  type: 'test'
  ...
# Subtest: duplicate refusal remains refusal
ok 360 - duplicate refusal remains refusal
  ---
  duration_ms: 5.1752
  type: 'test'
  ...
# Subtest: notes are data, not markup
ok 361 - notes are data, not markup
  ---
  duration_ms: 0.5159
  type: 'test'
  ...
# Subtest: notebook enforces length and capacity
ok 362 - notebook enforces length and capacity
  ---
  duration_ms: 0.4834
  type: 'test'
  ...
# Subtest: authored conversation records encounter without a network request
ok 363 - authored conversation records encounter without a network request
  ---
  duration_ms: 0.4425
  type: 'test'
  ...
# Subtest: unknown resident is rejected
ok 364 - unknown resident is rejected
  ---
  duration_ms: 0.2667
  type: 'test'
  ...
# Subtest: journal retains 200 ordered entries
ok 365 - journal retains 200 ordered entries
  ---
  duration_ms: 0.9929
  type: 'test'
  ...
# Subtest: save and load accept acknowledged storage
ok 366 - save and load accept acknowledged storage
  ---
  duration_ms: 1.5111
  type: 'test'
  ...
# Subtest: quota refusal is not a saved success
ok 367 - quota refusal is not a saved success
  ---
  duration_ms: 0.6711
  type: 'test'
  ...
# Subtest: corrupt storage is preserved rather than overwritten on load
ok 368 - corrupt storage is preserved rather than overwritten on load
  ---
  duration_ms: 0.226
  type: 'test'
  ...
# Subtest: import rejects invalid locations and malformed versions
ok 369 - import rejects invalid locations and malformed versions
  ---
  duration_ms: 0.7307
  type: 'test'
  ...
# Subtest: import roster is exact and extra prototype properties are discarded
ok 370 - import roster is exact and extra prototype properties are discarded
  ---
  duration_ms: 0.67
  type: 'test'
  ...
# Subtest: import cannot enable audio and rejects invalid event sequence
ok 371 - import cannot enable audio and rejects invalid event sequence
  ---
  duration_ms: 0.4934
  type: 'test'
  ...
# Subtest: both ground approaches connect arrival to occupied observatory with radius clearance
ok 372 - both ground approaches connect arrival to occupied observatory with radius clearance
  ---
  duration_ms: 175.2179
  type: 'test'
  ...
# Subtest: entry saves the exact source before changing scenes, and reload returns to that source
ok 373 - entry saves the exact source before changing scenes, and reload returns to that source
  ---
  duration_ms: 57.0388
  type: 'test'
  ...
# Subtest: a failed save or unavailable scene refuses travel atomically
ok 374 - a failed save or unavailable scene refuses travel atomically
  ---
  duration_ms: 3.6313
  type: 'test'
  ...
# Subtest: stale character, revision, simulation, position and cancelled tickets cannot enter
ok 375 - stale character, revision, simulation, position and cancelled tickets cannot enter
  ---
  duration_ms: 1.6155
  type: 'test'
  ...
# Subtest: scene build failure restores the source and a consumed ticket cannot retry
ok 376 - scene build failure restores the source and a consumed ticket cannot retry
  ---
  duration_ms: 1.8409
  type: 'test'
  ...
# Subtest: fall recovery recalls to safe ground and normal return works from the far end
ok 377 - fall recovery recalls to safe ground and normal return works from the far end
  ---
  duration_ms: 1.8308
  type: 'test'
  ...
# Subtest: height-aware ray picks real support and refuses sky, the ridge and cover
ok 378 - height-aware ray picks real support and refuses sky, the ridge and cover
  ---
  duration_ms: 57.4604
  type: 'test'
  ...
# Subtest: manual walking slides along boundaries without crossing unsupported corner segments
ok 379 - manual walking slides along boundaries without crossing unsupported corner segments
  ---
  duration_ms: 18.6475
  type: 'test'
  ...
# Subtest: all original scores have bounded notes and serialize exactly
ok 380 - all original scores have bounded notes and serialize exactly
  ---
  duration_ms: 3.0825
  type: 'test'
  ...
# Subtest: tempo, voice, dimensions and boolean impostors rejected
ok 381 - tempo, voice, dimensions and boolean impostors rejected
  ---
  duration_ms: 0.6098
  type: 'test'
  ...
# Subtest: scores discard imported authority and execution fields
ok 382 - scores discard imported authority and execution fields
  ---
  duration_ms: 0.2199
  type: 'test'
  ...
# Subtest: unknown composition does not silently substitute another
ok 383 - unknown composition does not silently substitute another
  ---
  duration_ms: 1.2376
  type: 'test'
  ...
# Subtest: score revision compare-and-swap refuses stale changes atomically
ok 384 - score revision compare-and-swap refuses stale changes atomically
  ---
  duration_ms: 9.7151
  type: 'test'
  ...
# Subtest: accepted score edit increments revision and survives cold reconstruction
ok 385 - accepted score edit increments revision and survives cold reconstruction
  ---
  duration_ms: 2.3327
  type: 'test'
  ...
# Subtest: invalid score command does not partially change title or revision
ok 386 - invalid score command does not partially change title or revision
  ---
  duration_ms: 1.9943
  type: 'test'
  ...
# Subtest: duplicate score edit is not applied twice
ok 387 - duplicate score edit is not applied twice
  ---
  duration_ms: 0.5827
  type: 'test'
  ...
# Subtest: version-two import preserves old notes, flowers and user coordinates
ok 388 - version-two import preserves old notes, flowers and user coordinates
  ---
  duration_ms: 1.2118
  type: 'test'
  ...
# Subtest: legacy localStorage is read but never overwritten by a v3 save
ok 389 - legacy localStorage is read but never overwritten by a v3 save
  ---
  duration_ms: 2.907
  type: 'test'
  ...
# Subtest: corrupt v3 does not fall back to and overwrite an older save
ok 390 - corrupt v3 does not fall back to and overwrite an older save
  ---
  duration_ms: 0.3446
  type: 'test'
  ...
# Subtest: default retreat is schema-valid and entry is clear
ok 391 - default retreat is schema-valid and entry is clear
  ---
  duration_ms: 0.4164
  type: 'test'
  ...
# Subtest: new island is connected while the water alongside bridge is not walkable
ok 392 - new island is connected while the water alongside bridge is not walkable
  ---
  duration_ms: 40.101
  type: 'test'
  ...
# Subtest: all new destinations are reachable without jumping over obstacles
ok 393 - all new destinations are reachable without jumping over obstacles
  ---
  duration_ms: 110.9964
  type: 'test'
  ...
# Subtest: retreat opens, closes and saves the outside return position
ok 394 - retreat opens, closes and saves the outside return position
  ---
  duration_ms: 58.7269
  type: 'test'
  ...
# Subtest: placement is a real collision obstacle
ok 395 - placement is a real collision obstacle
  ---
  duration_ms: 0.2805
  type: 'test'
  ...
# Subtest: rotated furniture footprint rotates with the mesh contract
ok 396 - rotated furniture footprint rotates with the mesh contract
  ---
  duration_ms: 0.2043
  type: 'test'
  ...
# Subtest: rug is visible furniture but not a blocking volume
ok 397 - rug is visible furniture but not a blocking volume
  ---
  duration_ms: 0.1474
  type: 'test'
  ...
# Subtest: duplicate slots, unknown types, invalid rotations and palettes rejected
ok 398 - duplicate slots, unknown types, invalid rotations and palettes rejected
  ---
  duration_ms: 0.2876
  type: 'test'
  ...
# Subtest: edit, undo and redo retain monotonic layout revisions
ok 399 - edit, undo and redo retain monotonic layout revisions
  ---
  duration_ms: 0.6821
  type: 'test'
  ...
# Subtest: stale layout mutation leaves full state unchanged
ok 400 - stale layout mutation leaves full state unchanged
  ---
  duration_ms: 1.083
  type: 'test'
  ...
# Subtest: furniture cannot be placed on the visitor
ok 401 - furniture cannot be placed on the visitor
  ---
  duration_ms: 1.6041
  type: 'test'
  ...
# Subtest: every furniture kind in every slot preserves an entry escape route
ok 402 - every furniture kind in every slot preserves an entry escape route
  ---
  duration_ms: 4.1313
  type: 'test'
  ...
# Subtest: visitor appearance and exact name are exportable data
ok 403 - visitor appearance and exact name are exportable data
  ---
  duration_ms: 1.0971
  type: 'test'
  ...
# Subtest: invalid appearance refuses unknown indexes and does not mutate
ok 404 - invalid appearance refuses unknown indexes and does not mutate
  ---
  duration_ms: 1.3937
  type: 'test'
  ...
# Subtest: family gathering requires proximity to real stage
ok 405 - family gathering requires proximity to real stage
  ---
  duration_ms: 0.3424
  type: 'test'
  ...
# Subtest: gathering routes three inhabitants rather than teleporting
ok 406 - gathering routes three inhabitants rather than teleporting
  ---
  duration_ms: 30.6115
  type: 'test'
  ...
# Subtest: gathering expires and does not resume as a false persisted performance
ok 407 - gathering expires and does not resume as a false persisted performance
  ---
  duration_ms: 105.4547
  type: 'test'
  ...
# Subtest: event timing matches 16 eighth-notes and MIDI two-bar length
ok 408 - event timing matches 16 eighth-notes and MIDI two-bar length
  ---
  duration_ms: 0.6764
  type: 'test'
  ...
# Subtest: all voices synthesize finite stereo data and bounded peaks
ok 409 - all voices synthesize finite stereo data and bounded peaks
  ---
  duration_ms: 226.065
  type: 'test'
  ...
# Subtest: an empty score produces actual silence, not a hidden soundtrack
ok 410 - an empty score produces actual silence, not a hidden soundtrack
  ---
  duration_ms: 5.7797
  type: 'test'
  ...
# Subtest: synthesized output is reproducible for identical scores
ok 411 - synthesized output is reproducible for identical scores
  ---
  duration_ms: 81.706
  type: 'test'
  ...
# Subtest: different edited notes change actual rendered audio
ok 412 - different edited notes change actual rendered audio
  ---
  duration_ms: 114.2567
  type: 'test'
  ...
# Subtest: WAV header, byte length and final samples are correct
ok 413 - WAV header, byte length and final samples are correct
  ---
  duration_ms: 63.9735
  type: 'test'
  ...
# Subtest: WAV encoder refuses malformed or nonfinite channels
ok 414 - WAV encoder refuses malformed or nonfinite channels
  ---
  duration_ms: 0.533
  type: 'test'
  ...
# Subtest: MIDI has one type-zero track, valid length, tempo and end marker
ok 415 - MIDI has one type-zero track, valid length, tempo and end marker
  ---
  duration_ms: 11.6193
  type: 'test'
  ...
# Subtest: 09 save migrates without mutating original or losing chapters
ok 416 - 09 save migrates without mutating original or losing chapters
  ---
  duration_ms: 10.7935
  type: 'test'
  ...
# Subtest: new world has no free entry, equipment, attunement or chapter rewards
ok 417 - new world has no free entry, equipment, attunement or chapter rewards
  ---
  duration_ms: 0.4042
  type: 'test'
  ...
# Subtest: strict crossing save rejects wrongVersion
ok 418 - strict crossing save rejects wrongVersion
  ---
  duration_ms: 0.7398
  type: 'test'
  ...
# Subtest: strict crossing save rejects missingField
ok 419 - strict crossing save rejects missingField
  ---
  duration_ms: 0.4985
  type: 'test'
  ...
# Subtest: strict crossing save rejects nonbool
ok 420 - strict crossing save rejects nonbool
  ---
  duration_ms: 0.4398
  type: 'test'
  ...
# Subtest: strict crossing save rejects unvisitedAttune
ok 421 - strict crossing save rejects unvisitedAttune
  ---
  duration_ms: 0.3534
  type: 'test'
  ...
# Subtest: strict crossing save rejects unvisitedProject
ok 422 - strict crossing save rejects unvisitedProject
  ---
  duration_ms: 0.3022
  type: 'test'
  ...
# Subtest: strict crossing save rejects unknownProject
ok 423 - strict crossing save rejects unknownProject
  ---
  duration_ms: 0.2882
  type: 'test'
  ...
# Subtest: strict crossing save rejects duplicateProject
ok 424 - strict crossing save rejects duplicateProject
  ---
  duration_ms: 0.2753
  type: 'test'
  ...
# Subtest: strict crossing save rejects earlyRepair
ok 425 - strict crossing save rejects earlyRepair
  ---
  duration_ms: 0.3009
  type: 'test'
  ...
# Subtest: strict crossing save rejects earlyComplete
ok 426 - strict crossing save rejects earlyComplete
  ---
  duration_ms: 0.2552
  type: 'test'
  ...
# Subtest: strict crossing save rejects earlyReward
ok 427 - strict crossing save rejects earlyReward
  ---
  duration_ms: 0.2171
  type: 'test'
  ...
# Subtest: entry requires the defended beacon and actual gate location
ok 428 - entry requires the defended beacon and actual gate location
  ---
  duration_ms: 25.9684
  type: 'test'
  ...
# Subtest: entry resets target/auto and gives no items or health
ok 429 - entry resets target/auto and gives no items or health
  ---
  duration_ms: 3.4468
  type: 'test'
  ...
# Subtest: all named places, bells, encounter homes, clapper and entry are reachable
ok 430 - all named places, bells, encounter homes, clapper and entry are reachable
  ---
  duration_ms: 101.4579
  type: 'test'
  ...
# Subtest: buildings and outer bounds stop walking and arrows
ok 431 - buildings and outer bounds stop walking and arrows
  ---
  duration_ms: 0.4013
  type: 'test'
  ...
# Subtest: stream blocks walking except bridge but not travelling arrows
ok 432 - stream blocks walking except bridge but not travelling arrows
  ---
  duration_ms: 3.9265
  type: 'test'
  ...
# Subtest: outdoor construction and gathering cannot mutate village geography
ok 433 - outdoor construction and gathering cannot mutate village geography
  ---
  duration_ms: 6.7006
  type: 'test'
  ...
# Subtest: public forge is a true workbench; components cost actual material
ok 434 - public forge is a true workbench; components cost actual material
  ---
  duration_ms: 8.6254
  type: 'test'
  ...
# Subtest: meeting and clue require local proximity and are single claim
ok 435 - meeting and clue require local proximity and are single claim
  ---
  duration_ms: 20.1098
  type: 'test'
  ...
# Subtest: Briar search has real location, bond, follow and route prerequisites
ok 436 - Briar search has real location, bond, follow and route prerequisites
  ---
  duration_ms: 32.1568
  type: 'test'
  ...
# Subtest: manual close inspection works when Briar stays behind
ok 437 - manual close inspection works when Briar stays behind
  ---
  duration_ms: 5.8104
  type: 'test'
  ...
# Subtest: search pause keeps discovery and companion motion frozen
ok 438 - search pause keeps discovery and companion motion frozen
  ---
  duration_ms: 5.7282
  type: 'test'
  ...
# Subtest: new guardian uses distinct ring and circle impact rules
ok 439 - new guardian uses distinct ring and circle impact rules
  ---
  duration_ms: 10.5533
  type: 'test'
  ...
# Subtest: wide ring rewards entering center; next tell alternates to inner strike
ok 440 - wide ring rewards entering center; next tell alternates to inner strike
  ---
  duration_ms: 105.3639
  type: 'test'
  ...
# Subtest: new encounters are targetable and respond to real autoattack
ok 441 - new encounters are targetable and respond to real autoattack
  ---
  duration_ms: 21.9481
  type: 'test'
  ...
# Subtest: clear event caches pay the new roster once and persist separately
ok 442 - clear event caches pay the new roster once and persist separately
  ---
  duration_ms: 4.874
  type: 'test'
  ...
# Subtest: bell repair requires clapper and all three clearances
ok 443 - bell repair requires clapper and all three clearances
  ---
  duration_ms: 3.2954
  type: 'test'
  ...
# Subtest: wrong bell order restarts sequence without taking inventory
ok 444 - wrong bell order restarts sequence without taking inventory
  ---
  duration_ms: 5.3039
  type: 'test'
  ...
# Subtest: bell cannot be played remotely or faster than its cooldown
ok 445 - bell cannot be played remotely or faster than its cooldown
  ---
  duration_ms: 7.0235
  type: 'test'
  ...
# Subtest: three local ordered tones complete the bell but not the reward
ok 446 - three local ordered tones complete the bell but not the reward
  ---
  duration_ms: 7.9704
  type: 'test'
  ...
# Subtest: Rowan reward is atomic, local and cannot be duplicated
ok 447 - Rowan reward is atomic, local and cannot be duplicated
  ---
  duration_ms: 15.1312
  type: 'test'
  ...
# Subtest: free bell playing after completion cannot reset quest or pay loot
ok 448 - free bell playing after completion cannot reset quest or pay loot
  ---
  duration_ms: 6.212
  type: 'test'
  ...
# Subtest: tone entry is transient; repair, kills and clues survive reload
ok 449 - tone entry is transient; repair, kills and clues survive reload
  ---
  duration_ms: 3.7789
  type: 'test'
  ...
# Subtest: merchant exchanges fail cleanly when funds, quantities or scope fail
ok 450 - merchant exchanges fail cleanly when funds, quantities or scope fail
  ---
  duration_ms: 14.1045
  type: 'test'
  ...
# Subtest: merchant armor retains proper slot and does not heal on purchase/equip
ok 451 - merchant armor retains proper slot and does not heal on purchase/equip
  ---
  duration_ms: 4.0419
  type: 'test'
  ...
# Subtest: ore and berries exchange deduct exactly, overflow is refused
ok 452 - ore and berries exchange deduct exactly, overflow is refused
  ---
  duration_ms: 3.6555
  type: 'test'
  ...
# Subtest: inn restores actual vitals and denies service outside its porch
ok 453 - inn restores actual vitals and denies service outside its porch
  ---
  duration_ms: 4.3674
  type: 'test'
  ...
# Subtest: common works deduct actual materials once and preserve home layout
ok 454 - common works deduct actual materials once and preserve home layout
  ---
  duration_ms: 9.2861
  type: 'test'
  ...
# Subtest: commission failure leaves supplies and flags untouched
ok 455 - commission failure leaves supplies and flags untouched
  ---
  duration_ms: 30.8754
  type: 'test'
  ...
# Subtest: waystone needs discovery and physical origin, does not heal or charge
ok 456 - waystone needs discovery and physical origin, does not heal or charge
  ---
  duration_ms: 7.5478
  type: 'test'
  ...
# Subtest: unattuned village cannot be fast-travelled to
ok 457 - unattuned village cannot be fast-travelled to
  ---
  duration_ms: 3.0072
  type: 'test'
  ...
# Subtest: travel refuses active attack modes and beacon assault
ok 458 - travel refuses active attack modes and beacon assault
  ---
  duration_ms: 6.9889
  type: 'test'
  ...
# Subtest: ordinary departure is local and preserves progress
ok 459 - ordinary departure is local and preserves progress
  ---
  duration_ms: 4.4461
  type: 'test'
  ...
# Subtest: same command receipt cannot be repurposed or pay twice
ok 460 - same command receipt cannot be repurposed or pay twice
  ---
  duration_ms: 4.7291
  type: 'test'
  ...
# Subtest: defeat recovery preserves crossing facts and revives outside
ok 461 - defeat recovery preserves crossing facts and revives outside
  ---
  duration_ms: 8.8851
  type: 'test'
  ...
# Subtest: cutaway preference is persisted and old migration defaults on
ok 462 - cutaway preference is persisted and old migration defaults on
  ---
  duration_ms: 3.5279
  type: 'test'
  ...
# Subtest: Fenna retains exact supported rule-adjacent anchors and does not invent consent
ok 463 - Fenna retains exact supported rule-adjacent anchors and does not invent consent
  ---
  duration_ms: 33.6823
  type: 'test'
  ...
# Subtest: confirmed arrival alone opens the load, and payment cannot redraw or repay it
ok 464 - confirmed arrival alone opens the load, and payment cannot redraw or repay it
  ---
  duration_ms: 4.7391
  type: 'test'
  ...
# Subtest: bounded complete drover and cart transforms remain positive and finite
ok 465 - bounded complete drover and cart transforms remain positive and finite
  ---
  duration_ms: 311.4345
  type: 'test'
  ...
# Subtest: rope grasp shares the actual coil frame, with connected upper and lower arms
ok 466 - rope grasp shares the actual coil frame, with connected upper and lower arms
  ---
  duration_ms: 47.2523
  type: 'test'
  ...
# Subtest: feet and four cart wheel rims meet actual terrain at both existing sites
ok 467 - feet and four cart wheel rims meet actual terrain at both existing sites
  ---
  duration_ms: 1.6251
  type: 'test'
  ...
# Subtest: short cart shafts stay clear of the established gathering cloth approach
ok 468 - short cart shafts stay clear of the established gathering cloth approach
  ---
  duration_ms: 0.4042
  type: 'test'
  ...
# Subtest: cart shafts cannot pass through Fenna at either existing waiting or delivered stance
ok 469 - cart shafts cannot pass through Fenna at either existing waiting or delivered stance
  ---
  duration_ms: 9.1997
  type: 'test'
  ...
# Subtest: sampling has no hidden clock, and reduced motion holds a connected complete pose
ok 470 - sampling has no hidden clock, and reduced motion holds a connected complete pose
  ---
  duration_ms: 9.0489
  type: 'test'
  ...
# Subtest: entry requires resolved delivery and physical field table; unpaid arrival is eligible
ok 471 - entry requires resolved delivery and physical field table; unpaid arrival is eligible
  ---
  duration_ms: 25.5068
  type: 'test'
  ...
# Subtest: table and all marks have real connected, walkable approaches
ok 472 - table and all marks have real connected, walkable approaches
  ---
  duration_ms: 279.9881
  type: 'test'
  ...
# Subtest: no pre-accept backfill; each accepted physical observation occurs once
ok 473 - no pre-accept backfill; each accepted physical observation occurs once
  ---
  duration_ms: 5.5473
  type: 'test'
  ...
# Subtest: table comparison rejects missing clues, obstructed or distant approach and malformed bearings atomically
ok 474 - table comparison rejects missing clues, obstructed or distant approach and malformed bearings atomically
  ---
  duration_ms: 11.2289
  type: 'test'
  ...
# Subtest: axis 0 and honest old-road preserve every reward and earlier system
ok 475 - axis 0 and honest old-road preserve every reward and earlier system
  ---
  duration_ms: 4.9121
  type: 'test'
  ...
# Subtest: axis 0 and honest waterworks preserve every reward and earlier system
ok 476 - axis 0 and honest waterworks preserve every reward and earlier system
  ---
  duration_ms: 5.6946
  type: 'test'
  ...
# Subtest: axis 180 and honest old-road preserve every reward and earlier system
ok 477 - axis 180 and honest old-road preserve every reward and earlier system
  ---
  duration_ms: 5.362
  type: 'test'
  ...
# Subtest: axis 180 and honest waterworks preserve every reward and earlier system
ok 478 - axis 180 and honest waterworks preserve every reward and earlier system
  ---
  duration_ms: 5.6644
  type: 'test'
  ...
# Subtest: each accepted, partly observed, compared and recorded stage survives reload
ok 479 - each accepted, partly observed, compared and recorded stage survives reload
  ---
  duration_ms: 6.4756
  type: 'test'
  ...
# Subtest: schema8 migration preserves unpaid delivery and all prior fields at XP boundaries without changing input
ok 480 - schema8 migration preserves unpaid delivery and all prior fields at XP boundaries without changing input
  ---
  duration_ms: 9.6798
  type: 'test'
  ...
# Subtest: missing, future, unknown and inconsistent notes refuse without erasing state
ok 481 - missing, future, unknown and inconsistent notes refuse without erasing state
  ---
  duration_ms: 6.4153
  type: 'test'
  ...
# Subtest: array-coerced interpretation cannot masquerade as a stable ID in a completed save
ok 482 - array-coerced interpretation cannot masquerade as a stable ID in a completed save
  ---
  duration_ms: 0.918
  type: 'test'
  ...
# Subtest: inspection and declined job create no progress; acceptance needs kit and proximity
ok 483 - inspection and declined job create no progress; acceptance needs kit and proximity
  ---
  duration_ms: 37.9881
  type: 'test'
  ...
# Subtest: every task uses supported reachable Earth ground
ok 484 - every task uses supported reachable Earth ground
  ---
  duration_ms: 1338.4067
  type: 'test'
  ...
# Subtest: mill prerequisites and timber cost are atomic and charged once
ok 485 - mill prerequisites and timber cost are atomic and charged once
  ---
  duration_ms: 4.0736
  type: 'test'
  ...
# Subtest: mill completes with one finite payout and no gear, XP or chapter changes
ok 486 - mill completes with one finite payout and no gear, XP or chapter changes
  ---
  duration_ms: 31.9793
  type: 'test'
  ...
# Subtest: quarry completes with one finite payout and no gear, XP or chapter changes
ok 487 - quarry completes with one finite payout and no gear, XP or chapter changes
  ---
  duration_ms: 2.4633
  type: 'test'
  ...
# Subtest: detour completes with one finite payout and no gear, XP or chapter changes
ok 488 - detour completes with one finite payout and no gear, XP or chapter changes
  ---
  duration_ms: 11.8814
  type: 'test'
  ...
# Subtest: quarry and detour never consume personal materials; both observations precede lane marking
ok 489 - quarry and detour never consume personal materials; both observations precede lane marking
  ---
  duration_ms: 1.6341
  type: 'test'
  ...
# Subtest: full ore refuses entire payout and preserves completed entitlement
ok 490 - full ore refuses entire payout and preserves completed entitlement
  ---
  duration_ms: 10.0733
  type: 'test'
  ...
# Subtest: full coins refuses entire payout and preserves completed entitlement
ok 491 - full coins refuses entire payout and preserves completed entitlement
  ---
  duration_ms: 11.5751
  type: 'test'
  ...
# Subtest: full fiber refuses entire payout and preserves completed entitlement
ok 492 - full fiber refuses entire payout and preserves completed entitlement
  ---
  duration_ms: 2.4474
  type: 'test'
  ...
# Subtest: all durable stages survive canonical reload with no implicit rewards or reacceptance
ok 493 - all durable stages survive canonical reload with no implicit rewards or reacceptance
  ---
  duration_ms: 7.8684
  type: 'test'
  ...
# Subtest: schema7 migration preserves banked XP and every older canonical field without mutating input
ok 494 - schema7 migration preserves banked XP and every older canonical field without mutating input
  ---
  duration_ms: 7.5278
  type: 'test'
  ...
# Subtest: current-schema missing, future and inconsistent story state refuses instead of erasing
ok 495 - current-schema missing, future and inconsistent story state refuses instead of erasing
  ---
  duration_ms: 7.9751
  type: 'test'
  ...
# Subtest: other improvements remain available after claim without replaying delivery or payment
ok 496 - other improvements remain available after claim without replaying delivery or payment
  ---
  duration_ms: 1.7269
  type: 'test'
  ...
# Subtest: new trail marker does not steal the existing Lantern Pier interaction radius
ok 497 - new trail marker does not steal the existing Lantern Pier interaction radius
  ---
  duration_ms: 10.1063
  type: 'test'
  ...
# Subtest: orchard and ridge approaches connect the lake to Bellweather west road
ok 498 - orchard and ridge approaches connect the lake to Bellweather west road
  ---
  duration_ms: 210.8158
  type: 'test'
  ...
# Subtest: entry saves exact lake checkpoint and transient Earth room never becomes persisted position
ok 499 - entry saves exact lake checkpoint and transient Earth room never becomes persisted position
  ---
  duration_ms: 35.4271
  type: 'test'
  ...
# Subtest: travel refusal and scene failure are atomic
ok 500 - travel refusal and scene failure are atomic
  ---
  duration_ms: 4.1534
  type: 'test'
  ...
# Subtest: stale character, revision, position and cancellation cannot enter
ok 501 - stale character, revision, position and cancellation cannot enter
  ---
  duration_ms: 1.6198
  type: 'test'
  ...
# Subtest: fall recovery uses supported entry and return works from the far road
ok 502 - fall recovery uses supported entry and return works from the far road
  ---
  duration_ms: 2.996
  type: 'test'
  ...
# Subtest: height-aware surface pick accepts ground and refuses watercourse, solids and sky
ok 503 - height-aware surface pick accepts ground and refuses watercourse, solids and sky
  ---
  duration_ms: 26.5725
  type: 'test'
  ...
# Subtest: manual movement slides without crossing unsupported segments
ok 504 - manual movement slides without crossing unsupported segments
  ---
  duration_ms: 18.2779
  type: 'test'
  ...
# Subtest: the grounded brute pursues outside its short physical sweep instead of striking remotely
ok 505 - the grounded brute pursues outside its short physical sweep instead of striking remotely
  ---
  duration_ms: 20.4463
  type: 'test'
  ...
# Subtest: warning locks the physical lane; turning and moving later cannot chase the target
ok 506 - warning locks the physical lane; turning and moving later cannot chase the target
  ---
  duration_ms: 13.3545
  type: 'test'
  ...
# Subtest: contact hits inside the locked lane exactly once, Brace halves actual damage
ok 507 - contact hits inside the locked lane exactly once, Brace halves actual damage
  ---
  duration_ms: 33.0947
  type: 'test'
  ...
# Subtest: the full warning has no early contact and the full recovery remains an attack-free opening
ok 508 - the full warning has no early contact and the full recovery remains an attack-free opening
  ---
  duration_ms: 12.8188
  type: 'test'
  ...
# Subtest: footprint rotates in world space, includes body edge and excludes sides/rear/far
ok 509 - footprint rotates in world space, includes body edge and excludes sides/rear/far
  ---
  duration_ms: 1.0913
  type: 'test'
  ...
# Subtest: only exact accepted encounter identities use a bank sweep, generic sentinels keep their owner
ok 510 - only exact accepted encounter identities use a bank sweep, generic sentinels keep their owner
  ---
  duration_ms: 0.8713
  type: 'test'
  ...
# Subtest: pause freezes warning and damage; returning/free-home removes transient strike
ok 511 - pause freezes warning and damage; returning/free-home removes transient strike
  ---
  duration_ms: 1.5148
  type: 'test'
  ...
# Subtest: selected threat names the actual sweep and recovery without writing progression
ok 512 - selected threat names the actual sweep and recovery without writing progression
  ---
  duration_ms: 6.3361
  type: 'test'
  ...
# Subtest: a real wall blocks contact even when the player body lies within the sweep
ok 513 - a real wall blocks contact even when the player body lies within the sweep
  ---
  duration_ms: 1.8735
  type: 'test'
  ...
# Subtest: visible warning follows locked frame; reduced motion keeps the complete rectangle and no moving deadline
ok 514 - visible warning follows locked frame; reduced motion keeps the complete rectangle and no moving deadline
  ---
  duration_ms: 0.8819
  type: 'test'
  ...
# Subtest: saved clearance stages only the first brace; a new patrol does not inherit a cleared inspection tag
ok 515 - saved clearance stages only the first brace; a new patrol does not inherit a cleared inspection tag
  ---
  duration_ms: 1.7412
  type: 'test'
  ...
# Subtest: refused actual defeat saves leave no clearance or supplied kit and can be retried
ok 516 - refused actual defeat saves leave no clearance or supplied kit and can be retried
  ---
  duration_ms: 3.6676
  type: 'test'
  ...
# PASS deep-frozen finite catalogue and branch allocations
# PASS stable finite IDs, physical anchors, and required ordered DAG
# PASS only optional missing world ledger migrates to fresh
# PASS all story subsets enforce real prerequisites, allocation, acceptance and claim
# PASS patrol accepted identity is exactly lastClaim plus one and follows its own DAG
# PASS progress exposes only reachable next actions and both physical choices without mutation
# PASS required binding validates canonical owned weapons, exact shape and paired nulls
# PASS bonus follows selected equipped weapon and never mutates HP, sockets or old fittings
# PASS enemy catalogue is accepted-phase/run-qualified and never a legacy payout
# PASS Core contract either fails closed before integration or saves before live adoption
# PASS real Core migrates Adventure11 only and rejects missing/current/future/crossfield records
# PASS real integrated anchor support and objective-to-giver production paths
# PASS accepted physical actions enforce kit, realm, proximity, branch and DAG
# PASS complete payment capacity rejects every overflowing currency/material before saver
# PASS successful physical work confirms the completed action and keeps payment unclaimed
# PASS ready payment survives refused and throwing durable savers, then cap-bound XP pays zero once
# PASS defeat requires actual accepted actor identity and zero HP; refused death recovers one HP
# PASS same-room accepted roster changes preserve actual live HP, projectiles and combat state
# PASS patrol stale accept/step/claim cannot start or pay a different run
# PASS binding costs/once-only/owned station/health and equipment state are atomic
# {"status":"passed","checks":20,"method":"pure schema/topology/bonus and explicitly labelled adversarial fixtures; physical production journey separate"}
# Subtest: D:\\07-GAMES\\Firstlight\\authoring\\bridge-moment\\tests\\earth_expedition.test.cjs
ok 27 - D:\\07-GAMES\\Firstlight\\authoring\\bridge-moment\\tests\\earth_expedition.test.cjs
  ---
  duration_ms: 2765.6447
  type: 'test'
  ...
# Subtest: installed brace actually contacts the east wall outer face and clears the open passage
ok 518 - installed brace actually contacts the east wall outer face and clears the open passage
  ---
  duration_ms: 6.6046
  type: 'test'
  ...
# Subtest: delivered boards rest on the real glade rack and stack without unsupported gaps
ok 519 - delivered boards rest on the real glade rack and stack without unsupported gaps
  ---
  duration_ms: 152.6479
  type: 'test'
  ...
# Subtest: managed allocation material rests on ground and connects its prepared bands
ok 520 - managed allocation material rests on ground and connects its prepared bands
  ---
  duration_ms: 37.2769
  type: 'test'
  ...
# Subtest: both shape-valid allocation histories project only their recorded steps and explicit claim
ok 521 - both shape-valid allocation histories project only their recorded steps and explicit claim
  ---
  duration_ms: 27.6917
  type: 'test'
  ...
# Subtest: worksite actual mesh stays supported and full-body routes/choice/work/foe anchors remain clear
ok 522 - worksite actual mesh stays supported and full-body routes/choice/work/foe anchors remain clear
  ---
  duration_ms: 533.9001
  type: 'test'
  ...
# Subtest: grounded board/posts and shallow readable record layers keep connected construction
ok 523 - grounded board/posts and shallow readable record layers keep connected construction
  ---
  duration_ms: 2.0195
  type: 'test'
  ...
# Subtest: actual static caller emits coalesced floor, unchanged seventy banks and one box per physical solid
ok 524 - actual static caller emits coalesced floor, unchanged seventy banks and one box per physical solid
  ---
  duration_ms: 246.8928
  type: 'test'
  ...
# Subtest: worn path quads use actual support and undergrowth intersects soil without blocking bodies
ok 525 - worn path quads use actual support and undergrowth intersects soil without blocking bodies
  ---
  duration_ms: 744.1831
  type: 'test'
  ...
# Subtest: binding attaches to actual production rig across every weapon/carry/combat/reduced-motion phase and preserves older parts
ok 526 - binding attaches to actual production rig across every weapon/carry/combat/reduced-motion phase and preserves older parts
  ---
  duration_ms: 3029.249
  type: 'test'
  ...
# Subtest: binding presentation belongs only to an actual selected owned item, never another character or equipped item
ok 527 - binding presentation belongs only to an actual selected owned item, never another character or equipped item
  ---
  duration_ms: 1.4755
  type: 'test'
  ...
# Subtest: actual WorldArt dynamic timber caller submits recorded work and resets scene/fog ownership
ok 528 - actual WorldArt dynamic timber caller submits recorded work and resets scene/fog ownership
  ---
  duration_ms: 49.0517
  type: 'test'
  ...
# Subtest: production fog frame has finite translation-relative focus, no non-Earth ownership and strict guards
ok 529 - production fog frame has finite translation-relative focus, no non-Earth ownership and strict guards
  ---
  duration_ms: 11.5076
  type: 'test'
  ...
# Subtest: isolated global-script/CommonJS export a dependency-free frozen appearance API only
ok 530 - isolated global-script/CommonJS export a dependency-free frozen appearance API only
  ---
  duration_ms: 4.4514
  type: 'test'
  ...
# Subtest: only actual windup and recovery timers produce the grounded combat posture
ok 531 - only actual windup and recovery timers produce the grounded combat posture
  ---
  duration_ms: 4.6962
  type: 'test'
  ...
# Subtest: stationary chase intent, pause and elapsed time never fabricate trot, attack results or recoil
ok 532 - stationary chase intent, pause and elapsed time never fabricate trot, attack results or recoil
  ---
  duration_ms: 21.0842
  type: 'test'
  ...
# Subtest: actual triangle bounds stay grounded, finite, compact and inside the existing tell radius
ok 533 - actual triangle bounds stay grounded, finite, compact and inside the existing tell radius
  ---
  duration_ms: 1081.7332
  type: 'test'
  ...
# Subtest: four articulated legs connect actual body, knee meshes and grounded hooves
ok 534 - four articulated legs connect actual body, knee meshes and grounded hooves
  ---
  duration_ms: 39.7177
  type: 'test'
  ...
# Subtest: head, muzzle, tusks, ridge and tail have actual attached mesh anchors
ok 535 - head, muzzle, tusks, ridge and tail have actual attached mesh anchors
  ---
  duration_ms: 65.222
  type: 'test'
  ...
# Subtest: world root applies translation, supplied support and actual yaw exactly once
ok 536 - world root applies translation, supplied support and actual yaw exactly once
  ---
  duration_ms: 6.8075
  type: 'test'
  ...
# Subtest: confirmed flash changes colors only, and all records are fresh read-only projections
ok 537 - confirmed flash changes colors only, and all records are fresh read-only projections
  ---
  duration_ms: 1.6549
  type: 'test'
  ...
# Subtest: invalid placements/durations/modes and unwritable outputs refuse before partial emission
ok 538 - invalid placements/durations/modes and unwritable outputs refuse before partial emission
  ---
  duration_ms: 11.803
  type: 'test'
  ...
# Subtest: actual expedition root encounters retain exact rules and physical anchors after pure art projection
ok 539 - actual expedition root encounters retain exact rules and physical anchors after pure art projection
  ---
  duration_ms: 228.7823
  type: 'test'
  ...
# Subtest: production first-story and patrol roster actors from synthetic histories dispatch exactly once
ok 540 - production first-story and patrol roster actors from synthetic histories dispatch exactly once
  ---
  duration_ms: 59.3439
  type: 'test'
  ...
# Subtest: unrelated actual mine and world sentinels retain the five-part original golden control
ok 541 - unrelated actual mine and world sentinels retain the five-part original golden control
  ---
  duration_ms: 9.3948
  type: 'test'
  ...
# Subtest: wrong step, missing/unknown/prefixed/suffixed quest, wrong kind and absent terms do not dispatch
ok 542 - wrong step, missing/unknown/prefixed/suffixed quest, wrong kind and absent terms do not dispatch
  ---
  duration_ms: 14.6133
  type: 'test'
  ...
# Subtest: dead root actor keeps existing dead suppression without warning or target emissions
ok 543 - dead root actor keeps existing dead suppression without warning or target emissions
  ---
  duration_ms: 3.5257
  type: 'test'
  ...
# Subtest: nonzero yaw, support height and actual confirmed-hit recoil are submitted exactly once
ok 544 - nonzero yaw, support height and actual confirmed-hit recoil are submitted exactly once
  ---
  duration_ms: 16.9271
  type: 'test'
  ...
# Subtest: future, missing, expired and reduced-motion hit samples add no recoil
ok 545 - future, missing, expired and reduced-motion hit samples add no recoil
  ---
  duration_ms: 13.6136
  type: 'test'
  ...
# Subtest: actual flash lifetime recolors only the selected beast geometry
ok 546 - actual flash lifetime recolors only the selected beast geometry
  ---
  duration_ms: 5.3159
  type: 'test'
  ...
# Subtest: locked sweep and actor target ring stay outside confirmed body recoil; old distant ring is absent
ok 547 - locked sweep and actor target ring stay outside confirmed body recoil; old distant ring is absent
  ---
  duration_ms: 51.5076
  type: 'test'
  ...
# Subtest: root-only diorama health bar follows actual ground while generic bar retains its original height
ok 548 - root-only diorama health bar follows actual ground while generic bar retains its original height
  ---
  duration_ms: 4.8272
  type: 'test'
  ...
# Subtest: actual paused caller ignores unrelated render time and preserves source state and timer-driven posture
ok 549 - actual paused caller ignores unrelated render time and preserves source state and timer-driven posture
  ---
  duration_ms: 26.7812
  type: 'test'
  ...
# Subtest: the actual caller retains distance gait for one enemy and stops it through pause and recovery
ok 550 - the actual caller retains distance gait for one enemy and stops it through pause and recovery
  ---
  duration_ms: 2.5545
  type: 'test'
  ...
# PASS only existing exact person identities and frozen API are exported
# PASS unknown people refuse without aliasing protected/old residents or deriving a speaker from input
# PASS fresh optional presentation neither accepts work nor assumes a prior visit or repair
# PASS every accepted story stage and both retained choices have short deterministic quiet readings
# PASS all story subsets reject false prerequisite, allocation and claim histories before composing speech
# PASS unpaid deliveries recognize the actual allocation and require a separate explicit camp claim
# PASS only claimed stories recognize exact paid currency/materials and existing support, without guessing XP or current balance
# PASS active and ready patrol readings preserve first repair, allocation and exact run without claiming new payment
# PASS paid patrol and finite record boundary do not promise another repair or an unavailable next circuit
# PASS binding recognition follows canonical committed record, never equipment, inventory or a granted new option
# PASS specific route and encounter advice matches current anchors and distinct real weapon constraints
# PASS presentation leaves an entire production world and its accepted/paid/bound records byte-identical
# PASS browser IIFE and CommonJS return identical pure readings with no DOM or runtime globals
# PASS CommonJS canonical lookup remains pure when the already-loaded Adventure global is absent
# Earth expedition dialogue: 14 focused cases passed; 318 frozen output checks. Synthetic presentation fixtures, not native dialogue or earned progression.
# Subtest: D:\\07-GAMES\\Firstlight\\authoring\\bridge-moment\\tests\\earth_expedition_dialogue.test.cjs
ok 31 - D:\\07-GAMES\\Firstlight\\authoring\\bridge-moment\\tests\\earth_expedition_dialogue.test.cjs
  ---
  duration_ms: 413.8139
  type: 'test'
  ...
# PASS fresh invitation exposes both exact allocations, fixed danger, binding cost and deliberate consent
# PASS actual RPG dispatch gives near expedition priority and closing clears an unspent preview
# PASS missing optional ledger migrates to read-only fresh UI while malformed/current/future records never reach it
# PASS real UI delegates acceptance and physical branch work; remote, premature and forged defeat clicks grant nothing
# PASS all valid story stages expose only current DAG routes; legend never performs remote work
# PASS walk dispatch is current-route filtered, physically supported and never grants objective credit
# PASS ready UI requires explicit local claim and preserves complete reward on save refusal
# PASS rendered patrol metadata fences stale accept/work/claim including missing and malformed run fields
# PASS production comparison retains bow behavior, socket, current XP and earlier fits without auto-equipping
# PASS binding preview refuses changed character, simulation, adventure revision and weapon; cancellation spends nothing
# PASS real CharacterStore saver refuses an external write between binding preview and confirmation atomically
# PASS explicit binding confirmation spends once at actual station, leaves equipment/HP/XP and socket intact
# PASS capped and near-cap acceptance cards disclose actual credit and real claim agrees
# PASS actual RPG tick leaves expedition ready/paid/patrol tracker last over concurrent survey and trail
# PASS hydrated expedition restores over an older pinned project once, then respects manual tracking
# PASS actual app applyWorld restore selects accepted or ready expedition and active patrol without losing history
# PASS actual app worldContext installs synchronous savers on fresh restored Sim before active expedition combat
# Earth expedition CPU UI: 17/17 cases passed; 0 failed.
# Subtest: D:\\07-GAMES\\Firstlight\\authoring\\bridge-moment\\tests\\earth_expedition_ui.test.cjs
ok 32 - D:\\07-GAMES\\Firstlight\\authoring\\bridge-moment\\tests\\earth_expedition_ui.test.cjs
  ---
  duration_ms: 765.6032
  type: 'test'
  ...
# Subtest: orchard worksite crossing preserves outer save checkpoint and returns to the orchard
ok 553 - orchard worksite crossing preserves outer save checkpoint and returns to the orchard
  ---
  duration_ms: 98.1526
  type: 'test'
  ...
# Subtest: initial kit and physical orchard arrival are required; the scene cannot bypass old chapter gates
ok 554 - initial kit and physical orchard arrival are required; the scene cannot bypass old chapter gates
  ---
  duration_ms: 3.4466
  type: 'test'
  ...
# Subtest: worksite travel write and construction failures preserve the exact active source
ok 555 - worksite travel write and construction failures preserve the exact active source
  ---
  duration_ms: 9.2401
  type: 'test'
  ...
# Subtest: worksite preview rejects stale identity, source revision, source position and simulation
ok 556 - worksite preview rejects stale identity, source revision, source position and simulation
  ---
  duration_ms: 8.9907
  type: 'test'
  ...
# Subtest: river exit only returns to Earth for an active Earth trip; the old workshop route is unchanged
ok 557 - river exit only returns to Earth for an active Earth trip; the old workshop route is unchanged
  ---
  duration_ms: 1.0512
  type: 'test'
  ...
# Subtest: a completed unclaimed survey, class cooldown and companion survive both route boundaries
ok 558 - a completed unclaimed survey, class cooldown and companion survive both route boundaries
  ---
  duration_ms: 2.5417
  type: 'test'
  ...
# Subtest: death recovery from the connected worksite clears all transient route state
ok 559 - death recovery from the connected worksite clears all transient route state
  ---
  duration_ms: 0.9714
  type: 'test'
  ...
# Subtest: browser return protocol rolls back failed construction with live encounter state intact
ok 560 - browser return protocol rolls back failed construction with live encounter state intact
  ---
  duration_ms: 2.8326
  type: 'test'
  ...
# Subtest: Oren supplies earned through the orchard persist without consuming ordinary materials
ok 561 - Oren supplies earned through the orchard persist without consuming ordinary materials
  ---
  duration_ms: 2.8511
  type: 'test'
  ...
# Subtest: Earth scenery cannot overlap walking ground or the close third-person camera corridor
ok 562 - Earth scenery cannot overlap walking ground or the close third-person camera corridor
  ---
  duration_ms: 66.1797
  type: 'test'
  ...
# Subtest: Cosmos invitation labels belong only to the valley, never Earth or the riverbank
ok 563 - Cosmos invitation labels belong only to the valley, never Earth or the riverbank
  ---
  duration_ms: 2.2118
  type: 'test'
  ...
# Subtest: captured terrain, field random sequence, static scenery, camera solids and bridge remain byte-identical to PR33
ok 564 - captured terrain, field random sequence, static scenery, camera solids and bridge remain byte-identical to PR33
  ---
  duration_ms: 30.2296
  type: 'test'
  ...
# Subtest: nine bounded tapering rock sections dress thirty-six actual grass strips in the existing batch
ok 565 - nine bounded tapering rock sections dress thirty-six actual grass strips in the existing batch
  ---
  duration_ms: 10.3444
  type: 'test'
  ...
# Subtest: upper rock seam matches every transformed grass underside rather than canonical edge height
ok 566 - upper rock seam matches every transformed grass underside rather than canonical edge height
  ---
  duration_ms: 10.2539
  type: 'test'
  ...
# Subtest: orthogonal positive bases preserve renderer normals without a shear shortcut
ok 567 - orthogonal positive bases preserve renderer normals without a shear shortcut
  ---
  duration_ms: 12.7084
  type: 'test'
  ...
# Subtest: every actual slope vertex stays outside ground below the lip and within measured endpoint margin
ok 568 - every actual slope vertex stays outside ground below the lip and within measured endpoint margin
  ---
  duration_ms: 19.0186
  type: 'test'
  ...
# Subtest: actual non-cap faces have outward normals and never create a horizontal walking shelf
ok 569 - actual non-cap faces have outward normals and never create a horizontal walking shelf
  ---
  duration_ms: 12.953
  type: 'test'
  ...
# Subtest: actual adjacent cap planes retain overlap at every exposed height, not only the top endpoints
ok 570 - actual adjacent cap planes retain overlap at every exposed height, not only the top endpoints
  ---
  duration_ms: 19.8574
  type: 'test'
  ...
# Subtest: near-edge road movement and old task approaches survive while outside ground and picking stay refused
ok 571 - near-edge road movement and old task approaches survive while outside ground and picking stay refused
  ---
  duration_ms: 77.9248
  type: 'test'
  ...
# Subtest: projection never mutates its source strips and is independent of simulation time or task state
ok 572 - projection never mutates its source strips and is independent of simulation time or task state
  ---
  duration_ms: 9.2859
  type: 'test'
  ...
# Subtest: Rill native diorama approach clears the former foreground canopy with a detecting old-placement control
ok 573 - Rill native diorama approach clears the former foreground canopy with a detecting old-placement control
  ---
  duration_ms: 53.7012
  type: 'test'
  ...
# Subtest: camp low diorama ray clears the moved stands and detects the intermediate blocking placement
ok 574 - camp low diorama ray clears the moved stands and detects the intermediate blocking placement
  ---
  duration_ms: 4.5633
  type: 'test'
  ...
# Subtest: isolated global/CommonJS expose only the pure API and recursively frozen authority data
ok 575 - isolated global/CommonJS expose only the pure API and recursively frozen authority data
  ---
  duration_ms: 3.0337
  type: 'test'
  ...
# Subtest: extension IDs appear exactly once and installed production retains the physical contract
ok 576 - extension IDs appear exactly once and installed production retains the physical contract
  ---
  duration_ms: 8.3932
  type: 'test'
  ...
# Subtest: broad connected floor footprint and all solids are finite, bounded and supported
ok 577 - broad connected floor footprint and all solids are finite, bounded and supported
  ---
  duration_ms: 7.1434
  type: 'test'
  ...
# Subtest: all intended legs and old routes use the actual production full-radius support/solid rules
ok 578 - all intended legs and old routes use the actual production full-radius support/solid rules
  ---
  duration_ms: 51.9843
  type: 'test'
  ...
# Subtest: bridge crosses a real four-metre river gap with open centered approaches
ok 579 - bridge crosses a real four-metre river gap with open centered approaches
  ---
  duration_ms: 4.2257
  type: 'test'
  ...
# Subtest: root passage and enemy side pockets preserve free return routes and supported reading/support anchors
ok 580 - root passage and enemy side pockets preserve free return routes and supported reading/support anchors
  ---
  duration_ms: 3.7569
  type: 'test'
  ...
# Subtest: deterministic bounded tier geometry never changes frozen physical data or accesses state
ok 581 - deterministic bounded tier geometry never changes frozen physical data or accesses state
  ---
  duration_ms: 29.1355
  type: 'test'
  ...
# Subtest: actual submitted mesh transforms are finite, positive, orthogonal and supported-kind compatible
ok 582 - actual submitted mesh transforms are finite, positive, orthogonal and supported-kind compatible
  ---
  duration_ms: 370.8445
  type: 'test'
  ...
# Subtest: every ground-detail vertex rests on actual land and low roots remain within parent clearance
ok 583 - every ground-detail vertex rests on actual land and low roots remain within parent clearance
  ---
  duration_ms: 544.4728
  type: 'test'
  ...
# Subtest: actual opaque mesh envelopes clear every full-body route and task/NPC/encounter anchor
ok 584 - actual opaque mesh envelopes clear every full-body route and task/NPC/encounter anchor
  ---
  duration_ms: 4184.1791
  type: 'test'
  ...
# Subtest: branches intersect their parent and actual crown volume, with a bounded existing shader envelope
ok 585 - branches intersect their parent and actual crown volume, with a bounded existing shader envelope
  ---
  duration_ms: 9.9783
  type: 'test'
  ...
# Subtest: overlapping opaque crowns form connected rest silhouettes instead of detached floating clusters
ok 586 - overlapping opaque crowns form connected rest silhouettes instead of detached floating clusters
  ---
  duration_ms: 13.3024
  type: 'test'
  ...
# Subtest: overhead crown and shelter parts follow cutaway while collision/camera authority is unchanged
ok 587 - overhead crown and shelter parts follow cutaway while collision/camera authority is unchanged
  ---
  duration_ms: 52.9499
  type: 'test'
  ...
# Subtest: schema 9 migrates non-destructively with an unaccepted invitation
ok 588 - schema 9 migrates non-destructively with an unaccepted invitation
  ---
  duration_ms: 9.3186
  type: 'test'
  ...
# Subtest: missing current record and forward schema are refused
ok 589 - missing current record and forward schema are refused
  ---
  duration_ms: 1.1926
  type: 'test'
  ...
# Subtest: arrival not payment opens the invitation
ok 590 - arrival not payment opens the invitation
  ---
  duration_ms: 12.2004
  type: 'test'
  ...
# Subtest: supported places are reachable by actual pathfinder
ok 591 - supported places are reachable by actual pathfinder
  ---
  duration_ms: 6.2854
  type: 'test'
  ...
# Subtest: all arrangements complete silently without economy, score or campaign changes
ok 592 - all arrangements complete silently without economy, score or campaign changes
  ---
  duration_ms: 5.0173
  type: 'test'
  ...
# Subtest: early or unknown actions change nothing
ok 593 - early or unknown actions change nothing
  ---
  duration_ms: 2.9727
  type: 'test'
  ...
# Subtest: prototype and non-string choices are refused atomically
ok 594 - prototype and non-string choices are refused atomically
  ---
  duration_ms: 7.6931
  type: 'test'
  ...
# Subtest: completion cannot be repeated after receipt eviction
ok 595 - completion cannot be repeated after receipt eviction
  ---
  duration_ms: 2.8581
  type: 'test'
  ...
# Subtest: changed terms cannot reuse an accepted command identity
ok 596 - changed terms cannot reuse an accepted command identity
  ---
  duration_ms: 1.2504
  type: 'test'
  ...
# Subtest: paused, fallen and revision-saturated characters cannot progress
ok 597 - paused, fallen and revision-saturated characters cannot progress
  ---
  duration_ms: 5.2267
  type: 'test'
  ...
# Subtest: malformed durable combinations do not load
ok 598 - malformed durable combinations do not load
  ---
  duration_ms: 0.5775
  type: 'test'
  ...
# Subtest: original arrangements are deterministic, finite, stereo and bounded
ok 599 - original arrangements are deterministic, finite, stereo and bounded
  ---
  duration_ms: 512.812
  type: 'test'
  ...
# Subtest: full schema9 world migration preserves unpaid delivery, personal creations and every XP boundary
ok 600 - full schema9 world migration preserves unpaid delivery, personal creations and every XP boundary
  ---
  duration_ms: 13.2261
  type: 'test'
  ...
# Subtest: native character library migrates each world without sharing the table memory
ok 601 - native character library migrates each world without sharing the table memory
  ---
  duration_ms: 3.3847
  type: 'test'
  ...
# Subtest: forward adventure saves stay refused by native storage and leave exact bytes intact
ok 602 - forward adventure saves stay refused by native storage and leave exact bytes intact
  ---
  duration_ms: 1.2507
  type: 'test'
  ...
# Subtest: the actual drawn tabletop is reachable and supports the gathering interaction
ok 603 - the actual drawn tabletop is reachable and supports the gathering interaction
  ---
  duration_ms: 2.0892
  type: 'test'
  ...
# Subtest: prepared cloth and the actual Earth tabletop share one reachable location
ok 604 - prepared cloth and the actual Earth tabletop share one reachable location
  ---
  duration_ms: 20.3197
  type: 'test'
  ...
# Subtest: silent completion: mill; cloth→lantern→stand
ok 605 - silent completion: mill; cloth→lantern→stand
  ---
  duration_ms: 8.0596
  type: 'test'
  ...
# Subtest: silent completion: mill; cloth→stand→lantern
ok 606 - silent completion: mill; cloth→stand→lantern
  ---
  duration_ms: 1.2469
  type: 'test'
  ...
# Subtest: silent completion: mill; lantern→cloth→stand
ok 607 - silent completion: mill; lantern→cloth→stand
  ---
  duration_ms: 1.522
  type: 'test'
  ...
# Subtest: silent completion: mill; lantern→stand→cloth
ok 608 - silent completion: mill; lantern→stand→cloth
  ---
  duration_ms: 0.8381
  type: 'test'
  ...
# Subtest: silent completion: mill; stand→cloth→lantern
ok 609 - silent completion: mill; stand→cloth→lantern
  ---
  duration_ms: 1.0132
  type: 'test'
  ...
# Subtest: silent completion: mill; stand→lantern→cloth
ok 610 - silent completion: mill; stand→lantern→cloth
  ---
  duration_ms: 0.9994
  type: 'test'
  ...
# Subtest: silent completion: quarry; cloth→lantern→stand
ok 611 - silent completion: quarry; cloth→lantern→stand
  ---
  duration_ms: 0.9005
  type: 'test'
  ...
# Subtest: silent completion: quarry; cloth→stand→lantern
ok 612 - silent completion: quarry; cloth→stand→lantern
  ---
  duration_ms: 1.7769
  type: 'test'
  ...
# Subtest: silent completion: quarry; lantern→cloth→stand
ok 613 - silent completion: quarry; lantern→cloth→stand
  ---
  duration_ms: 0.7475
  type: 'test'
  ...
# Subtest: silent completion: quarry; lantern→stand→cloth
ok 614 - silent completion: quarry; lantern→stand→cloth
  ---
  duration_ms: 0.8125
  type: 'test'
  ...
# Subtest: silent completion: quarry; stand→cloth→lantern
ok 615 - silent completion: quarry; stand→cloth→lantern
  ---
  duration_ms: 0.9334
  type: 'test'
  ...
# Subtest: silent completion: quarry; stand→lantern→cloth
ok 616 - silent completion: quarry; stand→lantern→cloth
  ---
  duration_ms: 0.9428
  type: 'test'
  ...
# Subtest: silent completion: detour; cloth→lantern→stand
ok 617 - silent completion: detour; cloth→lantern→stand
  ---
  duration_ms: 0.5899
  type: 'test'
  ...
# Subtest: silent completion: detour; cloth→stand→lantern
ok 618 - silent completion: detour; cloth→stand→lantern
  ---
  duration_ms: 1.4992
  type: 'test'
  ...
# Subtest: silent completion: detour; lantern→cloth→stand
ok 619 - silent completion: detour; lantern→cloth→stand
  ---
  duration_ms: 0.4582
  type: 'test'
  ...
# Subtest: silent completion: detour; lantern→stand→cloth
ok 620 - silent completion: detour; lantern→stand→cloth
  ---
  duration_ms: 0.478
  type: 'test'
  ...
# Subtest: silent completion: detour; stand→cloth→lantern
ok 621 - silent completion: detour; stand→cloth→lantern
  ---
  duration_ms: 0.8108
  type: 'test'
  ...
# Subtest: silent completion: detour; stand→lantern→cloth
ok 622 - silent completion: detour; stand→lantern→cloth
  ---
  duration_ms: 0.5485
  type: 'test'
  ...
# Subtest: new table never captures unpaid-delivery interaction on the overlap edge
ok 623 - new table never captures unpaid-delivery interaction on the overlap edge
  ---
  duration_ms: 0.7797
  type: 'test'
  ...
# Subtest: finished preparation relinquishes its contextual interaction
ok 624 - finished preparation relinquishes its contextual interaction
  ---
  duration_ms: 0.4246
  type: 'test'
  ...
# Subtest: arrival is a boolean fact, not arbitrary truthy data
ok 625 - arrival is a boolean fact, not arbitrary truthy data
  ---
  duration_ms: 0.1314
  type: 'test'
  ...
# Subtest: missing arrival cannot grant invitation
ok 626 - missing arrival cannot grant invitation
  ---
  duration_ms: 0.0765
  type: 'test'
  ...
# Subtest: invalid choice refuses without mutation: null
ok 627 - invalid choice refuses without mutation: null
  ---
  duration_ms: 0.9854
  type: 'test'
  ...
# Subtest: invalid choice refuses without mutation: 1
ok 628 - invalid choice refuses without mutation: 1
  ---
  duration_ms: 0.5568
  type: 'test'
  ...
# Subtest: invalid choice refuses without mutation: ["mill"]
ok 629 - invalid choice refuses without mutation: ["mill"]
  ---
  duration_ms: 0.3474
  type: 'test'
  ...
# Subtest: invalid choice refuses without mutation: {}
ok 630 - invalid choice refuses without mutation: {}
  ---
  duration_ms: 0.3795
  type: 'test'
  ...
# Subtest: invalid choice refuses without mutation: "constructor"
ok 631 - invalid choice refuses without mutation: "constructor"
  ---
  duration_ms: 0.323
  type: 'test'
  ...
# Subtest: invalid choice refuses without mutation: "__proto__"
ok 632 - invalid choice refuses without mutation: "__proto__"
  ---
  duration_ms: 0.8438
  type: 'test'
  ...
# Subtest: invalid choice refuses without mutation: "unknown"
ok 633 - invalid choice refuses without mutation: "unknown"
  ---
  duration_ms: 0.3309
  type: 'test'
  ...
# Subtest: distant or wrong-scene acceptance cannot mutate state
ok 634 - distant or wrong-scene acceptance cannot mutate state
  ---
  duration_ms: 0.1772
  type: 'test'
  ...
# Subtest: distant or wrong-scene acceptance cannot mutate state
ok 635 - distant or wrong-scene acceptance cannot mutate state
  ---
  duration_ms: 0.1228
  type: 'test'
  ...
# Subtest: distant or wrong-scene acceptance cannot mutate state
ok 636 - distant or wrong-scene acceptance cannot mutate state
  ---
  duration_ms: 0.1616
  type: 'test'
  ...
# Subtest: impossible saved gathering is refused
ok 637 - impossible saved gathering is refused
  ---
  duration_ms: 0.2655
  type: 'test'
  ...
# Subtest: impossible saved gathering is refused
ok 638 - impossible saved gathering is refused
  ---
  duration_ms: 0.0705
  type: 'test'
  ...
# Subtest: impossible saved gathering is refused
ok 639 - impossible saved gathering is refused
  ---
  duration_ms: 0.0768
  type: 'test'
  ...
# Subtest: impossible saved gathering is refused
ok 640 - impossible saved gathering is refused
  ---
  duration_ms: 0.066
  type: 'test'
  ...
# Subtest: impossible saved gathering is refused
ok 641 - impossible saved gathering is refused
  ---
  duration_ms: 0.0581
  type: 'test'
  ...
# Subtest: stop is safe even when an audio node already disconnected
ok 642 - stop is safe even when an audio node already disconnected
  ---
  duration_ms: 325.3105
  type: 'test'
  ...
# Subtest: suspended context starts no source until resume succeeds
ok 643 - suspended context starts no source until resume succeeds
  ---
  duration_ms: 241.7202
  type: 'test'
  ...
# Subtest: stopping while resume is pending prevents late music
ok 644 - stopping while resume is pending prevents late music
  ---
  duration_ms: 0.2622
  type: 'test'
  ...
# Subtest: a newer preview cannot be replaced by an older resume completion
ok 645 - a newer preview cannot be replaced by an older resume completion
  ---
  duration_ms: 216.1889
  type: 'test'
  ...
# Subtest: denied resume resolves false with no source or unhandled rejection
ok 646 - denied resume resolves false with no source or unhandled rejection
  ---
  duration_ms: 0.3377
  type: 'test'
  ...
# Subtest: failed source startup cleans every newly created node
ok 647 - failed source startup cleans every newly created node
  ---
  duration_ms: 192.0861
  type: 'test'
  ...
# Subtest: owner eligibility is rechecked after a delayed resume
ok 648 - owner eligibility is rechecked after a delayed resume
  ---
  duration_ms: 0.3127
  type: 'test'
  ...
# Subtest: an ended callback from an old source cannot stop new audio
ok 649 - an ended callback from an old source cannot stop new audio
  ---
  duration_ms: 502.3935
  type: 'test'
  ...
# Subtest: deterministic, finite, stereo music: mill
ok 650 - deterministic, finite, stereo music: mill
  ---
  duration_ms: 134.3061
  type: 'test'
  ...
# Subtest: deterministic, finite, stereo music: quarry
ok 651 - deterministic, finite, stereo music: quarry
  ---
  duration_ms: 159.5142
  type: 'test'
  ...
# Subtest: deterministic, finite, stereo music: detour
ok 652 - deterministic, finite, stereo music: detour
  ---
  duration_ms: 152.7925
  type: 'test'
  ...
# Subtest: absent homeHistory migrates to empty v1 without replaying claimed knowledge or prior fields
ok 653 - absent homeHistory migrates to empty v1 without replaying claimed knowledge or prior fields
  ---
  duration_ms: 16.7715
  type: 'test'
  ...
# Subtest: null, future, unknown, duplicate and malformed ledgers refuse instead of clearing
ok 654 - null, future, unknown, duplicate and malformed ledgers refuse instead of clearing
  ---
  duration_ms: 0.7365
  type: 'test'
  ...
# Subtest: a prior acceptance or complete unpaid work never grants ownership
ok 655 - a prior acceptance or complete unpaid work never grants ownership
  ---
  duration_ms: 4.3883
  type: 'test'
  ...
# Subtest: pin is independent of equipment projects and accepting story or work
ok 656 - pin is independent of equipment projects and accepting story or work
  ---
  duration_ms: 3.5227
  type: 'test'
  ...
# Subtest: memory-cuttings validates costs before spending and saves before adopting once-only ownership
ok 657 - memory-cuttings validates costs before spending and saves before adopting once-only ownership
  ---
  duration_ms: 8.9462
  type: 'test'
  ...
# Subtest: memory-cuttings missing material, wrong bench, paused/dead owner and stale revision leave exact state
ok 658 - memory-cuttings missing material, wrong bench, paused/dead owner and stale revision leave exact state
  ---
  duration_ms: 7.8373
  type: 'test'
  ...
# Subtest: memory-cuttings unowned and duplicate placements reject through save, direct decorate and forged history
ok 659 - memory-cuttings unowned and duplicate placements reject through save, direct decorate and forged history
  ---
  duration_ms: 3.4963
  type: 'test'
  ...
# Subtest: memory-cuttings deliberate move/remove and undo/redo save refusal keep history and costs atomic
ok 660 - memory-cuttings deliberate move/remove and undo/redo save refusal keep history and costs atomic
  ---
  duration_ms: 12.0934
  type: 'test'
  ...
# Subtest: memory-cuttings original geometry is bounded by its declared floor footprint in all rotations
ok 661 - memory-cuttings original geometry is bounded by its declared floor footprint in all rotations
  ---
  duration_ms: 0.9638
  type: 'test'
  ...
# Subtest: memory-refuge validates costs before spending and saves before adopting once-only ownership
ok 662 - memory-refuge validates costs before spending and saves before adopting once-only ownership
  ---
  duration_ms: 5.9606
  type: 'test'
  ...
# Subtest: memory-refuge missing material, wrong bench, paused/dead owner and stale revision leave exact state
ok 663 - memory-refuge missing material, wrong bench, paused/dead owner and stale revision leave exact state
  ---
  duration_ms: 6.3626
  type: 'test'
  ...
# Subtest: memory-refuge unowned and duplicate placements reject through save, direct decorate and forged history
ok 664 - memory-refuge unowned and duplicate placements reject through save, direct decorate and forged history
  ---
  duration_ms: 2.8103
  type: 'test'
  ...
# Subtest: memory-refuge deliberate move/remove and undo/redo save refusal keep history and costs atomic
ok 665 - memory-refuge deliberate move/remove and undo/redo save refusal keep history and costs atomic
  ---
  duration_ms: 8.813
  type: 'test'
  ...
# Subtest: memory-refuge original geometry is bounded by its declared floor footprint in all rotations
ok 666 - memory-refuge original geometry is bounded by its declared floor footprint in all rotations
  ---
  duration_ms: 0.2398
  type: 'test'
  ...
# Subtest: memory-bellglass validates costs before spending and saves before adopting once-only ownership
ok 667 - memory-bellglass validates costs before spending and saves before adopting once-only ownership
  ---
  duration_ms: 14.1716
  type: 'test'
  ...
# Subtest: memory-bellglass missing material, wrong bench, paused/dead owner and stale revision leave exact state
ok 668 - memory-bellglass missing material, wrong bench, paused/dead owner and stale revision leave exact state
  ---
  duration_ms: 6.3167
  type: 'test'
  ...
# Subtest: memory-bellglass unowned and duplicate placements reject through save, direct decorate and forged history
ok 669 - memory-bellglass unowned and duplicate placements reject through save, direct decorate and forged history
  ---
  duration_ms: 2.602
  type: 'test'
  ...
# Subtest: memory-bellglass deliberate move/remove and undo/redo save refusal keep history and costs atomic
ok 670 - memory-bellglass deliberate move/remove and undo/redo save refusal keep history and costs atomic
  ---
  duration_ms: 8.4569
  type: 'test'
  ...
# Subtest: memory-bellglass original geometry is bounded by its declared floor footprint in all rotations
ok 671 - memory-bellglass original geometry is bounded by its declared floor footprint in all rotations
  ---
  duration_ms: 0.1837
  type: 'test'
  ...
# Subtest: memory-farroad validates costs before spending and saves before adopting once-only ownership
ok 672 - memory-farroad validates costs before spending and saves before adopting once-only ownership
  ---
  duration_ms: 3.8552
  type: 'test'
  ...
# Subtest: memory-farroad missing material, wrong bench, paused/dead owner and stale revision leave exact state
ok 673 - memory-farroad missing material, wrong bench, paused/dead owner and stale revision leave exact state
  ---
  duration_ms: 4.3546
  type: 'test'
  ...
# Subtest: memory-farroad unowned and duplicate placements reject through save, direct decorate and forged history
ok 674 - memory-farroad unowned and duplicate placements reject through save, direct decorate and forged history
  ---
  duration_ms: 1.6704
  type: 'test'
  ...
# Subtest: memory-farroad deliberate move/remove and undo/redo save refusal keep history and costs atomic
ok 675 - memory-farroad deliberate move/remove and undo/redo save refusal keep history and costs atomic
  ---
  duration_ms: 9.0601
  type: 'test'
  ...
# Subtest: memory-farroad original geometry is bounded by its declared floor footprint in all rotations
ok 676 - memory-farroad original geometry is bounded by its declared floor footprint in all rotations
  ---
  duration_ms: 0.253
  type: 'test'
  ...
# Subtest: memory-crossing validates costs before spending and saves before adopting once-only ownership
ok 677 - memory-crossing validates costs before spending and saves before adopting once-only ownership
  ---
  duration_ms: 4.996
  type: 'test'
  ...
# Subtest: memory-crossing missing material, wrong bench, paused/dead owner and stale revision leave exact state
ok 678 - memory-crossing missing material, wrong bench, paused/dead owner and stale revision leave exact state
  ---
  duration_ms: 6.4833
  type: 'test'
  ...
# Subtest: memory-crossing unowned and duplicate placements reject through save, direct decorate and forged history
ok 679 - memory-crossing unowned and duplicate placements reject through save, direct decorate and forged history
  ---
  duration_ms: 2.8909
  type: 'test'
  ...
# Subtest: memory-crossing deliberate move/remove and undo/redo save refusal keep history and costs atomic
ok 680 - memory-crossing deliberate move/remove and undo/redo save refusal keep history and costs atomic
  ---
  duration_ms: 6.6171
  type: 'test'
  ...
# Subtest: memory-crossing original geometry is bounded by its declared floor footprint in all rotations
ok 681 - memory-crossing original geometry is bounded by its declared floor footprint in all rotations
  ---
  duration_ms: 0.234
  type: 'test'
  ...
# Subtest: inside placement uses actual body position while durable snapshot keeps its home checkpoint
ok 682 - inside placement uses actual body position while durable snapshot keeps its home checkpoint
  ---
  duration_ms: 2.9289
  type: 'test'
  ...
# Subtest: one of each occupies four chosen slots with no extra power or campaign payout
ok 683 - one of each occupies four chosen slots with no extra power or campaign payout
  ---
  duration_ms: 5.8134
  type: 'test'
  ...
# Subtest: pending placement cannot transfer to another character with identical ownership and revision
ok 684 - pending placement cannot transfer to another character with identical ownership and revision
  ---
  duration_ms: 3.3813
  type: 'test'
  ...
# Subtest: all five trails distinguish unaccepted, active, ready and claimed saved facts
ok 685 - all five trails distinguish unaccepted, active, ready and claimed saved facts
  ---
  duration_ms: 35.3014
  type: 'test'
  ...
# Subtest: eligible work lists preparations, never a later locked encounter or optional work as required
ok 686 - eligible work lists preparations, never a later locked encounter or optional work as required
  ---
  duration_ms: 3.2679
  type: 'test'
  ...
# Subtest: one realm can retain a once-only trail and a separate repeat survey run without merging fees
ok 687 - one realm can retain a once-only trail and a separate repeat survey run without merging fees
  ---
  duration_ms: 1.1847
  type: 'test'
  ...
# Subtest: unpaid completion stays ahead of other work and paid trails have no next action
ok 688 - unpaid completion stays ahead of other work and paid trails have no next action
  ---
  duration_ms: 0.7536
  type: 'test'
  ...
# Subtest: journal and road statuses remain pure and never construct an escort actor
ok 689 - journal and road statuses remain pure and never construct an escort actor
  ---
  duration_ms: 2.8926
  type: 'test'
  ...
# Subtest: home journal retains exact fees, giver, progress and explicitly separate survey identity
ok 690 - home journal retains exact fees, giver, progress and explicitly separate survey identity
  ---
  duration_ms: 1.0356
  type: 'test'
  ...
# Subtest: empty journal gives a deliberate road entry and preserves campaign ordering below it
ok 691 - empty journal gives a deliberate road entry and preserves campaign ordering below it
  ---
  duration_ms: 0.7025
  type: 'test'
  ...
# Subtest: claim control is absent before completion and present only at the actual ready giver
ok 692 - claim control is absent before completion and present only at the actual ready giver
  ---
  duration_ms: 2.256
  type: 'test'
  ...
# Subtest: survey claim control also requires its own complete current run at the correct separate giver
ok 693 - survey claim control also requires its own complete current run at the correct separate giver
  ---
  duration_ms: 1.0262
  type: 'test'
  ...
# Subtest: a recorded or prerequisite-locked dry route refuses stale controls without walking
ok 694 - a recorded or prerequisite-locked dry route refuses stale controls without walking
  ---
  duration_ms: 1.8623
  type: 'test'
  ...
# Subtest: a route uses the restored current simulation, refusing a previous character trail id
ok 695 - a route uses the restored current simulation, refusing a previous character trail id
  ---
  duration_ms: 1.5247
  type: 'test'
  ...
# Subtest: water, air-court and escort routes give guidance without impossible dry walks
ok 696 - water, air-court and escort routes give guidance without impossible dry walks
  ---
  duration_ms: 0.7147
  type: 'test'
  ...
# Subtest: available-action map legend routes dry work but names gallery controls instead of walking underwater
ok 697 - available-action map legend routes dry work but names gallery controls instead of walking underwater
  ---
  duration_ms: 1.0411
  type: 'test'
  ...
# Subtest: Road marker navigation uses the current realm return point and refuses unrelated or wet rooms
ok 698 - Road marker navigation uses the current realm return point and refuses unrelated or wet rooms
  ---
  duration_ms: 0.8225
  type: 'test'
  ...
# Subtest: road cards show claimed trails and current repeat runs as distinct records
ok 699 - road cards show claimed trails and current repeat runs as distinct records
  ---
  duration_ms: 0.5046
  type: 'test'
  ...
# Subtest: a brute with real displacement has alternating lifted and planted hooves
ok 700 - a brute with real displacement has alternating lifted and planted hooves
  ---
  duration_ms: 2.0084
  type: 'test'
  ...
# Subtest: brute hooves follow the actual animated leg endpoints without changing its world
ok 701 - brute hooves follow the actual animated leg endpoints without changing its world
  ---
  duration_ms: 3.465
  type: 'test'
  ...
# Subtest: traveler cloth, skin and leather retain distinct physical material responses
ok 702 - traveler cloth, skin and leather retain distinct physical material responses
  ---
  duration_ms: 3.6451
  type: 'test'
  ...
# Subtest: only real bow anticipation carries a visible nocked shaft, removed on release
ok 703 - only real bow anticipation carries a visible nocked shaft, removed on release
  ---
  duration_ms: 33.2675
  type: 'test'
  ...
# Subtest: bow grip, string nock and anticipated shaft face the actual root shot direction
ok 704 - bow grip, string nock and anticipated shaft face the actual root shot direction
  ---
  duration_ms: 34.838
  type: 'test'
  ...
# Subtest: the bow draw sleeve centers clear the fitted torso through anticipation and guard
ok 705 - the bow draw sleeve centers clear the fitted torso through anticipation and guard
  ---
  duration_ms: 2.8188
  type: 'test'
  ...
# Subtest: older world9 migrates optional localLife1 without altering existing histories
ok 706 - older world9 migrates optional localLife1 without altering existing histories
  ---
  duration_ms: 20.2802
  type: 'test'
  ...
# Subtest: current malformed/future local work refuses rather than resetting progress
ok 707 - current malformed/future local work refuses rather than resetting progress
  ---
  duration_ms: 1.6206
  type: 'test'
  ...
# Subtest: the new local ledger does not extend or rewrite the old five trail definitions
ok 708 - the new local ledger does not extend or rewrite the old five trail definitions
  ---
  duration_ms: 0.3434
  type: 'test'
  ...
# Subtest: heaven-propagation-bed-v1 rejects offsite acceptance, invalid arrangement and absent prerequisite atomically
ok 709 - heaven-propagation-bed-v1 rejects offsite acceptance, invalid arrangement and absent prerequisite atomically
  ---
  duration_ms: 19.7843
  type: 'test'
  ...
# Subtest: heaven-propagation-bed-v1 channel physical work, durable candidate refusal and exact one payout
ok 710 - heaven-propagation-bed-v1 channel physical work, durable candidate refusal and exact one payout
  ---
  duration_ms: 16.0448
  type: 'test'
  ...
# Subtest: heaven-propagation-bed-v1 wick physical work, durable candidate refusal and exact one payout
ok 711 - heaven-propagation-bed-v1 wick physical work, durable candidate refusal and exact one payout
  ---
  duration_ms: 23.5231
  type: 'test'
  ...
# Subtest: hell-refuge-water-v1 rejects offsite acceptance, invalid arrangement and absent prerequisite atomically
ok 712 - hell-refuge-water-v1 rejects offsite acceptance, invalid arrangement and absent prerequisite atomically
  ---
  duration_ms: 5.5277
  type: 'test'
  ...
# Subtest: hell-refuge-water-v1 cartridge physical work, durable candidate refusal and exact one payout
ok 713 - hell-refuge-water-v1 cartridge physical work, durable candidate refusal and exact one payout
  ---
  duration_ms: 14.2451
  type: 'test'
  ...
# Subtest: hell-refuge-water-v1 hand-filter physical work, durable candidate refusal and exact one payout
ok 714 - hell-refuge-water-v1 hand-filter physical work, durable candidate refusal and exact one payout
  ---
  duration_ms: 15.2289
  type: 'test'
  ...
# Subtest: atlantis-bellglass-lamp-v1 rejects offsite acceptance, invalid arrangement and absent prerequisite atomically
ok 715 - atlantis-bellglass-lamp-v1 rejects offsite acceptance, invalid arrangement and absent prerequisite atomically
  ---
  duration_ms: 2.4874
  type: 'test'
  ...
# Subtest: atlantis-bellglass-lamp-v1 approach physical work, durable candidate refusal and exact one payout
ok 716 - atlantis-bellglass-lamp-v1 approach physical work, durable candidate refusal and exact one payout
  ---
  duration_ms: 12.7798
  type: 'test'
  ...
# Subtest: atlantis-bellglass-lamp-v1 desk physical work, durable candidate refusal and exact one payout
ok 717 - atlantis-bellglass-lamp-v1 desk physical work, durable candidate refusal and exact one payout
  ---
  duration_ms: 12.3521
  type: 'test'
  ...
# Subtest: cosmos-drawing-shelf-v1 rejects offsite acceptance, invalid arrangement and absent prerequisite atomically
ok 718 - cosmos-drawing-shelf-v1 rejects offsite acceptance, invalid arrangement and absent prerequisite atomically
  ---
  duration_ms: 2.449
  type: 'test'
  ...
# Subtest: cosmos-drawing-shelf-v1 route physical work, durable candidate refusal and exact one payout
ok 719 - cosmos-drawing-shelf-v1 route physical work, durable candidate refusal and exact one payout
  ---
  duration_ms: 9.622
  type: 'test'
  ...
# Subtest: cosmos-drawing-shelf-v1 sheltered physical work, durable candidate refusal and exact one payout
ok 720 - cosmos-drawing-shelf-v1 sheltered physical work, durable candidate refusal and exact one payout
  ---
  duration_ms: 10.0844
  type: 'test'
  ...
# Subtest: dry sites and both selected Heaven beds retain full canonical foot support
ok 721 - dry sites and both selected Heaven beds retain full canonical foot support
  ---
  duration_ms: 0.5719
  type: 'test'
  ...
# Subtest: Atlantis work requires actual gallery body depth and medium
ok 722 - Atlantis work requires actual gallery body depth and medium
  ---
  duration_ms: 3.6366
  type: 'test'
  ...
# Subtest: material capacity and 9999 XP boundary retain whole-payment atomicity
ok 723 - material capacity and 9999 XP boundary retain whole-payment atomicity
  ---
  duration_ms: 3.4004
  type: 'test'
  ...
# Subtest: new art reads accepted state, emits finite supported shapes and preserves canonical state
ok 724 - new art reads accepted state, emits finite supported shapes and preserves canonical state
  ---
  duration_ms: 17.6855
  type: 'test'
  ...
# Subtest: both fitted Cosmos arrangements clear the production bench backrest
ok 725 - both fitted Cosmos arrangements clear the production bench backrest
  ---
  duration_ms: 4.8773
  type: 'test'
  ...
# Subtest: legacy Cosmos presentation is handed over only after explicit local acceptance
ok 726 - legacy Cosmos presentation is handed over only after explicit local acceptance
  ---
  duration_ms: 3.7935
  type: 'test'
  ...
# Subtest: gate lift is a pure projection of the existing saved repair
ok 727 - gate lift is a pure projection of the existing saved repair
  ---
  duration_ms: 4.4034
  type: 'test'
  ...
# Subtest: five separated timber planks have positive connected transforms and vertical grain
ok 728 - five separated timber planks have positive connected transforms and vertical grain
  ---
  duration_ms: 0.8996
  type: 'test'
  ...
# Subtest: jammed and repaired hardware differ without becoming navigation or camera authorities
ok 729 - jammed and repaired hardware differ without becoming navigation or camera authorities
  ---
  duration_ms: 0.6218
  type: 'test'
  ...
# Subtest: rack stays engaged with the fixed pinion in both leaf positions
ok 730 - rack stays engaged with the fixed pinion in both leaf positions
  ---
  duration_ms: 0.5841
  type: 'test'
  ...
# Subtest: fixed frame stays around the established bank anchor with three mapped members
ok 731 - fixed frame stays around the established bank anchor with three mapped members
  ---
  duration_ms: 12.6972
  type: 'test'
  ...
# Subtest: gate projection remains bounded to 29 moving parts and five timber instances
ok 732 - gate projection remains bounded to 29 moving parts and five timber instances
  ---
  duration_ms: 0.3494
  type: 'test'
  ...
# Subtest: Ansel keeps the exact Earth resident anchor and excludes navigation/camera ownership
ok 733 - Ansel keeps the exact Earth resident anchor and excludes navigation/camera ownership
  ---
  duration_ms: 3.6937
  type: 'test'
  ...
# Subtest: bounded body and tool transforms remain finite and positive through the full work cycle
ok 734 - bounded body and tool transforms remain finite and positive through the full work cycle
  ---
  duration_ms: 38.643
  type: 'test'
  ...
# Subtest: both hands belong to the actual square frame throughout inspection
ok 735 - both hands belong to the actual square frame throughout inspection
  ---
  duration_ms: 0.8273
  type: 'test'
  ...
# Subtest: proper 3D segments connect both elbows, hands and legs without cross-body gaps
ok 736 - proper 3D segments connect both elbows, hands and legs without cross-body gaps
  ---
  duration_ms: 0.49
  type: 'test'
  ...
# Subtest: feet meet the supplied ground and the square has a real right angle
ok 737 - feet meet the supplied ground and the square has a real right angle
  ---
  duration_ms: 0.4298
  type: 'test'
  ...
# Subtest: pure sampling changes only with supplied time and reduced motion keeps one complete stance
ok 738 - pure sampling changes only with supplied time and reduced motion keeps one complete stance
  ---
  duration_ms: 2.5704
  type: 'test'
  ...
# Subtest: creative presentation tick preserves sandbox blueprint and grid
ok 739 - creative presentation tick preserves sandbox blueprint and grid
  ---
  duration_ms: 12.6284
  type: 'test'
  ...
# Subtest: creative tick still clears its own stale playing and room-selection fields
ok 740 - creative tick still clears its own stale playing and room-selection fields
  ---
  duration_ms: 5.8142
  type: 'test'
  ...
# Subtest: selected slot and active music never replace another presentation owner
ok 741 - selected slot and active music never replace another presentation owner
  ---
  duration_ms: 3.2617
  type: 'test'
  ...
# Subtest: placement confirmation stays disabled before a tile is selected
ok 742 - placement confirmation stays disabled before a tile is selected
  ---
  duration_ms: 2.3147
  type: 'test'
  ...
# Subtest: explicit survey acceptance uses kit and the next expected sequence
ok 743 - explicit survey acceptance uses kit and the next expected sequence
  ---
  duration_ms: 21.6921
  type: 'test'
  ...
# Subtest: older saves acquire empty project data without changing XP or creative work
ok 744 - older saves acquire empty project data without changing XP or creative work
  ---
  duration_ms: 13.8548
  type: 'test'
  ...
# Subtest: a pin is a persisted attainable choice, not ownership or campaign consent
ok 745 - a pin is a persisted attainable choice, not ownership or campaign consent
  ---
  duration_ms: 4.6728
  type: 'test'
  ...
# Subtest: guide projects real craft sources and honest comparisons for an unowned weapon
ok 746 - guide projects real craft sources and honest comparisons for an unowned weapon
  ---
  duration_ms: 0.8964
  type: 'test'
  ...
# Subtest: next-step preview resolves the Ashwood prerequisite separately from the longbow target
ok 747 - next-step preview resolves the Ashwood prerequisite separately from the longbow target
  ---
  duration_ms: 1.2109
  type: 'test'
  ...
# Subtest: each prerequisite and target preview matches the actual craft then deliberate equip
ok 748 - each prerequisite and target preview matches the actual craft then deliberate equip
  ---
  duration_ms: 3.8559
  type: 'test'
  ...
# Subtest: next-step forge and both finite fittings match accepted commands without spending during preview
ok 749 - next-step forge and both finite fittings match accepted commands without spending during preview
  ---
  duration_ms: 6.3499
  type: 'test'
  ...
# Subtest: unequipped bow fitting preview keeps distinct sockets, health and Oren temper
ok 750 - unequipped bow fitting preview keeps distinct sockets, health and Oren temper
  ---
  duration_ms: 1.6866
  type: 'test'
  ...
# Subtest: finished, uncraftable and invalid project IDs have no invented next step
ok 751 - finished, uncraftable and invalid project IDs have no invented next step
  ---
  duration_ms: 1.2122
  type: 'test'
  ...
# Subtest: repeated immutable next-step previews keep XP, all history, cost, vitals and selected socket unchanged
ok 752 - repeated immutable next-step previews keep XP, all history, cost, vitals and selected socket unchanged
  ---
  duration_ms: 5.9304
  type: 'test'
  ...
# Subtest: Oren comparisons explicitly use current XP and do not project or award the separate XP reward
ok 753 - Oren comparisons explicitly use current XP and do not project or award the separate XP reward
  ---
  duration_ms: 11.0105
  type: 'test'
  ...
# Subtest: survey cannot be accepted remotely or before kit, and failed start is atomic
ok 754 - survey cannot be accepted remotely or before kit, and failed start is atomic
  ---
  duration_ms: 4.8277
  type: 'test'
  ...
# Subtest: survey temporarily owns encounters without replaying the once-only quest
ok 755 - survey temporarily owns encounters without replaying the once-only quest
  ---
  duration_ms: 2.2467
  type: 'test'
  ...
# Subtest: accepted sample events require run identity, proximity and once-per-run ownership
ok 756 - accepted sample events require run identity, proximity and once-per-run ownership
  ---
  duration_ms: 3.9355
  type: 'test'
  ...
# Subtest: actual defeat progresses the active run but creates no story defeat, cache or XP
ok 757 - actual defeat progresses the active run but creates no story defeat, cache or XP
  ---
  duration_ms: 7.4785
  type: 'test'
  ...
# Subtest: each deliberate completed run pays once, including after reload and receipt eviction
ok 758 - each deliberate completed run pays once, including after reload and receipt eviction
  ---
  duration_ms: 20.7411
  type: 'test'
  ...
# Subtest: changed request IDs cannot claim an incomplete run or a stale entitlement
ok 759 - changed request IDs cannot claim an incomplete run or a stale entitlement
  ---
  duration_ms: 3.1294
  type: 'test'
  ...
# Subtest: full ore refuses the entire claim and preserves earned entitlement
ok 760 - full ore refuses the entire claim and preserves earned entitlement
  ---
  duration_ms: 1.4529
  type: 'test'
  ...
# Subtest: full coins refuses the entire claim and preserves earned entitlement
ok 761 - full coins refuses the entire claim and preserves earned entitlement
  ---
  duration_ms: 3.3197
  type: 'test'
  ...
# Subtest: full fiber refuses the entire claim and preserves earned entitlement
ok 762 - full fiber refuses the entire claim and preserves earned entitlement
  ---
  duration_ms: 3.7319
  type: 'test'
  ...
# Subtest: finite fittings consume whole costs, keep equipped identity and preserve sockets
ok 763 - finite fittings consume whole costs, keep equipped identity and preserve sockets
  ---
  duration_ms: 2.2235
  type: 'test'
  ...
# Subtest: invalid, distant, out-of-order and missing-cost fittings never partly spend materials
ok 764 - invalid, distant, out-of-order and missing-cost fittings never partly spend materials
  ---
  duration_ms: 6.1006
  type: 'test'
  ...
# Subtest: improving an unequipped bow never equips it or changes the equipped socket
ok 765 - improving an unequipped bow never equips it or changes the equipped socket
  ---
  duration_ms: 0.6914
  type: 'test'
  ...
# Subtest: fittings affect both real damage paths and leave obstruction rules intact
ok 766 - fittings affect both real damage paths and leave obstruction rules intact
  ---
  duration_ms: 11.6271
  type: 'test'
  ...
# Subtest: present malformed ledgers refuse import instead of resetting paid history
ok 767 - present malformed ledgers refuse import instead of resetting paid history
  ---
  duration_ms: 6.9371
  type: 'test'
  ...
# Subtest: Darric remains at the supported existing anchor beside the real collection approach
ok 768 - Darric remains at the supported existing anchor beside the real collection approach
  ---
  duration_ms: 6.0627
  type: 'test'
  ...
# Subtest: complete actor and actual tool matrices remain finite positive and bounded across every stage
ok 769 - complete actor and actual tool matrices remain finite positive and bounded across every stage
  ---
  duration_ms: 110.6516
  type: 'test'
  ...
# Subtest: both gloved hands meet the real resting handle through every pose and stage
ok 770 - both gloved hands meet the real resting handle through every pose and stage
  ---
  duration_ms: 3.3759
  type: 'test'
  ...
# Subtest: full 3D limb bases connect submitted endpoints instead of rotating only in one plane
ok 771 - full 3D limb bases connect submitted endpoints instead of rotating only in one plane
  ---
  duration_ms: 0.75
  type: 'test'
  ...
# Subtest: transformed soles meet canonical shallow ground within six millimetres
ok 772 - transformed soles meet canonical shallow ground within six millimetres
  ---
  duration_ms: 0.6266
  type: 'test'
  ...
# Subtest: actual actor and mallet volumes clear collection stance sign and reserved blocks at pose extremes
ok 773 - actual actor and mallet volumes clear collection stance sign and reserved blocks at pose extremes
  ---
  duration_ms: 55.5454
  type: 'test'
  ...
# Subtest: actual mallet head clears body boxes and conservative round bounds through the full posing cycle
ok 774 - actual mallet head clears body boxes and conservative round bounds through the full posing cycle
  ---
  duration_ms: 572.0711
  type: 'test'
  ...
# Subtest: three stable individually tallied blocks project release only and twelve flush stones project packing only
ok 775 - three stable individually tallied blocks project release only and twelve flush stones project packing only
  ---
  duration_ms: 2.7762
  type: 'test'
  ...
# Subtest: pure pose uses only supplied simulation time and reduced motion freezes each complete stage
ok 776 - pure pose uses only supplied simulation time and reduced motion freezes each complete stage
  ---
  duration_ms: 6.603
  type: 'test'
  ...
# Subtest: the pure API owns the nine retained points and two Elderweald residents, with unchanged names and deeply frozen profiles
ok 777 - the pure API owns the nine retained points and two Elderweald residents, with unchanged names and deeply frozen profiles
  ---
  duration_ms: 1.7639
  type: 'test'
  ...
# Subtest: actual production mesh vertices are finite, supported and bounded through real ground height and yaw
ok 778 - actual production mesh vertices are finite, supported and bounded through real ground height and yaw
  ---
  duration_ms: 594.0632
  type: 'test'
  ...
# Subtest: the exact actor meshes stay on current patches and clear authoritative nearby solid boxes
ok 779 - the exact actor meshes stay on current patches and clear authoritative nearby solid boxes
  ---
  duration_ms: 367.1789
  type: 'test'
  ...
# Subtest: actual beam mesh endpoints connect the named limb and tool joints under root transforms
ok 780 - actual beam mesh endpoints connect the named limb and tool joints under root transforms
  ---
  duration_ms: 3.8404
  type: 'test'
  ...
# Subtest: each useful tool actually touches its holding palm and has a supported component graph
ok 781 - each useful tool actually touches its holding palm and has a supported component graph
  ---
  duration_ms: 15.1317
  type: 'test'
  ...
# Subtest: Calen alone has source-backed folded wings joined to the real cloak surface and clear of hands and head
ok 782 - Calen alone has source-backed folded wings joined to the real cloak surface and clear of hands and head
  ---
  duration_ms: 64.4548
  type: 'test'
  ...
# Subtest: material combinations, clothing silhouettes and tools are distinct without assigning game classes or ancestry
ok 783 - material combinations, clothing silhouettes and tools are distinct without assigning game classes or ancestry
  ---
  duration_ms: 3.8645
  type: 'test'
  ...
# Subtest: repeated time samples are pure, idle never walks or works, and pause/reduced motion are quiet
ok 784 - repeated time samples are pure, idle never walks or works, and pause/reduced motion are quiet
  ---
  duration_ms: 124.4308
  type: 'test'
  ...
# Subtest: unknown people, invalid anchors or output refuse before any partial mutation
ok 785 - unknown people, invalid anchors or output refuse before any partial mutation
  ---
  duration_ms: 2.3973
  type: 'test'
  ...
# Subtest: adventure 10 and missing optional trails preserve all ten XP boundaries and source input
ok 786 - adventure 10 and missing optional trails preserve all ten XP boundaries and source input
  ---
  duration_ms: 50.4076
  type: 'test'
  ...
# Subtest: current/future schemas refuse missing fields, foreign steps and impossible histories
ok 787 - current/future schemas refuse missing fields, foreign steps and impossible histories
  ---
  duration_ms: 16.0471
  type: 'test'
  ...
# Subtest: trail acceptance and realm fitting require their cross-owner earned histories on import
ok 788 - trail acceptance and realm fitting require their cross-owner earned histories on import
  ---
  duration_ms: 1.3694
  type: 'test'
  ...
# Subtest: acceptance requires the kit, correct realm, physical giver and living dry character
ok 789 - acceptance requires the kit, correct realm, physical giver and living dry character
  ---
  duration_ms: 6.2095
  type: 'test'
  ...
# Subtest: malformed transient XZ and depth cannot qualify a physical trail action
ok 790 - malformed transient XZ and depth cannot qualify a physical trail action
  ---
  duration_ms: 6.5743
  type: 'test'
  ...
# Subtest: accept/step refusal from throwing or unavailable persistence changes no live state
ok 791 - accept/step refusal from throwing or unavailable persistence changes no live state
  ---
  duration_ms: 6.6899
  type: 'test'
  ...
# Subtest: supply preparation is physical, dependency-checked and grants nothing before claim
ok 792 - supply preparation is physical, dependency-checked and grants nothing before claim
  ---
  duration_ms: 7.5912
  type: 'test'
  ...
# Subtest: wet readings need actual depth/body medium and cannot be recorded on the overhead deck
ok 793 - wet readings need actual depth/body medium and cannot be recorded on the overhead deck
  ---
  duration_ms: 6.7007
  type: 'test'
  ...
# Subtest: Bellglass chart works in the actual air court and wrong choices are costless refusals
ok 794 - Bellglass chart works in the actual air court and wrong choices are costless refusals
  ---
  duration_ms: 8.5062
  type: 'test'
  ...
# Subtest: each material slot and currency limit refuses the whole declared claim, then exact capacity succeeds
ok 795 - each material slot and currency limit refuses the whole declared claim, then exact capacity succeeds
  ---
  duration_ms: 19.6354
  type: 'test'
  ...
# Subtest: claim validates/saves the full paid candidate before applying it and retains live owner objects
ok 796 - claim validates/saves the full paid candidate before applying it and retains live owner objects
  ---
  duration_ms: 13.7545
  type: 'test'
  ...
# Subtest: claim clamps XP at 9999 without replacing the retained five-level curve
ok 797 - claim clamps XP at 9999 without replacing the retained five-level curve
  ---
  duration_ms: 5.0154
  type: 'test'
  ...
# Subtest: partial, ready and paid records survive snapshot/reload without accepting or paying again
ok 798 - partial, ready and paid records survive snapshot/reload without accepting or paying again
  ---
  duration_ms: 5.4276
  type: 'test'
  ...
# Subtest: a real in-memory character Store makes quota refusal atomic and pays one saved entitlement
ok 799 - a real in-memory character Store makes quota refusal atomic and pays one saved entitlement
  ---
  duration_ms: 5.1996
  type: 'test'
  ...
# Subtest: a missing saver refuses claim and fitting without recording a false durable success
ok 800 - a missing saver refuses claim and fitting without recording a false durable success
  ---
  duration_ms: 19.7621
  type: 'test'
  ...
# Subtest: managed Store writer and changed-source refusals preserve the complete unpaid trail
ok 801 - managed Store writer and changed-source refusals preserve the complete unpaid trail
  ---
  duration_ms: 28.2117
  type: 'test'
  ...
# Subtest: independent character worlds keep trail claims and the fitting entitlement separate
ok 802 - independent character worlds keep trail claims and the fitting entitlement separate
  ---
  duration_ms: 5.6753
  type: 'test'
  ...
# Subtest: a fitting requires claimed work, an outdoor bench, life, an owned weapon and complete cost
ok 803 - a fitting requires claimed work, an outdoor bench, life, an owned weapon and complete cost
  ---
  duration_ms: 37.5477
  type: 'test'
  ...
# Subtest: finite fitting spends only after persistence and adds exactly three to the selected equipped blade
ok 804 - finite fitting spends only after persistence and adds exactly three to the selected equipped blade
  ---
  duration_ms: 5.297
  type: 'test'
  ...
# Subtest: fitting an unequipped canonical bow never equips it and the one global spend excludes another weapon
ok 805 - fitting an unequipped canonical bow never equips it and the one global spend excludes another weapon
  ---
  duration_ms: 5.9691
  type: 'test'
  ...
# Subtest: returning finite starter/river work, ruby, pinned project, banked XP and weapon behavior survive fitting
ok 806 - returning finite starter/river work, ruby, pinned project, banked XP and weapon behavior survive fitting
  ---
  duration_ms: 9.0327
  type: 'test'
  ...
# Subtest: accepted Atlantis pages are readable at home and from another realm after cold reload
ok 807 - accepted Atlantis pages are readable at home and from another realm after cold reload
  ---
  duration_ms: 6.0822
  type: 'test'
  ...
# Subtest: all legal Southern progress snapshots emit bounded supported kinds and finite positive production matrices
ok 808 - all legal Southern progress snapshots emit bounded supported kinds and finite positive production matrices
  ---
  duration_ms: 106.3192
  type: 'test'
  ...
# Subtest: appearance projects acceptance and each true step; the packed job appears only after all supplies and packing
ok 809 - appearance projects acceptance and each true step; the packed job appears only after all supplies and packing
  ---
  duration_ms: 3.2609
  type: 'test'
  ...
# Subtest: Bellglass reveals separate recorded readings, corrected layered chart and fitted marker without erasing the older scale
ok 810 - Bellglass reveals separate recorded readings, corrected layered chart and fitted marker without erasing the older scale
  ---
  duration_ms: 19.3262
  type: 'test'
  ...
# Subtest: actual Earth mesh feet stay on canonical ground and clear walking, task and giver body envelopes
ok 811 - actual Earth mesh feet stay on canonical ground and clear walking, task and giver body envelopes
  ---
  duration_ms: 222.6091
  type: 'test'
  ...
# Subtest: actual Bellglass full meshes clear the complete XYZ visitor route, dive blockers and step bodies
ok 812 - actual Bellglass full meshes clear the complete XYZ visitor route, dive blockers and step bodies
  ---
  duration_ms: 27.0678
  type: 'test'
  ...
# Subtest: desk, inclined layered chart, suspended gauge and bed-mounted feet meet their real supports
ok 813 - desk, inclined layered chart, suspended gauge and bed-mounted feet meet their real supports
  ---
  duration_ms: 3.1515
  type: 'test'
  ...
# Subtest: bed, court and suspended-gauge support heights agree with the actual generic scene writer
ok 814 - bed, court and suspended-gauge support heights agree with the actual generic scene writer
  ---
  duration_ms: 9.4302
  type: 'test'
  ...
# Subtest: South work geometry is static across pause, time, reduced motion and both camera settings; all input data stays unchanged
ok 815 - South work geometry is static across pause, time, reduced motion and both camera settings; all input data stays unchanged
  ---
  duration_ms: 84.411
  type: 'test'
  ...
# Subtest: real trail commands leave the chart unconnected after wrong choice or refused save, then project a committed correction
ok 816 - real trail commands leave the chart unconnected after wrong choice or refused save, then project a committed correction
  ---
  duration_ms: 8.6943
  type: 'test'
  ...
# Subtest: six northern and Cosmos projections retain pinned base output without depending on Git history
ok 817 - six northern and Cosmos projections retain pinned base output without depending on Git history
  ---
  duration_ms: 4.0467
  type: 'test'
  ...
# Subtest: browser global and CommonJS preserve the original interface and add no foreign global authority
ok 818 - browser global and CommonJS preserve the original interface and add no foreign global authority
  ---
  duration_ms: 1.5137
  type: 'test'
  ...
# Subtest: one stable finite definition has supported schema and exact declared payment
ok 819 - one stable finite definition has supported schema and exact declared payment
  ---
  duration_ms: 1.713
  type: 'test'
  ...
# Subtest: every nested catalogue value is immutable, including target anchors
ok 820 - every nested catalogue value is immutable, including target anchors
  ---
  duration_ms: 0.4905
  type: 'test'
  ...
# Subtest: instrument readings follow the actual authored XZ anchors and strict finite scale
ok 821 - instrument readings follow the actual authored XZ anchors and strict finite scale
  ---
  duration_ms: 0.3415
  type: 'test'
  ...
# Subtest: both optical targets agree with geometry actually submitted by CosmosArt
ok 822 - both optical targets agree with geometry actually submitted by CosmosArt
  ---
  duration_ms: 32.2604
  type: 'test'
  ...
# Subtest: giver and all three actions use actual dry floor, radius clearance and line access
ok 823 - giver and all three actions use actual dry floor, radius clearance and line access
  ---
  duration_ms: 0.8995
  type: 'test'
  ...
# Subtest: complete out-and-back circuit follows production segments with dense radius-safe samples
ok 824 - complete out-and-back circuit follows production segments with dense radius-safe samples
  ---
  duration_ms: 23.5905
  type: 'test'
  ...
# Subtest: data loading and browser export do not invoke save, simulation, reward or art authority
ok 825 - data loading and browser export do not invoke save, simulation, reward or art authority
  ---
  duration_ms: 13.4876
  type: 'test'
  ...
# Subtest: two real sight stations expose earned comparator preview without mutating the world
ok 826 - two real sight stations expose earned comparator preview without mutating the world
  ---
  duration_ms: 219.5495
  type: 'test'
  ...
# Subtest: misaligned, absent, remote, nonfinite and out-of-scale calibration cannot record or spend
ok 827 - misaligned, absent, remote, nonfinite and out-of-scale calibration cannot record or spend
  ---
  duration_ms: 242.6054
  type: 'test'
  ...
# Subtest: unrecorded dial resets on cold reload; recorded values, prerequisites and once-only claim survive
ok 828 - unrecorded dial resets on cold reload; recorded values, prerequisites and once-only claim survive
  ---
  duration_ms: 925.0735
  type: 'test'
  ...
# Subtest: save refusal leaves an aligned physical comparator retryable and its earned state unchanged
ok 829 - save refusal leaves an aligned physical comparator retryable and its earned state unchanged
  ---
  duration_ms: 99.3867
  type: 'test'
  ...
# Subtest: import refuses fabricated instrument histories while preserving source objects
ok 830 - import refuses fabricated instrument histories while preserving source objects
  ---
  duration_ms: 41.5224
  type: 'test'
  ...
# Subtest: north trails: exact frozen catalogue contract and distinct persistent namespaces
ok 831 - north trails: exact frozen catalogue contract and distinct persistent namespaces
  ---
  duration_ms: 7.5066
  type: 'test'
  ...
# Subtest: Heaven: three independent relay actions, optional real opening and post-defeat physical repair
ok 832 - Heaven: three independent relay actions, optional real opening and post-defeat physical repair
  ---
  duration_ms: 0.3932
  type: 'test'
  ...
# Subtest: Hell: all route safety is required; actual ally arrival follows separate defeat and explicit invitation
ok 833 - Hell: all route safety is required; actual ally arrival follows separate defeat and explicit invitation
  ---
  duration_ms: 0.3951
  type: 'test'
  ...
# Subtest: graph guard detects cycles, unknown prerequisites, optional completion gates and encounter mismatch
ok 834 - graph guard detects cycles, unknown prerequisites, optional completion gates and encounter mismatch
  ---
  duration_ms: 2.2746
  type: 'test'
  ...
# Subtest: heaven: production ground, exact collision and navigation provide every action a giver/home return
ok 835 - heaven: production ground, exact collision and navigation provide every action a giver/home return
  ---
  duration_ms: 1507.617
  type: 'test'
  ...
# Subtest: heaven: production accepted movement physically walks ordered work and freely returns home
ok 836 - heaven: production accepted movement physically walks ordered work and freely returns home
  ---
  duration_ms: 421.3925
  type: 'test'
  ...
# Subtest: hell: production ground, exact collision and navigation provide every action a giver/home return
ok 837 - hell: production ground, exact collision and navigation provide every action a giver/home return
  ---
  duration_ms: 4467.3812
  type: 'test'
  ...
# Subtest: hell: production accepted movement physically walks ordered work and freely returns home
ok 838 - hell: production accepted movement physically walks ordered work and freely returns home
  ---
  duration_ms: 491.2545
  type: 'test'
  ...
# Subtest: Hell: supported escorted macro route uses a real culvert detour and remains within Refuge at its endpoint
ok 839 - Hell: supported escorted macro route uses a real culvert detour and remains within Refuge at its endpoint
  ---
  duration_ms: 219.6573
  type: 'test'
  ...
# Subtest: catalogue is deterministic inert data in browser and CommonJS hosts, with no save/scene/reward effects
ok 840 - catalogue is deterministic inert data in browser and CommonJS hosts, with no save/scene/reward effects
  ---
  duration_ms: 5.4243
  type: 'test'
  ...
# Subtest: acceptance needs the correct realm, initial kit and physical giver; inspecting/failed actions remain inert
ok 841 - acceptance needs the correct realm, initial kit and physical giver; inspecting/failed actions remain inert
  ---
  duration_ms: 66.4683
  type: 'test'
  ...
# Subtest: interactions require actual proximity and all DAG preparations; combat/escort steps cannot be clicked complete
ok 842 - interactions require actual proximity and all DAG preparations; combat/escort steps cannot be clicked complete
  ---
  duration_ms: 29.9276
  type: 'test'
  ...
# Subtest: strict escort history rejects impossible arrival/checkpoint records while legacy saves migrate without trail credit
ok 843 - strict escort history rejects impossible arrival/checkpoint records while legacy saves migrate without trail credit
  ---
  duration_ms: 2.857
  type: 'test'
  ...
# Subtest: story death accepts only the current actual zero-HP actor; replay has no legacy loot or payout
ok 844 - story death accepts only the current actual zero-HP actor; replay has no legacy loot or payout
  ---
  duration_ms: 66.3588
  type: 'test'
  ...
# Subtest: Heaven closed bearing records no hit; actual pulse recovery is 1.8 and preparation changes a later real opening to 2.6
ok 845 - Heaven closed bearing records no hit; actual pulse recovery is 1.8 and preparation changes a later real opening to 2.6
  ---
  duration_ms: 13.1409
  type: 'test'
  ...
# Subtest: same-room story roster update preserves current enemy HP/intent, real arrow, companion, effects and invincibility
ok 846 - same-room story roster update preserves current enemy HP/intent, real arrow, companion, effects and invincibility
  ---
  duration_ms: 204.3681
  type: 'test'
  ...
# Subtest: missing or refused durable combat saver cannot manufacture a defeat; successful retry records it once
ok 847 - missing or refused durable combat saver cannot manufacture a defeat; successful retry records it once
  ---
  duration_ms: 55.4343
  type: 'test'
  ...
# Subtest: real Neris waits for distance and explicit wait/follow; player-only arrival cannot finish rescue
ok 848 - real Neris waits for distance and explicit wait/follow; player-only arrival cannot finish rescue
  ---
  duration_ms: 301.0034
  type: 'test'
  ...
# Subtest: actual ordinary sentinel death stops escort; cold reload/revive resumes durable safe checkpoint and owns a fresh actor
ok 849 - actual ordinary sentinel death stops escort; cold reload/revive resumes durable safe checkpoint and owns a fresh actor
  ---
  duration_ms: 160.7386
  type: 'test'
  ...
# Subtest: refused checkpoint save stays retryable; actual arrival can only be adopted after saver accepts
ok 850 - refused checkpoint save stays retryable; actual arrival can only be adopted after saver accepts
  ---
  duration_ms: 23.2385
  type: 'test'
  ...
# Subtest: explicit assisted extraction is distinct, actual Refuge placement and save-atomic; completion survives unpaid reload
ok 851 - explicit assisted extraction is distinct, actual Refuge placement and save-atomic; completion survives unpaid reload
  ---
  duration_ms: 31.4433
  type: 'test'
  ...
# Subtest: ready claim is physical, atomic, once-only and retained on capacity/save refusal and cold replay
ok 852 - ready claim is physical, atomic, once-only and retained on capacity/save refusal and cold replay
  ---
  duration_ms: 53.3046
  type: 'test'
  ...
# Subtest: finite fitting preserves selected identity, actual prior socket, validated prior pursuit bonus and global once limit
ok 853 - finite fitting preserves selected identity, actual prior socket, validated prior pursuit bonus and global once limit
  ---
  duration_ms: 29.8556
  type: 'test'
  ...
# Subtest: both terms are deeply frozen and browser/CommonJS exports agree without mutable service access
ok 854 - both terms are deeply frozen and browser/CommonJS exports agree without mutable service access
  ---
  duration_ms: 3.5118
  type: 'test'
  ...
# Subtest: stable terms, finite step topology and choice references match the approved data contract
ok 855 - stable terms, finite step topology and choice references match the approved data contract
  ---
  duration_ms: 0.6806
  type: 'test'
  ...
# Subtest: givers retain current canonical point ownership and every dry step has supported collision-free ground
ok 856 - givers retain current canonical point ownership and every dry step has supported collision-free ground
  ---
  duration_ms: 6.6618
  type: 'test'
  ...
# Subtest: the complete dry circuit follows real supported segments and stays outside the optional foe detection radius
ok 857 - the complete dry circuit follows real supported segments and stays outside the optional foe detection radius
  ---
  duration_ms: 68.8378
  type: 'test'
  ...
# Subtest: underwater and air-court anchors agree with actual full-body clearance and character medium
ok 858 - underwater and air-court anchors agree with actual full-body clearance and character medium
  ---
  duration_ms: 9.0853
  type: 'test'
  ...
# Subtest: production depth movement reaches every new anchor through the real doorway and east lane, then exits
ok 859 - production depth movement reaches every new anchor through the real doorway and east lane, then exits
  ---
  duration_ms: 3.9722
  type: 'test'
  ...
# Subtest: the material claim supports an existing recipe without a new item, resource node or weapon stat
ok 860 - the material claim supports an existing recipe without a new item, resource node or weapon stat
  ---
  duration_ms: 0.2611
  type: 'test'
  ...
# Subtest: labels distinguish job supplies, physical depth, protected history and finite claimed materials
ok 861 - labels distinguish job supplies, physical depth, protected history and finite claimed materials
  ---
  duration_ms: 0.2671
  type: 'test'
  ...
# Subtest: horizontal reflection keeps every point on its plane fixed
ok 862 - horizontal reflection keeps every point on its plane fixed
  ---
  duration_ms: 1.2385
  type: 'test'
  ...
# Subtest: reflection applied twice restores a point
ok 863 - reflection applied twice restores a point
  ---
  duration_ms: 0.3826
  type: 'test'
  ...
# Subtest: actual render matrix keeps contact UV invariant at many view angles
ok 864 - actual render matrix keeps contact UV invariant at many view angles
  ---
  duration_ms: 3.556
  type: 'test'
  ...
# Subtest: reflected height changes vertical position but not lateral direction
ok 865 - reflected height changes vertical position but not lateral direction
  ---
  duration_ms: 0.296
  type: 'test'
  ...
# Subtest: regression specimen detects the previous reflected-lookAt defect
ok 866 - regression specimen detects the previous reflected-lookAt defect
  ---
  duration_ms: 0.1694
  type: 'test'
  ...
# Subtest: non-finite reflection height is rejected
ok 867 - non-finite reflection height is rejected
  ---
  duration_ms: 0.3094
  type: 'test'
  ...
# Subtest: road defaults are distinct records and start without progress
ok 868 - road defaults are distinct records and start without progress
  ---
  duration_ms: 1.6474
  type: 'test'
  ...
# Subtest: all route destinations are on terrain; river and trunks are obstacles
ok 869 - all route destinations are on terrain; river and trunks are obstacles
  ---
  duration_ms: 1.3972
  type: 'test'
  ...
# Subtest: visibility rejects invalid endpoints, extreme inputs, and water crossing
ok 870 - visibility rejects invalid endpoints, extreme inputs, and water crossing
  ---
  duration_ms: 0.7274
  type: 'test'
  ...
# Subtest: consistent completed road validates and all objectives complete
ok 871 - consistent completed road validates and all objectives complete
  ---
  duration_ms: 0.5872
  type: 'test'
  ...
# Subtest: unearned and duplicate facts are rejected rather than reset
ok 872 - unearned and duplicate facts are rejected rather than reset
  ---
  duration_ms: 0.6052
  type: 'test'
  ...
# Subtest: road validation requires story, companion, and encounter prerequisites
ok 873 - road validation requires story, companion, and encounter prerequisites
  ---
  duration_ms: 0.2069
  type: 'test'
  ...
# Subtest: world05 migrates without changing any prior creative/sandbox fields
ok 874 - world05 migrates without changing any prior creative/sandbox fields
  ---
  duration_ms: 45.5208
  type: 'test'
  ...
# Subtest: all supported previous schemas migrate without road wins
ok 875 - all supported previous schemas migrate without road wins
  ---
  duration_ms: 10.4554
  type: 'test'
  ...
# Subtest: adapter migration writes new key and leaves previous key unchanged
ok 876 - adapter migration writes new key and leaves previous key unchanged
  ---
  duration_ms: 2.9312
  type: 'test'
  ...
# Subtest: gate refuses unfinished chapter without mutation
ok 877 - gate refuses unfinished chapter without mutation
  ---
  duration_ms: 8.9116
  type: 'test'
  ...
# Subtest: gate refuses remote and wrong-scene entry
ok 878 - gate refuses remote and wrong-scene entry
  ---
  duration_ms: 8.2316
  type: 'test'
  ...
# Subtest: earned gift allows entry and preserves exterior restart
ok 879 - earned gift allows entry and preserves exterior restart
  ---
  duration_ms: 3.0555
  type: 'test'
  ...
# Subtest: normal road return is restricted to southern gate
ok 880 - normal road return is restricted to southern gate
  ---
  duration_ms: 46.268
  type: 'test'
  ...
# Subtest: road save reopens safely outside with progress retained
ok 881 - road save reopens safely outside with progress retained
  ---
  duration_ms: 3.1522
  type: 'test'
  ...
# Subtest: all map landmarks and encounter origins walkable
ok 882 - all map landmarks and encounter origins walkable
  ---
  duration_ms: 0.3033
  type: 'test'
  ...
# Subtest: river blocks nonbridge crossings and rejects nonfinite coordinates
ok 883 - river blocks nonbridge crossings and rejects nonfinite coordinates
  ---
  duration_ms: 0.3071
  type: 'test'
  ...
# Subtest: boulders cart tower and trunks all participate in collision
ok 884 - boulders cart tower and trunks all participate in collision
  ---
  duration_ms: 0.2512
  type: 'test'
  ...
# Subtest: path crosses bridge instead of cutting across water
ok 885 - path crosses bridge instead of cutting across water
  ---
  duration_ms: 20.7707
  type: 'test'
  ...
# Subtest: dodge does not tunnel through the river
ok 886 - dodge does not tunnel through the river
  ---
  duration_ms: 2.7348
  type: 'test'
  ...
# Subtest: new encounters do not enable village combat
ok 887 - new encounters do not enable village combat
  ---
  duration_ms: 20.5503
  type: 'test'
  ...
# Subtest: melee cannot hit through solid road geometry
ok 888 - melee cannot hit through solid road geometry
  ---
  duration_ms: 28.2536
  type: 'test'
  ...
# Subtest: Seek needs bonded Follow fox and a nearby discoverable scent
ok 889 - Seek needs bonded Follow fox and a nearby discoverable scent
  ---
  duration_ms: 5.6191
  type: 'test'
  ...
# Subtest: discovery only occurs after physical path travel
ok 890 - discovery only occurs after physical path travel
  ---
  duration_ms: 20.9535
  type: 'test'
  ...
# Subtest: Stay cancels pending scent without issuing discovery
ok 891 - Stay cancels pending scent without issuing discovery
  ---
  duration_ms: 29.5828
  type: 'test'
  ...
# Subtest: leaving cancels scent instead of revealing cache remotely
ok 892 - leaving cancels scent instead of revealing cache remotely
  ---
  duration_ms: 4.3425
  type: 'test'
  ...
# Subtest: unrevealed distant or already claimed cache refuses without mutation
ok 893 - unrevealed distant or already claimed cache refuses without mutation
  ---
  duration_ms: 6.2194
  type: 'test'
  ...
# Subtest: cache overflow keeps balances and unclaimed discovery
ok 894 - cache overflow keeps balances and unclaimed discovery
  ---
  duration_ms: 2.756
  type: 'test'
  ...
# Subtest: cache retry does not duplicate rewards
ok 895 - cache retry does not duplicate rewards
  ---
  duration_ms: 5.8713
  type: 'test'
  ...
# Subtest: repair needs latch prowler ore and proximity
ok 896 - repair needs latch prowler ore and proximity
  ---
  duration_ms: 9.7772
  type: 'test'
  ...
# Subtest: repair charges exactly once under any command id
ok 897 - repair charges exactly once under any command id
  ---
  duration_ms: 3.2372
  type: 'test'
  ...
# Subtest: shop refuses unopened remote and wrong-scene trades
ok 898 - shop refuses unopened remote and wrong-scene trades
  ---
  duration_ms: 100.0735
  type: 'test'
  ...
# Subtest: tonic purchase obeys cost capacity and idempotency
ok 899 - tonic purchase obeys cost capacity and idempotency
  ---
  duration_ms: 40.1531
  type: 'test'
  ...
# Subtest: changed trade offer under same id is refused
ok 900 - changed trade offer under same id is refused
  ---
  duration_ms: 3.6055
  type: 'test'
  ...
# Subtest: unique mantle costs 18 and can be equipped not repurchased
ok 901 - unique mantle costs 18 and can be equipped not repurchased
  ---
  duration_ms: 4.0043
  type: 'test'
  ...
# Subtest: insufficient currency preserves equipment and balance
ok 902 - insufficient currency preserves equipment and balance
  ---
  duration_ms: 4.1463
  type: 'test'
  ...
# Subtest: copper sale exact and bounded
ok 903 - copper sale exact and bounded
  ---
  duration_ms: 4.9157
  type: 'test'
  ...
# Subtest: sunberry sale consumes actual sandbox garden produce
ok 904 - sunberry sale consumes actual sandbox garden produce
  ---
  duration_ms: 3.763
  type: 'test'
  ...
# Subtest: unknown trade never falls through to an offer
ok 905 - unknown trade never falls through to an offer
  ---
  duration_ms: 3.6521
  type: 'test'
  ...
# Subtest: pause freezes scent movement and time and refuses actions
ok 906 - pause freezes scent movement and time and refuses actions
  ---
  duration_ms: 11.9034
  type: 'test'
  ...
# Subtest: charge direction locks during windup rather than tracking evasion
ok 907 - charge direction locks during windup rather than tracking evasion
  ---
  duration_ms: 69.589
  type: 'test'
  ...
# Subtest: charge sweep respects banks and hits at most once per charge
ok 908 - charge sweep respects banks and hits at most once per charge
  ---
  duration_ms: 33.6379
  type: 'test'
  ...
# Subtest: leaving charge lane avoids damage
ok 909 - leaving charge lane avoids damage
  ---
  duration_ms: 7.5037
  type: 'test'
  ...
# Subtest: path follower routes around rock and never enters it
ok 910 - path follower routes around rock and never enters it
  ---
  duration_ms: 7.9115
  type: 'test'
  ...
# Subtest: fox on invalid ground explicitly recalled rather than stranded
ok 911 - fox on invalid ground explicitly recalled rather than stranded
  ---
  duration_ms: 10.6013
  type: 'test'
  ...
# Subtest: beacon requires three encounters and only rewards once
ok 912 - beacon requires three encounters and only rewards once
  ---
  duration_ms: 64.923
  type: 'test'
  ...
# Subtest: return reward requires cart beacon and actual spring
ok 913 - return reward requires cart beacon and actual spring
  ---
  duration_ms: 21.1086
  type: 'test'
  ...
# Subtest: new equipment and chapter facts survive round trip
ok 914 - new equipment and chapter facts survive round trip
  ---
  duration_ms: 32.6237
  type: 'test'
  ...
# Subtest: inconsistent completion duplicate IDs and hidden cache claims reject
ok 915 - inconsistent completion duplicate IDs and hidden cache claims reject
  ---
  duration_ms: 4.7732
  type: 'test'
  ...
# Subtest: invalid nested road data refuses rather than silently resetting
ok 916 - invalid nested road data refuses rather than silently resetting
  ---
  duration_ms: 0.5728
  type: 'test'
  ...
# Subtest: road defeat permits explicit recovery without erasing quest or inventory
ok 917 - road defeat permits explicit recovery without erasing quest or inventory
  ---
  duration_ms: 2.1513
  type: 'test'
  ...
# Subtest: sandbox starts empty except four seeds and round trips
ok 918 - sandbox starts empty except four seeds and round trips
  ---
  duration_ms: 8.5556
  type: 'test'
  ...
# Subtest: all village resource nodes have a walkable approach
ok 919 - all village resource nodes have a walkable approach
  ---
  duration_ms: 0.3158
  type: 'test'
  ...
# Subtest: rejected gather leaves inventory and resource unchanged
ok 920 - rejected gather leaves inventory and resource unchanged
  ---
  duration_ms: 1.4944
  type: 'test'
  ...
# Subtest: wood takes four hand swings and yields five timber once
ok 921 - wood takes four hand swings and yields five timber once
  ---
  duration_ms: 9.8793
  type: 'test'
  ...
# Subtest: cooldown rejects fast repeated swings without damage
ok 922 - cooldown rejects fast repeated swings without damage
  ---
  duration_ms: 1.0449
  type: 'test'
  ...
# Subtest: axe reduces timber harvest to two swings
ok 923 - axe reduces timber harvest to two swings
  ---
  duration_ms: 0.9726
  type: 'test'
  ...
# Subtest: fibre supplies actual resource and one seed
ok 924 - fibre supplies actual resource and one seed
  ---
  duration_ms: 0.5553
  type: 'test'
  ...
# Subtest: resource reappears after active time, not clock slider
ok 925 - resource reappears after active time, not clock slider
  ---
  duration_ms: 81.0635
  type: 'test'
  ...
# Subtest: pause stops regrowth
ok 926 - pause stops regrowth
  ---
  duration_ms: 1.0299
  type: 'test'
  ...
# Subtest: craft atomically consumes exact recipe and produces count
ok 927 - craft atomically consumes exact recipe and produces count
  ---
  duration_ms: 0.7222
  type: 'test'
  ...
# Subtest: insufficient recipe never partially consumes
ok 928 - insufficient recipe never partially consumes
  ---
  duration_ms: 0.571
  type: 'test'
  ...
# Subtest: advanced tool requires proximity to workbench
ok 929 - advanced tool requires proximity to workbench
  ---
  duration_ms: 0.5794
  type: 'test'
  ...
# Subtest: inventory capacity refuses complete recipe before debit
ok 930 - inventory capacity refuses complete recipe before debit
  ---
  duration_ms: 0.3609
  type: 'test'
  ...
# Subtest: old accepted command cannot be replayed after save reload
ok 931 - old accepted command cannot be replayed after save reload
  ---
  duration_ms: 1.1109
  type: 'test'
  ...
# Subtest: old refusal is stable inside bounded deduplication window
ok 932 - old refusal is stable inside bounded deduplication window
  ---
  duration_ms: 0.3764
  type: 'test'
  ...
# Subtest: deduplication ledger is bounded and validated
ok 933 - deduplication ledger is bounded and validated
  ---
  duration_ms: 2.1135
  type: 'test'
  ...
# Subtest: unknown and prototype inventory properties are refused
ok 934 - unknown and prototype inventory properties are refused
  ---
  duration_ms: 0.3478
  type: 'test'
  ...
# Subtest: forged negative or non-finite counts are refused
ok 935 - forged negative or non-finite counts are refused
  ---
  duration_ms: 0.2338
  type: 'test'
  ...
# Subtest: forged bridge and resource rosters are refused
ok 936 - forged bridge and resource rosters are refused
  ---
  duration_ms: 0.1626
  type: 'test'
  ...
# Subtest: bridge is gated until paid repair
ok 937 - bridge is gated until paid repair
  ---
  duration_ms: 0.5144
  type: 'test'
  ...
# Subtest: unlocked bridge has a route to the homestead and back
ok 938 - unlocked bridge has a route to the homestead and back
  ---
  duration_ms: 37.8677
  type: 'test'
  ...
# Subtest: all frontier resources have an accessible approach after repair
ok 939 - all frontier resources have an accessible approach after repair
  ---
  duration_ms: 0.8576
  type: 'test'
  ...
# Subtest: crystal requires the crafted pick
ok 940 - crystal requires the crafted pick
  ---
  duration_ms: 0.5622
  type: 'test'
  ...
# Subtest: building only in marked bounds and within reach
ok 941 - building only in marked bounds and within reach
  ---
  duration_ms: 0.655
  type: 'test'
  ...
# Subtest: a block on the player is refused without consuming inventory
ok 942 - a block on the player is refused without consuming inventory
  ---
  duration_ms: 0.549
  type: 'test'
  ...
# Subtest: gold lane admits deck but rejects blocking wall
ok 943 - gold lane admits deck but rejects blocking wall
  ---
  duration_ms: 6.0081
  type: 'test'
  ...
# Subtest: actual building changes pathfinding and reclaim restores it
ok 944 - actual building changes pathfinding and reclaim restores it
  ---
  duration_ms: 4.6378
  type: 'test'
  ...
# Subtest: deck and block layers may coexist; stone stacks to three only
ok 945 - deck and block layers may coexist; stone stacks to three only
  ---
  duration_ms: 9.9368
  type: 'test'
  ...
# Subtest: reclaim returns exactly the topmost crafted item
ok 946 - reclaim returns exactly the topmost crafted item
  ---
  duration_ms: 3.0922
  type: 'test'
  ...
# Subtest: different furniture cannot overlap the same occupied layer
ok 947 - different furniture cannot overlap the same occupied layer
  ---
  duration_ms: 0.8848
  type: 'test'
  ...
# Subtest: unsupported stacks and duplicate layers fail import
ok 948 - unsupported stacks and duplicate layers fail import
  ---
  duration_ms: 7.9425
  type: 'test'
  ...
# Subtest: construction cannot trap a player in a closed enclosure
ok 949 - construction cannot trap a player in a closed enclosure
  ---
  duration_ms: 2.2024
  type: 'test'
  ...
# Subtest: harvest follows plant, water, growth, then yields food and seeds
ok 950 - harvest follows plant, water, growth, then yields food and seeds
  ---
  duration_ms: 16.4669
  type: 'test'
  ...
# Subtest: growing bed cannot be recycled to silently lose crop state
ok 951 - growing bed cannot be recycled to silently lose crop state
  ---
  duration_ms: 1.8103
  type: 'test'
  ...
# Subtest: placed workbench unlocks workbench recipes locally
ok 952 - placed workbench unlocks workbench recipes locally
  ---
  duration_ms: 1.4744
  type: 'test'
  ...
# Subtest: save on unlocked shore preserves player, crops and builds
ok 953 - save on unlocked shore preserves player, crops and builds
  ---
  duration_ms: 2.506
  type: 'test'
  ...
# Subtest: version-three save migration preserves creative data, starts clean inventory
ok 954 - version-three save migration preserves creative data, starts clean inventory
  ---
  duration_ms: 1.0111
  type: 'test'
  ...
# Subtest: migration never overwrites earlier storage key
ok 955 - migration never overwrites earlier storage key
  ---
  duration_ms: 4.2388
  type: 'test'
  ...
# Subtest: invalid bridge-state save cannot place player beyond locked crossing
ok 956 - invalid bridge-state save cannot place player beyond locked crossing
  ---
  duration_ms: 1.3055
  type: 'test'
  ...
# Subtest: sandbox rejects gameplay in interiors
ok 957 - sandbox rejects gameplay in interiors
  ---
  duration_ms: 0.4165
  type: 'test'
  ...
# Subtest: an oversized delta cannot fast-forward the sandbox
ok 958 - an oversized delta cannot fast-forward the sandbox
  ---
  duration_ms: 0.8103
  type: 'test'
  ...
# Subtest: a full end-to-end milestone fixture is consistent and restorable
ok 959 - a full end-to-end milestone fixture is consistent and restorable
  ---
  duration_ms: 18.2206
  type: 'test'
  ...
# Subtest: isolated browser and CommonJS export only the pure four-function API
ok 960 - isolated browser and CommonJS export only the pure four-function API
  ---
  duration_ms: 11.1163
  type: 'test'
  ...
# Subtest: actual displacement drives stride independently of subdivision, speed and chase intent
ok 961 - actual displacement drives stride independently of subdivision, speed and chase intent
  ---
  duration_ms: 1.4298
  type: 'test'
  ...
# Subtest: stopping holds phase, settles legs, and repeated samples do not fabricate motion
ok 962 - stopping holds phase, settles legs, and repeated samples do not fabricate motion
  ---
  duration_ms: 0.2717
  type: 'test'
  ...
# Subtest: long pauses freeze the full drawable pose and consume skipped placement
ok 963 - long pauses freeze the full drawable pose and consume skipped placement
  ---
  duration_ms: 3.6315
  type: 'test'
  ...
# Subtest: scene/teleport/clock resets are isolated from source samples
ok 964 - scene/teleport/clock resets are isolated from source samples
  ---
  duration_ms: 0.2844
  type: 'test'
  ...
# Subtest: only actual windup with finite authoritative duration produces the crouched tell
ok 965 - only actual windup with finite authoritative duration produces the crouched tell
  ---
  duration_ms: 0.5796
  type: 'test'
  ...
# Subtest: recovery uses actual remaining duration to settle the head without implying success
ok 966 - recovery uses actual remaining duration to settle the head without implying success
  ---
  duration_ms: 0.3024
  type: 'test'
  ...
# Subtest: reduced motion keeps six-leg gait and authoritative tell but suppresses bob
ok 967 - reduced motion keeps six-leg gait and authoritative tell but suppresses bob
  ---
  duration_ms: 0.9769
  type: 'test'
  ...
# Subtest: six jointed legs use tripod phases, fixed bone lengths and visible swing clearance
ok 968 - six jointed legs use tripod phases, fixed bone lengths and visible swing clearance
  ---
  duration_ms: 4.8132
  type: 'test'
  ...
# Subtest: actual emitted meshes remain above supplied ground, finite, positive and bounded
ok 969 - actual emitted meshes remain above supplied ground, finite, positive and bounded
  ---
  duration_ms: 1961.364
  type: 'test'
  ...
# Subtest: all actual leg skins meet shared anchors at ordinary/named scales and floor/yaw changes
ok 970 - all actual leg skins meet shared anchors at ordinary/named scales and floor/yaw changes
  ---
  duration_ms: 22.4429
  type: 'test'
  ...
# Subtest: hips, plates and named spine roots attach inside the actual convex carapace
ok 971 - hips, plates and named spine roots attach inside the actual convex carapace
  ---
  duration_ms: 7.9315
  type: 'test'
  ...
# Subtest: named scale occurs exactly once and unchanged original body envelope is preserved
ok 972 - named scale occurs exactly once and unchanged original body envelope is preserved
  ---
  duration_ms: 0.7067
  type: 'test'
  ...
# Subtest: confirmed flash color and recoil come only from caller feedback, leaving joints and rules untouched
ok 973 - confirmed flash color and recoil come only from caller feedback, leaving joints and rules untouched
  ---
  duration_ms: 3.3432
  type: 'test'
  ...
# Subtest: fresh motion/pose/parts and draw preserve all input and existing output records
ok 974 - fresh motion/pose/parts and draw preserve all input and existing output records
  ---
  duration_ms: 2.97
  type: 'test'
  ...
# Subtest: malformed placement, recoil or mismatched named pose refuses before output mutation
ok 975 - malformed placement, recoil or mismatched named pose refuses before output mutation
  ---
  duration_ms: 1.5213
  type: 'test'
  ...
# Subtest: the original immutable room profiles are separate from state and services
ok 976 - the original immutable room profiles are separate from state and services
  ---
  duration_ms: 2.3092
  type: 'test'
  ...
# Subtest: five roads and actual Atlantis body medium have honest distinct atmosphere
ok 977 - five roads and actual Atlantis body medium have honest distinct atmosphere
  ---
  duration_ms: 2.2705
  type: 'test'
  ...
# Subtest: quiet state is driven by pause hidden page or actual death while retaining profile identity
ok 978 - quiet state is driven by pause hidden page or actual death while retaining profile identity
  ---
  duration_ms: 0.2314
  type: 'test'
  ...
# Subtest: only living visible daytime outdoor Earth can chirp; no birds underground or in cosmic realms
ok 979 - only living visible daytime outdoor Earth can chirp; no birds underground or in cosmic realms
  ---
  duration_ms: 0.2478
  type: 'test'
  ...
# Subtest: bounded graph creates exactly one noise loop and three voices connected only to its own bus
ok 980 - bounded graph creates exactly one noise loop and three voices connected only to its own bus
  ---
  duration_ms: 3.4427
  type: 'test'
  ...
# Subtest: room transitions schedule a new local mix once, with no per-frame allocation or master mutation
ok 981 - room transitions schedule a new local mix once, with no per-frame allocation or master mutation
  ---
  duration_ms: 1.4165
  type: 'test'
  ...
# Subtest: pause and hidden changes fade the bus without stopping or replacing composed music master
ok 982 - pause and hidden changes fade the bus without stopping or replacing composed music master
  ---
  duration_ms: 1.0832
  type: 'test'
  ...
# Subtest: bird cadence requires continuous elapsed frames and never backfills through reload or hidden gaps
ok 983 - bird cadence requires continuous elapsed frames and never backfills through reload or hidden gaps
  ---
  duration_ms: 1.1059
  type: 'test'
  ...
# Subtest: disposal retires every owned loop and connection once and fences later updates
ok 984 - disposal retires every owned loop and connection once and fences later updates
  ---
  duration_ms: 1.0537
  type: 'test'
  ...
# Subtest: profile projection does not change caller state or allocate audio authority
ok 985 - profile projection does not change caller state or allocate audio authority
  ---
  duration_ms: 0.5805
  type: 'test'
  ...
# Subtest: reward blade and bow use actual equipment material in world geometry
ok 986 - reward blade and bow use actual equipment material in world geometry
  ---
  duration_ms: 75.6236
  type: 'test'
  ...
# Subtest: named warning geometry includes the exact rule-defined strike radius
ok 987 - named warning geometry includes the exact rule-defined strike radius
  ---
  duration_ms: 4.816
  type: 'test'
  ...
# Subtest: riverbank rendering enables existing outdoor water and matches collision obstacles
ok 988 - riverbank rendering enables existing outdoor water and matches collision obstacles
  ---
  duration_ms: 19.6256
  type: 'test'
  ...
# Subtest: new quest state is explicit, versioned and round trips
ok 989 - new quest state is explicit, versioned and round trips
  ---
  duration_ms: 3.0457
  type: 'test'
  ...
# Subtest: version-five adventure migrates without altering existing campaign or creative data
ok 990 - version-five adventure migrates without altering existing campaign or creative data
  ---
  duration_ms: 24.8459
  type: 'test'
  ...
# Subtest: all banked XP boundaries retain XP and the existing five-level curve
ok 991 - all banked XP boundaries retain XP and the existing five-level curve
  ---
  duration_ms: 1.5142
  type: 'test'
  ...
# Subtest: acceptance requires kit and actual Oren proximity without campaign consent
ok 992 - acceptance requires kit and actual Oren proximity without campaign consent
  ---
  duration_ms: 11.5241
  type: 'test'
  ...
# Subtest: acceptance is one explicit event and survives cold reload
ok 993 - acceptance is one explicit event and survives cold reload
  ---
  duration_ms: 2.4273
  type: 'test'
  ...
# Subtest: pre-acceptance pocket has no quest kills or pickups to backfill
ok 994 - pre-acceptance pocket has no quest kills or pickups to backfill
  ---
  duration_ms: 2.7826
  type: 'test'
  ...
# Subtest: room dispatch and each objective use real collision-valid routes
ok 995 - room dispatch and each objective use real collision-valid routes
  ---
  duration_ms: 36.7983
  type: 'test'
  ...
# Subtest: each bundle is unique, proximity checked and never spends ordinary materials
ok 996 - each bundle is unique, proximity checked and never spends ordinary materials
  ---
  duration_ms: 8.3212
  type: 'test'
  ...
# Subtest: named defeat can precede bundles and stays resolved after returning/re-entry
ok 997 - named defeat can precede bundles and stays resolved after returning/re-entry
  ---
  duration_ms: 2.2619
  type: 'test'
  ...
# Subtest: incomplete, distant and unknown-reward turn-ins refuse atomically
ok 998 - incomplete, distant and unknown-reward turn-ins refuse atomically
  ---
  duration_ms: 4.0011
  type: 'test'
  ...
# Subtest: full currency capacity preserves every objective and reward for retry
ok 999 - full currency capacity preserves every objective and reward for retry
  ---
  duration_ms: 1.5058
  type: 'test'
  ...
# Subtest: oren_sunblade is awarded once, deliberately equipped, and saved with correct mechanics
ok 1000 - oren_sunblade is awarded once, deliberately equipped, and saved with correct mechanics
  ---
  duration_ms: 2.3776
  type: 'test'
  ...
# Subtest: oren_reedbow is awarded once, deliberately equipped, and saved with correct mechanics
ok 1001 - oren_reedbow is awarded once, deliberately equipped, and saved with correct mechanics
  ---
  duration_ms: 4.1459
  type: 'test'
  ...
# Subtest: single veteran temper preserves weapon identity, socket, cadence and health
ok 1002 - single veteran temper preserves weapon identity, socket, cadence and health
  ---
  duration_ms: 1.7653
  type: 'test'
  ...
# Subtest: temper refuses unknown, unowned and armor targets without a partial payout
ok 1003 - temper refuses unknown, unowned and armor targets without a partial payout
  ---
  duration_ms: 7.5226
  type: 'test'
  ...
# Subtest: new bow really launches primary and piercing projectiles with costs and hit events
ok 1004 - new bow really launches primary and piercing projectiles with costs and hit events
  ---
  duration_ms: 9.5473
  type: 'test'
  ...
# Subtest: practice target supports blade and yields no XP, loot, coins or quest progress
ok 1005 - practice target supports blade and yields no XP, loot, coins or quest progress
  ---
  duration_ms: 1.1189
  type: 'test'
  ...
# Subtest: new equipment keeps independent removable socket and validates after reload
ok 1006 - new equipment keeps independent removable socket and validates after reload
  ---
  duration_ms: 2.4163
  type: 'test'
  ...
# Subtest: named tell locks aim and allows both a guarded hit and a movement response
ok 1007 - named tell locks aim and allows both a guarded hit and a movement response
  ---
  duration_ms: 17.8071
  type: 'test'
  ...
# Subtest: save validation rejects impossible quest state and reward combinations
ok 1008 - save validation rejects impossible quest state and reward combinations
  ---
  duration_ms: 9.75
  type: 'test'
  ...
# Subtest: kit blade sees the actual ordinary tell and Brace halves its resolved hit
ok 1009 - kit blade sees the actual ordinary tell and Brace halves its resolved hit
  ---
  duration_ms: 63.3473
  type: 'test'
  ...
# Subtest: fresh bow sees the actual ordinary tell and Brace halves its resolved hit
ok 1010 - fresh bow sees the actual ordinary tell and Brace halves its resolved hit
  ---
  duration_ms: 86.2077
  type: 'test'
  ...
# Subtest: movement away from the locked ordinary aim avoids its actual impact with the kit
ok 1011 - movement away from the locked ordinary aim avoids its actual impact with the kit
  ---
  duration_ms: 12.1368
  type: 'test'
  ...
# Subtest: fixed ordinary health stays easy for stronger gear without scaling or changing banked XP
ok 1012 - fixed ordinary health stays easy for stronger gear without scaling or changing banked XP
  ---
  duration_ms: 15.2206
  type: 'test'
  ...
# Subtest: ordinary fights stay optional and named threat, rewards, cooldown and weapon distinctions retain their rules
ok 1013 - ordinary fights stay optional and named threat, rewards, cooldown and weapon distinctions retain their rules
  ---
  duration_ms: 1.3701
  type: 'test'
  ...
# Subtest: both decoded maps are required; scene clear neither cancels nor reloads engine maps
ok 1014 - both decoded maps are required; scene clear neither cancels nor reloads engine maps
  ---
  duration_ms: 11.7859
  type: 'test'
  ...
# Subtest: missing maps and incompatible contracts stay usable with untextured fallback
ok 1015 - missing maps and incompatible contracts stay usable with untextured fallback
  ---
  duration_ms: 12.6482
  type: 'test'
  ...
# Subtest: PNG payload type and grayscale header are checked before decoding
ok 1016 - PNG payload type and grayscale header are checked before decoding
  ---
  duration_ms: 2.5094
  type: 'test'
  ...
# Subtest: decode errors and wrong decoded dimensions cancel peers and stale completions
ok 1017 - decode errors and wrong decoded dimensions cancel peers and stale completions
  ---
  duration_ms: 2.9326
  type: 'test'
  ...
# Subtest: failed uploads free temporary maps and restore shared texture/unpack state
ok 1018 - failed uploads free temporary maps and restore shared texture/unpack state
  ---
  duration_ms: 25.4534
  type: 'test'
  ...
# Subtest: map-only disposal invalidates in-flight completions and deletes only owned ready textures
ok 1019 - map-only disposal invalidates in-flight completions and deletes only owned ready textures
  ---
  duration_ms: 6.4844
  type: 'test'
  ...
# Subtest: two engines independently own their decoders and uploaded maps
ok 1020 - two engines independently own their decoders and uploaded maps
  ---
  duration_ms: 3.0058
  type: 'test'
  ...
# Subtest: context loss invalidates images and maps with no restoration or later upload
ok 1021 - context loss invalidates images and maps with no restoration or later upload
  ---
  duration_ms: 4.7077
  type: 'test'
  ...
# Subtest: timber shares exact box geometry and collision extent with complete grain-oriented face UVs
ok 1022 - timber shares exact box geometry and collision extent with complete grain-oriented face UVs
  ---
  duration_ms: 1.9608
  type: 'test'
  ...
# Subtest: material flags stay per batch; reflection uses material while depth and cutaway retain their scope
ok 1023 - material flags stay per batch; reflection uses material while depth and cutaway retain their scope
  ---
  duration_ms: 2.8695
  type: 'test'
  ...
# Subtest: unstarted, absent, unknown and unowned equipment produce no gear
ok 1024 - unstarted, absent, unknown and unowned equipment produce no gear
  ---
  duration_ms: 51.0496
  type: 'test'
  ...
# Subtest: read-only attachment summary reports exactly the rendered grip and actual markers
ok 1025 - read-only attachment summary reports exactly the rendered grip and actual markers
  ---
  duration_ms: 21.9615
  type: 'test'
  ...
# Subtest: a command-earned kit is held at the right palm through actual root yaw and terrain height
ok 1026 - a command-earned kit is held at the right palm through actual root yaw and terrain height
  ---
  duration_ms: 5.7412
  type: 'test'
  ...
# Subtest: curved bow grip and both string segments attach to the two moving palms
ok 1027 - curved bow grip and both string segments attach to the two moving palms
  ---
  duration_ms: 10.7563
  type: 'test'
  ...
# Subtest: ordinary travel stows blade at hip and bow at back without hand-held copies
ok 1028 - ordinary travel stows blade at hip and bow at back without hand-held copies
  ---
  duration_ms: 43.5151
  type: 'test'
  ...
# Subtest: each catalogue weapon preserves its own colour, gem, fittings and separate Oren temper
ok 1029 - each catalogue weapon preserves its own colour, gem, fittings and separate Oren temper
  ---
  duration_ms: 189.9187
  type: 'test'
  ...
# Subtest: markers project only the selected weapon rather than another owned weapon
ok 1030 - markers project only the selected weapon rather than another owned weapon
  ---
  duration_ms: 3.3765
  type: 'test'
  ...
# Subtest: family silhouettes differ within a bounded traveller scale
ok 1031 - family silhouettes differ within a bounded traveller scale
  ---
  duration_ms: 25.1081
  type: 'test'
  ...
# Subtest: blade anticipation, recovery and guard keep the grip connected while changing orientation
ok 1032 - blade anticipation, recovery and guard keep the grip connected while changing orientation
  ---
  duration_ms: 4.2274
  type: 'test'
  ...
# Subtest: reduced motion keeps essential palm connections without phase-driven blade flourishes
ok 1033 - reduced motion keeps essential palm connections without phase-driven blade flourishes
  ---
  duration_ms: 8.1773
  type: 'test'
  ...
# Subtest: all equipment transforms stay finite, orthogonal and under forty instances
ok 1034 - all equipment transforms stay finite, orthogonal and under forty instances
  ---
  duration_ms: 53.419
  type: 'test'
  ...
# Subtest: read-only rendering does not create runtime, commands, effects or arrows
ok 1035 - read-only rendering does not create runtime, commands, effects or arrows
  ---
  duration_ms: 6.1022
  type: 'test'
  ...
# Subtest: gathered and command-crafted bow projects the actual equipped item
ok 1036 - gathered and command-crafted bow projects the actual equipped item
  ---
  duration_ms: 85.007
  type: 'test'
  ...
# Subtest: finite realm collars preserve prior markers and follow the actual blade or curved bow segment
ok 1037 - finite realm collars preserve prior markers and follow the actual blade or curved bow segment
  ---
  duration_ms: 379.6523
  type: 'test'
  ...
# Subtest: queued release joins the actual full windup pose, including submitted blade axis
ok 1038 - queued release joins the actual full windup pose, including submitted blade axis
  ---
  duration_ms: 39.1175
  type: 'test'
  ...
# Subtest: direct accepted strikes start at ready and never fabricate a prior windup
ok 1039 - direct accepted strikes start at ready and never fabricate a prior windup
  ---
  duration_ms: 2.0682
  type: 'test'
  ...
# Subtest: a bounded cut has intermediate poses and settles without a phase-boundary jump
ok 1040 - a bounded cut has intermediate poses and settles without a phase-boundary jump
  ---
  duration_ms: 93.6108
  type: 'test'
  ...
# Subtest: submitted blade basis has no arbitrary roll flips during its complete cut and settle
ok 1041 - submitted blade basis has no arbitrary roll flips during its complete cut and settle
  ---
  duration_ms: 130.1014
  type: 'test'
  ...
# Subtest: actual blade and tip volumes clear the conservative head bounds through the whole attack
ok 1042 - actual blade and tip volumes clear the conservative head bounds through the whole attack
  ---
  duration_ms: 554.6583
  type: 'test'
  ...
# Subtest: body balance is visible above fixed physical feet and quiet in reduced motion
ok 1043 - body balance is visible above fixed physical feet and quiet in reduced motion
  ---
  duration_ms: 26.9341
  type: 'test'
  ...
# Subtest: reduced motion bounds the blade hand cue and suppresses secondary equipment/body sweep
ok 1044 - reduced motion bounds the blade hand cue and suppresses secondary equipment/body sweep
  ---
  duration_ms: 23.8771
  type: 'test'
  ...
# Subtest: guard and swim override both release origins without adding a second attack pose
ok 1045 - guard and swim override both release origins without adding a second attack pose
  ---
  duration_ms: 5.6176
  type: 'test'
  ...
# Subtest: rendered palms, balanced torso and canonical gear share one frame through actual world yaw
ok 1046 - rendered palms, balanced torso and canonical gear share one frame through actual world yaw
  ---
  duration_ms: 26.9644
  type: 'test'
  ...
# Subtest: carried gear and the held blade sheath remain outside the accepted-release curves
ok 1047 - carried gear and the held blade sheath remain outside the accepted-release curves
  ---
  duration_ms: 49.592
  type: 'test'
  ...
# Subtest: production autoattack still uses its real queued epoch and accepted manual attack has no fake anticipation
ok 1048 - production autoattack still uses its real queued epoch and accepted manual attack has no fake anticipation
  ---
  duration_ms: 19.8016
  type: 'test'
  ...
# Subtest: CommonJS and browser globals expose the same bounded rig API
ok 1049 - CommonJS and browser globals expose the same bounded rig API
  ---
  duration_ms: 1.661
  type: 'test'
  ...
# Subtest: gallery stroke keeps limbs connected and reduced motion settles the arms
ok 1050 - gallery stroke keeps limbs connected and reduced motion settles the arms
  ---
  duration_ms: 1.6816
  type: 'test'
  ...
# Subtest: gait phase follows accepted distance and survives frame subdivision
ok 1051 - gait phase follows accepted distance and survives frame subdivision
  ---
  duration_ms: 1.6194
  type: 'test'
  ...
# Subtest: stationary walking intent never drives foot shuffling
ok 1052 - stationary walking intent never drives foot shuffling
  ---
  duration_ms: 0.6196
  type: 'test'
  ...
# Subtest: stopping holds phase and eases the feet into a settled stance
ok 1053 - stopping holds phase and eases the feet into a settled stance
  ---
  duration_ms: 0.4067
  type: 'test'
  ...
# Subtest: repeated samples and long pauses preserve the complete drawable pose
ok 1054 - repeated samples and long pauses preserve the complete drawable pose
  ---
  duration_ms: 2.9255
  type: 'test'
  ...
# Subtest: paused coordinates are consumed without turning skipped travel into steps
ok 1055 - paused coordinates are consumed without turning skipped travel into steps
  ---
  duration_ms: 0.2324
  type: 'test'
  ...
# Subtest: scene changes, teleports and clock discontinuities reset the stance
ok 1056 - scene changes, teleports and clock discontinuities reset the stance
  ---
  duration_ms: 0.2059
  type: 'test'
  ...
# Subtest: reduced motion keeps essential gait and weapon alignment without secondary drift
ok 1057 - reduced motion keeps essential gait and weapon alignment without secondary drift
  ---
  duration_ms: 0.9963
  type: 'test'
  ...
# Subtest: walking has visible foot clearance and preserves fixed limb lengths
ok 1058 - walking has visible foot clearance and preserves fixed limb lengths
  ---
  duration_ms: 4.1922
  type: 'test'
  ...
# Subtest: blade/bow anticipation, recovery and guard are connected and distinct
ok 1059 - blade/bow anticipation, recovery and guard are connected and distinct
  ---
  duration_ms: 1.8485
  type: 'test'
  ...
# Subtest: draw segments actually connect the named joints under root translation and yaw
ok 1060 - draw segments actually connect the named joints under root translation and yaw
  ---
  duration_ms: 4.0459
  type: 'test'
  ...
# Subtest: palette choices and explicitly supplied armor colour are retained
ok 1061 - palette choices and explicitly supplied armor colour are retained
  ---
  duration_ms: 2.1677
  type: 'test'
  ...
# Subtest: all transforms stay finite, actor geometry has no camera authority, and budget stays bounded
ok 1062 - all transforms stay finite, actor geometry has no camera authority, and budget stays bounded
  ---
  duration_ms: 49.3462
  type: 'test'
  ...
# Subtest: malformed numerical motion inputs cannot poison matrices
ok 1063 - malformed numerical motion inputs cannot poison matrices
  ---
  duration_ms: 0.6852
  type: 'test'
  ...
# Subtest: sampling, posing and drawing leave input rules, motion and profiles immutable
ok 1064 - sampling, posing and drawing leave input rules, motion and profiles immutable
  ---
  duration_ms: 1.3927
  type: 'test'
  ...
# Subtest: refused bow transaction preserves every live field and can retry one identical request
ok 1065 - refused bow transaction preserves every live field and can retry one identical request
  ---
  duration_ms: 34.3013
  type: 'test'
  ...
# Subtest: sandbox craft saves materials, output, receipt and journal together
ok 1066 - sandbox craft saves materials, output, receipt and journal together
  ---
  duration_ms: 5.0394
  type: 'test'
  ...
# Subtest: forge cannot spend ore or coins before a durable write
ok 1067 - forge cannot spend ore or coins before a durable write
  ---
  duration_ms: 4.3128
  type: 'test'
  ...
# Subtest: socket replacement and removal preserve loose gems on refusal and return them exactly once
ok 1068 - socket replacement and removal preserve loose gems on refusal and return them exactly once
  ---
  duration_ms: 16.4145
  type: 'test'
  ...
# Subtest: equipping preserves selected equipment on refusal and retains the live combat runtime
ok 1069 - equipping preserves selected equipment on refusal and retains the live combat runtime
  ---
  duration_ms: 5.0914
  type: 'test'
  ...
# Subtest: both finite field-guide fittings save exact costs and keep weapon identity, socket and equipment
ok 1070 - both finite field-guide fittings save exact costs and keep weapon identity, socket and equipment
  ---
  duration_ms: 9.5705
  type: 'test'
  ...
# Subtest: explicit starter oren_sunblade survives refusal and pays its one canonical reward
ok 1071 - explicit starter oren_sunblade survives refusal and pays its one canonical reward
  ---
  duration_ms: 4.7931
  type: 'test'
  ...
# Subtest: explicit starter oren_reedbow survives refusal and pays its one canonical reward
ok 1072 - explicit starter oren_reedbow survives refusal and pays its one canonical reward
  ---
  duration_ms: 5.5573
  type: 'test'
  ...
# Subtest: explicit starter temper survives refusal and pays its one canonical reward
ok 1073 - explicit starter temper survives refusal and pays its one canonical reward
  ---
  duration_ms: 6.0444
  type: 'test'
  ...
# Subtest: completed survey payout is one atomic current-run ledger transition
ok 1074 - completed survey payout is one atomic current-run ledger transition
  ---
  duration_ms: 6.4898
  type: 'test'
  ...
# Subtest: Tessa tonic uses current road context and durably spends exactly one offer
ok 1075 - Tessa tonic uses current road context and durably spends exactly one offer
  ---
  duration_ms: 54.8673
  type: 'test'
  ...
# Subtest: Tessa mantle uses current road context and durably spends exactly one offer
ok 1076 - Tessa mantle uses current road context and durably spends exactly one offer
  ---
  duration_ms: 7.3445
  type: 'test'
  ...
# Subtest: Tessa sell-copper uses current road context and durably spends exactly one offer
ok 1077 - Tessa sell-copper uses current road context and durably spends exactly one offer
  ---
  duration_ms: 8.1327
  type: 'test'
  ...
# Subtest: Tessa sell-berries uses current road context and durably spends exactly one offer
ok 1078 - Tessa sell-berries uses current road context and durably spends exactly one offer
  ---
  duration_ms: 13.0257
  type: 'test'
  ...
# Subtest: Bellweather bench uses actual local position while saving the home checkpoint
ok 1079 - Bellweather bench uses actual local position while saving the home checkpoint
  ---
  duration_ms: 2.9175
  type: 'test'
  ...
# Subtest: source conflict leaves supplies and the other tab saved bytes intact
ok 1080 - source conflict leaves supplies and the other tab saved bytes intact
  ---
  duration_ms: 1.8359
  type: 'test'
  ...
# Subtest: managed character writer rejection keeps current character materials and receipts intact
ok 1081 - managed character writer rejection keeps current character materials and receipts intact
  ---
  duration_ms: 6.8303
  type: 'test'
  ...
# Subtest: thrown saver preserves the full live state and does not reserve the request identity
ok 1082 - thrown saver preserves the full live state and does not reserve the request identity
  ---
  duration_ms: 2.3966
  type: 'test'
  ...
# Subtest: rules refuse wrong benches, insufficient costs, invalid ownership and changed receipt terms before saving
ok 1083 - rules refuse wrong benches, insufficient costs, invalid ownership and changed receipt terms before saving
  ---
  duration_ms: 3.423
  type: 'test'
  ...
# Subtest: pause policies remain canonical and a saver is always required for a new successful action
ok 1084 - pause policies remain canonical and a saver is always required for a new successful action
  ---
  duration_ms: 1.3023
  type: 'test'
  ...
# Subtest: validation refusal keeps the exact live canonical state and prevents saving
ok 1085 - validation refusal keeps the exact live canonical state and prevents saving
  ---
  duration_ms: 1.1841
  type: 'test'
  ...
# Subtest: only the reviewed state-only economic and finite Earth-story names are accepted
ok 1086 - only the reviewed state-only economic and finite Earth-story names are accepted
  ---
  duration_ms: 0.9203
  type: 'test'
  ...
# Subtest: exactly five finite Earth-story actions join the explicit command set
ok 1087 - exactly five finite Earth-story actions join the explicit command set
  ---
  duration_ms: 0.1152
  type: 'test'
  ...
# Subtest: Earth consent saves before adoption and keeps all live context and actor epochs
ok 1088 - Earth consent saves before adoption and keeps all live context and actor epochs
  ---
  duration_ms: 3.2432
  type: 'test'
  ...
# Subtest: every mill delivery transition survives quota refusal and same-request retry with one cost and payout
ok 1089 - every mill delivery transition survives quota refusal and same-request retry with one cost and payout
  ---
  duration_ms: 29.0745
  type: 'test'
  ...
# Subtest: Earth task prerequisites, cost, source room, local position and pause refuse before saving
ok 1090 - Earth task prerequisites, cost, source room, local position and pause refuse before saving
  ---
  duration_ms: 6.6231
  type: 'test'
  ...
# Subtest: all compatible improvements remain available after the single delivery without a second payout
ok 1091 - all compatible improvements remain available after the single delivery without a second payout
  ---
  duration_ms: 29.1703
  type: 'test'
  ...
# Subtest: each Earth payment capacity refusal preserves unpaid work and exact rewards have zero XP
ok 1092 - each Earth payment capacity refusal preserves unpaid work and exact rewards have zero XP
  ---
  duration_ms: 21.507
  type: 'test'
  ...
# Subtest: Earth repair rejects foreign source bytes and keeps the other writer intact
ok 1093 - Earth repair rejects foreign source bytes and keeps the other writer intact
  ---
  duration_ms: 4.4387
  type: 'test'
  ...
# Subtest: managed writer refusal preserves Earth payment and permits a later owned retry
ok 1094 - managed writer refusal preserves Earth payment and permits a later owned retry
  ---
  duration_ms: 14.0918
  type: 'test'
  ...
# Subtest: all new static scenery uses supported finite meshes instead of silent cylinder fallback
ok 1095 - all new static scenery uses supported finite meshes instead of silent cylinder fallback
  ---
  duration_ms: 529.1907
  type: 'test'
  ...
# Subtest: visible solid boxes match canonical body collision footprints and heights
ok 1096 - visible solid boxes match canonical body collision footprints and heights
  ---
  duration_ms: 80.9351
  type: 'test'
  ...
# Subtest: submitted opaque geometry leaves the actual 3D gallery body route clear
ok 1097 - submitted opaque geometry leaves the actual 3D gallery body route clear
  ---
  duration_ms: 41.6973
  type: 'test'
  ...
# Subtest: wet volume under the civic deck retains actual head clearance
ok 1098 - wet volume under the civic deck retains actual head clearance
  ---
  duration_ms: 3.7987
  type: 'test'
  ...
# Subtest: only the canonical air-court ceiling receives preference-controlled roof reveal
ok 1099 - only the canonical air-court ceiling receives preference-controlled roof reveal
  ---
  duration_ms: 89.1137
  type: 'test'
  ...
# Subtest: exact two canonical realms have finite, unique, immutable data and stable work identities
ok 1100 - exact two canonical realms have finite, unique, immutable data and stable work identities
  ---
  duration_ms: 3.7831
  type: 'test'
  ...
# Subtest: module load publishes only its declared API and never reads a simulation or host service
ok 1101 - module load publishes only its declared API and never reads a simulation or host service
  ---
  duration_ms: 37.0309
  type: 'test'
  ...
# Subtest: every entry and interaction anchor has full actor clearance on bounded dry ground
ok 1102 - every entry and interaction anchor has full actor clearance on bounded dry ground
  ---
  duration_ms: 1.4484
  type: 'test'
  ...
# Subtest: both Earth approaches, work loop and optional side routes have analytically continuous ground
ok 1103 - both Earth approaches, work loop and optional side routes have analytically continuous ground
  ---
  duration_ms: 11.8598
  type: 'test'
  ...
# Subtest: Farwake work and the far landing remain connected without diving or a closed civic back wall
ok 1104 - Farwake work and the far landing remain connected without diving or a closed civic back wall
  ---
  duration_ms: 1.204
  type: 'test'
  ...
# Subtest: bounded gallery route clears physical walls and full body depth, including the real court doorway
ok 1105 - bounded gallery route clears physical walls and full body depth, including the real court doorway
  ---
  duration_ms: 0.5445
  type: 'test'
  ...
# Subtest: dive entry and wet exit anchors agree with reachable transfer destinations
ok 1106 - dive entry and wet exit anchors agree with reachable transfer destinations
  ---
  duration_ms: 0.2983
  type: 'test'
  ...
# Subtest: actual decoration is finite, deterministic, bounded and pure across claimed/unclaimed worlds
ok 1107 - actual decoration is finite, deterministic, bounded and pure across claimed/unclaimed worlds
  ---
  duration_ms: 80.9794
  type: 'test'
  ...
# Subtest: roofs and important structural decoration agree with the canonical solid footprints
ok 1108 - roofs and important structural decoration agree with the canonical solid footprints
  ---
  duration_ms: 6.1197
  type: 'test'
  ...
# Subtest: civic side support physically meets the canopy underside across its full length
ok 1109 - civic side support physically meets the canopy underside across its full length
  ---
  duration_ms: 0.5288
  type: 'test'
  ...
# Subtest: bridge timber skins use the real UV mesh, clear every retained joint and stay above only existing deck
ok 1110 - bridge timber skins use the real UV mesh, clear every retained joint and stay above only existing deck
  ---
  duration_ms: 7.0596
  type: 'test'
  ...
# Subtest: narrow field path geometry lies wholly on supported clear ground and door faces remain closed decoration
ok 1111 - narrow field path geometry lies wholly on supported clear ground and door faces remain closed decoration
  ---
  duration_ms: 17.4733
  type: 'test'
  ...
# Subtest: distant ridges use the actual mountain mesh and remain outside Earth rather than becoming false paths
ok 1112 - distant ridges use the actual mountain mesh and remain outside Earth rather than becoming false paths
  ---
  duration_ms: 35.9021
  type: 'test'
  ...
# Subtest: every accepted objective has a validated production path back to its own giver
ok 1113 - every accepted objective has a validated production path back to its own giver
  ---
  duration_ms: 908.8834
  type: 'test'
  ...
# Subtest: blade falls in hell and revives at home with accepted work and belongings retained
ok 1114 - blade falls in hell and revives at home with accepted work and belongings retained
  ---
  duration_ms: 233.498
  type: 'test'
  ...
# Subtest: bow falls in earthlands and revives at home with accepted work and belongings retained
ok 1115 - bow falls in earthlands and revives at home with accepted work and belongings retained
  ---
  duration_ms: 478.6724
  type: 'test'
  ...
# Subtest: blade earns hell defeat, guarded combat, retreat and free return without legacy rewards
ok 1116 - blade earns hell defeat, guarded combat, retreat and free return without legacy rewards
  ---
  duration_ms: 213.0481
  type: 'test'
  ...
# {"realm":"hell","style":"blade","weapon":"trail_blade","entry":{"x":0,"z":31,"yaw":3.141592653589793},"stage":{"x":44,"z":-82},"battle":{"x":44,"z":-92.9},"refuge":{"x":44,"z":-60},"firstBrace":{"at":47.59999999999943,"aim":{"x":44,"z":-92.9},"windupRemaining":1.05,"hitAfter":1.0499999999999403,"healthBefore":100,"healthAfter":96,"recoveryRemaining":1.1},"firstAttack":{"hits":1,"hp":90,"firstArrowAfter":null,"impacts":[{"after":0.19999999999998863,"before":90,"hp":74}]},"secondBrace":{"at":114.49999999999564,"aim":{"x":44,"z":-92.9},"windupRemaining":1.05,"hitAfter":1.0499999999999403,"healthBefore":100,"healthAfter":96,"recoveryRemaining":1.1},"battleResult":{"hits":6,"hp":90,"firstArrowAfter":null,"impacts":[{"after":0.19999999999998863,"before":90,"hp":74},{"after":0.7999999999999545,"before":74,"hp":58},{"after":1.3999999999999204,"before":58,"hp":42},{"after":1.9999999999998863,"before":42,"hp":26},{"after":2.599999999999852,"before":26,"hp":10},{"after":3.199999999999818,"before":10,"hp":0}]},"tickSeconds":0.05}
# Subtest: bow earns hell defeat, guarded combat, retreat and free return without legacy rewards
ok 1117 - bow earns hell defeat, guarded combat, retreat and free return without legacy rewards
  ---
  duration_ms: 182.3618
  type: 'test'
  ...
# {"realm":"hell","style":"bow","weapon":"trail_bow","entry":{"x":0,"z":31,"yaw":3.141592653589793},"stage":{"x":44,"z":-82},"battle":{"x":44,"z":-90},"refuge":{"x":44,"z":-60},"firstBrace":{"at":99.49999999999649,"aim":{"x":44,"z":-90},"windupRemaining":1.05,"hitAfter":1.0499999999999403,"healthBefore":100,"healthAfter":96,"recoveryRemaining":1.1},"firstAttack":{"hits":1,"hp":90,"firstArrowAfter":0.19999999999998863,"impacts":[{"after":0.3499999999999801,"before":90,"hp":77}]},"secondBrace":{"at":165.65000000000342,"aim":{"x":44,"z":-90},"windupRemaining":1.05,"hitAfter":1.0500000000002387,"healthBefore":100,"healthAfter":96,"recoveryRemaining":1.1},"battleResult":{"hits":7,"hp":90,"firstArrowAfter":0.20000000000004547,"impacts":[{"after":0.3500000000000796,"before":90,"hp":77},{"after":1.1500000000002615,"before":77,"hp":64},{"after":1.9500000000004434,"before":64,"hp":51},{"after":2.7500000000006253,"before":51,"hp":38},{"after":3.550000000000807,"before":38,"hp":25},{"after":4.350000000000989,"before":25,"hp":12},{"after":5.150000000001171,"before":12,"hp":0}]},"tickSeconds":0.05}
# Subtest: blade earns earthlands defeat, guarded combat, retreat and free return without legacy rewards
ok 1118 - blade earns earthlands defeat, guarded combat, retreat and free return without legacy rewards
  ---
  duration_ms: 676.4662
  type: 'test'
  ...
# {"realm":"earthlands","style":"blade","weapon":"trail_blade","entry":{"x":0,"z":104,"yaw":3.141592653589793},"stage":{"x":-29,"z":-8},"battle":{"x":-29,"z":-18.9},"refuge":{"x":0,"z":23},"firstBrace":{"at":51.14999999999923,"aim":{"x":-29,"z":-18.9},"windupRemaining":0.75,"hitAfter":0.7499999999999574,"healthBefore":100,"healthAfter":96,"recoveryRemaining":1.1},"firstAttack":{"hits":1,"hp":72,"firstArrowAfter":null,"impacts":[{"after":0.19999999999998863,"before":72,"hp":56}]},"secondBrace":{"at":127.4499999999949,"aim":{"x":-29,"z":-18.9},"windupRemaining":0.75,"hitAfter":0.75,"healthBefore":100,"healthAfter":96,"recoveryRemaining":1.1},"battleResult":{"hits":5,"hp":72,"firstArrowAfter":null,"impacts":[{"after":0.20000000000004547,"before":72,"hp":56},{"after":0.7500000000001705,"before":56,"hp":40},{"after":1.3000000000002956,"before":40,"hp":24},{"after":1.8500000000004206,"before":24,"hp":8},{"after":2.4000000000005457,"before":8,"hp":0}]},"tickSeconds":0.05}
# Subtest: bow earns earthlands defeat, guarded combat, retreat and free return without legacy rewards
ok 1119 - bow earns earthlands defeat, guarded combat, retreat and free return without legacy rewards
  ---
  duration_ms: 549.5616
  type: 'test'
  ...
# {"realm":"earthlands","style":"bow","weapon":"trail_bow","entry":{"x":0,"z":104,"yaw":3.141592653589793},"stage":{"x":-29,"z":-8},"battle":{"x":-29,"z":-16},"refuge":{"x":0,"z":23},"firstBrace":{"at":101.1499999999964,"aim":{"x":-29,"z":-16},"windupRemaining":0.75,"hitAfter":0.7499999999999574,"healthBefore":100,"healthAfter":96,"recoveryRemaining":1.1},"firstAttack":{"hits":1,"hp":72,"firstArrowAfter":0.19999999999998863,"impacts":[{"after":0.29999999999998295,"before":72,"hp":59}]},"secondBrace":{"at":175.2000000000056,"aim":{"x":-29,"z":-16},"windupRemaining":0.75,"hitAfter":0.7500000000001705,"healthBefore":100,"healthAfter":96,"recoveryRemaining":1.1},"battleResult":{"hits":6,"hp":72,"firstArrowAfter":0.20000000000004547,"impacts":[{"after":0.3000000000000682,"before":72,"hp":59},{"after":1.1000000000002501,"before":59,"hp":46},{"after":1.900000000000432,"before":46,"hp":33},{"after":2.700000000000614,"before":33,"hp":20},{"after":3.500000000000796,"before":20,"hp":7},{"after":4.300000000000978,"before":7,"hp":0}]},"tickSeconds":0.05}
# Subtest: optional journeys migrate old world 9 saves without touching banked XP, choices, home or music
ok 1120 - optional journeys migrate old world 9 saves without touching banked XP, choices, home or music
  ---
  duration_ms: 30.511
  type: 'test'
  ...
# Subtest: new schema rejects forward, malformed, unknown and impossible claim history
ok 1121 - new schema rejects forward, malformed, unknown and impossible claim history
  ---
  duration_ms: 11.0113
  type: 'test'
  ...
# Subtest: five-light gate is supported and separate from existing lake and Cosmos markers
ok 1122 - five-light gate is supported and separate from existing lake and Cosmos markers
  ---
  duration_ms: 3.2167
  type: 'test'
  ...
# Subtest: travel checkpoints original state, and rejects changed owner, revision, position or ticket
ok 1123 - travel checkpoints original state, and rejects changed owner, revision, position or ticket
  ---
  duration_ms: 11.9603
  type: 'test'
  ...
# Subtest: travel, free return, re-entry and cold reload do not grant or advance accepted work
ok 1124 - travel, free return, re-entry and cold reload do not grant or advance accepted work
  ---
  duration_ms: 5.2459
  type: 'test'
  ...
# Subtest: accepted objectives require physical arrival and current run; repeats remain once-only
ok 1125 - accepted objectives require physical arrival and current run; repeats remain once-only
  ---
  duration_ms: 42.5147
  type: 'test'
  ...
# Subtest: save refusal and capacity-blocked turn-in preserve completed objectives, currency and journal atomically
ok 1126 - save refusal and capacity-blocked turn-in preserve completed objectives, currency and journal atomically
  ---
  duration_ms: 12.224
  type: 'test'
  ...
# Subtest: claim fences survive changed request IDs, reload, re-entry and intentional smaller repeat runs
ok 1127 - claim fences survive changed request IDs, reload, re-entry and intentional smaller repeat runs
  ---
  duration_ms: 6.3091
  type: 'test'
  ...
# Subtest: reward changes only declared fields and retains explicit classes, gear, sockets, XP ceiling and story history
ok 1128 - reward changes only declared fields and retains explicit classes, gear, sockets, XP ceiling and story history
  ---
  duration_ms: 4.2163
  type: 'test'
  ...
# Subtest: only canonical local enemies use local defeat records and never enter legacy loot history
ok 1129 - only canonical local enemies use local defeat records and never enter legacy loot history
  ---
  duration_ms: 2.8931
  type: 'test'
  ...
# Subtest: copied or live enemies cannot manufacture a defeat, and a real defeat preserves the revision ceiling
ok 1130 - copied or live enemies cannot manufacture a defeat, and a real defeat preserves the revision ceiling
  ---
  duration_ms: 1.8836
  type: 'test'
  ...
# Subtest: bow targets and actual arrows use new scene ground, while solid cover blocks hits
ok 1131 - bow targets and actual arrows use new scene ground, while solid cover blocks hits
  ---
  duration_ms: 20.6681
  type: 'test'
  ...
# Subtest: skipped active run identities are rejected rather than inventing an unknown payout history
ok 1132 - skipped active run identities are rejected rather than inventing an unknown payout history
  ---
  duration_ms: 0.3099
  type: 'test'
  ...
# Subtest: failure after scene sync restores the original runtime graph as well as position and room
ok 1133 - failure after scene sync restores the original runtime graph as well as position and room
  ---
  duration_ms: 1.6385
  type: 'test'
  ...
# Subtest: every new realm objective can return to its real giver through production navigation
ok 1134 - every new realm objective can return to its real giver through production navigation
  ---
  duration_ms: 585.014
  type: 'test'
  ...
# Subtest: gallery has actual depth, held release, body/camera medium separation and true blocking air-court walls
ok 1135 - gallery has actual depth, held release, body/camera medium separation and true blocking air-court walls
  ---
  duration_ms: 2.8829
  type: 'test'
  ...
# Subtest: companion menu preserves dry waiting position, and an explicit recall uses the dry entry during a dive
ok 1136 - companion menu preserves dry waiting position, and an explicit recall uses the dry entry during a dive
  ---
  duration_ms: 2.0216
  type: 'test'
  ...
# Subtest: isolated IIFE and CommonJS expose only one frozen pure function
ok 1137 - isolated IIFE and CommonJS expose only one frozen pure function
  ---
  duration_ms: 3.2875
  type: 'test'
  ...
# Subtest: actual 955-cell expanded Earth partition reduces to 64 exact rectangles
ok 1138 - actual 955-cell expanded Earth partition reduces to 64 exact rectangles
  ---
  duration_ms: 49.6774
  type: 'test'
  ...
# Subtest: every shared world-ground caller and old Coastward retain exact floor area, owner, color and height
ok 1139 - every shared world-ground caller and old Coastward retain exact floor area, owner, color and height
  ---
  duration_ms: 52.8183
  type: 'test'
  ...
# Subtest: real bridge source boundaries and river void remain separate from bank masses
ok 1140 - real bridge source boundaries and river void remain separate from bank masses
  ---
  duration_ms: 11.3617
  type: 'test'
  ...
# Subtest: Atlantis gallery edge partitions remain exact and no cell crosses camera-medium boundary
ok 1141 - Atlantis gallery edge partitions remain exact and no cell crosses camera-medium boundary
  ---
  duration_ms: 3.1357
  type: 'test'
  ...
# Subtest: a labelled untagged Atlantis control demonstrates why caller-owned gallery metadata is required
ok 1142 - a labelled untagged Atlantis control demonstrates why caller-owned gallery metadata is required
  ---
  duration_ms: 2.8302
  type: 'test'
  ...
# Subtest: only complete shared edges merge; holes, corners, tiny gaps and differing metadata remain
ok 1143 - only complete shared edges merge; holes, corners, tiny gaps and differing metadata remain
  ---
  duration_ms: 2.5122
  type: 'test'
  ...
# Subtest: metadata values and arrays are deep-fresh, order-independent and never aliases
ok 1144 - metadata values and arrays are deep-fresh, order-independent and never aliases
  ---
  duration_ms: 0.6151
  type: 'test'
  ...
# Subtest: empty input, input permutations and repeated coalescing are deterministic and fresh
ok 1145 - empty input, input permutations and repeated coalescing are deterministic and fresh
  ---
  duration_ms: 51.3171
  type: 'test'
  ...
# Subtest: invalid, overlapping, accessor or nondata records refuse before input mutation
ok 1146 - invalid, overlapping, accessor or nondata records refuse before input mutation
  ---
  duration_ms: 1.6704
  type: 'test'
  ...
# Subtest: actual submitted vertices stay finite and terrain draw work falls without dropping area
ok 1147 - actual submitted vertices stay finite and terrain draw work falls without dropping area
  ---
  duration_ms: 6.9925
  type: 'test'
  ...
# Subtest: heaven: stable contract, finite geometry, pure bounded quest and readable anchors
ok 1148 - heaven: stable contract, finite geometry, pure bounded quest and readable anchors
  ---
  duration_ms: 4.9186
  type: 'test'
  ...
# Subtest: heaven: connected physical ground gives every point and enemy a body-width approach and return
ok 1149 - heaven: connected physical ground gives every point and enemy a body-width approach and return
  ---
  duration_ms: 233.896
  type: 'test'
  ...
# Subtest: heaven: submitted original art has finite transforms, matched cover, and a modest local instance/triangle budget
ok 1150 - heaven: submitted original art has finite transforms, matched cover, and a modest local instance/triangle budget
  ---
  duration_ms: 136.9689
  type: 'test'
  ...
# Subtest: heaven: decorating is deterministic, owns no scene lifecycle and leaves all source/simulation/inventory state unchanged
ok 1151 - heaven: decorating is deterministic, owns no scene lifecycle and leaves all source/simulation/inventory state unchanged
  ---
  duration_ms: 19.3444
  type: 'test'
  ...
# Subtest: heaven: height supplied by the world caller shifts all local structures, routes and markers coherently
ok 1152 - heaven: height supplied by the world caller shifts all local structures, routes and markers coherently
  ---
  duration_ms: 8.0138
  type: 'test'
  ...
# Subtest: hell: stable contract, finite geometry, pure bounded quest and readable anchors
ok 1153 - hell: stable contract, finite geometry, pure bounded quest and readable anchors
  ---
  duration_ms: 0.4853
  type: 'test'
  ...
# Subtest: hell: connected physical ground gives every point and enemy a body-width approach and return
ok 1154 - hell: connected physical ground gives every point and enemy a body-width approach and return
  ---
  duration_ms: 209.055
  type: 'test'
  ...
# Subtest: hell: submitted original art has finite transforms, matched cover, and a modest local instance/triangle budget
ok 1155 - hell: submitted original art has finite transforms, matched cover, and a modest local instance/triangle budget
  ---
  duration_ms: 75.342
  type: 'test'
  ...
# Subtest: hell: decorating is deterministic, owns no scene lifecycle and leaves all source/simulation/inventory state unchanged
ok 1156 - hell: decorating is deterministic, owns no scene lifecycle and leaves all source/simulation/inventory state unchanged
  ---
  duration_ms: 14.4653
  type: 'test'
  ...
# Subtest: hell: height supplied by the world caller shifts all local structures, routes and markers coherently
ok 1157 - hell: height supplied by the world caller shifts all local structures, routes and markers coherently
  ---
  duration_ms: 5.4198
  type: 'test'
  ...
# Subtest: Heaven: both actual causeway/arcade loops fit a traveller without stepping through instrument, columns or workshop
ok 1158 - Heaven: both actual causeway/arcade loops fit a traveller without stepping through instrument, columns or workshop
  ---
  duration_ms: 19.9446
  type: 'test'
  ...
# Subtest: Heaven: distinct narrow route inlays sit on supported paving and the fork remains flat and clear
ok 1159 - Heaven: distinct narrow route inlays sit on supported paving and the fork remains flat and clear
  ---
  duration_ms: 28.3386
  type: 'test'
  ...
# Subtest: Heaven: the cultivated Ruby-fork band has actual native support and leaves routes, solids and interaction approaches clear
ok 1160 - Heaven: the cultivated Ruby-fork band has actual native support and leaves routes, solids and interaction approaches clear
  ---
  duration_ms: 92.793
  type: 'test'
  ...
# Subtest: Heaven: all low blossoms attach to rooted stems and fit their shallow planting beds
ok 1161 - Heaven: all low blossoms attach to rooted stems and fit their shallow planting beds
  ---
  duration_ms: 22.9235
  type: 'test'
  ...
# Subtest: Heaven: cultivated detail has a bounded geometry cost and is identical with reduced motion enabled
ok 1162 - Heaven: cultivated detail has a bounded geometry cost and is identical with reduced motion enabled
  ---
  duration_ms: 15.5842
  type: 'test'
  ...
# Subtest: Hell: only the existing Refuge roof slab and patched ribs carry the bounded reveal tag
ok 1163 - Hell: only the existing Refuge roof slab and patched ribs carry the bounded reveal tag
  ---
  duration_ms: 6.0723
  type: 'test'
  ...
# Subtest: Hell: distinct east/west approaches and the free home path avoid the optional sentinel even within an eleven-unit threat pocket
ok 1164 - Hell: distinct east/west approaches and the free home path avoid the optional sentinel even within an eleven-unit threat pocket
  ---
  duration_ms: 132.3764
  type: 'test'
  ...
# Subtest: Module exposes the browser/CommonJS contract and rejects unknown decoration without touching the caller
ok 1165 - Module exposes the browser/CommonJS contract and rejects unknown decoration without touching the caller
  ---
  duration_ms: 0.3729
  type: 'test'
  ...
1..1165
# tests 1165
# suites 0
# pass 1165
# fail 0
# cancelled 0
# skipped 0
# todo 0
# duration_ms 9007.8794
