TAP version 13
# Subtest: adventure defaults round trip without equipment or story
ok 1 - adventure defaults round trip without equipment or story
  ---
  duration_ms: 3.9828
  type: 'test'
  ...
# Subtest: v4 migration preserves sandbox, composition, notes, appearance without source mutation
ok 2 - v4 migration preserves sandbox, composition, notes, appearance without source mutation
  ---
  duration_ms: 6.2778
  type: 'test'
  ...
# Subtest: realm05 browser key is copied without overwriting previous save
ok 3 - realm05 browser key is copied without overwriting previous save
  ---
  duration_ms: 3.7299
  type: 'test'
  ...
# Subtest: starter supplies require actual workshop proximity
ok 4 - starter supplies require actual workshop proximity
  ---
  duration_ms: 7.6132
  type: 'test'
  ...
# Subtest: starter kit is one claim and equips owned items
ok 5 - starter kit is one claim and equips owned items
  ---
  duration_ms: 0.874
  type: 'test'
  ...
# Subtest: retry is idempotent while changed terms under same ID are rejected
ok 6 - retry is idempotent while changed terms under same ID are rejected
  ---
  duration_ms: 2.0212
  type: 'test'
  ...
# Subtest: entry requires supplies, repaired crossing, pickaxe and proximity
ok 7 - entry requires supplies, repaired crossing, pickaxe and proximity
  ---
  duration_ms: 1.0777
  type: 'test'
  ...
# Subtest: interior saves retain safe exterior return position
ok 8 - interior saves retain safe exterior return position
  ---
  duration_ms: 1.716
  type: 'test'
  ...
# Subtest: authored entry, fox and encounter positions are walkable
ok 9 - authored entry, fox and encounter positions are walkable
  ---
  duration_ms: 0.3056
  type: 'test'
  ...
# Subtest: outer walls and NaN cannot be walked through
ok 10 - outer walls and NaN cannot be walked through
  ---
  duration_ms: 0.2311
  type: 'test'
  ...
# Subtest: digging checks scene, tool and reach before mutation
ok 11 - digging checks scene, tool and reach before mutation
  ---
  duration_ms: 1.7042
  type: 'test'
  ...
# Subtest: two actual strikes excavate rock and open a path
ok 12 - two actual strikes excavate rock and open a path
  ---
  duration_ms: 12.7775
  type: 'test'
  ...
# Subtest: pick cooldown prevents duplicate immediate strokes
ok 13 - pick cooldown prevents duplicate immediate strokes
  ---
  duration_ms: 7.8244
  type: 'test'
  ...
# Subtest: outer cells refuse excavation
ok 14 - outer cells refuse excavation
  ---
  duration_ms: 0.5297
  type: 'test'
  ...
# Subtest: removed stone cannot pay again
ok 15 - removed stone cannot pay again
  ---
  duration_ms: 6.7957
  type: 'test'
  ...
# Subtest: cold reopening reconstructs excavation but restarts outside
ok 16 - cold reopening reconstructs excavation but restarts outside
  ---
  duration_ms: 4.2532
  type: 'test'
  ...
# Subtest: attacks cannot damage distant targets
ok 17 - attacks cannot damage distant targets
  ---
  duration_ms: 0.6277
  type: 'test'
  ...
# Subtest: line of sight blocks attacks through rock
ok 18 - line of sight blocks attacks through rock
  ---
  duration_ms: 0.4903
  type: 'test'
  ...
# Subtest: melee decreases health, respects cooldown and creates one defeat/cache
ok 19 - melee decreases health, respects cooldown and creates one defeat/cache
  ---
  duration_ms: 6.2498
  type: 'test'
  ...
# Subtest: sweep consumes stamina only once per cooldown
ok 20 - sweep consumes stamina only once per cooldown
  ---
  duration_ms: 0.714
  type: 'test'
  ...
# Subtest: insufficient stamina refuses without mutation
ok 21 - insufficient stamina refuses without mutation
  ---
  duration_ms: 1.5629
  type: 'test'
  ...
# Subtest: dodge respects cave collision instead of tunneling
ok 22 - dodge respects cave collision instead of tunneling
  ---
  duration_ms: 1.1757
  type: 'test'
  ...
# Subtest: dodge avoidance protects against imminent impact
ok 23 - dodge avoidance protects against imminent impact
  ---
  duration_ms: 3.3512
  type: 'test'
  ...
# Subtest: telegraph hits its declared destination, not a tracking player
ok 24 - telegraph hits its declared destination, not a tracking player
  ---
  duration_ms: 1.435
  type: 'test'
  ...
# Subtest: failed evasion incurs damage reduced by armor
ok 25 - failed evasion incurs damage reduced by armor
  ---
  duration_ms: 0.9472
  type: 'test'
  ...
# Subtest: pause stops actual timers and combat
ok 26 - pause stops actual timers and combat
  ---
  duration_ms: 1.3225
  type: 'test'
  ...
# Subtest: daylight slider is not a cooldown cheat
ok 27 - daylight slider is not a cooldown cheat
  ---
  duration_ms: 0.643
  type: 'test'
  ...
# Subtest: healing consumes tonic, caps at maximum and has cooldown
ok 28 - healing consumes tonic, caps at maximum and has cooldown
  ---
  duration_ms: 0.4432
  type: 'test'
  ...
# Subtest: rest requires spring and is not available in combat
ok 29 - rest requires spring and is not available in combat
  ---
  duration_ms: 0.5558
  type: 'test'
  ...
# Subtest: death stops movement and resurrection preserves loot
ok 30 - death stops movement and resurrection preserves loot
  ---
  duration_ms: 0.6997
  type: 'test'
  ...
# Subtest: paused resurrection is possible without resuming time implicitly
ok 31 - paused resurrection is possible without resuming time implicitly
  ---
  duration_ms: 0.4696
  type: 'test'
  ...
# Subtest: living players cannot resurrect for a free teleport
ok 32 - living players cannot resurrect for a free teleport
  ---
  duration_ms: 0.4842
  type: 'test'
  ...
# Subtest: loot is proximity checked and cannot be claimed twice
ok 33 - loot is proximity checked and cannot be claimed twice
  ---
  duration_ms: 0.7284
  type: 'test'
  ...
# Subtest: full pouch rejects atomically and preserves cache
ok 34 - full pouch rejects atomically and preserves cache
  ---
  duration_ms: 1.389
  type: 'test'
  ...
# Subtest: equipment must be owned and goes into the declared slot
ok 35 - equipment must be owned and goes into the declared slot
  ---
  duration_ms: 0.63
  type: 'test'
  ...
# Subtest: increased health capacity does not heal on equip
ok 36 - increased health capacity does not heal on equip
  ---
  duration_ms: 0.3788
  type: 'test'
  ...
# Subtest: forge consumes exact inputs once
ok 37 - forge consumes exact inputs once
  ---
  duration_ms: 6.2478
  type: 'test'
  ...
# Subtest: forge outside workbench fails without cost
ok 38 - forge outside workbench fails without cost
  ---
  duration_ms: 2.5358
  type: 'test'
  ...
# Subtest: rescue requires proximity and threat clearance
ok 39 - rescue requires proximity and threat clearance
  ---
  duration_ms: 0.6256
  type: 'test'
  ...
# Subtest: companion naming is bounded data and mode is enumerated
ok 40 - companion naming is bounded data and mode is enumerated
  ---
  duration_ms: 0.9401
  type: 'test'
  ...
# Subtest: Stay retains fox in its scene during active session
ok 41 - Stay retains fox in its scene during active session
  ---
  duration_ms: 5.2355
  type: 'test'
  ...
# Subtest: Follow explicitly recalls across a scene boundary
ok 42 - Follow explicitly recalls across a scene boundary
  ---
  duration_ms: 1.668
  type: 'test'
  ...
# Subtest: defeated enemies stay defeated on re-entry
ok 43 - defeated enemies stay defeated on re-entry
  ---
  duration_ms: 0.5576
  type: 'test'
  ...
# Subtest: unfinished enemies reset on re-entry; partial health is not a win
ok 44 - unfinished enemies reset on re-entry; partial health is not a win
  ---
  duration_ms: 0.6354
  type: 'test'
  ...
# Subtest: relic requires guardian defeat and proximity, with single claim
ok 45 - relic requires guardian defeat and proximity, with single claim
  ---
  duration_ms: 0.4955
  type: 'test'
  ...
# Subtest: envoy requires relic at the spring
ok 46 - envoy requires relic at the spring
  ---
  duration_ms: 0.4946
  type: 'test'
  ...
# Subtest: final choice stays single across command IDs and cold reload
ok 47 - final choice stays single across command IDs and cold reload
  ---
  duration_ms: 1.1856
  type: 'test'
  ...
# Subtest: import rejects negative ore
ok 48 - import rejects negative ore
  ---
  duration_ms: 0.3214
  type: 'test'
  ...
# Subtest: import rejects NaN stamina
ok 49 - import rejects NaN stamina
  ---
  duration_ms: 0.1108
  type: 'test'
  ...
# Subtest: import rejects foreign gear
ok 50 - import rejects foreign gear
  ---
  duration_ms: 0.1006
  type: 'test'
  ...
# Subtest: import rejects non-owned equip
ok 51 - import rejects non-owned equip
  ---
  duration_ms: 0.0913
  type: 'test'
  ...
# Subtest: import rejects duplicate cells
ok 52 - import rejects duplicate cells
  ---
  duration_ms: 0.0866
  type: 'test'
  ...
# Subtest: import rejects outer excavation
ok 53 - import rejects outer excavation
  ---
  duration_ms: 0.1003
  type: 'test'
  ...
# Subtest: import rejects noncanonical cell
ok 54 - import rejects noncanonical cell
  ---
  duration_ms: 0.0853
  type: 'test'
  ...
# Subtest: import rejects relic without defeat
ok 55 - import rejects relic without defeat
  ---
  duration_ms: 0.0791
  type: 'test'
  ...
# Subtest: import rejects gift without envoy
ok 56 - import rejects gift without envoy
  ---
  duration_ms: 0.1835
  type: 'test'
  ...
# Subtest: import rejects oversized name
ok 57 - import rejects oversized name
  ---
  duration_ms: 0.1424
  type: 'test'
  ...
# Subtest: import rejects duplicate drop
ok 58 - import rejects duplicate drop
  ---
  duration_ms: 0.1916
  type: 'test'
  ...
# Subtest: import rejects impossible chips
ok 59 - import rejects impossible chips
  ---
  duration_ms: 0.1164
  type: 'test'
  ...
# Subtest: import rejects excess health
ok 60 - import rejects excess health
  ---
  duration_ms: 0.1178
  type: 'test'
  ...
# Subtest: import rejects foreign enemy
ok 61 - import rejects foreign enemy
  ---
  duration_ms: 0.087
  type: 'test'
  ...
# Subtest: import rejects unstarted rescue
ok 62 - import rejects unstarted rescue
  ---
  duration_ms: 0.0726
  type: 'test'
  ...
# Subtest: invalid command envelope cannot mutate persistent state
ok 63 - invalid command envelope cannot mutate persistent state
  ---
  duration_ms: 1.1731
  type: 'test'
  ...
# Subtest: prototype-looking item key safely refuses
ok 64 - prototype-looking item key safely refuses
  ---
  duration_ms: 1.3656
  type: 'test'
  ...
# Subtest: circular command data is safely refused
ok 65 - circular command data is safely refused
  ---
  duration_ms: 1.2696
  type: 'test'
  ...
# Subtest: no private memory or credentials enter save
ok 66 - no private memory or credentials enter save
  ---
  duration_ms: 1.029
  type: 'test'
  ...
# Subtest: version07 raw save migrates without losing road or creative state
ok 67 - version07 raw save migrates without losing road or creative state
  ---
  duration_ms: 11.9577
  type: 'test'
  ...
# Subtest: legacy storage key is copied not overwritten
ok 68 - legacy storage key is copied not overwritten
  ---
  duration_ms: 4.554
  type: 'test'
  ...
# Subtest: fresh arsenal has no free bows gems or medals
ok 69 - fresh arsenal has no free bows gems or medals
  ---
  duration_ms: 0.3874
  type: 'test'
  ...
# Subtest: gem records reject invalid quantities and unknown fields
ok 70 - gem records reject invalid quantities and unknown fields
  ---
  duration_ms: 15.0038
  type: 'test'
  ...
# Subtest: socket validation needs owned weapon and known gem
ok 71 - socket validation needs owned weapon and known gem
  ---
  duration_ms: 3.7265
  type: 'test'
  ...
# Subtest: medal requires bounded completion time and vice versa
ok 72 - medal requires bounded completion time and vice versa
  ---
  duration_ms: 4.3401
  type: 'test'
  ...
# Subtest: unstarted record cannot mint loose gems or a medal
ok 73 - unstarted record cannot mint loose gems or a medal
  ---
  duration_ms: 0.4627
  type: 'test'
  ...
# Subtest: craft refuses before supplies, remote bench, paused or unknown recipe
ok 74 - craft refuses before supplies, remote bench, paused or unknown recipe
  ---
  duration_ms: 7.5959
  type: 'test'
  ...
# Subtest: bow recipe consumes exact wood fiber stone and creates a unique item
ok 75 - bow recipe consumes exact wood fiber stone and creates a unique item
  ---
  duration_ms: 1.0938
  type: 'test'
  ...
# Subtest: insufficient material on any ingredient causes no partial charge
ok 76 - insufficient material on any ingredient causes no partial charge
  ---
  duration_ms: 2.8749
  type: 'test'
  ...
# Subtest: longbow requires original bow then keeps it and charges exact components
ok 77 - longbow requires original bow then keeps it and charges exact components
  ---
  duration_ms: 2.0012
  type: 'test'
  ...
# Subtest: craft duplicate id never charges twice and changed content is refused
ok 78 - craft duplicate id never charges twice and changed content is refused
  ---
  duration_ms: 3.7821
  type: 'test'
  ...
# Subtest: gem crafting charges correct actual material and currency balances
ok 79 - gem crafting charges correct actual material and currency balances
  ---
  duration_ms: 0.6607
  type: 'test'
  ...
# Subtest: gem capacity, ore and coin refusals are atomic
ok 80 - gem capacity, ore and coin refusals are atomic
  ---
  duration_ms: 3.8774
  type: 'test'
  ...
# Subtest: socket requires actual outdoor workbench and loose gem
ok 81 - socket requires actual outdoor workbench and loose gem
  ---
  duration_ms: 8.0718
  type: 'test'
  ...
# Subtest: fitting replacing reclaiming preserves total gem quantities
ok 82 - fitting replacing reclaiming preserves total gem quantities
  ---
  duration_ms: 1.2956
  type: 'test'
  ...
# Subtest: socket changes stats only for currently equipped weapon
ok 83 - socket changes stats only for currently equipped weapon
  ---
  duration_ms: 1.0227
  type: 'test'
  ...
# Subtest: moonstone raises capacity without healing and removal clamps current HP
ok 84 - moonstone raises capacity without healing and removal clamps current HP
  ---
  duration_ms: 0.5549
  type: 'test'
  ...
# Subtest: socket rejects same setting, wrong slot, foreign weapon, unknown gem
ok 85 - socket rejects same setting, wrong slot, foreign weapon, unknown gem
  ---
  duration_ms: 4.1154
  type: 'test'
  ...
# Subtest: full reclaim pouch prevents swap without consuming new gem
ok 86 - full reclaim pouch prevents swap without consuming new gem
  ---
  duration_ms: 3.1868
  type: 'test'
  ...
# Subtest: socket duplicate cannot charge, reclaim or alter stats twice
ok 87 - socket duplicate cannot charge, reclaim or alter stats twice
  ---
  duration_ms: 1.4872
  type: 'test'
  ...
# Subtest: range entry checks workshop proximity and prepared character
ok 88 - range entry checks workshop proximity and prepared character
  ---
  duration_ms: 4.4493
  type: 'test'
  ...
# Subtest: range collision bounds and pillars affect real walking
ok 89 - range collision bounds and pillars affect real walking
  ---
  duration_ms: 0.8231
  type: 'test'
  ...
# Subtest: range path routes around a pillar, not through it
ok 90 - range path routes around a pillar, not through it
  ---
  duration_ms: 3.4803
  type: 'test'
  ...
# Subtest: range south exit requires proximity and restores workshop position
ok 91 - range south exit requires proximity and restores workshop position
  ---
  duration_ms: 1.7749
  type: 'test'
  ...
# Subtest: save inside court restores outside without unfinished arrows or round
ok 92 - save inside court restores outside without unfinished arrows or round
  ---
  duration_ms: 2.203
  type: 'test'
  ...
# Subtest: bow provides ranged profile while all previous blades keep their reach
ok 93 - bow provides ranged profile while all previous blades keep their reach
  ---
  duration_ms: 0.8014
  type: 'test'
  ...
# Subtest: bows refuse village shots and blades refuse practice target attacks
ok 94 - bows refuse village shots and blades refuse practice target attacks
  ---
  duration_ms: 8.1912
  type: 'test'
  ...
# Subtest: launch spends exact stamina and damage is delayed until actual travel
ok 95 - launch spends exact stamina and damage is delayed until actual travel
  ---
  duration_ms: 6.312
  type: 'test'
  ...
# Subtest: cooldown and low stamina refusals do not consume resources
ok 96 - cooldown and low stamina refusals do not consume resources
  ---
  duration_ms: 4.9068
  type: 'test'
  ...
# Subtest: unknown out of range and obstructed targets do not launch
ok 97 - unknown out of range and obstructed targets do not launch
  ---
  duration_ms: 3.4823
  type: 'test'
  ...
# Subtest: arrow direction is fixed and can miss a moving enemy
ok 98 - arrow direction is fixed and can miss a moving enemy
  ---
  duration_ms: 1.9226
  type: 'test'
  ...
# Subtest: damage snapshots the launch gear, not later equipped weapon
ok 99 - damage snapshots the launch gear, not later equipped weapon
  ---
  duration_ms: 2.668
  type: 'test'
  ...
# Subtest: incoming arrow grants timed enemy awareness at current world time
ok 100 - incoming arrow grants timed enemy awareness at current world time
  ---
  duration_ms: 1.0079
  type: 'test'
  ...
# Subtest: line trace chooses first target regardless of requested target order
ok 101 - line trace chooses first target regardless of requested target order
  ---
  duration_ms: 0.2203
  type: 'test'
  ...
# Subtest: wall precedes targets behind it and already-hit ids are ignored
ok 102 - wall precedes targets behind it and already-hit ids are ignored
  ---
  duration_ms: 0.1777
  type: 'test'
  ...
# Subtest: swept segments catch a target between endpoints
ok 103 - swept segments catch a target between endpoints
  ---
  duration_ms: 0.1026
  type: 'test'
  ...
# Subtest: degenerate and invalid geometry is bounded
ok 104 - degenerate and invalid geometry is bounded
  ---
  duration_ms: 0.5509
  type: 'test'
  ...
# Subtest: projectiles cross road water but not real obstacles
ok 105 - projectiles cross road water but not real obstacles
  ---
  duration_ms: 0.6026
  type: 'test'
  ...
# Subtest: mine stone and court pillars stop arrows
ok 106 - mine stone and court pillars stop arrows
  ---
  duration_ms: 0.6103
  type: 'test'
  ...
# Subtest: piercing light can hit at most two bodies and each at most once
ok 107 - piercing light can hit at most two bodies and each at most once
  ---
  duration_ms: 1.1525
  type: 'test'
  ...
# Subtest: ordinary arrow only hits first intervening target
ok 108 - ordinary arrow only hits first intervening target
  ---
  duration_ms: 1.8724
  type: 'test'
  ...
# Subtest: leaving and dying discard transient arrows
ok 109 - leaving and dying discard transient arrows
  ---
  duration_ms: 1.2434
  type: 'test'
  ...
# Subtest: no arrow follows an enemy forever
ok 110 - no arrow follows an enemy forever
  ---
  duration_ms: 1.7064
  type: 'test'
  ...
# Subtest: a fired arrow reaching zero HP creates one ordinary cache and XP result
ok 111 - a fired arrow reaching zero HP creates one ordinary cache and XP result
  ---
  duration_ms: 1.3447
  type: 'test'
  ...
# Subtest: target motion is reproducible and only the sun moves
ok 112 - target motion is reproducible and only the sun moves
  ---
  duration_ms: 0.2355
  type: 'test'
  ...
# Subtest: round requires range and bow and cannot restart a running clock
ok 113 - round requires range and bow and cannot restart a running clock
  ---
  duration_ms: 3.8262
  type: 'test'
  ...
# Subtest: practice arrows hit real targets without XP harm defeat or loot
ok 114 - practice arrows hit real targets without XP harm defeat or loot
  ---
  duration_ms: 2.4273
  type: 'test'
  ...
# Subtest: untimed target hits cannot mint a practice reward
ok 115 - untimed target hits cannot mint a practice reward
  ---
  duration_ms: 0.6275
  type: 'test'
  ...
# Subtest: known-answer six hits award one medal five coins one amber
ok 116 - known-answer six hits award one medal five coins one amber
  ---
  duration_ms: 0.804
  type: 'test'
  ...
# Subtest: repeated completed rounds improve best but never pay again
ok 117 - repeated completed rounds improve best but never pay again
  ---
  duration_ms: 0.7537
  type: 'test'
  ...
# Subtest: longer round preserves faster recorded time
ok 118 - longer round preserves faster recorded time
  ---
  duration_ms: 0.623
  type: 'test'
  ...
# Subtest: partial hits and timeout have no reward; new round starts empty
ok 119 - partial hits and timeout have no reward; new round starts empty
  ---
  duration_ms: 7.56
  type: 'test'
  ...
# Subtest: pause freezes timer projectile and moving target
ok 120 - pause freezes timer projectile and moving target
  ---
  duration_ms: 2.6911
  type: 'test'
  ...
# Subtest: daylight adjustment does not advance practice clock
ok 121 - daylight adjustment does not advance practice clock
  ---
  duration_ms: 1.6548
  type: 'test'
  ...
# Subtest: round stop preserves prior medal and clears arrows
ok 122 - round stop preserves prior medal and clears arrows
  ---
  duration_ms: 1.942
  type: 'test'
  ...
# Subtest: reward overflow does not mark medal or partly pay
ok 123 - reward overflow does not mark medal or partly pay
  ---
  duration_ms: 0.8368
  type: 'test'
  ...
# Subtest: saved medal sockets and health validate in a cold restart
ok 124 - saved medal sockets and health validate in a cold restart
  ---
  duration_ms: 1.8054
  type: 'test'
  ...
# Subtest: equipped amber modifies actual fox damage, unequipped amber does not
ok 125 - equipped amber modifies actual fox damage, unequipped amber does not
  ---
  duration_ms: 1.4594
  type: 'test'
  ...
# Subtest: old Core saves add only the empty optional owner; exact schema refuses future and impossible history
ok 126 - old Core saves add only the empty optional owner; exact schema refuses future and impossible history
  ---
  duration_ms: 11.321
  type: 'test'
  ...
# Subtest: every required descendant depends on the retained observation, not merely the other optional reading
ok 127 - every required descendant depends on the retained observation, not merely the other optional reading
  ---
  duration_ms: 19.4629
  type: 'test'
  ...
# Subtest: acceptance checks real character, chart, owner and revision; refused candidate is never adopted
ok 128 - acceptance checks real character, chart, owner and revision; refused candidate is never adopted
  ---
  duration_ms: 21.9042
  type: 'test'
  ...
# Subtest: saving cannot adopt into a replaced character, changed owner or reentrant state
ok 129 - saving cannot adopt into a replaced character, changed owner or reentrant state
  ---
  duration_ms: 5.6698
  type: 'test'
  ...
# Subtest: depth and medium are physical; an obstructed nearby control cannot be worked through a wall
ok 130 - depth and medium are physical; an obstructed nearby control cannot be worked through a wall
  ---
  duration_ms: 2.3763
  type: 'test'
  ...
# Subtest: first approach is deliberate and retained; wrong or premature pressure has no loss or progress
ok 131 - first approach is deliberate and retained; wrong or premature pressure has no loss or progress
  ---
  duration_ms: 13.6701
  type: 'test'
  ...
# Subtest: all 24 authored branches use actual commands, actual damage, sequential releases and a separate one-time fee
ok 132 - all 24 authored branches use actual commands, actual damage, sequential releases and a separate one-time fee
  ---
  duration_ms: 413.6299
  type: 'test'
  ...
# Subtest: whole fee capacity includes crystal; stored XP cap never blocks full fixed materials or refills a character
ok 133 - whole fee capacity includes crystal; stored XP cap never blocks full fixed materials or refills a character
  ---
  duration_ms: 17.1001
  type: 'test'
  ...
# Subtest: revision and event limits refuse without consuming fees or trimming prior history
ok 134 - revision and event limits refuse without consuming fees or trimming prior history
  ---
  duration_ms: 4.1863
  type: 'test'
  ...
# Subtest: stored early XP one through five earns only the fixed fee and never resets equipment or health at a level boundary
ok 135 - stored early XP one through five earns only the fixed fee and never resets equipment or health at a level boundary
  ---
  duration_ms: 12.2027
  type: 'test'
  ...
# Subtest: read-only accepted witnesses have stable ownership and saved outlet controls Damar’s actual presence
ok 136 - read-only accepted witnesses have stable ownership and saved outlet controls Damar’s actual presence
  ---
  duration_ms: 3.2008
  type: 'test'
  ...
# Subtest: real owned moving Custodian can take ordinary damage in all live phases; copies and false origins cannot
ok 137 - real owned moving Custodian can take ordinary damage in all live phases; copies and false origins cannot
  ---
  duration_ms: 0.9049
  type: 'test'
  ...
# Subtest: real lethal damage saves bearing once, refuses to HP one, and never invokes legacy loot
ok 138 - real lethal damage saves bearing once, refuses to HP one, and never invokes legacy loot
  ---
  duration_ms: 1.7787
  type: 'test'
  ...
# Subtest: an invalid character envelope refuses real exhaustion without leaving an unstored zero-HP owner
ok 139 - an invalid character envelope refuses real exhaustion without leaving an unstored zero-HP owner
  ---
  duration_ms: 0.9712
  type: 'test'
  ...
# Subtest: actual bow projectile can hit an ordinary windup and resolve only the campaign bearing
ok 140 - actual bow projectile can hit an ordinary windup and resolve only the campaign bearing
  ---
  duration_ms: 4.3406
  type: 'test'
  ...
# Subtest: real bow-distance AI selects its declared intake while the Custodian remains anchored and retreat stays out of reach
ok 141 - real bow-distance AI selects its declared intake while the Custodian remains anchored and retreat stays out of reach
  ---
  duration_ms: 24.0865
  type: 'test'
  ...
# Subtest: two immutable locked patterns cycle with fixed timing and cannot follow a moved traveler or use a copied frame
ok 142 - two immutable locked patterns cycle with fixed timing and cannot follow a moved traveler or use a copied frame
  ---
  duration_ms: 1.1286
  type: 'test'
  ...
# Subtest: independent closest-shape oracle checks sector edge and rounded intake corners across directions
ok 143 - independent closest-shape oracle checks sector edge and rounded intake corners across directions
  ---
  duration_ms: 23.1541
  type: 'test'
  ...
# Subtest: anchored intake meets canonical visible service cover without moving the machine
ok 144 - anchored intake meets canonical visible service cover without moving the machine
  ---
  duration_ms: 14.295
  type: 'test'
  ...
# Subtest: locked intake clips the whole supported lane at real quay edges and opaque cover, not merely its centerline
ok 145 - locked intake clips the whole supported lane at real quay edges and opaque cover, not merely its centerline
  ---
  duration_ms: 8.9425
  type: 'test'
  ...
# Subtest: pull requires exact real intake ownership/time/contact and preserves depth, yaw, HP and durable ledgers
ok 146 - pull requires exact real intake ownership/time/contact and preserves depth, yaw, HP and durable ledgers
  ---
  duration_ms: 5.5571
  type: 'test'
  ...
# Subtest: ordinary simulation time applies the final intake fraction once, then recovery; locked escape avoids contact
ok 147 - ordinary simulation time applies the final intake fraction once, then recovery; locked escape avoids contact
  ---
  duration_ms: 2.6435
  type: 'test'
  ...
# Subtest: real shallow current retains y and uses supported small motion; quiet depths, court, pause and refusal do not drift
ok 148 - real shallow current retains y and uses supported small motion; quiet depths, court, pause and refusal do not drift
  ---
  duration_ms: 3.1853
  type: 'test'
  ...
# Subtest: saved manual bypass survives reload without erasing required pressure stages or charging another fee
ok 149 - saved manual bypass survives reload without erasing required pressure stages or charging another fee
  ---
  duration_ms: 1.5858
  type: 'test'
  ...
# Subtest: pure art projects only accepted physical-room facts and creates no rule actor or reward
ok 150 - pure art projects only accepted physical-room facts and creates no rule actor or reward
  ---
  duration_ms: 16.2299
  type: 'test'
  ...
# Subtest: all static transformed vertices use the real dry support or gallery medium, avoid opaque solids and stay finite
ok 151 - all static transformed vertices use the real dry support or gallery medium, avoid opaque solids and stay finite
  ---
  duration_ms: 132.3477
  type: 'test'
  ...
# publish: 100 static instances, 1516 triangles
# limited: 96 static instances, 1468 triangles
# license: 96 static instances, 1460 triangles
# Subtest: real full swimmer bodies remain clear beside wet and court fittings at each physical anchor
ok 152 - real full swimmer bodies remain clear beside wet and court fittings at each physical anchor
  ---
  duration_ms: 48.3717
  type: 'test'
  ...
# Subtest: depth markings retain both observations, chosen required reading and only each recorded pressure setting
ok 153 - depth markings retain both observations, chosen required reading and only each recorded pressure setting
  ---
  duration_ms: 1.4261
  type: 'test'
  ...
# Subtest: current bands stay within their actual complete bounds and direction marks read only the owner status
ok 154 - current bands stay within their actual complete bounds and direction marks read only the owner status
  ---
  duration_ms: 4.9585
  type: 'test'
  ...
# Subtest: saved dispositions have distinct municipal fittings while keeping both complete receipts visible
ok 155 - saved dispositions have distinct municipal fittings while keeping both complete receipts visible
  ---
  duration_ms: 3.2078
  type: 'test'
  ...
# Subtest: the squat whole Custodian is grounded inside its real radius at every actor yaw and all live phases
ok 156 - the squat whole Custodian is grounded inside its real radius at every actor yaw and all live phases
  ---
  duration_ms: 316.5323
  type: 'test'
  ...
# Subtest: Custodian projection rejects copied, foreign, unstored exhausted, underwater and resolved actors
ok 157 - Custodian projection rejects copied, foreign, unstored exhausted, underwater and resolved actors
  ---
  duration_ms: 6.6965
  type: 'test'
  ...
# Subtest: paired sweep strokes project the immutable actual sector, including tiny supplied radius frames
ok 158 - paired sweep strokes project the immutable actual sector, including tiny supplied radius frames
  ---
  duration_ms: 286.5344
  type: 'test'
  ...
# Subtest: paired intake strokes never exceed actual clipped length or width, even at very short cover clips
ok 159 - paired intake strokes never exceed actual clipped length or width, even at very short cover clips
  ---
  duration_ms: 195.0108
  type: 'test'
  ...
# Subtest: warning pose follows the fixed strike rather than actor/player movement; zero or inactive lanes emit nothing
ok 160 - warning pose follows the fixed strike rather than actor/player movement; zero or inactive lanes emit nothing
  ---
  duration_ms: 1.6386
  type: 'test'
  ...
# Subtest: support-clipped south intake and real opaque-bollard clip use only their supplied frame
ok 161 - support-clipped south intake and real opaque-bollard clip use only their supplied frame
  ---
  duration_ms: 14.2344
  type: 'test'
  ...
# Subtest: exact owned Ilyra and Damar actors appear at their accepted facts, are grounded and never clone existing locals
ok 162 - exact owned Ilyra and Damar actors appear at their accepted facts, are grounded and never clone existing locals
  ---
  duration_ms: 191.2377
  type: 'test'
  ...
# Subtest: pause, reduced motion and arbitrary wall time preserve quiet deterministic fittings and locked frames
ok 163 - pause, reduced motion and arbitrary wall time preserve quiet deterministic fittings and locked frames
  ---
  duration_ms: 7.6759
  type: 'test'
  ...
# Subtest: combined fixtures, owned witnesses and worst warning stay within the bounded presentation budget
ok 164 - combined fixtures, owned witnesses and worst warning stay within the bounded presentation budget
  ---
  duration_ms: 3.8164
  type: 'test'
  ...
# 180 combined instances, 3408 triangles
# Subtest: journal, map, route labels and terms are read-pure and explicit acceptance needs the old claimed chart
ok 165 - journal, map, route labels and terms are read-pure and explicit acceptance needs the old claimed chart
  ---
  duration_ms: 3.1465
  type: 'test'
  ...
# Subtest: wet map labels are depth-reading controls; dry walk uses the existing supported approach without work
ok 166 - wet map labels are depth-reading controls; dry walk uses the existing supported approach without work
  ---
  duration_ms: 1.9999
  type: 'test'
  ...
# Subtest: gallery controls expose the existing physical dive handler and honest E-at-landing exit, with no new exit action
ok 167 - gallery controls expose the existing physical dive handler and honest E-at-landing exit, with no new exit action
  ---
  duration_ms: 1.271
  type: 'test'
  ...
# Subtest: production medium and feet depth reject overhead or wrong-depth actions; real wet and court anchors expose controls
ok 168 - production medium and feet depth reject overhead or wrong-depth actions; real wet and court anchors expose controls
  ---
  duration_ms: 1.1779
  type: 'test'
  ...
# Subtest: pressure controls use exact catalogue tokens and sequential availability; no remote or combat-completion dispatch
ok 169 - pressure controls use exact catalogue tokens and sequential availability; no remote or combat-completion dispatch
  ---
  duration_ms: 4.4467
  type: 'test'
  ...
# Subtest: retained approaches use explicit preview, cancel and owner-bound confirmation without read or preview credit
ok 170 - retained approaches use explicit preview, cancel and owner-bound confirmation without read or preview credit
  ---
  duration_ms: 4.1113
  type: 'test'
  ...
# Subtest: each disposition confirms once through the current physical owner, quotes recognition only after verification and pays separately
ok 171 - each disposition confirms once through the current physical owner, quotes recognition only after verification and pays separately
  ---
  duration_ms: 4.6946
  type: 'test'
  ...
# Subtest: every stale traveller, revision, medium, depth, position or page fence refuses mutation and stale confirmation
ok 172 - every stale traveller, revision, medium, depth, position or page fence refuses mutation and stale confirmation
  ---
  duration_ms: 9.9131
  type: 'test'
  ...
# Subtest: context, tracker and route reads never record work or courier arrival and retain all old save fields
ok 173 - context, tracker and route reads never record work or courier arrival and retain all old save fields
  ---
  duration_ms: 1.1946
  type: 'test'
  ...
# Subtest: tracker prioritizes the retained required reading and mandatory repair over available optional work
ok 174 - tracker prioritizes the retained required reading and mandatory repair over available optional work
  ---
  duration_ms: 1.0274
  type: 'test'
  ...
# Subtest: Atlantis catalogue: immutable exact imports grant no progress, actor, support or old-owner change
ok 175 - Atlantis catalogue: immutable exact imports grant no progress, actor, support or old-owner change
  ---
  duration_ms: 3.9091
  type: 'test'
  ...
# Subtest: Atlantis entry and witnesses: existing chart and giver stay distinct; new accepted witnesses do not duplicate residents
ok 176 - Atlantis entry and witnesses: existing chart and giver stay distinct; new accepted witnesses do not duplicate residents
  ---
  duration_ms: 71.5021
  type: 'test'
  ...
# Subtest: Atlantis graph: named pressure order, retained approach and real exhaustion guard all mandatory edges
ok 177 - Atlantis graph: named pressure order, retained approach and real exhaustion guard all mandatory edges
  ---
  duration_ms: 0.7379
  type: 'test'
  ...
# Subtest: Atlantis branches: exhaustive authored fact sets cover both approaches, optional evidence/bypass and every disposition
ok 178 - Atlantis branches: exhaustive authored fact sets cover both approaches, optional evidence/bypass and every disposition
  ---
  duration_ms: 2.4716
  type: 'test'
  ...
# Subtest: Atlantis dry geography: every dry action and declared waiting witness has a full supported home path
ok 179 - Atlantis dry geography: every dry action and declared waiting witness has a full supported home path
  ---
  duration_ms: 603.508
  type: 'test'
  ...
# Subtest: Atlantis wet geography: exact depth/medium actions connect through the existing whole-body gallery route
ok 180 - Atlantis wet geography: exact depth/medium actions connect through the existing whole-body gallery route
  ---
  duration_ms: 5.4804
  type: 'test'
  ...
# Subtest: Atlantis current: marked shallow region is entirely water; lower reading, manual bypass and air court remain outside
ok 181 - Atlantis current: marked shallow region is entirely water; lower reading, manual bypass and air court remain outside
  ---
  duration_ms: 0.6271
  type: 'test'
  ...
# Subtest: Atlantis encounter: grounded sweep fits; intake exposes the real south-edge clipping requirement
ok 182 - Atlantis encounter: grounded sweep fits; intake exposes the real south-edge clipping requirement
  ---
  duration_ms: 5.3893
  type: 'test'
  ...
# Subtest: Atlantis fee and dispositions: fixed complete payload contributes to actual recipes and keeps recognition local
ok 183 - Atlantis fee and dispositions: fixed complete payload contributes to actual recipes and keeps recognition local
  ---
  duration_ms: 1.9238
  type: 'test'
  ...
# Subtest: Realm08 world migrates to current schema without changing supported content
ok 184 - Realm08 world migrates to current schema without changing supported content
  ---
  duration_ms: 12.0355
  type: 'test'
  ...
# Subtest: fresh beacon contains no earned alignment or free story completion
ok 185 - fresh beacon contains no earned alignment or free story completion
  ---
  duration_ms: 0.4563
  type: 'test'
  ...
# Subtest: beacon import rejects version
ok 186 - beacon import rejects version
  ---
  duration_ms: 1.266
  type: 'test'
  ...
# Subtest: beacon import rejects missingSoul
ok 187 - beacon import rejects missingSoul
  ---
  duration_ms: 0.5974
  type: 'test'
  ...
# Subtest: beacon import rejects badStatus
ok 188 - beacon import rejects badStatus
  ---
  duration_ms: 0.4624
  type: 'test'
  ...
# Subtest: beacon import rejects badCounts
ok 189 - beacon import rejects badCounts
  ---
  duration_ms: 2.162
  type: 'test'
  ...
# Subtest: beacon import rejects unknownRoute
ok 190 - beacon import rejects unknownRoute
  ---
  duration_ms: 0.4986
  type: 'test'
  ...
# Subtest: beacon import rejects unearnedCompletion
ok 191 - beacon import rejects unearnedCompletion
  ---
  duration_ms: 0.7911
  type: 'test'
  ...
# Subtest: beacon import rejects rewardEarly
ok 192 - beacon import rejects rewardEarly
  ---
  duration_ms: 0.3879
  type: 'test'
  ...
# Subtest: beacon import rejects graceEarly
ok 193 - beacon import rejects graceEarly
  ---
  duration_ms: 0.4117
  type: 'test'
  ...
# Subtest: beacon import rejects negativeRadiance
ok 194 - beacon import rejects negativeRadiance
  ---
  duration_ms: 0.3046
  type: 'test'
  ...
# Subtest: beacon import rejects corruptionNoHistory
ok 195 - beacon import rejects corruptionNoHistory
  ---
  duration_ms: 0.2624
  type: 'test'
  ...
# Subtest: beacon import rejects falsePower
ok 196 - beacon import rejects falsePower
  ---
  duration_ms: 0.2465
  type: 'test'
  ...
# Subtest: beacon import rejects fakeScar
ok 197 - beacon import rejects fakeScar
  ---
  duration_ms: 0.19
  type: 'test'
  ...
# Subtest: beacon import rejects duplicatedScars
ok 198 - beacon import rejects duplicatedScars
  ---
  duration_ms: 0.2264
  type: 'test'
  ...
# Subtest: beacon import rejects unearnedRelic
ok 199 - beacon import rejects unearnedRelic
  ---
  duration_ms: 0.2041
  type: 'test'
  ...
# Subtest: beacon import rejects nonintegerAttempts
ok 200 - beacon import rejects nonintegerAttempts
  ---
  duration_ms: 0.2207
  type: 'test'
  ...
# Subtest: beacon opening requires story and physical scene
ok 201 - beacon opening requires story and physical scene
  ---
  duration_ms: 40.7779
  type: 'test'
  ...
# Subtest: answer at beacon settles an unreported chapter II exactly once
ok 202 - answer at beacon settles an unreported chapter II exactly once
  ---
  duration_ms: 8.0406
  type: 'test'
  ...
# Subtest: arrival has three actual valid paths and does not start combat automatically
ok 203 - arrival has three actual valid paths and does not start combat automatically
  ---
  duration_ms: 13.934
  type: 'test'
  ...
# Subtest: cannot accept Grace or start battle during the descent
ok 204 - cannot accept Grace or start battle during the descent
  ---
  duration_ms: 5.6148
  type: 'test'
  ...
# Subtest: Grace is optional and a deliberate single claim
ok 205 - Grace is optional and a deliberate single claim
  ---
  duration_ms: 8.7566
  type: 'test'
  ...
# Subtest: first defense can start without accepting a Grace
ok 206 - first defense can start without accepting a Grace
  ---
  duration_ms: 7.113
  type: 'test'
  ...
# Subtest: new events never insert their IDs into ordinary defeat or cache persistence
ok 207 - new events never insert their IDs into ordinary defeat or cache persistence
  ---
  duration_ms: 8.6734
  type: 'test'
  ...
# Subtest: complete waves opens exactly one reward, replaying request cannot double pay
ok 208 - complete waves opens exactly one reward, replaying request cannot double pay
  ---
  duration_ms: 88.7377
  type: 'test'
  ...
# Subtest: full pouch refuses defense reward atomically
ok 209 - full pouch refuses defense reward atomically
  ---
  duration_ms: 174.061
  type: 'test'
  ...
# Subtest: ordinary failure is recoverable and protects completed content
ok 210 - ordinary failure is recoverable and protects completed content
  ---
  duration_ms: 23.2187
  type: 'test'
  ...
# Subtest: withdrawal loses the encounter but a reload does not invent a win
ok 211 - withdrawal loses the encounter but a reload does not invent a win
  ---
  duration_ms: 8.0508
  type: 'test'
  ...
# Subtest: pause stops arrival movement, enemy windups, ward and timers
ok 212 - pause stops arrival movement, enemy windups, ward and timers
  ---
  duration_ms: 35.672
  type: 'test'
  ...
# Subtest: repair spends actual stamina, obeys position cooldown and maximum
ok 213 - repair spends actual stamina, obeys position cooldown and maximum
  ---
  duration_ms: 23.336
  type: 'test'
  ...
# Subtest: Oren repairs, Mara reveals and Ilan replenishes stamina on active schedules
ok 214 - Oren repairs, Mara reveals and Ilan replenishes stamina on active schedules
  ---
  duration_ms: 10.9361
  type: 'test'
  ...
# Subtest: passive presence is not a guaranteed defense win
ok 215 - passive presence is not a guaranteed defense win
  ---
  duration_ms: 98.5798
  type: 'test'
  ...
# Subtest: attempt cap refuses before healing or spending resources
ok 216 - attempt cap refuses before healing or spending resources
  ---
  duration_ms: 6.8445
  type: 'test'
  ...
# Subtest: cinder is an explicit exclusive choice and acceptance does not corrupt
ok 217 - cinder is an explicit exclusive choice and acceptance does not corrupt
  ---
  duration_ms: 65.252
  type: 'test'
  ...
# Subtest: sealing a cinder imposes neither power nor corruption
ok 218 - sealing a cinder imposes neither power nor corruption
  ---
  duration_ms: 69.9657
  type: 'test'
  ...
# Subtest: replay rewards and failures cannot damage a completed chapter
ok 219 - replay rewards and failures cannot damage a completed chapter
  ---
  duration_ms: 77.1872
  type: 'test'
  ...
# Subtest: future route records do not teleport or unlock nonexistent geography
ok 220 - future route records do not teleport or unlock nonexistent geography
  ---
  duration_ms: 93.9758
  type: 'test'
  ...
# Subtest: target cycling is nearest-first, reversible and never starts attacking
ok 221 - target cycling is nearest-first, reversible and never starts attacking
  ---
  duration_ms: 35.378
  type: 'test'
  ...
# Subtest: hidden dead and very distant targets are not selectable
ok 222 - hidden dead and very distant targets are not selectable
  ---
  duration_ms: 12.0348
  type: 'test'
  ...
# Subtest: autoattack repeatedly uses real cooldowns without moving the player
ok 223 - autoattack repeatedly uses real cooldowns without moving the player
  ---
  duration_ms: 5.1876
  type: 'test'
  ...
# Subtest: out of range autoattack waits rather than walking or spending stamina
ok 224 - out of range autoattack waits rather than walking or spending stamina
  ---
  duration_ms: 5.0954
  type: 'test'
  ...
# Subtest: selected target death stops autoattack instead of pulling a new foe
ok 225 - selected target death stops autoattack instead of pulling a new foe
  ---
  duration_ms: 4.4736
  type: 'test'
  ...
# Subtest: clear target, scene changes and restart never retain autoattack
ok 226 - clear target, scene changes and restart never retain autoattack
  ---
  duration_ms: 8.6151
  type: 'test'
  ...
# Subtest: Brace halves guarded damage for its actual timed window
ok 227 - Brace halves guarded damage for its actual timed window
  ---
  duration_ms: 4.9493
  type: 'test'
  ...
# Subtest: Brace refuses insufficient stamina without charging a cooldown
ok 228 - Brace refuses insufficient stamina without charging a cooldown
  ---
  duration_ms: 5.3698
  type: 'test'
  ...
# Subtest: Briar reveals a cloaked foe, exposes and interrupts a locked windup
ok 229 - Briar reveals a cloaked foe, exposes and interrupts a locked windup
  ---
  duration_ms: 41.7932
  type: 'test'
  ...
# Subtest: Briar Stay prevents the companion skill
ok 230 - Briar Stay prevents the companion skill
  ---
  duration_ms: 56.5888
  type: 'test'
  ...
# Subtest: Aegis is a finite barrier, not immortality, and needs accepted Grace
ok 231 - Aegis is a finite barrier, not immortality, and needs accepted Grace
  ---
  duration_ms: 18.4437
  type: 'test'
  ...
# Subtest: Cinder health cost is nonlethal and its scar is persistent but not repeated
ok 232 - Cinder health cost is nonlethal and its scar is persistent but not repeated
  ---
  duration_ms: 88.4684
  type: 'test'
  ...
# Subtest: renouncing the cinder removes power and present corruption, not its history
ok 233 - renouncing the cinder removes power and present corruption, not its history
  ---
  duration_ms: 87.9724
  type: 'test'
  ...
# Subtest: choice switching never grants damage by itself or silently starts PvP
ok 234 - choice switching never grants damage by itself or silently starts PvP
  ---
  duration_ms: 5.6183
  type: 'test'
  ...
# Subtest: mutation receipts protect identical retries and reject changed choices
ok 235 - mutation receipts protect identical retries and reject changed choices
  ---
  duration_ms: 9.2976
  type: 'test'
  ...
# Subtest: first target selected after a scene change survives the next tick
ok 236 - first target selected after a scene change survives the next tick
  ---
  duration_ms: 7.9058
  type: 'test'
  ...
# Subtest: rail eligibility preserves every reviewed bridge transform, color and mesh
ok 237 - rail eligibility preserves every reviewed bridge transform, color and mesh
  ---
  duration_ms: 9.2147
  type: 'test'
  ...
# Subtest: rail visibility uniform resets per batch and remains off in reflection, other realms and off-span
ok 238 - rail visibility uniform resets per batch and remains off in reflection, other realms and off-span
  ---
  duration_ms: 5.0635
  type: 'test'
  ...
# Subtest: bridge floor is a continuous narrow supported corridor; flanking water rejects movement and picking
ok 239 - bridge floor is a continuous narrow supported corridor; flanking water rejects movement and picking
  ---
  duration_ms: 462.2814
  type: 'test'
  ...
# Subtest: fresh and returning movement crosses both banks and retains canonical ownership
ok 240 - fresh and returning movement crosses both banks and retains canonical ownership
  ---
  duration_ms: 76.5341
  type: 'test'
  ...
# Subtest: bridge pieces respect finite budgets, floor, open rails and per-pier water contact
ok 241 - bridge pieces respect finite budgets, floor, open rails and per-pier water contact
  ---
  duration_ms: 1.0399
  type: 'test'
  ...
# Subtest: vault is actual finite open elliptic geometry, not a filled box or floating ring
ok 242 - vault is actual finite open elliptic geometry, not a filled box or floating ring
  ---
  duration_ms: 2.0243
  type: 'test'
  ...
# Subtest: Earth submits the bridge instead of terrain columns inside its water span
ok 243 - Earth submits the bridge instead of terrain columns inside its water span
  ---
  duration_ms: 19.52
  type: 'test'
  ...
# Subtest: asymmetric mountain mesh is bounded finite original ground rather than cone peaks
ok 244 - asymmetric mountain mesh is bounded finite original ground rather than cone peaks
  ---
  duration_ms: 7.2558
  type: 'test'
  ...
# Subtest: world cloud basis preserves the exact reflected VP horizontal handedness in both cameras
ok 245 - world cloud basis preserves the exact reflected VP horizontal handedness in both cameras
  ---
  duration_ms: 0.6218
  type: 'test'
  ...
# Subtest: rock skirt has outward finite faces, a straight upper seam and submerged irregular lower edge
ok 246 - rock skirt has outward finite faces, a straight upper seam and submerged irregular lower edge
  ---
  duration_ms: 0.9515
  type: 'test'
  ...
# Subtest: actual shoreline world triangles leave vaults and supported walking floor clear without fake flat ground
ok 247 - actual shoreline world triangles leave vaults and supported walking floor clear without fake flat ground
  ---
  duration_ms: 26.6354
  type: 'test'
  ...
# Subtest: mountain spacing leaves three receding layers and fits the existing scenery budget
ok 248 - mountain spacing leaves three receding layers and fits the existing scenery budget
  ---
  duration_ms: 0.5125
  type: 'test'
  ...
# Subtest: old world migrates empty bridge work without changing old fields
ok 249 - old world migrates empty bridge work without changing old fields
  ---
  duration_ms: 11.6242
  type: 'test'
  ...
# Subtest: future/null/impossible bridge records refuse instead of discarding history
ok 250 - future/null/impossible bridge records refuse instead of discarding history
  ---
  duration_ms: 0.3165
  type: 'test'
  ...
# Subtest: acceptance checks kit/proximity and synchronous durability without mutations
ok 251 - acceptance checks kit/proximity and synchronous durability without mutations
  ---
  duration_ms: 34.806
  type: 'test'
  ...
# Subtest: shelter completed unpaid work is atomic, retryable and paid exactly once
ok 252 - shelter completed unpaid work is atomic, retryable and paid exactly once
  ---
  duration_ms: 22.2196
  type: 'test'
  ...
# Subtest: river-lookout completed unpaid work is atomic, retryable and paid exactly once
ok 253 - river-lookout completed unpaid work is atomic, retryable and paid exactly once
  ---
  duration_ms: 16.3231
  type: 'test'
  ...
# Subtest: work anchors and the living worker remain on full-body supported ground
ok 254 - work anchors and the living worker remain on full-body supported ground
  ---
  duration_ms: 19.7178
  type: 'test'
  ...
# Subtest: claimed community work teaches a single deliberate home board
ok 255 - claimed community work teaches a single deliberate home board
  ---
  duration_ms: 7.6188
  type: 'test'
  ...
# Subtest: blocked-side work, stale requests and unavailable characters preserve every byte and write
ok 256 - blocked-side work, stale requests and unavailable characters preserve every byte and write
  ---
  duration_ms: 12.7642
  type: 'test'
  ...
# Subtest: fitted fixtures, worker and record are read-only, seated and grounded
ok 257 - fitted fixtures, worker and record are read-only, seated and grounded
  ---
  duration_ms: 33.9885
  type: 'test'
  ...
# Subtest: working stop differs from resting stop and the supported actor loop freezes while paused
ok 258 - working stop differs from resting stop and the supported actor loop freezes while paused
  ---
  duration_ms: 92.1913
  type: 'test'
  ...
# Subtest: global/CommonJS expose only a frozen pure planner
ok 259 - global/CommonJS expose only a frozen pure planner
  ---
  duration_ms: 2.2527
  type: 'test'
  ...
# Subtest: actual Hearthwater and Coastward midpoint plans retain the existing adventure framing
ok 260 - actual Hearthwater and Coastward midpoint plans retain the existing adventure framing
  ---
  duration_ms: 0.7531
  type: 'test'
  ...
# Subtest: all actual diorama styles retain half nine and relative zoom without switching preset or FOV
ok 261 - all actual diorama styles retain half nine and relative zoom without switching preset or FOV
  ---
  duration_ms: 1.2158
  type: 'test'
  ...
# Subtest: canonical bank joins remain frameable at each actual deck end
ok 262 - canonical bank joins remain frameable at each actual deck end
  ---
  duration_ms: 0.382
  type: 'test'
  ...
# Subtest: supported ground just beyond each deck refuses framing rather than extending bridge identity
ok 263 - supported ground just beyond each deck refuses framing rather than extending bridge identity
  ---
  duration_ms: 0.3522
  type: 'test'
  ...
# Subtest: Hearthwater physical foot support rejects the visible-deck fringe and retains valid inner edge
ok 264 - Hearthwater physical foot support rejects the visible-deck fringe and retains valid inner edge
  ---
  duration_ms: 0.2943
  type: 'test'
  ...
# Subtest: Coastward framing obeys actual full-actor rail exclusion even inside the supported patch
ok 265 - Coastward framing obeys actual full-actor rail exclusion even inside the supported patch
  ---
  duration_ms: 0.5286
  type: 'test'
  ...
# Subtest: actual supported off-bridge work and roads refuse without any planned camera fields
ok 266 - actual supported off-bridge work and roads refuse without any planned camera fields
  ---
  duration_ms: 0.3302
  type: 'test'
  ...
# Subtest: synthetic malformed input/presets/diving/base widths refuse with fresh readable results
ok 267 - synthetic malformed input/presets/diving/base widths refuse with fresh readable results
  ---
  duration_ms: 0.4667
  type: 'test'
  ...
# Subtest: plans ignore health and extra authority objects, preserve frozen inputs and return fresh views
ok 268 - plans ignore health and extra authority objects, preserve frozen inputs and return fresh views
  ---
  duration_ms: 0.523
  type: 'test'
  ...
# Subtest: synthetic missing/malformed canonical data refuse safely before exposing a view
ok 269 - synthetic missing/malformed canonical data refuse safely before exposing a view
  ---
  duration_ms: 3.0485
  type: 'test'
  ...
# Subtest: per-view preferences roundtrip without changing progression or creative content
ok 270 - per-view preferences roundtrip without changing progression or creative content
  ---
  duration_ms: 10.727
  type: 'test'
  ...
# Subtest: old camera preferences acquire empty view memory and keep their selected mode
ok 271 - old camera preferences acquire empty view memory and keep their selected mode
  ---
  duration_ms: 1.2463
  type: 'test'
  ...
# Subtest: invalid optional view profiles cannot inject nonfinite camera state or discard valid peers
ok 272 - invalid optional view profiles cannot inject nonfinite camera state or discard valid peers
  ---
  duration_ms: 1.0634
  type: 'test'
  ...
# Subtest: unknown view-memory versions fall back while keeping ordinary settings and saves
ok 273 - unknown view-memory versions fall back while keeping ordinary settings and saves
  ---
  duration_ms: 1.2612
  type: 'test'
  ...
# Subtest: perspective has depth and the requested vertical field of view
ok 274 - perspective has depth and the requested vertical field of view
  ---
  duration_ms: 1.6455
  type: 'test'
  ...
# Subtest: production picking inverts ground projection across orbit, FOV and aspect
ok 275 - production picking inverts ground projection across orbit, FOV and aspect
  ---
  duration_ms: 3.4259
  type: 'test'
  ...
# Subtest: perspective sky and behind-camera points never become movement destinations
ok 276 - perspective sky and behind-camera points never become movement destinations
  ---
  duration_ms: 0.2473
  type: 'test'
  ...
# Subtest: obstruction sweep pulls in before a wall, ignores a clear ray and handles a grazing near plane
ok 277 - obstruction sweep pulls in before a wall, ignores a clear ray and handles a grazing near plane
  ---
  duration_ms: 0.7886
  type: 'test'
  ...
# Subtest: perspective water reflection retains contact UV and actual world mirror
ok 278 - perspective water reflection retains contact UV and actual world mirror
  ---
  duration_ms: 0.3581
  type: 'test'
  ...
# Subtest: presentation preferences roundtrip without modifying old progression or creative state
ok 279 - presentation preferences roundtrip without modifying old progression or creative state
  ---
  duration_ms: 13.1155
  type: 'test'
  ...
# Subtest: clearance bounds preserve rotated wall extents and explicitly exclude foliage and low ground
ok 280 - clearance bounds preserve rotated wall extents and explicitly exclude foliage and low ground
  ---
  duration_ms: 0.4634
  type: 'test'
  ...
# Subtest: clearance sees opted-in dynamic construction and keeps actor batches out
ok 281 - clearance sees opted-in dynamic construction and keeps actor batches out
  ---
  duration_ms: 0.865
  type: 'test'
  ...
# Subtest: explicit realm walls keep camera clearance below the legacy floor cutoff
ok 282 - explicit realm walls keep camera clearance below the legacy floor cutoff
  ---
  duration_ms: 0.2534
  type: 'test'
  ...
# Subtest: recorder flight snapshots cannot acquire a later live arrow contact
ok 283 - recorder flight snapshots cannot acquire a later live arrow contact
  ---
  duration_ms: 2.2277
  type: 'test'
  ...
# Subtest: legacy load leaves every stored byte untouched until explicit character creation
ok 284 - legacy load leaves every stored byte untouched until explicit character creation
  ---
  duration_ms: 16.0418
  type: 'test'
  ...
# Subtest: switching saves outgoing state and restores complete independent characters
ok 285 - switching saves outgoing state and restores complete independent characters
  ---
  duration_ms: 7.0054
  type: 'test'
  ...
# Subtest: quota failures never switch identity, spend state, or create partial slots
ok 286 - quota failures never switch identity, spend state, or create partial slots
  ---
  duration_ms: 4.7906
  type: 'test'
  ...
# Subtest: imports copy a validated character into a new slot and full capacity is atomic
ok 287 - imports copy a validated character into a new slot and full capacity is atomic
  ---
  duration_ms: 4.26
  type: 'test'
  ...
# Subtest: deletion requires the exact inactive target name and never reuses its identity
ok 288 - deletion requires the exact inactive target name and never reuses its identity
  ---
  duration_ms: 4.1785
  type: 'test'
  ...
# Subtest: stale UI revisions and external storage changes refuse mutations
ok 289 - stale UI revisions and external storage changes refuse mutations
  ---
  duration_ms: 3.3596
  type: 'test'
  ...
# Subtest: a present corrupt library cannot silently restore or overwrite an old world
ok 290 - a present corrupt library cannot silently restore or overwrite an old world
  ---
  duration_ms: 0.4982
  type: 'test'
  ...
# Subtest: managed writes require ownership of the browser editing lock
ok 291 - managed writes require ownership of the browser editing lock
  ---
  duration_ms: 1.6662
  type: 'test'
  ...
# Subtest: a legacy tab detects another writer before save, migration, or explicit replacement
ok 292 - a legacy tab detects another writer before save, migration, or explicit replacement
  ---
  duration_ms: 0.7181
  type: 'test'
  ...
# Subtest: invalid imported state and invalid library identities reject before any write
ok 293 - invalid imported state and invalid library identities reject before any write
  ---
  duration_ms: 4.5925
  type: 'test'
  ...
# Subtest: failed legacy replacement retains the loaded runtime and original bytes
ok 294 - failed legacy replacement retains the loaded runtime and original bytes
  ---
  duration_ms: 0.9387
  type: 'test'
  ...
# Subtest: editing lock is held until release and a competing owner must retry explicitly
ok 295 - editing lock is held until release and a competing owner must retry explicitly
  ---
  duration_ms: 5.4611
  type: 'test'
  ...
# Subtest: version6 migrates to current schema with no inferred class and all banked XP intact
ok 296 - version6 migrates to current schema with no inferred class and all banked XP intact
  ---
  duration_ms: 30.9883
  type: 'test'
  ...
# Subtest: class choice requires kit, proximity, known ID and explicit confirmation atomically
ok 297 - class choice requires kit, proximity, known ID and explicit confirmation atomically
  ---
  duration_ms: 13.1292
  type: 'test'
  ...
# Subtest: hunter is deliberate, one-time, reloadable and grants no gear/history/XP
ok 298 - hunter is deliberate, one-time, reloadable and grants no gear/history/XP
  ---
  duration_ms: 4.4963
  type: 'test'
  ...
# Subtest: magician is deliberate, one-time, reloadable and grants no gear/history/XP
ok 299 - magician is deliberate, one-time, reloadable and grants no gear/history/XP
  ---
  duration_ms: 4.7209
  type: 'test'
  ...
# Subtest: invalid class state and impossible unstarted class are refused
ok 300 - invalid class state and impossible unstarted class are refused
  ---
  duration_ms: 1.14
  type: 'test'
  ...
# Subtest: technique refuses unassigned, wrong scene, pause, death and absent target
ok 301 - technique refuses unassigned, wrong scene, pause, death and absent target
  ---
  duration_ms: 7.5282
  type: 'test'
  ...
# Subtest: hunter validates range, LOS, stamina and durable cooldown before paying
ok 302 - hunter validates range, LOS, stamina and durable cooldown before paying
  ---
  duration_ms: 5.9602
  type: 'test'
  ...
# Subtest: magician validates range, LOS, stamina and durable cooldown before paying
ok 303 - magician validates range, LOS, stamina and durable cooldown before paying
  ---
  duration_ms: 4.7518
  type: 'test'
  ...
# Subtest: hunter marks without a hit and only the next actual blade impact gains bounded damage
ok 304 - hunter marks without a hit and only the next actual blade impact gains bounded damage
  ---
  duration_ms: 1.1531
  type: 'test'
  ...
# Subtest: hunter mark is not consumed by another target, companion or soul damage
ok 305 - hunter mark is not consumed by another target, companion or soul damage
  ---
  duration_ms: 0.7102
  type: 'test'
  ...
# Subtest: bow mark follows swept collision, with no payout on a missed arrow
ok 306 - bow mark follows swept collision, with no payout on a missed arrow
  ---
  duration_ms: 1.7966
  type: 'test'
  ...
# Subtest: an obstructed arrow cannot consume mark or make confirmed-hit feedback
ok 307 - an obstructed arrow cannot consume mark or make confirmed-hit feedback
  ---
  duration_ms: 0.9098
  type: 'test'
  ...
# Subtest: marks expire and cannot cross scene, run identity or reload
ok 308 - marks expire and cannot cross scene, run identity or reload
  ---
  duration_ms: 1.824
  type: 'test'
  ...
# Subtest: magician creates one actual damage event, faces target and never spawns an arrow
ok 309 - magician creates one actual damage event, faces target and never spawns an arrow
  ---
  duration_ms: 0.5595
  type: 'test'
  ...
# Subtest: class techniques do not earn the archery medal and leave weapon family free
ok 310 - class techniques do not earn the archery medal and leave weapon family free
  ---
  duration_ms: 2.8902
  type: 'test'
  ...
# Subtest: Coastward skirts are bounded deterministic static instances in one shared mesh kind
ok 311 - Coastward skirts are bounded deterministic static instances in one shared mesh kind
  ---
  duration_ms: 65.2427
  type: 'test'
  ...
# Subtest: every actual upper seam meets rendered grass underside on a real exposed union boundary
ok 312 - every actual upper seam meets rendered grass underside on a real exposed union boundary
  ---
  duration_ms: 26.5096
  type: 'test'
  ...
# Subtest: actual skirt triangles remain below every supported foot plane and sink all lower edge vertices
ok 313 - actual skirt triangles remain below every supported foot plane and sink all lower edge vertices
  ---
  duration_ms: 22.4936
  type: 'test'
  ...
# Subtest: all exposed surface normals retain their positive outward and upward orientation after transformation
ok 314 - all exposed surface normals retain their positive outward and upward orientation after transformation
  ---
  duration_ms: 8.5393
  type: 'test'
  ...
# Subtest: bridge sides remain open and all actual full-body routes stay above decorative geometry
ok 315 - bridge sides remain open and all actual full-body routes stay above decorative geometry
  ---
  duration_ms: 802.423
  type: 'test'
  ...
# Subtest: normal submission adds skirts only to Coastward and never changes canonical definitions or saves
ok 316 - normal submission adds skirts only to Coastward and never changes canonical definitions or saves
  ---
  duration_ms: 118.8859
  type: 'test'
  ...
# Subtest: joining and subdividing equal-height source cells introduces no interior skirt or duplicate seam
ok 317 - joining and subdividing equal-height source cells introduces no interior skirt or duplicate seam
  ---
  duration_ms: 0.672
  type: 'test'
  ...
# Subtest: the new woodland floor is actual traversable ground linking both original lanes
ok 318 - the new woodland floor is actual traversable ground linking both original lanes
  ---
  duration_ms: 11.5923
  type: 'test'
  ...
# Subtest: smooth bank surface vertices share normals across triangle joins without changing the old rock mesh
ok 319 - smooth bank surface vertices share normals across triangle joins without changing the old rock mesh
  ---
  duration_ms: 10.2523
  type: 'test'
  ...
# Subtest: only existing channel posts and four approach lamps join the main-view cutaway aperture
ok 320 - only existing channel posts and four approach lamps join the main-view cutaway aperture
  ---
  duration_ms: 124.7082
  type: 'test'
  ...
# Subtest: browser and CommonJS expose the same pure interface without foreign global mutation
ok 321 - browser and CommonJS expose the same pure interface without foreign global mutation
  ---
  duration_ms: 3.7172
  type: 'test'
  ...
# Subtest: all three canonical buildings have bounded deterministic original exterior parts
ok 322 - all three canonical buildings have bounded deterministic original exterior parts
  ---
  duration_ms: 21.1337
  type: 'test'
  ...
# Subtest: roof shells and framing follow actual parent extents and meet the roof profile
ok 323 - roof shells and framing follow actual parent extents and meet the roof profile
  ---
  duration_ms: 1.6533
  type: 'test'
  ...
# Subtest: timber matrices are positive orthonormal and local grain meets declared endpoints
ok 324 - timber matrices are positive orthonormal and local grain meets declared endpoints
  ---
  duration_ms: 2.3025
  type: 'test'
  ...
# Subtest: body-height facade stays within existing collision clearance, eaves remain overhead
ok 325 - body-height facade stays within existing collision clearance, eaves remain overhead
  ---
  duration_ms: 20.0049
  type: 'test'
  ...
# Subtest: actual emitted geometry leaves all authored public routes and task actors clear
ok 326 - actual emitted geometry leaves all authored public routes and task actors clear
  ---
  duration_ms: 341.5241
  type: 'test'
  ...
# Subtest: all opaque dressing inherits house cutaway tags without camera or body authority
ok 327 - all opaque dressing inherits house cutaway tags without camera or body authority
  ---
  duration_ms: 3.5379
  type: 'test'
  ...
# Subtest: changed parent positions and supplied floor heights move dressing rather than hard-code geography
ok 328 - changed parent positions and supplied floor heights move dressing rather than hard-code geography
  ---
  duration_ms: 3.4622
  type: 'test'
  ...
# Subtest: decoration writes only computed geometry and leaves definitions and simulation untouched
ok 329 - decoration writes only computed geometry and leaves definitions and simulation untouched
  ---
  duration_ms: 4.0937
  type: 'test'
  ...
# Subtest: malformed parents or height refuse before any writer mutation
ok 330 - malformed parents or height refuse before any writer mutation
  ---
  duration_ms: 1.9508
  type: 'test'
  ...
# Subtest: isolated global/CommonJS expose only the frozen pure woodland API
ok 331 - isolated global/CommonJS expose only the frozen pure woodland API
  ---
  duration_ms: 2.5591
  type: 'test'
  ...
# Subtest: ten actual parents receive deterministic mixed canopy within the total budget
ok 332 - ten actual parents receive deterministic mixed canopy within the total budget
  ---
  duration_ms: 5.1556
  type: 'test'
  ...
# Subtest: every actual mesh/basis is finite, positive and parent-tagged without new camera/body authority
ok 333 - every actual mesh/basis is finite, positive and parent-tagged without new camera/body authority
  ---
  duration_ms: 50.1709
  type: 'test'
  ...
# Subtest: actual bark faces intersect the unchanged trunk while low roots stay supported and close
ok 334 - actual bark faces intersect the unchanged trunk while low roots stay supported and close
  ---
  duration_ms: 6.2982
  type: 'test'
  ...
# Subtest: rising branches meet the trunk, timber grain endpoints and opaque crown volumes
ok 335 - rising branches meet the trunk, timber grain endpoints and opaque crown volumes
  ---
  duration_ms: 5.1961
  type: 'test'
  ...
# Subtest: upper and lower crown meshes overlap into coherent crowns at the CPU rest pose
ok 336 - upper and lower crown meshes overlap into coherent crowns at the CPU rest pose
  ---
  duration_ms: 1.1594
  type: 'test'
  ...
# Subtest: all route full-body envelopes stay clear including conservative crown wind bounds
ok 337 - all route full-body envelopes stay clear including conservative crown wind bounds
  ---
  duration_ms: 46.0645
  type: 'test'
  ...
# Subtest: high opaque art clears a full actor and canopy spread stays bounded by actual parents
ok 338 - high opaque art clears a full actor and canopy spread stays bounded by actual parents
  ---
  duration_ms: 57.6815
  type: 'test'
  ...
# Subtest: reserved wind envelope matches current source path and only foliage opts in
ok 339 - reserved wind envelope matches current source path and only foliage opts in
  ---
  duration_ms: 0.9333
  type: 'test'
  ...
# Subtest: parent and supplied-height changes move every part without hard-coded coordinates
ok 340 - parent and supplied-height changes move every part without hard-coded coordinates
  ---
  duration_ms: 2.1884
  type: 'test'
  ...
# Subtest: decorate appends only fresh geometry and never reads simulation/progression
ok 341 - decorate appends only fresh geometry and never reads simulation/progression
  ---
  duration_ms: 3.3758
  type: 'test'
  ...
# Subtest: missing/duplicate/malformed parents or unsupported heights refuse before writer mutation
ok 342 - missing/duplicate/malformed parents or unsupported heights refuse before writer mutation
  ---
  duration_ms: 1.6983
  type: 'test'
  ...
# Subtest: selected real-time strike and recovery status retain their actual timer without writes
ok 343 - selected real-time strike and recovery status retain their actual timer without writes
  ---
  duration_ms: 25.0453
  type: 'test'
  ...
# Subtest: owner-aware warning charge
ok 344 - owner-aware warning charge
  ---
  duration_ms: 1.1431
  type: 'test'
  ...
# Subtest: owner-aware warning bell-outer
ok 345 - owner-aware warning bell-outer
  ---
  duration_ms: 0.7398
  type: 'test'
  ...
# Subtest: owner-aware warning bell-inner
ok 346 - owner-aware warning bell-inner
  ---
  duration_ms: 0.7582
  type: 'test'
  ...
# Subtest: owner-aware warning ward
ok 347 - owner-aware warning ward
  ---
  duration_ms: 0.7027
  type: 'test'
  ...
# Subtest: owner-aware warning strike
ok 348 - owner-aware warning strike
  ---
  duration_ms: 0.6599
  type: 'test'
  ...
# Subtest: active charge is untimed and distinct from its preceding warning and later opening
ok 349 - active charge is untimed and distinct from its preceding warning and later opening
  ---
  duration_ms: 0.7154
  type: 'test'
  ...
# Subtest: clears cue at idle
ok 350 - clears cue at idle
  ---
  duration_ms: 0.9502
  type: 'test'
  ...
# Subtest: clears cue at pursue
ok 351 - clears cue at pursue
  ---
  duration_ms: 0.6165
  type: 'test'
  ...
# Subtest: clears cue at return
ok 352 - clears cue at return
  ---
  duration_ms: 0.6908
  type: 'test'
  ...
# Subtest: clears cue at practice
ok 353 - clears cue at practice
  ---
  duration_ms: 0.5342
  type: 'test'
  ...
# Subtest: clears cue at hidden
ok 354 - clears cue at hidden
  ---
  duration_ms: 0.4843
  type: 'test'
  ...
# Subtest: clears cue at defeated
ok 355 - clears cue at defeated
  ---
  duration_ms: 0.4631
  type: 'test'
  ...
# Subtest: clears cue at unselected
ok 356 - clears cue at unselected
  ---
  duration_ms: 0.4418
  type: 'test'
  ...
# Subtest: clears cue at far
ok 357 - clears cue at far
  ---
  duration_ms: 0.5182
  type: 'test'
  ...
# Subtest: clears cue at paused
ok 358 - clears cue at paused
  ---
  duration_ms: 0.4238
  type: 'test'
  ...
# Subtest: clears cue at dead-player
ok 359 - clears cue at dead-player
  ---
  duration_ms: 1.1685
  type: 'test'
  ...
# Subtest: clears cue at noncombat
ok 360 - clears cue at noncombat
  ---
  duration_ms: 0.7687
  type: 'test'
  ...
# Subtest: clears cue at invalid-timer
ok 361 - clears cue at invalid-timer
  ---
  duration_ms: 0.4933
  type: 'test'
  ...
# Subtest: clears cue at expired-timer
ok 362 - clears cue at expired-timer
  ---
  duration_ms: 0.5596
  type: 'test'
  ...
# Subtest: clears cue at unknown-ring
ok 363 - clears cue at unknown-ring
  ---
  duration_ms: 0.7492
  type: 'test'
  ...
# Subtest: clears cue at missing-aim
ok 364 - clears cue at missing-aim
  ---
  duration_ms: 0.4345
  type: 'test'
  ...
# Subtest: clears cue at unknown-charge
ok 365 - clears cue at unknown-charge
  ---
  duration_ms: 1.3934
  type: 'test'
  ...
# Subtest: clears cue at unknown-owner
ok 366 - clears cue at unknown-owner
  ---
  duration_ms: 0.473
  type: 'test'
  ...
# Subtest: clears cue at invalid-event-kind
ok 367 - clears cue at invalid-event-kind
  ---
  duration_ms: 0.4969
  type: 'test'
  ...
# Subtest: clears cue at invalid-bell-kind
ok 368 - clears cue at invalid-bell-kind
  ---
  duration_ms: 0.4144
  type: 'test'
  ...
# Subtest: opening cue never promises weapon readiness across reach, stamina or obstruction
ok 369 - opening cue never promises weapon readiness across reach, stamina or obstruction
  ---
  duration_ms: 1.6366
  type: 'test'
  ...
# Subtest: blade anticipates then repeatedly hits at its actual cadence, without walking
ok 370 - blade anticipates then repeatedly hits at its actual cadence, without walking
  ---
  duration_ms: 47.4172
  type: 'test'
  ...
# Subtest: bow anticipates then repeatedly hits at its actual cadence, without walking
ok 371 - bow anticipates then repeatedly hits at its actual cadence, without walking
  ---
  duration_ms: 15.5404
  type: 'test'
  ...
# Subtest: pending attack cancels on stop
ok 372 - pending attack cancels on stop
  ---
  duration_ms: 1.899
  type: 'test'
  ...
# Subtest: pending attack cancels on range
ok 373 - pending attack cancels on range
  ---
  duration_ms: 2.1489
  type: 'test'
  ...
# Subtest: pending attack cancels on target
ok 374 - pending attack cancels on target
  ---
  duration_ms: 1.8315
  type: 'test'
  ...
# Subtest: pending attack cancels on pause
ok 375 - pending attack cancels on pause
  ---
  duration_ms: 0.9176
  type: 'test'
  ...
# Subtest: pending attack cancels on death
ok 376 - pending attack cancels on death
  ---
  duration_ms: 1.4138
  type: 'test'
  ...
# Subtest: blocked arrow has no confirmed hit number or hit reaction
ok 377 - blocked arrow has no confirmed hit number or hit reaction
  ---
  duration_ms: 2.9055
  type: 'test'
  ...
# Subtest: projectile that misses moving target cannot create confirmed feedback
ok 378 - projectile that misses moving target cannot create confirmed feedback
  ---
  duration_ms: 6.5049
  type: 'test'
  ...
# Subtest: confirmed hit stamps the damaged target once and scene change clears transient feedback
ok 379 - confirmed hit stamps the damaged target once and scene change clears transient feedback
  ---
  duration_ms: 2.5221
  type: 'test'
  ...
# Subtest: explicit close-target framing faces the living foe without mutating input
ok 380 - explicit close-target framing faces the living foe without mutating input
  ---
  duration_ms: 0.9278
  type: 'test'
  ...
# Subtest: framing retains valid farther zoom and bounds eligibility to declared12m
ok 381 - framing retains valid farther zoom and bounds eligibility to declared12m
  ---
  duration_ms: 0.2858
  type: 'test'
  ...
# Subtest: no wrong-view, invalid, dead, hidden, coincident or stale actor framing
ok 382 - no wrong-view, invalid, dead, hidden, coincident or stale actor framing
  ---
  duration_ms: 0.3263
  type: 'test'
  ...
# Subtest: very close foe deliberately widens framing for a lane behind the player
ok 383 - very close foe deliberately widens framing for a lane behind the player
  ---
  duration_ms: 0.1177
  type: 'test'
  ...
# Subtest: unobstructed flat close lane and body project above a desktop action bar at45to80FOV
ok 384 - unobstructed flat close lane and body project above a desktop action bar at45to80FOV
  ---
  duration_ms: 4.1958
  type: 'test'
  ...
# Subtest: isolated browser global and CommonJS expose the same bounded pure API
ok 385 - isolated browser global and CommonJS expose the same bounded pure API
  ---
  duration_ms: 4.131
  type: 'test'
  ...
# Subtest: gait phase follows actual displacement and is independent of sampling subdivision/speed
ok 386 - gait phase follows actual displacement and is independent of sampling subdivision/speed
  ---
  duration_ms: 3.1675
  type: 'test'
  ...
# Subtest: stationary blocked intent cannot trot and stopping settles without advancing stride
ok 387 - stationary blocked intent cannot trot and stopping settles without advancing stride
  ---
  duration_ms: 1.3914
  type: 'test'
  ...
# Subtest: repeated samples and long pauses preserve the full pose; paused travel is consumed
ok 388 - repeated samples and long pauses preserve the full pose; paused travel is consumed
  ---
  duration_ms: 4.4931
  type: 'test'
  ...
# Subtest: scene, teleport and clock discontinuities reset gait without mutating previous samples
ok 389 - scene, teleport and clock discontinuities reset gait without mutating previous samples
  ---
  duration_ms: 0.3806
  type: 'test'
  ...
# Subtest: injured unbonded Briar is completely still and has no bond collar
ok 390 - injured unbonded Briar is completely still and has no bond collar
  ---
  duration_ms: 0.8313
  type: 'test'
  ...
# Subtest: reduced motion retains all four essential legs while suppressing time-driven secondary drift
ok 391 - reduced motion retains all four essential legs while suppressing time-driven secondary drift
  ---
  duration_ms: 0.4336
  type: 'test'
  ...
# Subtest: diagonal trot has visible clearance, fixed leg lengths and no paw below supplied ground
ok 392 - diagonal trot has visible clearance, fixed leg lengths and no paw below supplied ground
  ---
  duration_ms: 3590.7573
  type: 'test'
  ...
# Subtest: actual bone transforms meet shared joints through every authored pose and placement
ok 393 - actual bone transforms meet shared joints through every authored pose and placement
  ---
  duration_ms: 34.6371
  type: 'test'
  ...
# Subtest: tail segments overlap at shared anchors and cream tip remains attached
ok 394 - tail segments overlap at shared anchors and cream tip remains attached
  ---
  duration_ms: 5.865
  type: 'test'
  ...
# Subtest: familiar teal collar touches the neck and head details stay in a shared articulated frame
ok 395 - familiar teal collar touches the neck and head details stay in a shared articulated frame
  ---
  duration_ms: 2.0563
  type: 'test'
  ...
# Subtest: inner ear patches stay on and within the actual outer-ear front facets
ok 396 - inner ear patches stay on and within the actual outer-ear front facets
  ---
  duration_ms: 36.7086
  type: 'test'
  ...
# Subtest: all actual mesh transforms are finite, positive and bounded for all part kinds
ok 397 - all actual mesh transforms are finite, positive and bounded for all part kinds
  ---
  duration_ms: 711.0221
  type: 'test'
  ...
# Subtest: pure pose/draw never changes placement, motion, supplied state or existing output entries
ok 398 - pure pose/draw never changes placement, motion, supplied state or existing output entries
  ---
  duration_ms: 13.3414
  type: 'test'
  ...
# Subtest: invalid or mismatched actual placement refuses before any partial draw
ok 399 - invalid or mismatched actual placement refuses before any partial draw
  ---
  duration_ms: 1.9759
  type: 'test'
  ...
# Subtest: fresh world is valid and round trips
ok 400 - fresh world is valid and round trips
  ---
  duration_ms: 12.5632
  type: 'test'
  ...
# Subtest: seeded world decoration is repeatable
ok 401 - seeded world decoration is repeatable
  ---
  duration_ms: 0.3555
  type: 'test'
  ...
# Subtest: water and nonfinite ground are not walkable
ok 402 - water and nonfinite ground are not walkable
  ---
  duration_ms: 0.1411
  type: 'test'
  ...
# Subtest: buildings and the spring are obstacles
ok 403 - buildings and the spring are obstacles
  ---
  duration_ms: 0.2392
  type: 'test'
  ...
# Subtest: every landmark has walkable admission
ok 404 - every landmark has walkable admission
  ---
  duration_ms: 0.4192
  type: 'test'
  ...
# Subtest: all 121 landmark routes exist and sampled segments avoid obstacles
ok 405 - all 121 landmark routes exist and sampled segments avoid obstacles
  ---
  duration_ms: 2799.742
  type: 'test'
  ...
# Subtest: valley path checker rejects the actual sub-sample listening-room corner crossing
ok 406 - valley path checker rejects the actual sub-sample listening-room corner crossing
  ---
  duration_ms: 0.8883
  type: 'test'
  ...
# Subtest: all repaired landmark routes pass an independent one-centimetre walkability sweep
ok 407 - all repaired landmark routes pass an independent one-centimetre walkability sweep
  ---
  duration_ms: 2830.4595
  type: 'test'
  ...
# Subtest: island-to-pier sub-sample gap is refused in both directions and repaired outdoor travel arrives
ok 408 - island-to-pier sub-sample gap is refused in both directions and repaired outdoor travel arrives
  ---
  duration_ms: 61.1529
  type: 'test'
  ...
# Subtest: support proof preserves authored outdoor bridge and frontier access with actual placed blockers
ok 409 - support proof preserves authored outdoor bridge and frontier access with actual placed blockers
  ---
  duration_ms: 1.7712
  type: 'test'
  ...
# Subtest: resident evening-to-Morning routes and later schedule changes remain valid without losing progress
ok 410 - resident evening-to-Morning routes and later schedule changes remain valid without losing progress
  ---
  duration_ms: 232.6056
  type: 'test'
  ...
# Subtest: invalid segment endpoints are refused rather than skipping the sampler
ok 411 - invalid segment endpoints are refused rather than skipping the sampler
  ---
  duration_ms: 0.2466
  type: 'test'
  ...
# Subtest: click movement arrives without overshooting
ok 412 - click movement arrives without overshooting
  ---
  duration_ms: 3.0489
  type: 'test'
  ...
# Subtest: manual motion is bounded at terrain edge
ok 413 - manual motion is bounded at terrain edge
  ---
  duration_ms: 5.2332
  type: 'test'
  ...
# Subtest: invalid move does not replace current route
ok 414 - invalid move does not replace current route
  ---
  duration_ms: 0.382
  type: 'test'
  ...
# Subtest: invalid tick cannot corrupt time
ok 415 - invalid tick cannot corrupt time
  ---
  duration_ms: 0.3062
  type: 'test'
  ...
# Subtest: pause stops simulation
ok 416 - pause stops simulation
  ---
  duration_ms: 0.9755
  type: 'test'
  ...
# Subtest: time flow setting stops only the clock
ok 417 - time flow setting stops only the clock
  ---
  duration_ms: 1.8468
  type: 'test'
  ...
# Subtest: day rolls over with a new event
ok 418 - day rolls over with a new event
  ---
  duration_ms: 39.3672
  type: 'test'
  ...
# Subtest: all three share home during supper
ok 419 - all three share home during supper
  ---
  duration_ms: 0.1714
  type: 'test'
  ...
# Subtest: daytime projects have different destinations
ok 420 - daytime projects have different destinations
  ---
  duration_ms: 0.0921
  type: 'test'
  ...
# Subtest: routines travel to the shared house
ok 421 - routines travel to the shared house
  ---
  duration_ms: 42.722
  type: 'test'
  ...
# Subtest: enter requires proximity
ok 422 - enter requires proximity
  ---
  duration_ms: 0.5393
  type: 'test'
  ...
# Subtest: enter, save and leave preserve outside position
ok 423 - enter, save and leave preserve outside position
  ---
  duration_ms: 4.0603
  type: 'test'
  ...
# Subtest: interior table and walls collide
ok 424 - interior table and walls collide
  ---
  duration_ms: 0.1714
  type: 'test'
  ...
# Subtest: non-interior locations cannot be entered
ok 425 - non-interior locations cannot be entered
  ---
  duration_ms: 0.3716
  type: 'test'
  ...
# Subtest: planting requires being in the garden
ok 426 - planting requires being in the garden
  ---
  duration_ms: 0.6272
  type: 'test'
  ...
# Subtest: twelve flowers are bounded and recoverable
ok 427 - twelve flowers are bounded and recoverable
  ---
  duration_ms: 5.4633
  type: 'test'
  ...
# Subtest: duplicate accepted command does not duplicate a note
ok 428 - duplicate accepted command does not duplicate a note
  ---
  duration_ms: 0.3756
  type: 'test'
  ...
# Subtest: same id with changed payload conflicts
ok 429 - same id with changed payload conflicts
  ---
  duration_ms: 0.2599
  type: 'test'
  ...
# Subtest: duplicate refusal remains refusal
ok 430 - duplicate refusal remains refusal
  ---
  duration_ms: 3.8936
  type: 'test'
  ...
# Subtest: notes are data, not markup
ok 431 - notes are data, not markup
  ---
  duration_ms: 0.249
  type: 'test'
  ...
# Subtest: notebook enforces length and capacity
ok 432 - notebook enforces length and capacity
  ---
  duration_ms: 0.2962
  type: 'test'
  ...
# Subtest: authored conversation records encounter without a network request
ok 433 - authored conversation records encounter without a network request
  ---
  duration_ms: 0.2849
  type: 'test'
  ...
# Subtest: unknown resident is rejected
ok 434 - unknown resident is rejected
  ---
  duration_ms: 0.1956
  type: 'test'
  ...
# Subtest: journal retains 200 ordered entries
ok 435 - journal retains 200 ordered entries
  ---
  duration_ms: 0.9067
  type: 'test'
  ...
# Subtest: save and load accept acknowledged storage
ok 436 - save and load accept acknowledged storage
  ---
  duration_ms: 1.2911
  type: 'test'
  ...
# Subtest: quota refusal is not a saved success
ok 437 - quota refusal is not a saved success
  ---
  duration_ms: 0.4654
  type: 'test'
  ...
# Subtest: corrupt storage is preserved rather than overwritten on load
ok 438 - corrupt storage is preserved rather than overwritten on load
  ---
  duration_ms: 0.1379
  type: 'test'
  ...
# Subtest: import rejects invalid locations and malformed versions
ok 439 - import rejects invalid locations and malformed versions
  ---
  duration_ms: 0.477
  type: 'test'
  ...
# Subtest: import roster is exact and extra prototype properties are discarded
ok 440 - import roster is exact and extra prototype properties are discarded
  ---
  duration_ms: 0.4792
  type: 'test'
  ...
# Subtest: import cannot enable audio and rejects invalid event sequence
ok 441 - import cannot enable audio and rejects invalid event sequence
  ---
  duration_ms: 0.3874
  type: 'test'
  ...
# Subtest: actual preimage returns unsafe direct links despite clear large-body endpoints
ok 442 - actual preimage returns unsafe direct links despite clear large-body endpoints
  ---
  duration_ms: 53.3059
  type: 'test'
  ...
# Subtest: new direct tests reject the cover shortcut and every complete .65/.95 detour is clear
ok 443 - new direct tests reject the cover shortcut and every complete .65/.95 detour is clear
  ---
  duration_ms: 29.0661
  type: 'test'
  ...
# Subtest: actual segment observers prove radius reaches direct, nearby, grid and smoothing links
ok 444 - actual segment observers prove radius reaches direct, nearby, grid and smoothing links
  ---
  duration_ms: 15.4291
  type: 'test'
  ...
# Subtest: smaller permitted body can cross the actual observatory gap without being forced to .31
ok 445 - smaller permitted body can cross the actual observatory gap without being forced to .31
  ---
  duration_ms: 2.2063
  type: 'test'
  ...
# Subtest: actual bridge support accepts player/body radii and refuses a body wider than its deck
ok 446 - actual bridge support accepts player/body radii and refuses a body wider than its deck
  ---
  duration_ms: 1.2769
  type: 'test'
  ...
# Subtest: generic sampled room links also use requested radius instead of its player default
ok 447 - generic sampled room links also use requested radius instead of its player default
  ---
  duration_ms: 4.3038
  type: 'test'
  ...
# Subtest: WorldFoundation branch remains radius-qualified through the unified line helper
ok 448 - WorldFoundation branch remains radius-qualified through the unified line helper
  ---
  duration_ms: 28.5858
  type: 'test'
  ...
# Subtest: default .31 complete paths and explicit .31 paths remain exactly compatible with preimage
ok 449 - default .31 complete paths and explicit .31 paths remain exactly compatible with preimage
  ---
  duration_ms: 735.5788
  type: 'test'
  ...
# Subtest: both APIs reject invalid radii, permit bounded zero/two, and do not query geometry on invalid input
ok 450 - both APIs reject invalid radii, permit bounded zero/two, and do not query geometry on invalid input
  ---
  duration_ms: 20.175
  type: 'test'
  ...
# Subtest: installed Cosmos extension uses the actual body-qualified Core and permanent geometry
ok 451 - installed Cosmos extension uses the actual body-qualified Core and permanent geometry
  ---
  duration_ms: 310.04
  type: 'test'
  ...
# Subtest: both ground approaches connect arrival to occupied observatory with radius clearance
ok 452 - both ground approaches connect arrival to occupied observatory with radius clearance
  ---
  duration_ms: 85.6418
  type: 'test'
  ...
# Subtest: entry saves the exact source before changing scenes, and reload returns to that source
ok 453 - entry saves the exact source before changing scenes, and reload returns to that source
  ---
  duration_ms: 25.9608
  type: 'test'
  ...
# Subtest: a failed save or unavailable scene refuses travel atomically
ok 454 - a failed save or unavailable scene refuses travel atomically
  ---
  duration_ms: 4.2549
  type: 'test'
  ...
# Subtest: stale character, revision, simulation, position and cancelled tickets cannot enter
ok 455 - stale character, revision, simulation, position and cancelled tickets cannot enter
  ---
  duration_ms: 3.9034
  type: 'test'
  ...
# Subtest: scene build failure restores the source and a consumed ticket cannot retry
ok 456 - scene build failure restores the source and a consumed ticket cannot retry
  ---
  duration_ms: 2.134
  type: 'test'
  ...
# Subtest: fall recovery recalls to safe ground and normal return works from the far end
ok 457 - fall recovery recalls to safe ground and normal return works from the far end
  ---
  duration_ms: 11.6678
  type: 'test'
  ...
# Subtest: height-aware ray picks real support and refuses sky, the ridge and cover
ok 458 - height-aware ray picks real support and refuses sky, the ridge and cover
  ---
  duration_ms: 26.7655
  type: 'test'
  ...
# Subtest: manual walking slides along boundaries without crossing unsupported corner segments
ok 459 - manual walking slides along boundaries without crossing unsupported corner segments
  ---
  duration_ms: 12.9182
  type: 'test'
  ...
# Subtest: unaccepted or wrong-scene artwork creates no scene items or saved work
ok 460 - unaccepted or wrong-scene artwork creates no scene items or saved work
  ---
  duration_ms: 3.1476
  type: 'test'
  ...
# Subtest: original apparatus transforms are finite, collision-free and leave all state unchanged
ok 461 - original apparatus transforms are finite, collision-free and leave all state unchanged
  ---
  duration_ms: 6.5893
  type: 'test'
  ...
# Subtest: ring rims remain centred on the frozen contact frame at rotated world positions
ok 462 - ring rims remain centred on the frozen contact frame at rotated world positions
  ---
  duration_ms: 54.6548
  type: 'test'
  ...
# Subtest: released outer feed visibly changes only supplied future-frame radius
ok 463 - released outer feed visibly changes only supplied future-frame radius
  ---
  duration_ms: 8.7625
  type: 'test'
  ...
# Subtest: asymmetrically clipped cross arms render within each actual locked extent after rotation
ok 464 - asymmetrically clipped cross arms render within each actual locked extent after rotation
  ---
  duration_ms: 17.26
  type: 'test'
  ...
# Subtest: released transverse feed produces one actual warned arm without inventing a second
ok 465 - released transverse feed produces one actual warned arm without inventing a second
  ---
  duration_ms: 1.8552
  type: 'test'
  ...
# Subtest: locked Optical line warning honors its clipped length with no protruding decoration
ok 466 - locked Optical line warning honors its clipped length with no protruding decoration
  ---
  duration_ms: 7.3826
  type: 'test'
  ...
# Subtest: unowned, settled or non-live bodies cannot impersonate an active warning
ok 467 - unowned, settled or non-live bodies cannot impersonate an active warning
  ---
  duration_ms: 1.8614
  type: 'test'
  ...
# Subtest: retained support settings/account change appearance without creating completed facts
ok 468 - retained support settings/account change appearance without creating completed facts
  ---
  duration_ms: 1.5759
  type: 'test'
  ...
# Subtest: opening a paused workspace preserves the owned body and its already locked warning
ok 469 - opening a paused workspace preserves the owned body and its already locked warning
  ---
  duration_ms: 1.8638
  type: 'test'
  ...
# Subtest: very short clipped warnings keep every cap inside the supplied frame
ok 470 - very short clipped warnings keep every cap inside the supplied frame
  ---
  duration_ms: 29.0455
  type: 'test'
  ...
# READ_ONLY_SOURCE_EPOCH_FILES 6
# Subtest: catalogue and all nested structures are frozen; import is data only
ok 471 - catalogue and all nested structures are frozen; import is data only
  ---
  duration_ms: 2.518
  type: 'test'
  ...
# Subtest: exact existing room/prerequisite/giver remain owned by the current source
ok 472 - exact existing room/prerequisite/giver remain owned by the current source
  ---
  duration_ms: 1.4217
  type: 'test'
  ...
# Subtest: all identifiers are finite and every dependency precedes its consumer
ok 473 - all identifiers are finite and every dependency precedes its consumer
  ---
  duration_ms: 0.5045
  type: 'test'
  ...
# Subtest: any two DISTINCT supports suffice; two variants of one never qualify
ok 474 - any two DISTINCT supports suffice; two variants of one never qualify
  ---
  duration_ms: 0.3801
  type: 'test'
  ...
# Subtest: all three pairs and all four assistance combinations complete the abstract graph
ok 475 - all three pairs and all four assistance combinations complete the abstract graph
  ---
  duration_ms: 5.968
  type: 'test'
  ...
# Subtest: all-three variants enrich the same graph without a larger fee or third-support gate
ok 476 - all-three variants enrich the same graph without a larger fee or third-support gate
  ---
  duration_ms: 2.0034
  type: 'test'
  ...
# Subtest: supplied alternatives are explicit and require neither rare work nor payment
ok 477 - supplied alternatives are explicit and require neither rare work nor payment
  ---
  duration_ms: 0.2982
  type: 'test'
  ...
# Subtest: actual exhaustion, both physical feeds and central disable remain independent facts
ok 478 - actual exhaustion, both physical feeds and central disable remain independent facts
  ---
  duration_ms: 0.1974
  type: 'test'
  ...
# Subtest: physical reconfiguration of two PREPARED supports is required after accountability
ok 479 - physical reconfiguration of two PREPARED supports is required after accountability
  ---
  duration_ms: 0.19
  type: 'test'
  ...
# Subtest: finite version-one migration and open/account/claim facts have explicit boundaries
ok 480 - finite version-one migration and open/account/claim facts have explicit boundaries
  ---
  duration_ms: 0.2239
  type: 'test'
  ...
# Subtest: honest whole-payload fee is fixed, with no equipment grant or existing-curve change
ok 481 - honest whole-payload fee is fixed, with no equipment grant or existing-curve change
  ---
  duration_ms: 0.1718
  type: 'test'
  ...
# Subtest: two prospective threat identities are distinct ordinary fixed bodies with safe retreat
ok 482 - two prospective threat identities are distinct ordinary fixed bodies with safe retreat
  ---
  duration_ms: 1.0452
  type: 'test'
  ...
# Subtest: both guardian attacks have distinct measurable safe regions
ok 483 - both guardian attacks have distinct measurable safe regions
  ---
  duration_ms: 0.1387
  type: 'test'
  ...
# Subtest: saved physical releases change future geometry rather than health/damage/timing
ok 484 - saved physical releases change future geometry rather than health/damage/timing
  ---
  duration_ms: 0.1464
  type: 'test'
  ...
# Subtest: prospective geometry stays within seven patches/eight STATIC solids and fixed height
ok 485 - prospective geometry stays within seven patches/eight STATIC solids and fixed height
  ---
  duration_ms: 0.2322
  type: 'test'
  ...
# Subtest: extension meets the actual east service edge without a height seam
ok 486 - extension meets the actual east service edge without a height seam
  ---
  duration_ms: 9.8555
  type: 'test'
  ...
# Subtest: every declared whole route passes actual production W.segment and independent continuous support
ok 487 - every declared whole route passes actual production W.segment and independent continuous support
  ---
  duration_ms: 5.0257
  type: 'test'
  ...
# Subtest: all action/witness anchors fit whole bodies and every new action is connected to its service route
ok 488 - all action/witness anchors fit whole bodies and every new action is connected to its service route
  ---
  duration_ms: 1.1461
  type: 'test'
  ...
# Subtest: full anchored ring/cross envelopes remain on the prospective arena floor at every yaw
ok 489 - full anchored ring/cross envelopes remain on the prospective arena floor at every yaw
  ---
  duration_ms: 3.5804
  type: 'test'
  ...
# Subtest: whole-body check rejects a genuine narrow gap despite supported endpoints
ok 490 - whole-body check rejects a genuine narrow gap despite supported endpoints
  ---
  duration_ms: 0.4066
  type: 'test'
  ...
# Subtest: byte-pinned original geometry lacks the extension; actual installed support supplies it
ok 491 - byte-pinned original geometry lacks the extension; actual installed support supplies it
  ---
  duration_ms: 0.3131
  type: 'test'
  ...
# Subtest: byte-frozen attribution retains exact recovered-proposal anchors and bounded public/private scope
ok 492 - byte-frozen attribution retains exact recovered-proposal anchors and bounded public/private scope
  ---
  duration_ms: 0.3914
  type: 'test'
  ...
# Subtest: all installed/preimage input bytes stay untouched after catalogue/support checks
ok 493 - all installed/preimage input bytes stay untouched after catalogue/support checks
  ---
  duration_ms: 1.5941
  type: 'test'
  ...
# Subtest: installed contracts and globals are the actual Core/Adventure/World/Cosmos owners
ok 494 - installed contracts and globals are the actual Core/Adventure/World/Cosmos owners
  ---
  duration_ms: 6.8072
  type: 'test'
  ...
# Subtest: optional version-one Core migration adds only empty Cosmos state and preserves prior owners
ok 495 - optional version-one Core migration adds only empty Cosmos state and preserves prior owners
  ---
  duration_ms: 32.1636
  type: 'test'
  ...
# Subtest: actual Core rejects malformed/future owner, impossible prerequisites and reordered history
ok 496 - actual Core rejects malformed/future owner, impossible prerequisites and reordered history
  ---
  duration_ms: 77.0579
  type: 'test'
  ...
# Subtest: physical acceptance/work are fenced by actual character, revision, room, kit and comparator
ok 497 - physical acceptance/work are fenced by actual character, revision, room, kit and comparator
  ---
  duration_ms: 8.3732
  type: 'test'
  ...
# Subtest: save refusal and exceptions never adopt acceptance or trim protected snapshot owners
ok 498 - save refusal and exceptions never adopt acceptance or trim protected snapshot owners
  ---
  duration_ms: 12.6783
  type: 'test'
  ...
# Subtest: real save candidate refuses character, room, revision or reentrant field mutation before adoption
ok 499 - real save candidate refuses character, room, revision or reentrant field mutation before adoption
  ---
  duration_ms: 13.7817
  type: 'test'
  ...
# Subtest: any two distinct supplied/ordinary supports qualify; exclusive alternatives cannot count twice
ok 500 - any two distinct supplied/ordinary supports qualify; exclusive alternatives cannot count twice
  ---
  duration_ms: 22.5432
  type: 'test'
  ...
# Subtest: wrong settings and manual exhaustion/choice requests cannot create gate or encounter facts
ok 501 - wrong settings and manual exhaustion/choice requests cannot create gate or encounter facts
  ---
  duration_ms: 7.8598
  type: 'test'
  ...
# Subtest: all forty declared lead/mode/choice combinations preserve old owners and pay a separate fee once
ok 502 - all forty declared lead/mode/choice combinations preserve old owners and pay a separate fee once
  ---
  duration_ms: 1615.4913
  type: 'test'
  ...
# Subtest: prepared configuration, accountability, opened, verified and claimed remain separate saved gates
ok 503 - prepared configuration, accountability, opened, verified and claimed remain separate saved gates
  ---
  duration_ms: 23.0548
  type: 'test'
  ...
# Subtest: whole-fee capacity and refused claim save are atomic and retry without double payout
ok 504 - whole-fee capacity and refused claim save are atomic and retry without double payout
  ---
  duration_ms: 226.6831
  type: 'test'
  ...
# Subtest: claim refusal for a changed character leaves the local apparatus unpaid and retryable
ok 505 - claim refusal for a changed character leaves the local apparatus unpaid and retryable
  ---
  duration_ms: 49.9682
  type: 'test'
  ...
# Subtest: stored XP one through five and cap retain health, sockets, equipment, cameras and prior claims
ok 506 - stored XP one through five and cap retain health, sockets, equipment, cameras and prior claims
  ---
  duration_ms: 155.4621
  type: 'test'
  ...
# Subtest: accepted witness reads are pure; exact roster identity, anchor, body and character own damage
ok 507 - accepted witness reads are pure; exact roster identity, anchor, body and character own damage
  ---
  duration_ms: 11.1226
  type: 'test'
  ...
# Subtest: actual Adventure lethal damage dispatch saves only campaign exhaustion; refusal restores HP one
ok 508 - actual Adventure lethal damage dispatch saves only campaign exhaustion; refusal restores HP one
  ---
  duration_ms: 12.7516
  type: 'test'
  ...
# Subtest: actual targeted blade and swept bow callers can hit live owners with no generic reward replay
ok 509 - actual targeted blade and swept bow callers can hit live owners with no generic reward replay
  ---
  duration_ms: 18.3688
  type: 'test'
  ...
# Subtest: actual Cosmos arrow geometry rejects opaque cover, unsupported floor, invalid aim and diving
ok 510 - actual Cosmos arrow geometry rejects opaque cover, unsupported floor, invalid aim and diving
  ---
  duration_ms: 15.2797
  type: 'test'
  ...
# Subtest: actual AI initiates immutable ring, makes one scheduled contact and stays anchored through recovery
ok 511 - actual AI initiates immutable ring, makes one scheduled contact and stays anchored through recovery
  ---
  duration_ms: 34.4005
  type: 'test'
  ...
# Subtest: actual locked ring permits physical quiet-circle escape without retargeting or contact
ok 512 - actual locked ring permits physical quiet-circle escape without retargeting or contact
  ---
  duration_ms: 23.341
  type: 'test'
  ...
# Subtest: pause preserves the exact actual lock and schedule while damage caller remains inactive
ok 513 - pause preserves the exact actual lock and schedule while damage caller remains inactive
  ---
  duration_ms: 14.5433
  type: 'test'
  ...
# Subtest: actual bow-distance AI selects a cross without forced cycle; beyond actual reach stays quiet
ok 514 - actual bow-distance AI selects a cross without forced cycle; beyond actual reach stays quiet
  ---
  duration_ms: 44.5099
  type: 'test'
  ...
# Subtest: live cross clips unequal arms at installed opaque cover and misses a clear quadrant or covered traveler
ok 515 - live cross clips unequal arms at installed opaque cover and misses a clear quadrant or covered traveler
  ---
  duration_ms: 43.051
  type: 'test'
  ...
# Subtest: live physical releases preserve the current frame and alter only subsequent AI locks
ok 516 - live physical releases preserve the current frame and alter only subsequent AI locks
  ---
  duration_ms: 27.5499
  type: 'test'
  ...
# Subtest: actual clipped warnings stay finite on real support and cover across representative clear AI aims
ok 517 - actual clipped warnings stay finite on real support and cover across representative clear AI aims
  ---
  duration_ms: 94.3315
  type: 'test'
  ...
# Subtest: leave/reload retain saved work but reconstruct only unfinished actual owners and clear transient locks
ok 518 - leave/reload retain saved work but reconstruct only unfinished actual owners and clear transient locks
  ---
  duration_ms: 33.7739
  type: 'test'
  ...
# Subtest: bounded revision/journal refusal preserves unpaid history and whole-fee balances
ok 519 - bounded revision/journal refusal preserves unpaid history and whole-fee balances
  ---
  duration_ms: 94.4143
  type: 'test'
  ...
# Subtest: all actual installed test inputs remain byte-frozen during this bounded run
ok 520 - all actual installed test inputs remain byte-frozen during this bounded run
  ---
  duration_ms: 1.6705
  type: 'test'
  ...
# Subtest: import defines helpers without loading game owners or writing/generating a fixture
ok 521 - import defines helpers without loading game owners or writing/generating a fixture
  ---
  duration_ms: 172.0323
  type: 'test'
  ...
# Subtest: defaults cover three real kit families, all three lead pairs and both account choices
ok 522 - defaults cover three real kit families, all three lead pairs and both account choices
  ---
  duration_ms: 1.504
  type: 'test'
  ...
# Subtest: every two/three-support ordinary/supplied selection remains explicit and distinct
ok 523 - every two/three-support ordinary/supplied selection remains explicit and distinct
  ---
  duration_ms: 1.4265
  type: 'test'
  ...
# Subtest: invalid, duplicated, hidden or incomplete support choices refuse before execution
ok 524 - invalid, duplicated, hidden or incomplete support choices refuse before execution
  ---
  duration_ms: 1.4638
  type: 'test'
  ...
# Subtest: CLI has exact public options and refuses missing values, seed-only success or unsupported switches
ok 525 - CLI has exact public options and refuses missing values, seed-only success or unsupported switches
  ---
  duration_ms: 0.4028
  type: 'test'
  ...
# Subtest: portable installed default uses exact canonical JSON scratch; staged default stays local
ok 526 - portable installed default uses exact canonical JSON scratch; staged default stays local
  ---
  duration_ms: 0.2788
  type: 'test'
  ...
# Subtest: new output is bounded, refuses traversal/overwrite and arbitrary checkout writes
ok 527 - new output is bounded, refuses traversal/overwrite and arbitrary checkout writes
  ---
  duration_ms: 27.3556
  type: 'test'
  ...
# Subtest: bow stand fits the actual installed road body instead of its unsupported centerline edge
ok 528 - bow stand fits the actual installed road body instead of its unsupported centerline edge
  ---
  duration_ms: 5.0651
  type: 'test'
  ...
# Subtest: history checks detect equipment/socket/class/old-campaign/construction changes without freezing legitimate crop time
ok 529 - history checks detect equipment/socket/class/old-campaign/construction changes without freezing legitimate crop time
  ---
  duration_ms: 2.4436
  type: 'test'
  ...
# Subtest: runner source contains no actor/health/progress/cycle injection or direct resolution/attack-frame call
ok 530 - runner source contains no actor/health/progress/cycle injection or direct resolution/attack-frame call
  ---
  duration_ms: 0.9336
  type: 'test'
  ...
# Subtest: terms disclose exact fee, danger, alternatives and account before consent; panel grants nothing
ok 531 - terms disclose exact fee, danger, alternatives and account before consent; panel grants nothing
  ---
  duration_ms: 4.7754
  type: 'test'
  ...
# Subtest: accept intent uses current active and revision; reading and walking never grant acceptance
ok 532 - accept intent uses current active and revision; reading and walking never grant acceptance
  ---
  duration_ms: 2.5847
  type: 'test'
  ...
# Subtest: old panel binding cannot command after movement, revision, character or context replacement
ok 533 - old panel binding cannot command after movement, revision, character or context replacement
  ---
  duration_ms: 8.3779
  type: 'test'
  ...
# Subtest: routes contain available physical objectives and no fake completion marker
ok 534 - routes contain available physical objectives and no fake completion marker
  ---
  duration_ms: 1.3772
  type: 'test'
  ...
# Subtest: configure sends exact declared setting only at an available real fixture
ok 535 - configure sends exact declared setting only at an available real fixture
  ---
  duration_ms: 2.1654
  type: 'test'
  ...
# Subtest: missing work or a forged defeat action cannot command its completion from the UI
ok 536 - missing work or a forged defeat action cannot command its completion from the UI
  ---
  duration_ms: 1.2754
  type: 'test'
  ...
# Subtest: choice preview leaves ledger unchanged; explicit confirm binds exact choice and checkpoint
ok 537 - choice preview leaves ledger unchanged; explicit confirm binds exact choice and checkpoint
  ---
  duration_ms: 1.507
  type: 'test'
  ...
# Subtest: changed preview or alternate confirmation cannot record consent
ok 538 - changed preview or alternate confirmation cannot record consent
  ---
  duration_ms: 5.5312
  type: 'test'
  ...
# Subtest: cancel and stale tick preserve undecided consent; completed tracking returns to story
ok 539 - cancel and stale tick preserve undecided consent; completed tracking returns to story
  ---
  duration_ms: 1.6076
  type: 'test'
  ...
# Subtest: prepared-support tracker makes two-support gate legible without advancing history
ok 540 - prepared-support tracker makes two-support gate legible without advancing history
  ---
  duration_ms: 1.2517
  type: 'test'
  ...
# Subtest: missing-prerequisite guidance names the actual separately owned comparator
ok 541 - missing-prerequisite guidance names the actual separately owned comparator
  ---
  duration_ms: 12.1446
  type: 'test'
  ...
# Subtest: the RPG page adapter filters unrelated tabs without rebinding a confirmation
ok 542 - the RPG page adapter filters unrelated tabs without rebinding a confirmation
  ---
  duration_ms: 2.3702
  type: 'test'
  ...
# INSTALLED_GEOMETRY_INPUT_FILES 48
# Subtest: exact original source fixtures and installed catalogue match the declared freeze
ok 543 - exact original source fixtures and installed catalogue match the declared freeze
  ---
  duration_ms: 1.7919
  type: 'test'
  ...
# Subtest: original geometry rejects the new reach; installed owner adds only seven patches/eight solids
ok 544 - original geometry rejects the new reach; installed owner adds only seven patches/eight solids
  ---
  duration_ms: 35.9427
  type: 'test'
  ...
# Subtest: existing entry, slopes, actors, instrument and all legacy geometry remain exact
ok 545 - existing entry, slopes, actors, instrument and all legacy geometry remain exact
  ---
  duration_ms: 12.5552
  type: 'test'
  ...
# Subtest: every declared route is accepted by both real physical owners with full body/capsule clearance
ok 546 - every declared route is accepted by both real physical owners with full body/capsule clearance
  ---
  duration_ms: 26.3298
  type: 'test'
  ...
# Subtest: all action/witness anchors and full ring/cross court footprints fit actual fixed-height support
ok 547 - all action/witness anchors and full ring/cross court footprints fit actual fixed-height support
  ---
  duration_ms: 22.0433
  type: 'test'
  ...
# Subtest: public loop remains physical regardless of any proposed saved campaign choice/open state
ok 548 - public loop remains physical regardless of any proposed saved campaign choice/open state
  ---
  duration_ms: 37.9168
  type: 'test'
  ...
# Subtest: exact body support rejects compass-sample holes and unsupported patch shortcuts
ok 549 - exact body support rejects compass-sample holes and unsupported patch shortcuts
  ---
  duration_ms: 60.6556
  type: 'test'
  ...
# Subtest: each real blocker refuses body, sight and first-hit pick while the declared detour stays clear
ok 550 - each real blocker refuses body, sight and first-hit pick while the declared detour stays clear
  ---
  duration_ms: 24.929
  type: 'test'
  ...
# Subtest: real height-aware picks see garden/road/court, and camera blocker bounds match all eight solids
ok 551 - real height-aware picks see garden/road/court, and camera blocker bounds match all eight solids
  ---
  duration_ms: 11.7001
  type: 'test'
  ...
# Subtest: actual production Core routes from Anik to every new anchor and back around the permanent public loop
ok 552 - actual production Core routes from Anik to every new anchor and back around the permanent public loop
  ---
  duration_ms: 6303.0133
  type: 'test'
  ...
# Subtest: real movement and ordinary return preserve the empty installed campaign and fee balances
ok 553 - real movement and ordinary return preserve the empty installed campaign and fee balances
  ---
  duration_ms: 615.3513
  type: 'test'
  ...
# Subtest: new geometry art uses actual WorldArt and real mesh transforms; exact opaque envelope metadata survives submission
ok 554 - new geometry art uses actual WorldArt and real mesh transforms; exact opaque envelope metadata survives submission
  ---
  duration_ms: 16.6776
  type: 'test'
  ...
# Subtest: new floor partition is an exact nonoverlapping rectangle union excluding the original ground
ok 555 - new floor partition is an exact nonoverlapping rectangle union excluding the original ground
  ---
  duration_ms: 3.0715
  type: 'test'
  ...
# Subtest: old sloping floor/vegetation, observatory and sky submissions stay byte-equivalent; new slabs never flatten them
ok 556 - old sloping floor/vegetation, observatory and sky submissions stay byte-equivalent; new slabs never flatten them
  ---
  duration_ms: 26.9201
  type: 'test'
  ...
# Subtest: paint/work/plant details stay on genuine supported surfaces and create no extra opaque blocker
ok 557 - paint/work/plant details stay on genuine supported surfaces and create no extra opaque blocker
  ---
  duration_ms: 76.8786
  type: 'test'
  ...
# Subtest: new static geometry stays bounded and art import/make/draw grant no campaign or economic facts
ok 558 - new static geometry stays bounded and art import/make/draw grant no campaign or economic facts
  ---
  duration_ms: 10.5113
  type: 'test'
  ...
# 308 added static instances / 3576 actual procedural triangles / 9 shared static batches
# Subtest: actual repaired Core keeps the large-body cover detour and map frames the full supported reach
ok 559 - actual repaired Core keeps the large-body cover detour and map frames the full supported reach
  ---
  duration_ms: 6.8227
  type: 'test'
  ...
# Subtest: both ground approaches connect arrival to occupied observatory with radius clearance
ok 560 - both ground approaches connect arrival to occupied observatory with radius clearance
  ---
  duration_ms: 328.3522
  type: 'test'
  ...
# Subtest: entry saves the exact source before changing scenes, and reload returns to that source
ok 561 - entry saves the exact source before changing scenes, and reload returns to that source
  ---
  duration_ms: 4.2555
  type: 'test'
  ...
# Subtest: a failed save or unavailable scene refuses travel atomically
ok 562 - a failed save or unavailable scene refuses travel atomically
  ---
  duration_ms: 2.3797
  type: 'test'
  ...
# Subtest: stale character, revision, simulation, position and cancelled tickets cannot enter
ok 563 - stale character, revision, simulation, position and cancelled tickets cannot enter
  ---
  duration_ms: 1.713
  type: 'test'
  ...
# Subtest: scene build failure restores the source and a consumed ticket cannot retry
ok 564 - scene build failure restores the source and a consumed ticket cannot retry
  ---
  duration_ms: 1.5017
  type: 'test'
  ...
# Subtest: fall recovery recalls to safe ground and normal return works from the far end
ok 565 - fall recovery recalls to safe ground and normal return works from the far end
  ---
  duration_ms: 1.9543
  type: 'test'
  ...
# Subtest: height-aware ray picks real support and refuses sky, the ridge and cover
ok 566 - height-aware ray picks real support and refuses sky, the ridge and cover
  ---
  duration_ms: 55.9044
  type: 'test'
  ...
# Subtest: manual walking slides along boundaries without crossing unsupported corner segments
ok 567 - manual walking slides along boundaries without crossing unsupported corner segments
  ---
  duration_ms: 34.6098
  type: 'test'
  ...
# Subtest: all source dependencies remained byte-frozen throughout the focused run
ok 568 - all source dependencies remained byte-frozen throughout the focused run
  ---
  duration_ms: 3.0186
  type: 'test'
  ...
# Subtest: accepted Cosmos uses the visible unified return and hides the obsolete control
ok 569 - accepted Cosmos uses the visible unified return and hides the obsolete control
  ---
  duration_ms: 18.9163
  type: 'test'
  ...
# Subtest: legacy unaccepted Cosmos keeps its own return when no local owner adopts it
ok 570 - legacy unaccepted Cosmos keeps its own return when no local owner adopts it
  ---
  duration_ms: 1.572
  type: 'test'
  ...
# Subtest: both actual witness models have wholly supported footprints and grounded feet
ok 571 - both actual witness models have wholly supported footprints and grounded feet
  ---
  duration_ms: 38.7134
  type: 'test'
  ...
# Subtest: each witness has a full-body viewing approach reached through the actual planner
ok 572 - each witness has a full-body viewing approach reached through the actual planner
  ---
  duration_ms: 229.1104
  type: 'test'
  ...
# Subtest: Avar left-side gap stays impassable while the right-side approach is supported
ok 573 - Avar left-side gap stays impassable while the right-side approach is supported
  ---
  duration_ms: 0.3906
  type: 'test'
  ...
# Subtest: all original scores have bounded notes and serialize exactly
ok 574 - all original scores have bounded notes and serialize exactly
  ---
  duration_ms: 2.7906
  type: 'test'
  ...
# Subtest: tempo, voice, dimensions and boolean impostors rejected
ok 575 - tempo, voice, dimensions and boolean impostors rejected
  ---
  duration_ms: 0.7104
  type: 'test'
  ...
# Subtest: scores discard imported authority and execution fields
ok 576 - scores discard imported authority and execution fields
  ---
  duration_ms: 0.6181
  type: 'test'
  ...
# Subtest: unknown composition does not silently substitute another
ok 577 - unknown composition does not silently substitute another
  ---
  duration_ms: 1.59
  type: 'test'
  ...
# Subtest: score revision compare-and-swap refuses stale changes atomically
ok 578 - score revision compare-and-swap refuses stale changes atomically
  ---
  duration_ms: 12.7004
  type: 'test'
  ...
# Subtest: accepted score edit increments revision and survives cold reconstruction
ok 579 - accepted score edit increments revision and survives cold reconstruction
  ---
  duration_ms: 2.0202
  type: 'test'
  ...
# Subtest: invalid score command does not partially change title or revision
ok 580 - invalid score command does not partially change title or revision
  ---
  duration_ms: 2.1157
  type: 'test'
  ...
# Subtest: duplicate score edit is not applied twice
ok 581 - duplicate score edit is not applied twice
  ---
  duration_ms: 0.6806
  type: 'test'
  ...
# Subtest: version-two import preserves old notes, flowers and user coordinates
ok 582 - version-two import preserves old notes, flowers and user coordinates
  ---
  duration_ms: 2.1392
  type: 'test'
  ...
# Subtest: legacy localStorage is read but never overwritten by a v3 save
ok 583 - legacy localStorage is read but never overwritten by a v3 save
  ---
  duration_ms: 2.9418
  type: 'test'
  ...
# Subtest: corrupt v3 does not fall back to and overwrite an older save
ok 584 - corrupt v3 does not fall back to and overwrite an older save
  ---
  duration_ms: 0.3419
  type: 'test'
  ...
# Subtest: default retreat is schema-valid and entry is clear
ok 585 - default retreat is schema-valid and entry is clear
  ---
  duration_ms: 0.2731
  type: 'test'
  ...
# Subtest: new island is connected while the water alongside bridge is not walkable
ok 586 - new island is connected while the water alongside bridge is not walkable
  ---
  duration_ms: 37.648
  type: 'test'
  ...
# Subtest: all new destinations are reachable without jumping over obstacles
ok 587 - all new destinations are reachable without jumping over obstacles
  ---
  duration_ms: 42.1996
  type: 'test'
  ...
# Subtest: retreat opens, closes and saves the outside return position
ok 588 - retreat opens, closes and saves the outside return position
  ---
  duration_ms: 54.8515
  type: 'test'
  ...
# Subtest: placement is a real collision obstacle
ok 589 - placement is a real collision obstacle
  ---
  duration_ms: 0.2276
  type: 'test'
  ...
# Subtest: rotated furniture footprint rotates with the mesh contract
ok 590 - rotated furniture footprint rotates with the mesh contract
  ---
  duration_ms: 0.1856
  type: 'test'
  ...
# Subtest: rug is visible furniture but not a blocking volume
ok 591 - rug is visible furniture but not a blocking volume
  ---
  duration_ms: 0.2043
  type: 'test'
  ...
# Subtest: duplicate slots, unknown types, invalid rotations and palettes rejected
ok 592 - duplicate slots, unknown types, invalid rotations and palettes rejected
  ---
  duration_ms: 0.2755
  type: 'test'
  ...
# Subtest: edit, undo and redo retain monotonic layout revisions
ok 593 - edit, undo and redo retain monotonic layout revisions
  ---
  duration_ms: 0.6731
  type: 'test'
  ...
# Subtest: stale layout mutation leaves full state unchanged
ok 594 - stale layout mutation leaves full state unchanged
  ---
  duration_ms: 1.5545
  type: 'test'
  ...
# Subtest: furniture cannot be placed on the visitor
ok 595 - furniture cannot be placed on the visitor
  ---
  duration_ms: 1.5124
  type: 'test'
  ...
# Subtest: every furniture kind in every slot preserves an entry escape route
ok 596 - every furniture kind in every slot preserves an entry escape route
  ---
  duration_ms: 3.2193
  type: 'test'
  ...
# Subtest: visitor appearance and exact name are exportable data
ok 597 - visitor appearance and exact name are exportable data
  ---
  duration_ms: 1.1999
  type: 'test'
  ...
# Subtest: invalid appearance refuses unknown indexes and does not mutate
ok 598 - invalid appearance refuses unknown indexes and does not mutate
  ---
  duration_ms: 1.2554
  type: 'test'
  ...
# Subtest: family gathering requires proximity to real stage
ok 599 - family gathering requires proximity to real stage
  ---
  duration_ms: 0.3854
  type: 'test'
  ...
# Subtest: gathering routes three inhabitants rather than teleporting
ok 600 - gathering routes three inhabitants rather than teleporting
  ---
  duration_ms: 47.1273
  type: 'test'
  ...
# Subtest: gathering expires and does not resume as a false persisted performance
ok 601 - gathering expires and does not resume as a false persisted performance
  ---
  duration_ms: 69.6925
  type: 'test'
  ...
# Subtest: event timing matches 16 eighth-notes and MIDI two-bar length
ok 602 - event timing matches 16 eighth-notes and MIDI two-bar length
  ---
  duration_ms: 0.6817
  type: 'test'
  ...
# Subtest: all voices synthesize finite stereo data and bounded peaks
ok 603 - all voices synthesize finite stereo data and bounded peaks
  ---
  duration_ms: 173.0399
  type: 'test'
  ...
# Subtest: an empty score produces actual silence, not a hidden soundtrack
ok 604 - an empty score produces actual silence, not a hidden soundtrack
  ---
  duration_ms: 5.4733
  type: 'test'
  ...
# Subtest: synthesized output is reproducible for identical scores
ok 605 - synthesized output is reproducible for identical scores
  ---
  duration_ms: 92.0185
  type: 'test'
  ...
# Subtest: different edited notes change actual rendered audio
ok 606 - different edited notes change actual rendered audio
  ---
  duration_ms: 93.4389
  type: 'test'
  ...
# Subtest: WAV header, byte length and final samples are correct
ok 607 - WAV header, byte length and final samples are correct
  ---
  duration_ms: 57.539
  type: 'test'
  ...
# Subtest: WAV encoder refuses malformed or nonfinite channels
ok 608 - WAV encoder refuses malformed or nonfinite channels
  ---
  duration_ms: 0.526
  type: 'test'
  ...
# Subtest: MIDI has one type-zero track, valid length, tempo and end marker
ok 609 - MIDI has one type-zero track, valid length, tempo and end marker
  ---
  duration_ms: 0.9992
  type: 'test'
  ...
# Subtest: 09 save migrates without mutating original or losing chapters
ok 610 - 09 save migrates without mutating original or losing chapters
  ---
  duration_ms: 12.8815
  type: 'test'
  ...
# Subtest: new world has no free entry, equipment, attunement or chapter rewards
ok 611 - new world has no free entry, equipment, attunement or chapter rewards
  ---
  duration_ms: 0.4506
  type: 'test'
  ...
# Subtest: strict crossing save rejects wrongVersion
ok 612 - strict crossing save rejects wrongVersion
  ---
  duration_ms: 1.9561
  type: 'test'
  ...
# Subtest: strict crossing save rejects missingField
ok 613 - strict crossing save rejects missingField
  ---
  duration_ms: 0.5942
  type: 'test'
  ...
# Subtest: strict crossing save rejects nonbool
ok 614 - strict crossing save rejects nonbool
  ---
  duration_ms: 0.5304
  type: 'test'
  ...
# Subtest: strict crossing save rejects unvisitedAttune
ok 615 - strict crossing save rejects unvisitedAttune
  ---
  duration_ms: 0.4048
  type: 'test'
  ...
# Subtest: strict crossing save rejects unvisitedProject
ok 616 - strict crossing save rejects unvisitedProject
  ---
  duration_ms: 0.3545
  type: 'test'
  ...
# Subtest: strict crossing save rejects unknownProject
ok 617 - strict crossing save rejects unknownProject
  ---
  duration_ms: 0.3004
  type: 'test'
  ...
# Subtest: strict crossing save rejects duplicateProject
ok 618 - strict crossing save rejects duplicateProject
  ---
  duration_ms: 0.7004
  type: 'test'
  ...
# Subtest: strict crossing save rejects earlyRepair
ok 619 - strict crossing save rejects earlyRepair
  ---
  duration_ms: 0.3604
  type: 'test'
  ...
# Subtest: strict crossing save rejects earlyComplete
ok 620 - strict crossing save rejects earlyComplete
  ---
  duration_ms: 0.3252
  type: 'test'
  ...
# Subtest: strict crossing save rejects earlyReward
ok 621 - strict crossing save rejects earlyReward
  ---
  duration_ms: 0.2323
  type: 'test'
  ...
# Subtest: entry requires the defended beacon and actual gate location
ok 622 - entry requires the defended beacon and actual gate location
  ---
  duration_ms: 31.0146
  type: 'test'
  ...
# Subtest: entry resets target/auto and gives no items or health
ok 623 - entry resets target/auto and gives no items or health
  ---
  duration_ms: 7.7187
  type: 'test'
  ...
# Subtest: all named places, bells, encounter homes, clapper and entry are reachable
ok 624 - all named places, bells, encounter homes, clapper and entry are reachable
  ---
  duration_ms: 119.7162
  type: 'test'
  ...
# Subtest: buildings and outer bounds stop walking and arrows
ok 625 - buildings and outer bounds stop walking and arrows
  ---
  duration_ms: 0.4468
  type: 'test'
  ...
# Subtest: stream blocks walking except bridge but not travelling arrows
ok 626 - stream blocks walking except bridge but not travelling arrows
  ---
  duration_ms: 4.8563
  type: 'test'
  ...
# Subtest: outdoor construction and gathering cannot mutate village geography
ok 627 - outdoor construction and gathering cannot mutate village geography
  ---
  duration_ms: 3.9065
  type: 'test'
  ...
# Subtest: public forge is a true workbench; components cost actual material
ok 628 - public forge is a true workbench; components cost actual material
  ---
  duration_ms: 4.678
  type: 'test'
  ...
# Subtest: meeting and clue require local proximity and are single claim
ok 629 - meeting and clue require local proximity and are single claim
  ---
  duration_ms: 37.9802
  type: 'test'
  ...
# Subtest: Briar search has real location, bond, follow and route prerequisites
ok 630 - Briar search has real location, bond, follow and route prerequisites
  ---
  duration_ms: 109.885
  type: 'test'
  ...
# Subtest: manual close inspection works when Briar stays behind
ok 631 - manual close inspection works when Briar stays behind
  ---
  duration_ms: 32.8607
  type: 'test'
  ...
# Subtest: search pause keeps discovery and companion motion frozen
ok 632 - search pause keeps discovery and companion motion frozen
  ---
  duration_ms: 13.0271
  type: 'test'
  ...
# Subtest: new guardian uses distinct ring and circle impact rules
ok 633 - new guardian uses distinct ring and circle impact rules
  ---
  duration_ms: 0.1941
  type: 'test'
  ...
# Subtest: wide ring rewards entering center; next tell alternates to inner strike
ok 634 - wide ring rewards entering center; next tell alternates to inner strike
  ---
  duration_ms: 144.5023
  type: 'test'
  ...
# Subtest: new encounters are targetable and respond to real autoattack
ok 635 - new encounters are targetable and respond to real autoattack
  ---
  duration_ms: 104.4798
  type: 'test'
  ...
# Subtest: clear event caches pay the new roster once and persist separately
ok 636 - clear event caches pay the new roster once and persist separately
  ---
  duration_ms: 22.391
  type: 'test'
  ...
# Subtest: bell repair requires clapper and all three clearances
ok 637 - bell repair requires clapper and all three clearances
  ---
  duration_ms: 34.9826
  type: 'test'
  ...
# Subtest: wrong bell order restarts sequence without taking inventory
ok 638 - wrong bell order restarts sequence without taking inventory
  ---
  duration_ms: 28.2942
  type: 'test'
  ...
# Subtest: bell cannot be played remotely or faster than its cooldown
ok 639 - bell cannot be played remotely or faster than its cooldown
  ---
  duration_ms: 41.7692
  type: 'test'
  ...
# Subtest: three local ordered tones complete the bell but not the reward
ok 640 - three local ordered tones complete the bell but not the reward
  ---
  duration_ms: 27.1651
  type: 'test'
  ...
# Subtest: Rowan reward is atomic, local and cannot be duplicated
ok 641 - Rowan reward is atomic, local and cannot be duplicated
  ---
  duration_ms: 14.037
  type: 'test'
  ...
# Subtest: free bell playing after completion cannot reset quest or pay loot
ok 642 - free bell playing after completion cannot reset quest or pay loot
  ---
  duration_ms: 7.1689
  type: 'test'
  ...
# Subtest: tone entry is transient; repair, kills and clues survive reload
ok 643 - tone entry is transient; repair, kills and clues survive reload
  ---
  duration_ms: 3.7079
  type: 'test'
  ...
# Subtest: merchant exchanges fail cleanly when funds, quantities or scope fail
ok 644 - merchant exchanges fail cleanly when funds, quantities or scope fail
  ---
  duration_ms: 9.8704
  type: 'test'
  ...
# Subtest: merchant armor retains proper slot and does not heal on purchase/equip
ok 645 - merchant armor retains proper slot and does not heal on purchase/equip
  ---
  duration_ms: 5.0816
  type: 'test'
  ...
# Subtest: ore and berries exchange deduct exactly, overflow is refused
ok 646 - ore and berries exchange deduct exactly, overflow is refused
  ---
  duration_ms: 5.0943
  type: 'test'
  ...
# Subtest: inn restores actual vitals and denies service outside its porch
ok 647 - inn restores actual vitals and denies service outside its porch
  ---
  duration_ms: 4.9774
  type: 'test'
  ...
# Subtest: common works deduct actual materials once and preserve home layout
ok 648 - common works deduct actual materials once and preserve home layout
  ---
  duration_ms: 9.486
  type: 'test'
  ...
# Subtest: commission failure leaves supplies and flags untouched
ok 649 - commission failure leaves supplies and flags untouched
  ---
  duration_ms: 8.5766
  type: 'test'
  ...
# Subtest: waystone needs discovery and physical origin, does not heal or charge
ok 650 - waystone needs discovery and physical origin, does not heal or charge
  ---
  duration_ms: 8.3255
  type: 'test'
  ...
# Subtest: unattuned village cannot be fast-travelled to
ok 651 - unattuned village cannot be fast-travelled to
  ---
  duration_ms: 5.1179
  type: 'test'
  ...
# Subtest: travel refuses active attack modes and beacon assault
ok 652 - travel refuses active attack modes and beacon assault
  ---
  duration_ms: 6.7719
  type: 'test'
  ...
# Subtest: ordinary departure is local and preserves progress
ok 653 - ordinary departure is local and preserves progress
  ---
  duration_ms: 6.1485
  type: 'test'
  ...
# Subtest: same command receipt cannot be repurposed or pay twice
ok 654 - same command receipt cannot be repurposed or pay twice
  ---
  duration_ms: 4.2183
  type: 'test'
  ...
# Subtest: defeat recovery preserves crossing facts and revives outside
ok 655 - defeat recovery preserves crossing facts and revives outside
  ---
  duration_ms: 9.7277
  type: 'test'
  ...
# Subtest: cutaway preference is persisted and old migration defaults on
ok 656 - cutaway preference is persisted and old migration defaults on
  ---
  duration_ms: 3.9676
  type: 'test'
  ...
# Subtest: Fenna retains exact supported rule-adjacent anchors and does not invent consent
ok 657 - Fenna retains exact supported rule-adjacent anchors and does not invent consent
  ---
  duration_ms: 19.2137
  type: 'test'
  ...
# Subtest: confirmed arrival alone opens the load, and payment cannot redraw or repay it
ok 658 - confirmed arrival alone opens the load, and payment cannot redraw or repay it
  ---
  duration_ms: 4.0937
  type: 'test'
  ...
# Subtest: bounded complete drover and cart transforms remain positive and finite
ok 659 - bounded complete drover and cart transforms remain positive and finite
  ---
  duration_ms: 247.3384
  type: 'test'
  ...
# Subtest: rope grasp shares the actual coil frame, with connected upper and lower arms
ok 660 - rope grasp shares the actual coil frame, with connected upper and lower arms
  ---
  duration_ms: 10.1317
  type: 'test'
  ...
# Subtest: feet and four cart wheel rims meet actual terrain at both existing sites
ok 661 - feet and four cart wheel rims meet actual terrain at both existing sites
  ---
  duration_ms: 2.3175
  type: 'test'
  ...
# Subtest: short cart shafts stay clear of the established gathering cloth approach
ok 662 - short cart shafts stay clear of the established gathering cloth approach
  ---
  duration_ms: 0.5077
  type: 'test'
  ...
# Subtest: cart shafts cannot pass through Fenna at either existing waiting or delivered stance
ok 663 - cart shafts cannot pass through Fenna at either existing waiting or delivered stance
  ---
  duration_ms: 11.2159
  type: 'test'
  ...
# Subtest: sampling has no hidden clock, and reduced motion holds a connected complete pose
ok 664 - sampling has no hidden clock, and reduced motion holds a connected complete pose
  ---
  duration_ms: 21.1262
  type: 'test'
  ...
# Subtest: entry requires resolved delivery and physical field table; unpaid arrival is eligible
ok 665 - entry requires resolved delivery and physical field table; unpaid arrival is eligible
  ---
  duration_ms: 27.9819
  type: 'test'
  ...
# Subtest: table and all marks have real connected, walkable approaches
ok 666 - table and all marks have real connected, walkable approaches
  ---
  duration_ms: 373.3935
  type: 'test'
  ...
# Subtest: no pre-accept backfill; each accepted physical observation occurs once
ok 667 - no pre-accept backfill; each accepted physical observation occurs once
  ---
  duration_ms: 7.6379
  type: 'test'
  ...
# Subtest: table comparison rejects missing clues, obstructed or distant approach and malformed bearings atomically
ok 668 - table comparison rejects missing clues, obstructed or distant approach and malformed bearings atomically
  ---
  duration_ms: 12.8829
  type: 'test'
  ...
# Subtest: axis 0 and honest old-road preserve every reward and earlier system
ok 669 - axis 0 and honest old-road preserve every reward and earlier system
  ---
  duration_ms: 25.4887
  type: 'test'
  ...
# Subtest: axis 0 and honest waterworks preserve every reward and earlier system
ok 670 - axis 0 and honest waterworks preserve every reward and earlier system
  ---
  duration_ms: 11.8536
  type: 'test'
  ...
# Subtest: axis 180 and honest old-road preserve every reward and earlier system
ok 671 - axis 180 and honest old-road preserve every reward and earlier system
  ---
  duration_ms: 4.6942
  type: 'test'
  ...
# Subtest: axis 180 and honest waterworks preserve every reward and earlier system
ok 672 - axis 180 and honest waterworks preserve every reward and earlier system
  ---
  duration_ms: 8.4963
  type: 'test'
  ...
# Subtest: each accepted, partly observed, compared and recorded stage survives reload
ok 673 - each accepted, partly observed, compared and recorded stage survives reload
  ---
  duration_ms: 11.4634
  type: 'test'
  ...
# Subtest: schema8 migration preserves unpaid delivery and all prior fields at XP boundaries without changing input
ok 674 - schema8 migration preserves unpaid delivery and all prior fields at XP boundaries without changing input
  ---
  duration_ms: 8.7361
  type: 'test'
  ...
# Subtest: missing, future, unknown and inconsistent notes refuse without erasing state
ok 675 - missing, future, unknown and inconsistent notes refuse without erasing state
  ---
  duration_ms: 4.7401
  type: 'test'
  ...
# Subtest: array-coerced interpretation cannot masquerade as a stable ID in a completed save
ok 676 - array-coerced interpretation cannot masquerade as a stable ID in a completed save
  ---
  duration_ms: 2.1498
  type: 'test'
  ...
# Subtest: both road endpoints, arrivals and solid posts use canonical supported geometry
ok 677 - both road endpoints, arrivals and solid posts use canonical supported geometry
  ---
  duration_ms: 24.8725
  type: 'test'
  ...
# Subtest: lake-to-Coastward-to-Hearthwater preserves every durable field and original home
ok 678 - lake-to-Coastward-to-Hearthwater preserves every durable field and original home
  ---
  duration_ms: 12.1345
  type: 'test'
  ...
# Subtest: direct five-light visitor returns through Hearthwater without relocating home
ok 679 - direct five-light visitor returns through Hearthwater without relocating home
  ---
  duration_ms: 3.1914
  type: 'test'
  ...
# Subtest: cold reopening on either side preserves home and all progress
ok 680 - cold reopening on either side preserves home and all progress
  ---
  duration_ms: 10.1867
  type: 'test'
  ...
# Subtest: save refusal and unavailable scene consume ticket without adopting a transition
ok 681 - save refusal and unavailable scene consume ticket without adopting a transition
  ---
  duration_ms: 6.4637
  type: 'test'
  ...
# Subtest: stale ownership, source position, trip and home refuse before saving
ok 682 - stale ownership, source position, trip and home refuse before saving
  ---
  duration_ms: 9.9167
  type: 'test'
  ...
# Subtest: build and post-sync failure restore original runtime reference and complete graph
ok 683 - build and post-sync failure restore original runtime reference and complete graph
  ---
  duration_ms: 9.4843
  type: 'test'
  ...
# Subtest: dead, underwater, distant, unsupported and obstructed bodies cannot preview
ok 684 - dead, underwater, distant, unsupported and obstructed bodies cannot preview
  ---
  duration_ms: 3.3292
  type: 'test'
  ...
# Subtest: a successful ticket cannot pay, accept work or replay even at the opposite sign
ok 685 - a successful ticket cannot pay, accept work or replay even at the opposite sign
  ---
  duration_ms: 2.3856
  type: 'test'
  ...
# Subtest: riverbank access after the local return retains the same original checkpoint
ok 686 - riverbank access after the local return retains the same original checkpoint
  ---
  duration_ms: 8.0889
  type: 'test'
  ...
# Subtest: production road composition keeps every legacy piece except explicitly local leaf clearance
ok 687 - production road composition keeps every legacy piece except explicitly local leaf clearance
  ---
  duration_ms: 65.7423
  type: 'test'
  ...
# Subtest: new ground joins actual legacy top edges and its own cells without a visible seam
ok 688 - new ground joins actual legacy top edges and its own cells without a visible seam
  ---
  duration_ms: 13.2137
  type: 'test'
  ...
# Subtest: inspection and declined job create no progress; acceptance needs kit and proximity
ok 689 - inspection and declined job create no progress; acceptance needs kit and proximity
  ---
  duration_ms: 70.3615
  type: 'test'
  ...
# Subtest: every task uses supported reachable Earth ground
ok 690 - every task uses supported reachable Earth ground
  ---
  duration_ms: 1317.2879
  type: 'test'
  ...
# Subtest: mill prerequisites and timber cost are atomic and charged once
ok 691 - mill prerequisites and timber cost are atomic and charged once
  ---
  duration_ms: 5.5854
  type: 'test'
  ...
# Subtest: mill completes with one finite payout and no gear, XP or chapter changes
ok 692 - mill completes with one finite payout and no gear, XP or chapter changes
  ---
  duration_ms: 3.0667
  type: 'test'
  ...
# Subtest: quarry completes with one finite payout and no gear, XP or chapter changes
ok 693 - quarry completes with one finite payout and no gear, XP or chapter changes
  ---
  duration_ms: 3.0146
  type: 'test'
  ...
# Subtest: detour completes with one finite payout and no gear, XP or chapter changes
ok 694 - detour completes with one finite payout and no gear, XP or chapter changes
  ---
  duration_ms: 25.0945
  type: 'test'
  ...
# Subtest: quarry and detour never consume personal materials; both observations precede lane marking
ok 695 - quarry and detour never consume personal materials; both observations precede lane marking
  ---
  duration_ms: 1.1405
  type: 'test'
  ...
# Subtest: full ore refuses entire payout and preserves completed entitlement
ok 696 - full ore refuses entire payout and preserves completed entitlement
  ---
  duration_ms: 2.1502
  type: 'test'
  ...
# Subtest: full coins refuses entire payout and preserves completed entitlement
ok 697 - full coins refuses entire payout and preserves completed entitlement
  ---
  duration_ms: 1.4887
  type: 'test'
  ...
# Subtest: full fiber refuses entire payout and preserves completed entitlement
ok 698 - full fiber refuses entire payout and preserves completed entitlement
  ---
  duration_ms: 3.7221
  type: 'test'
  ...
# Subtest: all durable stages survive canonical reload with no implicit rewards or reacceptance
ok 699 - all durable stages survive canonical reload with no implicit rewards or reacceptance
  ---
  duration_ms: 13.5667
  type: 'test'
  ...
# Subtest: schema7 migration preserves banked XP and every older canonical field without mutating input
ok 700 - schema7 migration preserves banked XP and every older canonical field without mutating input
  ---
  duration_ms: 9.0601
  type: 'test'
  ...
# Subtest: current-schema missing, future and inconsistent story state refuses instead of erasing
ok 701 - current-schema missing, future and inconsistent story state refuses instead of erasing
  ---
  duration_ms: 7.9045
  type: 'test'
  ...
# Subtest: other improvements remain available after claim without replaying delivery or payment
ok 702 - other improvements remain available after claim without replaying delivery or payment
  ---
  duration_ms: 2.2923
  type: 'test'
  ...
# Subtest: new trail marker does not steal the existing Lantern Pier interaction radius
ok 703 - new trail marker does not steal the existing Lantern Pier interaction radius
  ---
  duration_ms: 12.4108
  type: 'test'
  ...
# Subtest: orchard and ridge approaches connect the lake to Bellweather west road
ok 704 - orchard and ridge approaches connect the lake to Bellweather west road
  ---
  duration_ms: 123.2769
  type: 'test'
  ...
# Subtest: entry saves exact lake checkpoint and transient Earth room never becomes persisted position
ok 705 - entry saves exact lake checkpoint and transient Earth room never becomes persisted position
  ---
  duration_ms: 12.8607
  type: 'test'
  ...
# Subtest: travel refusal and scene failure are atomic
ok 706 - travel refusal and scene failure are atomic
  ---
  duration_ms: 3.3051
  type: 'test'
  ...
# Subtest: stale character, revision, position and cancellation cannot enter
ok 707 - stale character, revision, position and cancellation cannot enter
  ---
  duration_ms: 1.6098
  type: 'test'
  ...
# Subtest: fall recovery uses supported entry and return works from the far road
ok 708 - fall recovery uses supported entry and return works from the far road
  ---
  duration_ms: 2.2934
  type: 'test'
  ...
# Subtest: height-aware surface pick accepts ground and refuses watercourse, solids and sky
ok 709 - height-aware surface pick accepts ground and refuses watercourse, solids and sky
  ---
  duration_ms: 21.4786
  type: 'test'
  ...
# Subtest: manual movement slides without crossing unsupported segments
ok 710 - manual movement slides without crossing unsupported segments
  ---
  duration_ms: 25.0284
  type: 'test'
  ...
# Subtest: the grounded brute pursues outside its short physical sweep instead of striking remotely
ok 711 - the grounded brute pursues outside its short physical sweep instead of striking remotely
  ---
  duration_ms: 23.0824
  type: 'test'
  ...
# Subtest: warning locks the physical lane; turning and moving later cannot chase the target
ok 712 - warning locks the physical lane; turning and moving later cannot chase the target
  ---
  duration_ms: 29.0205
  type: 'test'
  ...
# Subtest: contact hits inside the locked lane exactly once, Brace halves actual damage
ok 713 - contact hits inside the locked lane exactly once, Brace halves actual damage
  ---
  duration_ms: 50.5868
  type: 'test'
  ...
# Subtest: the full warning has no early contact and the full recovery remains an attack-free opening
ok 714 - the full warning has no early contact and the full recovery remains an attack-free opening
  ---
  duration_ms: 15.0377
  type: 'test'
  ...
# Subtest: footprint rotates in world space, includes body edge and excludes sides/rear/far
ok 715 - footprint rotates in world space, includes body edge and excludes sides/rear/far
  ---
  duration_ms: 1.8443
  type: 'test'
  ...
# Subtest: only exact accepted encounter identities use a bank sweep, generic sentinels keep their owner
ok 716 - only exact accepted encounter identities use a bank sweep, generic sentinels keep their owner
  ---
  duration_ms: 0.9705
  type: 'test'
  ...
# Subtest: pause freezes warning and damage; returning/free-home removes transient strike
ok 717 - pause freezes warning and damage; returning/free-home removes transient strike
  ---
  duration_ms: 1.6117
  type: 'test'
  ...
# Subtest: selected threat names the actual sweep and recovery without writing progression
ok 718 - selected threat names the actual sweep and recovery without writing progression
  ---
  duration_ms: 8.0374
  type: 'test'
  ...
# Subtest: a real wall blocks contact even when the player body lies within the sweep
ok 719 - a real wall blocks contact even when the player body lies within the sweep
  ---
  duration_ms: 1.6005
  type: 'test'
  ...
# Subtest: visible warning follows locked frame; reduced motion keeps the complete rectangle and no moving deadline
ok 720 - visible warning follows locked frame; reduced motion keeps the complete rectangle and no moving deadline
  ---
  duration_ms: 1.0644
  type: 'test'
  ...
# Subtest: saved clearance stages only the first brace; a new patrol does not inherit a cleared inspection tag
ok 721 - saved clearance stages only the first brace; a new patrol does not inherit a cleared inspection tag
  ---
  duration_ms: 5.0097
  type: 'test'
  ...
# Subtest: refused actual defeat saves leave no clearance or supplied kit and can be retried
ok 722 - refused actual defeat saves leave no clearance or supplied kit and can be retried
  ---
  duration_ms: 4.2491
  type: 'test'
  ...
# Subtest: installed public API and static fixtures retain actual consent/scene/history projection without writes
ok 723 - installed public API and static fixtures retain actual consent/scene/history projection without writes
  ---
  duration_ms: 87.578
  type: 'test'
  ...
# Subtest: actual roster gives one owned fixed-stat anchored apparatus and art grants nothing
ok 724 - actual roster gives one owned fixed-stat anchored apparatus and art grants nothing
  ---
  duration_ms: 36.7126
  type: 'test'
  ...
# Subtest: every real procedural vertex stays grounded inside the old .65 radius and 2.17 height for all postures/headings
ok 725 - every real procedural vertex stays grounded inside the old .65 radius and 2.17 height for all postures/headings
  ---
  duration_ms: 4345.6835
  type: 'test'
  ...
# {"maximumRadius":0.5440588142143088,"maximumHeight":2.1699999201297757,"bodyInstances":28}
# Subtest: an open gantry/raised captive seal replaces the humanoid stack while stable legacy control tags remain
ok 726 - an open gantry/raised captive seal replaces the humanoid stack while stable legacy control tags remain
  ---
  duration_ms: 18.9308
  type: 'test'
  ...
# Subtest: gantry, trim, signals, feed and registry remain physically attached to the actual convex meshes
ok 727 - gantry, trim, signals, feed and registry remain physically attached to the actual convex meshes
  ---
  duration_ms: 159.7354
  type: 'test'
  ...
# Subtest: anticipation, actual contact and recovery are finite distinct read-only phases without ambient or power scaling
ok 728 - anticipation, actual contact and recovery are finite distinct read-only phases without ambient or power scaling
  ---
  duration_ms: 14.8623
  type: 'test'
  ...
# Subtest: actual production Simulation/AI contact drives the candidate anticipation/impact/recovery without phase writes
ok 729 - actual production Simulation/AI contact drives the candidate anticipation/impact/recovery without phase writes
  ---
  duration_ms: 26.7474
  type: 'test'
  ...
# Subtest: reduced motion keeps quiet phase poses and warnings; pause and both view settings do not change geometry
ok 730 - reduced motion keeps quiet phase poses and warnings; pause and both view settings do not change geometry
  ---
  duration_ms: 20.6004
  type: 'test'
  ...
# Subtest: real broad/narrow locks and explicit clipped frames keep every transformed warning vertex within contact bounds
ok 731 - real broad/narrow locks and explicit clipped frames keep every transformed warning vertex within contact bounds
  ---
  duration_ms: 142.5692
  type: 'test'
  ...
# Subtest: actual annulus retains both paired rims, no filled quiet center and exact immutable strike
ok 732 - actual annulus retains both paired rims, no filled quiet center and exact immutable strike
  ---
  duration_ms: 21.5985
  type: 'test'
  ...
# Subtest: normal warning inset has measurable width/contrast and preserves the actual causal suffix pairs
ok 733 - normal warning inset has measurable width/contrast and preserves the actual causal suffix pairs
  ---
  duration_ms: 16.5199
  type: 'test'
  ...
# {"inlayWidth":0.0442,"colorContrast":8.486893166867459,"claim":"Installed CPU geometry/color only; actual pixels remain separate"}
# Subtest: all material/transform values are finite with positive scales and stable appearance-only controls
ok 734 - all material/transform values are finite with positive scales and stable appearance-only controls
  ---
  duration_ms: 36.9272
  type: 'test'
  ...
# Subtest: stale/copied actors, recorded repulse, dead and wrong scene never draw active art
ok 735 - stale/copied actors, recorded repulse, dead and wrong scene never draw active art
  ---
  duration_ms: 14.5824
  type: 'test'
  ...
# Subtest: statics plus worst-case ring stay within unchanged instance/triangle/batch budgets
ok 736 - statics plus worst-case ring stay within unchanged instance/triangle/batch budgets
  ---
  duration_ms: 17.8642
  type: 'test'
  ...
# {"instances":238,"triangles":2836,"batches":2}
# Subtest: actual installed source membership and bytes stay unchanged during all CPU art checks
ok 737 - actual installed source membership and bytes stay unchanged during all CPU art checks
  ---
  duration_ms: 10.5903
  type: 'test'
  ...
# PASS deep-frozen finite catalogue and branch allocations
# PASS stable finite IDs, physical anchors, and required ordered DAG
# PASS only optional missing world ledger migrates to fresh
# PASS all story subsets enforce real prerequisites, allocation, acceptance and claim
# PASS patrol accepted identity is exactly lastClaim plus one and follows its own DAG
# PASS progress exposes only reachable next actions and both physical choices without mutation
# PASS required binding validates canonical owned weapons, exact shape and paired nulls
# PASS bonus follows selected equipped weapon and never mutates HP, sockets or old fittings
# PASS enemy catalogue is accepted-phase/run-qualified and never a legacy payout
# PASS Core contract either fails closed before integration or saves before live adoption
# PASS real Core migrates Adventure11 only and rejects missing/current/future/crossfield records
# PASS real integrated anchor support and objective-to-giver production paths
# PASS accepted physical actions enforce kit, realm, proximity, branch and DAG
# PASS complete payment capacity rejects every overflowing currency/material before saver
# PASS successful physical work confirms the completed action and keeps payment unclaimed
# PASS ready payment survives refused and throwing durable savers, then cap-bound XP pays zero once
# PASS defeat requires actual accepted actor identity and zero HP; refused death recovers one HP
# PASS same-room accepted roster changes preserve actual live HP, projectiles and combat state
# PASS patrol stale accept/step/claim cannot start or pay a different run
# PASS binding costs/once-only/owned station/health and equipment state are atomic
# {"status":"passed","checks":20,"method":"pure schema/topology/bonus and explicitly labelled adversarial fixtures; physical production journey separate"}
# Subtest: D:\\07-GAMES\\Firstlight\\authoring\\atlantis-harbour-campaign-20261004\\tests\\earth_expedition.test.cjs
ok 43 - D:\\07-GAMES\\Firstlight\\authoring\\atlantis-harbour-campaign-20261004\\tests\\earth_expedition.test.cjs
  ---
  duration_ms: 3579.9475
  type: 'test'
  ...
# Subtest: installed brace actually contacts the east wall outer face and clears the open passage
ok 739 - installed brace actually contacts the east wall outer face and clears the open passage
  ---
  duration_ms: 11.9647
  type: 'test'
  ...
# Subtest: delivered boards rest on the real glade rack and stack without unsupported gaps
ok 740 - delivered boards rest on the real glade rack and stack without unsupported gaps
  ---
  duration_ms: 79.9989
  type: 'test'
  ...
# Subtest: managed allocation material rests on ground and connects its prepared bands
ok 741 - managed allocation material rests on ground and connects its prepared bands
  ---
  duration_ms: 1.0111
  type: 'test'
  ...
# Subtest: both shape-valid allocation histories project only their recorded steps and explicit claim
ok 742 - both shape-valid allocation histories project only their recorded steps and explicit claim
  ---
  duration_ms: 37.1953
  type: 'test'
  ...
# Subtest: worksite actual mesh stays supported and full-body routes/choice/work/foe anchors remain clear
ok 743 - worksite actual mesh stays supported and full-body routes/choice/work/foe anchors remain clear
  ---
  duration_ms: 634.2243
  type: 'test'
  ...
# Subtest: grounded board/posts and shallow readable record layers keep connected construction
ok 744 - grounded board/posts and shallow readable record layers keep connected construction
  ---
  duration_ms: 2.3205
  type: 'test'
  ...
# Subtest: actual static caller emits coalesced floor, unchanged seventy banks and one box per physical solid
ok 745 - actual static caller emits coalesced floor, unchanged seventy banks and one box per physical solid
  ---
  duration_ms: 298.2931
  type: 'test'
  ...
# Subtest: worn path quads use actual support and undergrowth intersects soil without blocking bodies
ok 746 - worn path quads use actual support and undergrowth intersects soil without blocking bodies
  ---
  duration_ms: 600.4211
  type: 'test'
  ...
# Subtest: binding attaches to actual production rig across every weapon/carry/combat/reduced-motion phase and preserves older parts
ok 747 - binding attaches to actual production rig across every weapon/carry/combat/reduced-motion phase and preserves older parts
  ---
  duration_ms: 3029.5372
  type: 'test'
  ...
# Subtest: binding presentation belongs only to an actual selected owned item, never another character or equipped item
ok 748 - binding presentation belongs only to an actual selected owned item, never another character or equipped item
  ---
  duration_ms: 1.5762
  type: 'test'
  ...
# Subtest: actual WorldArt dynamic timber caller submits recorded work and resets scene/fog ownership
ok 749 - actual WorldArt dynamic timber caller submits recorded work and resets scene/fog ownership
  ---
  duration_ms: 48.3423
  type: 'test'
  ...
# Subtest: production fog frame has finite translation-relative focus, no non-Earth ownership and strict guards
ok 750 - production fog frame has finite translation-relative focus, no non-Earth ownership and strict guards
  ---
  duration_ms: 11.9566
  type: 'test'
  ...
# Subtest: borrowed kit belongs to exact active inspection, restores its checked form and never backfills paid runs
ok 751 - borrowed kit belongs to exact active inspection, restores its checked form and never backfills paid runs
  ---
  duration_ms: 8.6686
  type: 'test'
  ...
# Subtest: isolated global-script/CommonJS export a dependency-free frozen appearance API only
ok 752 - isolated global-script/CommonJS export a dependency-free frozen appearance API only
  ---
  duration_ms: 4.7951
  type: 'test'
  ...
# Subtest: only actual windup and recovery timers produce the grounded combat posture
ok 753 - only actual windup and recovery timers produce the grounded combat posture
  ---
  duration_ms: 6.8755
  type: 'test'
  ...
# Subtest: stationary chase intent, pause and elapsed time never fabricate trot, attack results or recoil
ok 754 - stationary chase intent, pause and elapsed time never fabricate trot, attack results or recoil
  ---
  duration_ms: 24.7813
  type: 'test'
  ...
# Subtest: actual triangle bounds stay grounded, finite, compact and inside the existing tell radius
ok 755 - actual triangle bounds stay grounded, finite, compact and inside the existing tell radius
  ---
  duration_ms: 1302.5515
  type: 'test'
  ...
# Subtest: four articulated legs connect actual body, knee meshes and grounded hooves
ok 756 - four articulated legs connect actual body, knee meshes and grounded hooves
  ---
  duration_ms: 38.2587
  type: 'test'
  ...
# Subtest: head, muzzle, tusks, ridge and tail have actual attached mesh anchors
ok 757 - head, muzzle, tusks, ridge and tail have actual attached mesh anchors
  ---
  duration_ms: 82.4642
  type: 'test'
  ...
# Subtest: world root applies translation, supplied support and actual yaw exactly once
ok 758 - world root applies translation, supplied support and actual yaw exactly once
  ---
  duration_ms: 14.1715
  type: 'test'
  ...
# Subtest: confirmed flash changes colors only, and all records are fresh read-only projections
ok 759 - confirmed flash changes colors only, and all records are fresh read-only projections
  ---
  duration_ms: 1.4562
  type: 'test'
  ...
# Subtest: invalid placements/durations/modes and unwritable outputs refuse before partial emission
ok 760 - invalid placements/durations/modes and unwritable outputs refuse before partial emission
  ---
  duration_ms: 13.0005
  type: 'test'
  ...
# Subtest: actual expedition root encounters retain exact rules and physical anchors after pure art projection
ok 761 - actual expedition root encounters retain exact rules and physical anchors after pure art projection
  ---
  duration_ms: 206.3986
  type: 'test'
  ...
# Subtest: production first-story and patrol roster actors from synthetic histories dispatch exactly once
ok 762 - production first-story and patrol roster actors from synthetic histories dispatch exactly once
  ---
  duration_ms: 66.5701
  type: 'test'
  ...
# Subtest: unrelated actual mine and world sentinels retain the five-part original golden control
ok 763 - unrelated actual mine and world sentinels retain the five-part original golden control
  ---
  duration_ms: 12.4157
  type: 'test'
  ...
# Subtest: wrong step, missing/unknown/prefixed/suffixed quest, wrong kind and absent terms do not dispatch
ok 764 - wrong step, missing/unknown/prefixed/suffixed quest, wrong kind and absent terms do not dispatch
  ---
  duration_ms: 22.0212
  type: 'test'
  ...
# Subtest: dead root actor keeps existing dead suppression without warning or target emissions
ok 765 - dead root actor keeps existing dead suppression without warning or target emissions
  ---
  duration_ms: 6.3234
  type: 'test'
  ...
# Subtest: nonzero yaw, support height and actual confirmed-hit recoil are submitted exactly once
ok 766 - nonzero yaw, support height and actual confirmed-hit recoil are submitted exactly once
  ---
  duration_ms: 19.2532
  type: 'test'
  ...
# Subtest: future, missing, expired and reduced-motion hit samples add no recoil
ok 767 - future, missing, expired and reduced-motion hit samples add no recoil
  ---
  duration_ms: 24.2381
  type: 'test'
  ...
# Subtest: actual flash lifetime recolors only the selected beast geometry
ok 768 - actual flash lifetime recolors only the selected beast geometry
  ---
  duration_ms: 5.5586
  type: 'test'
  ...
# Subtest: locked sweep and actor target ring stay outside confirmed body recoil; old distant ring is absent
ok 769 - locked sweep and actor target ring stay outside confirmed body recoil; old distant ring is absent
  ---
  duration_ms: 3.7855
  type: 'test'
  ...
# Subtest: root-only diorama health bar follows actual ground while generic bar retains its original height
ok 770 - root-only diorama health bar follows actual ground while generic bar retains its original height
  ---
  duration_ms: 3.4158
  type: 'test'
  ...
# Subtest: actual paused caller ignores unrelated render time and preserves source state and timer-driven posture
ok 771 - actual paused caller ignores unrelated render time and preserves source state and timer-driven posture
  ---
  duration_ms: 26.1311
  type: 'test'
  ...
# Subtest: the actual caller retains distance gait for one enemy and stops it through pause and recovery
ok 772 - the actual caller retains distance gait for one enemy and stops it through pause and recovery
  ---
  duration_ms: 4.5976
  type: 'test'
  ...
# PASS only existing exact person identities and frozen API are exported
# PASS unknown people refuse without aliasing protected/old residents or deriving a speaker from input
# PASS fresh optional presentation neither accepts work nor assumes a prior visit or repair
# PASS every accepted story stage and both retained choices have short deterministic quiet readings
# PASS all story subsets reject false prerequisite, allocation and claim histories before composing speech
# PASS unpaid deliveries recognize the actual allocation and require a separate explicit camp claim
# PASS only claimed stories recognize exact paid currency/materials and existing support, without guessing XP or current balance
# PASS active and ready patrol readings preserve first repair, allocation and exact run without claiming new payment
# PASS paid patrol and finite record boundary do not promise another repair or an unavailable next circuit
# PASS binding recognition follows canonical committed record, never equipment, inventory or a granted new option
# PASS specific route and encounter advice matches current anchors and distinct real weapon constraints
# PASS presentation leaves an entire production world and its accepted/paid/bound records byte-identical
# PASS browser IIFE and CommonJS return identical pure readings with no DOM or runtime globals
# PASS CommonJS canonical lookup remains pure when the already-loaded Adventure global is absent
# Earth expedition dialogue: 14 focused cases passed; 318 frozen output checks. Synthetic presentation fixtures, not native dialogue or earned progression.
# Subtest: D:\\07-GAMES\\Firstlight\\authoring\\atlantis-harbour-campaign-20261004\\tests\\earth_expedition_dialogue.test.cjs
ok 47 - D:\\07-GAMES\\Firstlight\\authoring\\atlantis-harbour-campaign-20261004\\tests\\earth_expedition_dialogue.test.cjs
  ---
  duration_ms: 353.037
  type: 'test'
  ...
# PASS completed unpaid patrol gives one current return instruction
# PASS patrol terms and accepted final action remember either actual allocation
# PASS old ready run claim refusal retains its checked kit and successful claim settles it once
# PASS fresh invitation exposes both exact allocations, fixed danger, binding cost and deliberate consent
# PASS actual RPG dispatch gives near expedition priority and closing clears an unspent preview
# PASS missing optional ledger migrates to read-only fresh UI while malformed/current/future records never reach it
# PASS real UI delegates acceptance and physical branch work; remote, premature and forged defeat clicks grant nothing
# PASS all valid story stages expose only current DAG routes; legend never performs remote work
# PASS walk dispatch is current-route filtered, physically supported and never grants objective credit
# PASS ready UI requires explicit local claim and preserves complete reward on save refusal
# PASS rendered patrol metadata fences stale accept/work/claim including missing and malformed run fields
# PASS production comparison retains bow behavior, socket, current XP and earlier fits without auto-equipping
# PASS binding preview refuses changed character, simulation, adventure revision and weapon; cancellation spends nothing
# PASS real CharacterStore saver refuses an external write between binding preview and confirmation atomically
# PASS explicit binding confirmation spends once at actual station, leaves equipment/HP/XP and socket intact
# PASS capped and near-cap acceptance cards disclose actual credit and real claim agrees
# PASS actual RPG tick leaves expedition ready/paid/patrol tracker last over concurrent survey and trail
# PASS hydrated expedition restores over an older pinned project once, then respects manual tracking
# PASS actual app applyWorld restore selects accepted or ready expedition and active patrol without losing history
# PASS actual app worldContext installs synchronous savers on fresh restored Sim before active expedition combat
# Earth expedition CPU UI: 20/20 cases passed; 0 failed.
# Subtest: D:\\07-GAMES\\Firstlight\\authoring\\atlantis-harbour-campaign-20261004\\tests\\earth_expedition_ui.test.cjs
ok 48 - D:\\07-GAMES\\Firstlight\\authoring\\atlantis-harbour-campaign-20261004\\tests\\earth_expedition_ui.test.cjs
  ---
  duration_ms: 863.0604
  type: 'test'
  ...
# Subtest: canonical four sections conserve the independently measured old span and fixed east face
ok 775 - canonical four sections conserve the independently measured old span and fixed east face
  ---
  duration_ms: 3.1236
  type: 'test'
  ...
# Subtest: all preparations are transient and produce no durable write or payout
ok 776 - all preparations are transient and produce no durable write or payout
  ---
  duration_ms: 79.4349
  type: 'test'
  ...
# Subtest: root, passage face, drain and substituted section receivers never authorize seating
ok 777 - root, passage face, drain and substituted section receivers never authorize seating
  ---
  duration_ms: 21.388
  type: 'test'
  ...
# Subtest: finite preview bounds, wrong direction and actual endpoint distance are checked
ok 778 - finite preview bounds, wrong direction and actual endpoint distance are checked
  ---
  duration_ms: 7.4436
  type: 'test'
  ...
# Subtest: bounded numeric yaw/pitch court uses an independent chord-length oracle
ok 779 - bounded numeric yaw/pitch court uses an independent chord-length oracle
  ---
  duration_ms: 393.9479
  type: 'test'
  ...
# Subtest: immutable useful preview bounds reject out-of-domain values without silent clamping or epoch changes
ok 780 - immutable useful preview bounds reject out-of-domain values without silent clamping or epoch changes
  ---
  duration_ms: 6.6265
  type: 'test'
  ...
# Subtest: every legal extreme pose preserves sectional length, rises above soil and points to the east side
ok 781 - every legal extreme pose preserves sectional length, rises above soil and points to the east side
  ---
  duration_ms: 4.378
  type: 'test'
  ...
# Subtest: forged plans, cloned tickets and incomplete assembly are rejected
ok 782 - forged plans, cloned tickets and incomplete assembly are rejected
  ---
  duration_ms: 8.1502
  type: 'test'
  ...
# Subtest: views are immutable, branded, live and invalidated by subsequent adjustments
ok 783 - views are immutable, branded, live and invalidated by subsequent adjustments
  ---
  duration_ms: 15.8758
  type: 'test'
  ...
# Subtest: stale fitting refuses different active character without further durable mutation
ok 784 - stale fitting refuses different active character without further durable mutation
  ---
  duration_ms: 10.9593
  type: 'test'
  ...
# Subtest: stale fitting refuses invalid roster revision without further durable mutation
ok 785 - stale fitting refuses invalid roster revision without further durable mutation
  ---
  duration_ms: 17.758
  type: 'test'
  ...
# Subtest: stale fitting refuses missing context lease without further durable mutation
ok 786 - stale fitting refuses missing context lease without further durable mutation
  ---
  duration_ms: 36.5951
  type: 'test'
  ...
# Subtest: stale fitting refuses copied context lease without further durable mutation
ok 787 - stale fitting refuses copied context lease without further durable mutation
  ---
  duration_ms: 31.1773
  type: 'test'
  ...
# Subtest: stale fitting refuses replaced Simulation lease without further durable mutation
ok 788 - stale fitting refuses replaced Simulation lease without further durable mutation
  ---
  duration_ms: 6.0869
  type: 'test'
  ...
# Subtest: stale fitting refuses replaced lease on otherwise identical owner without further durable mutation
ok 789 - stale fitting refuses replaced lease on otherwise identical owner without further durable mutation
  ---
  duration_ms: 14.688
  type: 'test'
  ...
# Subtest: stale fitting refuses changed adventure revision without further durable mutation
ok 790 - stale fitting refuses changed adventure revision without further durable mutation
  ---
  duration_ms: 24.4892
  type: 'test'
  ...
# Subtest: stale fitting refuses different Simulation without further durable mutation
ok 791 - stale fitting refuses different Simulation without further durable mutation
  ---
  duration_ms: 32.4191
  type: 'test'
  ...
# Subtest: stale fitting refuses in-place imported state without further durable mutation
ok 792 - stale fitting refuses in-place imported state without further durable mutation
  ---
  duration_ms: 14.5458
  type: 'test'
  ...
# Subtest: stale fitting refuses replaced adventure owner without further durable mutation
ok 793 - stale fitting refuses replaced adventure owner without further durable mutation
  ---
  duration_ms: 6.8103
  type: 'test'
  ...
# Subtest: stale fitting refuses new trip with identical fields without further durable mutation
ok 794 - stale fitting refuses new trip with identical fields without further durable mutation
  ---
  duration_ms: 4.9804
  type: 'test'
  ...
# Subtest: stale fitting refuses changed trip contents without further durable mutation
ok 795 - stale fitting refuses changed trip contents without further durable mutation
  ---
  duration_ms: 6.6571
  type: 'test'
  ...
# Subtest: stale fitting refuses other Earth travel owner without further durable mutation
ok 796 - stale fitting refuses other Earth travel owner without further durable mutation
  ---
  duration_ms: 5.4446
  type: 'test'
  ...
# Subtest: stale fitting refuses wrong room without further durable mutation
ok 797 - stale fitting refuses wrong room without further durable mutation
  ---
  duration_ms: 6.8462
  type: 'test'
  ...
# Subtest: stale fitting refuses underwater without further durable mutation
ok 798 - stale fitting refuses underwater without further durable mutation
  ---
  duration_ms: 7.5572
  type: 'test'
  ...
# Subtest: stale fitting refuses fallen without further durable mutation
ok 799 - stale fitting refuses fallen without further durable mutation
  ---
  duration_ms: 5.6702
  type: 'test'
  ...
# Subtest: stale fitting refuses death followed by recovered health without further durable mutation
ok 800 - stale fitting refuses death followed by recovered health without further durable mutation
  ---
  duration_ms: 5.0095
  type: 'test'
  ...
# Subtest: stale fitting refuses non-finite health without further durable mutation
ok 801 - stale fitting refuses non-finite health without further durable mutation
  ---
  duration_ms: 8.9666
  type: 'test'
  ...
# Subtest: stale fitting refuses changed home checkpoint without further durable mutation
ok 802 - stale fitting refuses changed home checkpoint without further durable mutation
  ---
  duration_ms: 5.5935
  type: 'test'
  ...
# Subtest: stale fitting refuses outside work range without further durable mutation
ok 803 - stale fitting refuses outside work range without further durable mutation
  ---
  duration_ms: 5.7655
  type: 'test'
  ...
# Subtest: stale fitting refuses blocked east wall without further durable mutation
ok 804 - stale fitting refuses blocked east wall without further durable mutation
  ---
  duration_ms: 4.9966
  type: 'test'
  ...
# Subtest: stale fitting refuses changed job branch without further durable mutation
ok 805 - stale fitting refuses changed job branch without further durable mutation
  ---
  duration_ms: 4.8474
  type: 'test'
  ...
# Subtest: stale fitting refuses changed prerequisites without further durable mutation
ok 806 - stale fitting refuses changed prerequisites without further durable mutation
  ---
  duration_ms: 5.0289
  type: 'test'
  ...
# Subtest: bad owner, unaccepted or malformed histories cannot begin a fitting
ok 807 - bad owner, unaccepted or malformed histories cannot begin a fitting
  ---
  duration_ms: 1.3202
  type: 'test'
  ...
# Subtest: only a matching caller-owned frozen opaque lease can begin; rules never stamp or persist it
ok 808 - only a matching caller-owned frozen opaque lease can begin; rules never stamp or persist it
  ---
  duration_ms: 2.8288
  type: 'test'
  ...
# Subtest: real Store.save time and camera writes change real roster revisions without ending the same fitting
ok 809 - real Store.save time and camera writes change real roster revisions without ending the same fitting
  ---
  duration_ms: 22.8036
  type: 'test'
  ...
# Subtest: lease renewal rejects identical in-place import lifecycle even when durable bytes and references match
ok 810 - lease renewal rejects identical in-place import lifecycle even when durable bytes and references match
  ---
  duration_ms: 6.2306
  type: 'test'
  ...
# Subtest: real Store identical import and switch replace app lease/Simulation; old fitting cannot follow
ok 811 - real Store identical import and switch replace app lease/Simulation; old fitting cannot follow
  ---
  duration_ms: 8.4502
  type: 'test'
  ...
# Subtest: real Store quota refusal keeps fitted authority usable and retries the existing durable commit once
ok 812 - real Store quota refusal keeps fitted authority usable and retries the existing durable commit once
  ---
  duration_ms: 11.94
  type: 'test'
  ...
# Subtest: real Store.checkSource rejects a stale writer despite a matching local fitting lease
ok 813 - real Store.checkSource rejects a stale writer despite a matching local fitting lease
  ---
  duration_ms: 6.7042
  type: 'test'
  ...
# Subtest: real Store missing editing lock refuses fastening; restored real writer can retry
ok 814 - real Store missing editing lock refuses fastening; restored real writer can retry
  ---
  duration_ms: 18.9696
  type: 'test'
  ...
# Subtest: save refusal retains usable authority; real commit records once and consumption follows it
ok 815 - save refusal retains usable authority; real commit records once and consumption follows it
  ---
  duration_ms: 8.5752
  type: 'test'
  ...
# Subtest: throwing saver does not consume the fitted ticket or mutate accepted work
ok 816 - throwing saver does not consume the fitted ticket or mutate accepted work
  ---
  duration_ms: 10.9782
  type: 'test'
  ...
# Subtest: missing physical east support rejects the otherwise complete fitting
ok 817 - missing physical east support rejects the otherwise complete fitting
  ---
  duration_ms: 5.7552
  type: 'test'
  ...
# Subtest: cancel, superseding plan and cold restart retain accepted work but discard partial fitting
ok 818 - cancel, superseding plan and cold restart retain accepted work but discard partial fitting
  ---
  duration_ms: 6.3836
  type: 'test'
  ...
# Subtest: older completed and paid histories keep existing duplicate ordering, zero writes and exact history
ok 819 - older completed and paid histories keep existing duplicate ordering, zero writes and exact history
  ---
  duration_ms: 3.3948
  type: 'test'
  ...
# Subtest: integrated generic incomplete brace step refuses without proof and changes no durable state
ok 820 - integrated generic incomplete brace step refuses without proof and changes no durable state
  ---
  duration_ms: 1.5134
  type: 'test'
  ...
# Subtest: actual four-section timber exactly covers the legacy support without a dimension or material change
ok 821 - actual four-section timber exactly covers the legacy support without a dimension or material change
  ---
  duration_ms: 10.1222
  type: 'test'
  ...
# Subtest: supplied members each lie flat in supported soil without intersections or buried corners
ok 822 - supplied members each lie flat in supported soil without intersections or buried corners
  ---
  duration_ms: 7.1557
  type: 'test'
  ...
# Subtest: supplied collar kits rest on soil and preserve the same real plate dimensions when fitted
ok 823 - supplied collar kits rest on soil and preserve the same real plate dimensions when fitted
  ---
  duration_ms: 60.7675
  type: 'test'
  ...
# Subtest: real collars contact both adjacent sections, have open timber centres and visible attached scarf seams
ok 824 - real collars contact both adjacent sections, have open timber centres and visible attached scarf seams
  ---
  duration_ms: 122.0237
  type: 'test'
  ...
# Subtest: actual permanent receivers and members attach only to the east wall outer face
ok 825 - actual permanent receivers and members attach only to the east wall outer face
  ---
  duration_ms: 44.145
  type: 'test'
  ...
# Subtest: real-mesh contact oracle rejects separated collars and diagonally separated boxes
ok 826 - real-mesh contact oracle rejects separated collars and diagonally separated boxes
  ---
  duration_ms: 4.8467
  type: 'test'
  ...
# Subtest: production normal transform agrees with actual transformed triangle normals in each physical pose
ok 827 - production normal transform agrees with actual transformed triangle normals in each physical pose
  ---
  duration_ms: 22.9319
  type: 'test'
  ...
# Subtest: ledger authority and old completed or paid patrol histories produce the same permanent support
ok 828 - ledger authority and old completed or paid patrol histories produce the same permanent support
  ---
  duration_ms: 3.391
  type: 'test'
  ...
# Subtest: only real live projections move supplied members, and ready fitting remains temporary before saved fastening
ok 829 - only real live projections move supplied members, and ready fitting remains temporary before saved fastening
  ---
  duration_ms: 15.11
  type: 'test'
  ...
# Subtest: cached preview loses display authority on scene, state, death, revision and work-point changes
ok 830 - cached preview loses display authority on scene, state, death, revision and work-point changes
  ---
  duration_ms: 16.4248
  type: 'test'
  ...
# Subtest: real stamped lease preserves art across fresh save revisions and rejects missing, copied or invalid owners
ok 831 - real stamped lease preserves art across fresh save revisions and rejects missing, copied or invalid owners
  ---
  duration_ms: 6.9305
  type: 'test'
  ...
# Subtest: legal wrong-pose extrema keep each actual active section above soil and at the outer wall flank
ok 832 - legal wrong-pose extrema keep each actual active section above soil and at the outer wall flank
  ---
  duration_ms: 2882.8198
  type: 'test'
  ...
# Subtest: all supplied, fitting and permanent actual meshes keep root routes, full bodies and original work anchors clear
ok 833 - all supplied, fitting and permanent actual meshes keep root routes, full bodies and original work anchors clear
  ---
  duration_ms: 381.8283
  type: 'test'
  ...
# Subtest: actual third-person Look clears canonical padded wall/cap and preserves current branded view
ok 834 - actual third-person Look clears canonical padded wall/cap and preserves current branded view
  ---
  duration_ms: 164.1819
  type: 'test'
  ...
# Subtest: diorama and wide framing stay inside actual saved camera-profile bounds
ok 835 - diorama and wide framing stay inside actual saved camera-profile bounds
  ---
  duration_ms: 155.0854
  type: 'test'
  ...
# Subtest: desktop and portrait framing contain actual member corners and five receiving sockets
ok 836 - desktop and portrait framing contain actual member corners and five receiving sockets
  ---
  duration_ms: 577.9356
  type: 'test'
  ...
# Subtest: actual framing rejects cloned/expired authority and unrelated recorded-looking characters
ok 837 - actual framing rejects cloned/expired authority and unrelated recorded-looking characters
  ---
  duration_ms: 42.793
  type: 'test'
  ...
# Subtest: actual movement/owner synchronization releases framing while synthetic raw revision observations preserve it
ok 838 - actual movement/owner synchronization releases framing while synthetic raw revision observations preserve it
  ---
  duration_ms: 42.2734
  type: 'test'
  ...
# Subtest: real Core/Adventure/schema owners retain existing versions and transient lease stays outside saves
ok 839 - real Core/Adventure/schema owners retain existing versions and transient lease stays outside saves
  ---
  duration_ms: 22.8134
  type: 'test'
  ...
# Subtest: actual integrated E.command rejects bare incomplete brace step without saving
ok 840 - actual integrated E.command rejects bare incomplete brace step without saving
  ---
  duration_ms: 9.8525
  type: 'test'
  ...
# Subtest: missing fitting module or consume method fails closed before durable saver
ok 841 - missing fitting module or consume method fails closed before durable saver
  ---
  duration_ms: 16.304
  type: 'test'
  ...
# Subtest: forged, copied and incomplete authorities cannot authorize the command
ok 842 - forged, copied and incomplete authorities cannot authorize the command
  ---
  duration_ms: 14.9162
  type: 'test'
  ...
# Subtest: wrong root/drain receiving faces and unseated wrong geometry cannot produce command authority
ok 843 - wrong root/drain receiving faces and unseated wrong geometry cannot produce command authority
  ---
  duration_ms: 6.3305
  type: 'test'
  ...
# Subtest: a real complete ticket from another identical synthetic owner cannot cross simulations
ok 844 - a real complete ticket from another identical synthetic owner cannot cross simulations
  ---
  duration_ms: 12.1962
  type: 'test'
  ...
# Subtest: existing prerequisite and proximity checks run before the new proof gate
ok 845 - existing prerequisite and proximity checks run before the new proof gate
  ---
  duration_ms: 3.5612
  type: 'test'
  ...
# Subtest: throwing or asynchronous validation is refused without mutation
ok 846 - throwing or asynchronous validation is refused without mutation
  ---
  duration_ms: 7.574
  type: 'test'
  ...
# Subtest: actual command rejects stale fitting: Adventure revision
ok 847 - actual command rejects stale fitting: Adventure revision
  ---
  duration_ms: 6.2367
  type: 'test'
  ...
# Subtest: actual command rejects stale fitting: renewed identical-owner lease
ok 848 - actual command rejects stale fitting: renewed identical-owner lease
  ---
  duration_ms: 5.9681
  type: 'test'
  ...
# Subtest: actual command rejects stale fitting: missing lease
ok 849 - actual command rejects stale fitting: missing lease
  ---
  duration_ms: 6.2299
  type: 'test'
  ...
# Subtest: actual command rejects stale fitting: copied lease
ok 850 - actual command rejects stale fitting: copied lease
  ---
  duration_ms: 7.993
  type: 'test'
  ...
# Subtest: actual command rejects stale fitting: changed active character
ok 851 - actual command rejects stale fitting: changed active character
  ---
  duration_ms: 5.8968
  type: 'test'
  ...
# Subtest: actual command rejects stale fitting: changed trip identity
ok 852 - actual command rejects stale fitting: changed trip identity
  ---
  duration_ms: 7.1386
  type: 'test'
  ...
# Subtest: actual command rejects stale fitting: changed original checkpoint
ok 853 - actual command rejects stale fitting: changed original checkpoint
  ---
  duration_ms: 6.7544
  type: 'test'
  ...
# Subtest: actual command rejects stale fitting: identical imported state identity
ok 854 - actual command rejects stale fitting: identical imported state identity
  ---
  duration_ms: 8.0299
  type: 'test'
  ...
# Subtest: actual command rejects stale fitting: job phase
ok 855 - actual command rejects stale fitting: job phase
  ---
  duration_ms: 7.2805
  type: 'test'
  ...
# Subtest: actual command rejects stale fitting: death generation
ok 856 - actual command rejects stale fitting: death generation
  ---
  duration_ms: 6.5912
  type: 'test'
  ...
# Subtest: actual command rejects stale fitting: dead owner
ok 857 - actual command rejects stale fitting: dead owner
  ---
  duration_ms: 6.4107
  type: 'test'
  ...
# Subtest: actual command rejects stale fitting: travel away
ok 858 - actual command rejects stale fitting: travel away
  ---
  duration_ms: 5.3366
  type: 'test'
  ...
# Subtest: actual command rejects stale fitting: unsupported work point
ok 859 - actual command rejects stale fitting: unsupported work point
  ---
  duration_ms: 6.4464
  type: 'test'
  ...
# Subtest: cancelled ready ticket rejects and beginning again requires another actual fitting
ok 860 - cancelled ready ticket rejects and beginning again requires another actual fitting
  ---
  duration_ms: 13.862
  type: 'test'
  ...
# Subtest: successful stormfall-recovery fastening saves once, consumes before sync, and pays nothing
ok 861 - successful stormfall-recovery fastening saves once, consumes before sync, and pays nothing
  ---
  duration_ms: 14.446
  type: 'test'
  ...
# Subtest: successful managed-coppice fastening saves once, consumes before sync, and pays nothing
ok 862 - successful managed-coppice fastening saves once, consumes before sync, and pays nothing
  ---
  duration_ms: 8.761
  type: 'test'
  ...
# Subtest: synchronous real Store quota refusal keeps same ready ticket and retry commits once
ok 863 - synchronous real Store quota refusal keeps same ready ticket and retry commits once
  ---
  duration_ms: 11.1068
  type: 'test'
  ...
# Subtest: throwing saver and promise saver refuse without consuming a valid ticket
ok 864 - throwing saver and promise saver refuse without consuming a valid ticket
  ---
  duration_ms: 7.3417
  type: 'test'
  ...
# Subtest: record capacity refusal leaves the same ticket ready and makes no saver call
ok 865 - record capacity refusal leaves the same ticket ready and makes no saver call
  ---
  duration_ms: 5.8299
  type: 'test'
  ...
# Subtest: real Store saves of time and both camera preferences advance real revisions without ending fitting
ok 866 - real Store saves of time and both camera preferences advance real revisions without ending fitting
  ---
  duration_ms: 11.351
  type: 'test'
  ...
# Subtest: actual Store source guard rejects a stale writer independently of a valid fitting ticket
ok 867 - actual Store source guard rejects a stale writer independently of a valid fitting ticket
  ---
  duration_ms: 15.0601
  type: 'test'
  ...
# Subtest: actual Store missing writer lock refuses; restored writer retries the same fitted authority
ok 868 - actual Store missing writer lock refuses; restored writer retries the same fitted authority
  ---
  duration_ms: 12.7942
  type: 'test'
  ...
# Subtest: reloaded completed and old paid histories duplicate before fitting availability
ok 869 - reloaded completed and old paid histories duplicate before fitting availability
  ---
  duration_ms: 5.8222
  type: 'test'
  ...
# Subtest: first-story delivery and once-only fee remain their existing separate actual commands
ok 870 - first-story delivery and once-only fee remain their existing separate actual commands
  ---
  duration_ms: 10.8114
  type: 'test'
  ...
# Subtest: existing payment capacity refusal retains complete unpaid work with no fitting dependency
ok 871 - existing payment capacity refusal retains complete unpaid work with no fitting dependency
  ---
  duration_ms: 9.5858
  type: 'test'
  ...
# Subtest: existing accepted patrol glade inspection and payment remain independent of brace fitting
ok 872 - existing accepted patrol glade inspection and payment remain independent of brace fitting
  ---
  duration_ms: 5.742
  type: 'test'
  ...
# Subtest: postcommit consume-return preserves actual saved completion and reports a warning
ok 873 - postcommit consume-return preserves actual saved completion and reports a warning
  ---
  duration_ms: 8.8528
  type: 'test'
  ...
# Subtest: postcommit consume-throw preserves actual saved completion and reports a warning
ok 874 - postcommit consume-throw preserves actual saved completion and reports a warning
  ---
  duration_ms: 9.2019
  type: 'test'
  ...
# Subtest: postcommit sync-return preserves actual saved completion and reports a warning
ok 875 - postcommit sync-return preserves actual saved completion and reports a warning
  ---
  duration_ms: 9.9545
  type: 'test'
  ...
# Subtest: postcommit sync-throw preserves actual saved completion and reports a warning
ok 876 - postcommit sync-throw preserves actual saved completion and reports a warning
  ---
  duration_ms: 14.5869
  type: 'test'
  ...
# Subtest: postcommit both-throw preserves actual saved completion and reports a warning
ok 877 - postcommit both-throw preserves actual saved completion and reports a warning
  ---
  duration_ms: 8.637
  type: 'test'
  ...
# Subtest: rendered child routing begins real transient fitting and keeps expedition authority separate
ok 878 - rendered child routing begins real transient fitting and keeps expedition authority separate
  ---
  duration_ms: 28.829
  type: 'test'
  ...
# Subtest: wrong fits, missing inspection, stale section controls and illegal numeric poses grant no progress
ok 879 - wrong fits, missing inspection, stale section controls and illegal numeric poses grant no progress
  ---
  duration_ms: 30.5271
  type: 'test'
  ...
# Subtest: native-style input routing updates feedback and counterpart controls in place without repaint
ok 880 - native-style input routing updates feedback and counterpart controls in place without repaint
  ---
  duration_ms: 6.9903
  type: 'test'
  ...
# Subtest: four real sections require deliberate inspect and seat; reuse changes only orientation
ok 881 - four real sections require deliberate inspect and seat; reuse changes only orientation
  ---
  duration_ms: 20.3669
  type: 'test'
  ...
# Subtest: save refusal preserves ready ticket; explicit retry commits real expedition once and consumes after success
ok 882 - save refusal preserves ready ticket; explicit retry commits real expedition once and consumes after success
  ---
  duration_ms: 49.5702
  type: 'test'
  ...
# Subtest: controller refuses unconfirmed free success and thrown saver without discarding current fitting
ok 883 - controller refuses unconfirmed free success and thrown saver without discarding current fitting
  ---
  duration_ms: 21.7206
  type: 'test'
  ...
# Subtest: confirmed saved completion keeps a distinct postcommit warning visible without offering another fasten
ok 884 - confirmed saved completion keeps a distinct postcommit warning visible without offering another fasten
  ---
  duration_ms: 64.2922
  type: 'test'
  ...
# Subtest: real managed Store observation/camera/time saves and menu resets retain fitting with fresh context
ok 885 - real managed Store observation/camera/time saves and menu resets retain fitting with fresh context
  ---
  duration_ms: 15.0962
  type: 'test'
  ...
# Subtest: explicit cancel/restart discard only transient work and invalidate previous branded views
ok 886 - explicit cancel/restart discard only transient work and invalidate previous branded views
  ---
  duration_ms: 12.5506
  type: 'test'
  ...
# Subtest: real owner, scene, death, imported state and work-range expiry reject final action and revoke old art
ok 887 - real owner, scene, death, imported state and work-range expiry reject final action and revoke old art
  ---
  duration_ms: 128.8552
  type: 'test'
  ...
# Subtest: generic ExpeditionUI step cannot bypass the integrated proof gate or use child DOM as proof
ok 888 - generic ExpeditionUI step cannot bypass the integrated proof gate or use child DOM as proof
  ---
  duration_ms: 16.8171
  type: 'test'
  ...
# Subtest: old completed/paid histories expose retained repair and cold partial reload exposes fresh supplied kit
ok 889 - old completed/paid histories expose retained repair and cold partial reload exposes fresh supplied kit
  ---
  duration_ms: 10.3034
  type: 'test'
  ...
# Subtest: optional receiving-face action only delegates a real branded view and never chooses camera or seats work
ok 890 - optional receiving-face action only delegates a real branded view and never chooses camera or seats work
  ---
  duration_ms: 4.8955
  type: 'test'
  ...
# Subtest: unconfirmed receiving-face callback fails closed and leaves workspace/fitting current
ok 891 - unconfirmed receiving-face callback fails closed and leaves workspace/fitting current
  ---
  duration_ms: 5.2516
  type: 'test'
  ...
# Subtest: recorded-support look delegates null only to the supplied framing owner and closes on confirmation
ok 892 - recorded-support look delegates null only to the supplied framing owner and closes on confirmation
  ---
  duration_ms: 1.4276
  type: 'test'
  ...
# Subtest: explicit current Earth command-earned cohort is required
ok 893 - explicit current Earth command-earned cohort is required # SKIP Run tools/earth_homecoming_journey.cjs; this generic rules invocation has no cohort path.
  ---
  duration_ms: 0.76
  type: 'test'
  ...
# Subtest: actual RPG constructor owns one EH component and retains old menu/tracker/weapon fields
ok 894 - actual RPG constructor owns one EH component and retains old menu/tracker/weapon fields
  ---
  duration_ms: 58.582
  type: 'test'
  ...
# Subtest: actual RPG read/close hands fresh ineligible interaction to original initial-kit and starter owners
ok 895 - actual RPG read/close hands fresh ineligible interaction to original initial-kit and starter owners
  ---
  duration_ms: 33.3984
  type: 'test'
  ...
# Subtest: actual UI acceptance crosses captured app writer into real Character Store before live adoption
ok 896 - actual UI acceptance crosses captured app writer into real Character Store before live adoption
  ---
  duration_ms: 100.6974
  type: 'test'
  ...
# Subtest: ordinary UI host command refuses storage failure without UI fallback grants
ok 897 - ordinary UI host command refuses storage failure without UI fallback grants
  ---
  duration_ms: 112.5144
  type: 'test'
  ...
# Subtest: bound EH exhaustion writer rejects changed sim/state/store/active before save
ok 898 - bound EH exhaustion writer rejects changed sim/state/store/active before save
  ---
  duration_ms: 149.5219
  type: 'test'
  ...
# Subtest: bound UI writer rejects active/store switches during the actual synchronous save
ok 899 - bound UI writer rejects active/store switches during the actual synchronous save
  ---
  duration_ms: 112.6844
  type: 'test'
  ...
# Subtest: ordinary real Store revisions can advance without making the bound combat writer permanently stale
ok 900 - ordinary real Store revisions can advance without making the bound combat writer permanently stale
  ---
  duration_ms: 145.965
  type: 'test'
  ...
# Subtest: changing workspace/closing/reset clears actual pending bindings without changing stored history or unrelated controls
ok 901 - changing workspace/closing/reset clears actual pending bindings without changing stored history or unrelated controls
  ---
  duration_ms: 35.8869
  type: 'test'
  ...
# Subtest: cancelled or stale UI submenu confirmation cannot adopt the junction aftermath
ok 902 - cancelled or stale UI submenu confirmation cannot adopt the junction aftermath
  ---
  duration_ms: 96.2303
  type: 'test'
  ...
# Subtest: actual UI claim saves the complete fixed fee once and cold Store reload preserves both characters and chosen history
ok 903 - actual UI claim saves the complete fixed fee once and cold Store reload preserves both characters and chosen history
  ---
  duration_ms: 103.2739
  type: 'test'
  ...
# Subtest: actual UI whole-fee capacity refusal includes crystal and retains a ready unpaid account
ok 904 - actual UI whole-fee capacity refusal includes crystal and retains a ready unpaid account
  ---
  duration_ms: 31.097
  type: 'test'
  ...
# Subtest: actual UI refused fee save never adopts partial materials, claimed flag or replay payout
ok 905 - actual UI refused fee save never adopts partial materials, claimed flag or replay payout
  ---
  duration_ms: 29.8758
  type: 'test'
  ...
# Subtest: actual world context, map markers and home route legend preserve explicit fresh journal accessibility
ok 906 - actual world context, map markers and home route legend preserve explicit fresh journal accessibility
  ---
  duration_ms: 29.0963
  type: 'test'
  ...
# Subtest: actual tracker-open and EH last tracker projection expose unpaid work without stealing another active tracker
ok 907 - actual tracker-open and EH last tracker projection expose unpaid work without stealing another active tracker
  ---
  duration_ms: 17.8771
  type: 'test'
  ...
# Subtest: actual Regent dispatch precedes sentinel fallback and draws the exact owned immutable warning
ok 908 - actual Regent dispatch precedes sentinel fallback and draws the exact owned immutable warning
  ---
  duration_ms: 95.977
  type: 'test'
  ...
# Subtest: actual physical AI cue renders broad/narrow/ring labels and recovery without undefined copy
ok 909 - actual physical AI cue renders broad/narrow/ring labels and recovery without undefined copy
  ---
  duration_ms: 303.9956
  type: 'test'
  ...
# Subtest: click and perspective health projection use actual Regent foundation and crown height
ok 910 - click and perspective health projection use actual Regent foundation and crown height
  ---
  duration_ms: 80.9862
  type: 'test'
  ...
# Subtest: actual WorldArt update emits home trace only after saved physical home-return for both aftermaths
ok 911 - actual WorldArt update emits home trace only after saved physical home-return for both aftermaths
  ---
  duration_ms: 22.9666
  type: 'test'
  ...
# Subtest: actual road fixture draw and reset retain foreign scene/nonaccepted boundaries
ok 912 - actual road fixture draw and reset retain foreign scene/nonaccepted boundaries
  ---
  duration_ms: 32.9906
  type: 'test'
  ...
# Subtest: app Realm diagnostics copy actual EH facts/runtime rather than expose mutable owner references
ok 913 - app Realm diagnostics copy actual EH facts/runtime rather than expose mutable owner references
  ---
  duration_ms: 29.499
  type: 'test'
  ...
# Subtest: build/shell ordered tokens load data+rules before Core/Adventure and repaired UI/art/CSS exactly once
ok 914 - build/shell ordered tokens load data+rules before Core/Adventure and repaired UI/art/CSS exactly once
  ---
  duration_ms: 2.4076
  type: 'test'
  ...
# Subtest: optional Core owner is canonical and missing-field migration preserves XP1-5/9999
ok 915 - optional Core owner is canonical and missing-field migration preserves XP1-5/9999
  ---
  duration_ms: 136.1318
  type: 'test'
  ...
# Subtest: historical full-world input is unchanged except the real optional default; no flags transplanted
ok 916 - historical full-world input is unchanged except the real optional default; no flags transplanted
  ---
  duration_ms: 11.8322
  type: 'test'
  ...
# Subtest: Core validates every prerequisite before accepted homecoming and rejects absent Open Confluence
ok 917 - Core validates every prerequisite before accepted homecoming and rejects absent Open Confluence
  ---
  duration_ms: 133.4827
  type: 'test'
  ...
# Subtest: strict optional record rejects future fields and reordered consent/work/aftermath history
ok 918 - strict optional record rejects future fields and reordered consent/work/aftermath history
  ---
  duration_ms: 193.9897
  type: 'test'
  ...
# Subtest: real snapshots/legacy storage/managed Character Store keep accepted and partial new history
ok 919 - real snapshots/legacy storage/managed Character Store keep accepted and partial new history
  ---
  duration_ms: 36.119
  type: 'test'
  ...
# Subtest: reading/default data helpers are pure and do not grant consent, reward or new actor
ok 920 - reading/default data helpers are pure and do not grant consent, reward or new actor
  ---
  duration_ms: 27.982
  type: 'test'
  ...
# Subtest: acceptance requires current traveller/revision and physical supported home, not menu realm selection
ok 921 - acceptance requires current traveller/revision and physical supported home, not menu realm selection
  ---
  duration_ms: 14.1212
  type: 'test'
  ...
# Subtest: save-before-adopt refuses throws/Promise/candidate mutation and changed traveller/position ownership
ok 922 - save-before-adopt refuses throws/Promise/candidate mutation and changed traveller/position ownership
  ---
  duration_ms: 224.7791
  type: 'test'
  ...
# Subtest: actual scene roster/signature creates one canonical anchored model only after deliberate challenge
ok 923 - actual scene roster/signature creates one canonical anchored model only after deliberate challenge
  ---
  duration_ms: 31.0661
  type: 'test'
  ...
# Subtest: actual AI locks the 10.5m bow lane before generic 8.5 awareness and never chases
ok 924 - actual AI locks the 10.5m bow lane before generic 8.5 awareness and never chases
  ---
  duration_ms: 50.997
  type: 'test'
  ...
# Subtest: clear beyond maximum reach stays idle; no awareness, invisible reach or pursuit
ok 925 - clear beyond maximum reach stays idle; no awareness, invisible reach or pursuit
  ---
  duration_ms: 51.1371
  type: 'test'
  ...
# Subtest: actual long-warning scheduling remains finite and fully supported in all32 clear headings
ok 926 - actual long-warning scheduling remains finite and fully supported in all32 clear headings
  ---
  duration_ms: 1807.8434
  type: 'test'
  ...
# Subtest: broad warning is locked before mode changes; supplied screen changes only future broad tells
ok 927 - broad warning is locked before mode changes; supplied screen changes only future broad tells
  ---
  duration_ms: 70.3435
  type: 'test'
  ...
# Subtest: target movement leaves frame fixed and a real manual step outside the narrow lane misses
ok 928 - target movement leaves frame fixed and a real manual step outside the narrow lane misses
  ---
  duration_ms: 52.6164
  type: 'test'
  ...
# Subtest: low-HP ring keeps exact rims and quiet center; the same live schedule accepts inside/outside misses
ok 929 - low-HP ring keeps exact rims and quiet center; the same live schedule accepts inside/outside misses
  ---
  duration_ms: 239.9216
  type: 'test'
  ...
# Subtest: the fixed long lane is selected when an actual low-HP ring cannot reach the bow user
ok 930 - the fixed long lane is selected when an actual low-HP ring cannot reach the bow user
  ---
  duration_ms: 47.6887
  type: 'test'
  ...
# Subtest: actual Brace halves the scheduled fixed contact through existing defense/mitigation
ok 931 - actual Brace halves the scheduled fixed contact through existing defense/mitigation
  ---
  duration_ms: 127.6618
  type: 'test'
  ...
# Subtest: pause preserves owned frame/timers and rejects damage; unpause resumes the same schedule
ok 932 - pause preserves owned frame/timers and rejects damage; unpause resumes the same schedule
  ---
  duration_ms: 44.5978
  type: 'test'
  ...
# Subtest: actual blade attack and bow projectile accept live windup/recovery using canonical owner
ok 933 - actual blade attack and bow projectile accept live windup/recovery using canonical owner
  ---
  duration_ms: 97.9022
  type: 'test'
  ...
# Subtest: actual autoattack uses its existing anticipated command and a real projectile, without direct HP edits
ok 934 - actual autoattack uses its existing anticipated command and a real projectile, without direct HP edits
  ---
  duration_ms: 38.1855
  type: 'test'
  ...
# Subtest: Earth arrows use actual supported/covered geometry with no new projectile dispatch
ok 935 - Earth arrows use actual supported/covered geometry with no new projectile dispatch
  ---
  duration_ms: 34.1897
  type: 'test'
  ...
# Subtest: real damage rejects cloned, duplicate, replaced-runtime, departed and changed-state identities
ok 936 - real damage rejects cloned, duplicate, replaced-runtime, departed and changed-state identities
  ---
  duration_ms: 53.0654
  type: 'test'
  ...
# Subtest: exhaustion saves the local repulse before generic rewards and never records generic loot
ok 937 - exhaustion saves the local repulse before generic rewards and never records generic loot
  ---
  duration_ms: 26.3388
  type: 'test'
  ...
# Subtest: refused exhaustion restores actual HP1 with no generic replay; a later actual hit saves once
ok 938 - refused exhaustion restores actual HP1 with no generic replay; a later actual hit saves once
  ---
  duration_ms: 33.4389
  type: 'test'
  ...
# Subtest: stale/changed owner at exhaustion cannot adopt or pay; the profile adapter remains Root-owned
ok 939 - stale/changed owner at exhaustion cannot adopt or pay; the profile adapter remains Root-owned
  ---
  duration_ms: 78.4465
  type: 'test'
  ...
# Subtest: leaving discards campaign actors/arrows but preserves companion/cooldowns and old Cosmos behavior
ok 940 - leaving discards campaign actors/arrows but preserves companion/cooldowns and old Cosmos behavior
  ---
  duration_ms: 26.0205
  type: 'test'
  ...
# Subtest: re-entry after unfinished battle creates a fresh actual actor without second acceptance fee or reward
ok 941 - re-entry after unfinished battle creates a fresh actual actor without second acceptance fee or reward
  ---
  duration_ms: 23.9925
  type: 'test'
  ...
# Subtest: passage safety, explicit lasting aftermath, return verification/home interaction and payout are distinct
ok 942 - passage safety, explicit lasting aftermath, return verification/home interaction and payout are distinct
  ---
  duration_ms: 39.109
  type: 'test'
  ...
# Subtest: both chosen homecomings preserve all prior owners, explicit choices, equipment/sockets and same fixed fee
ok 943 - both chosen homecomings preserve all prior owners, explicit choices, equipment/sockets and same fixed fee
  ---
  duration_ms: 91.0924
  type: 'test'
  ...
# Subtest: whole fee capacity or writer refusal leaves unpaid completion and permits exactly one later retry
ok 944 - whole fee capacity or writer refusal leaves unpaid completion and permits exactly one later retry
  ---
  duration_ms: 199.9572
  type: 'test'
  ...
# Subtest: stored XP cap clips XP only, without gear/HP/heal or altering the original paid owners
ok 945 - stored XP cap clips XP only, without gear/HP/heal or altering the original paid owners
  ---
  duration_ms: 29.4107
  type: 'test'
  ...
# Subtest: every Root input and legitimate earlier world remains byte-frozen after source-overlay tests
ok 946 - every Root input and legitimate earlier world remains byte-frozen after source-overlay tests
  ---
  duration_ms: 16.3511
  type: 'test'
  ...
# Subtest: unaccepted terms give the objective, exact fixed fee, signals and ordinary return before consent
ok 947 - unaccepted terms give the objective, exact fixed fee, signals and ordinary return before consent
  ---
  duration_ms: 64.029
  type: 'test'
  ...
# Subtest: every signal discloses the actual fixed geometry and warning/recovery terms
ok 948 - every signal discloses the actual fixed geometry and warning/recovery terms
  ---
  duration_ms: 20.8735
  type: 'test'
  ...
# Subtest: junction defense advice respects the actual lack of opaque cover within every possible contact envelope
ok 949 - junction defense advice respects the actual lack of opaque cover within every possible contact envelope
  ---
  duration_ms: 44.0899
  type: 'test'
  ...
# Subtest: missing prerequisites use actual titles and places, including separately claimed Open Confluence
ok 950 - missing prerequisites use actual titles and places, including separately claimed Open Confluence
  ---
  duration_ms: 3.3336
  type: 'test'
  ...
# Subtest: reading and actual workspace close leave ineligible fresh interactions to older owners in every tab/quest combination
ok 951 - reading and actual workspace close leave ineligible fresh interactions to older owners in every tab/quest combination
  ---
  duration_ms: 17.3477
  type: 'test'
  ...
# Subtest: fresh real Core after reading and closing homecoming reaches the actual initial-kit command
ok 952 - fresh real Core after reading and closing homecoming reaches the actual initial-kit command
  ---
  duration_ms: 9.7009
  type: 'test'
  ...
# Subtest: after the real initial kit, unreadable-for-acceptance homecoming does not intercept the actual starter/workbench owner
ok 953 - after the real initial kit, unreadable-for-acceptance homecoming does not intercept the actual starter/workbench owner
  ---
  duration_ms: 4.2336
  type: 'test'
  ...
# Subtest: eligible unaccepted and accepted physical actions remain reachable from either current tab or quest
ok 954 - eligible unaccepted and accepted physical actions remain reachable from either current tab or quest
  ---
  duration_ms: 26.2048
  type: 'test'
  ...
# Subtest: accepted unpaid and claimed recognition retains both aftermaths and actual home/bridge gates across tabs and trackers
ok 955 - accepted unpaid and claimed recognition retains both aftermaths and actual home/bridge gates across tabs and trackers
  ---
  duration_ms: 180.1438
  type: 'test'
  ...
# Subtest: a claimed comparator alone still lists the actual missing Confluence account
ok 956 - a claimed comparator alone still lists the actual missing Confluence account
  ---
  duration_ms: 7.0773
  type: 'test'
  ...
# Subtest: retained past choices show only actual saved choice names without changing old owners
ok 957 - retained past choices show only actual saved choice names without changing old owners
  ---
  duration_ms: 6.2435
  type: 'test'
  ...
# Subtest: journal, map, tracker and ordinary walk create no campaign or payment facts
ok 958 - journal, map, tracker and ordinary walk create no campaign or payment facts
  ---
  duration_ms: 23.3995
  type: 'test'
  ...
# Subtest: acceptance carries captured identity/revision and requires the actual physical giver
ok 959 - acceptance carries captured identity/revision and requires the actual physical giver
  ---
  duration_ms: 18.0434
  type: 'test'
  ...
# Subtest: stale pages refuse changed active/state/context/revision/room/position owners
ok 960 - stale pages refuse changed active/state/context/revision/room/position owners
  ---
  duration_ms: 80.7448
  type: 'test'
  ...
# Subtest: away routes identify the actual current marker and accepted Earth crossing, never a cross-room Walk
ok 961 - away routes identify the actual current marker and accepted Earth crossing, never a cross-room Walk
  ---
  duration_ms: 11.9997
  type: 'test'
  ...
# Subtest: available physical steps have local Walk links while optional prep never displaces main tracking
ok 962 - available physical steps have local Walk links while optional prep never displaces main tracking
  ---
  duration_ms: 8.0258
  type: 'test'
  ...
# Subtest: manual defeat, unavailable work and remote home-arrival cannot dispatch facts
ok 963 - manual defeat, unavailable work and remote home-arrival cannot dispatch facts
  ---
  duration_ms: 16.4017
  type: 'test'
  ...
# Subtest: deliberate physical work dispatches its exact step and refusal leaves the workspace
ok 964 - deliberate physical work dispatches its exact step and refusal leaves the workspace
  ---
  duration_ms: 11.5763
  type: 'test'
  ...
# Subtest: a reported successful physical challenge closes the workspace without the UI granting fight facts
ok 965 - a reported successful physical challenge closes the workspace without the UI granting fight facts
  ---
  duration_ms: 24.2431
  type: 'test'
  ...
# Subtest: aftermath preview and cancel are pure; confirm binds the exact choice and checkpoint
ok 966 - aftermath preview and cancel are pure; confirm binds the exact choice and checkpoint
  ---
  duration_ms: 44.4722
  type: 'test'
  ...
# Subtest: a moved/stale preview or confirmation of the other aftermath cannot imply consent
ok 967 - a moved/stale preview or confirmation of the other aftermath cannot imply consent
  ---
  duration_ms: 75.9863
  type: 'test'
  ...
# Subtest: bridge verification, immediate free return, real home-return and payment have separate route and command gates
ok 968 - bridge verification, immediate free return, real home-return and payment have separate route and command gates
  ---
  duration_ms: 6.4251
  type: 'test'
  ...
# Subtest: current-person lines are physically gated and paid/unpaid language matches saved facts
ok 969 - current-person lines are physically gated and paid/unpaid language matches saved facts
  ---
  duration_ms: 5.3515
  type: 'test'
  ...
# Subtest: unrelated pages never rebind consent; completed tracker returns to the ordinary story
ok 970 - unrelated pages never rebind consent; completed tracker returns to the ordinary story
  ---
  duration_ms: 9.3929
  type: 'test'
  ...
# Subtest: unaccepted and wrong-scene art is empty and cannot produce support or progress
ok 971 - unaccepted and wrong-scene art is empty and cannot produce support or progress
  ---
  duration_ms: 35.0777
  type: 'test'
  ...
# Subtest: accepted apparatus is finite, modest, appearance-only and responds only to recorded work
ok 972 - accepted apparatus is finite, modest, appearance-only and responds only to recorded work
  ---
  duration_ms: 8.1846
  type: 'test'
  ...
# Subtest: every transformed Regent vertex is grounded and stays within the real .65 body radius
ok 973 - every transformed Regent vertex is grounded and stays within the real .65 body radius
  ---
  duration_ms: 64.1694
  type: 'test'
  ...
# Subtest: real installed lock produces exact broad and narrow lines in the actor-owned frame
ok 974 - real installed lock produces exact broad and narrow lines in the actor-owned frame
  ---
  duration_ms: 62.9448
  type: 'test'
  ...
# Subtest: synthetic clipped-frame boundary includes zero and very short lengths without protruding caps
ok 975 - synthetic clipped-frame boundary includes zero and very short lengths without protruding caps
  ---
  duration_ms: 297.4927
  type: 'test'
  ...
# Subtest: actual fixed annulus shows both boundaries inside its locked radii and preserves the quiet center
ok 976 - actual fixed annulus shows both boundaries inside its locked radii and preserves the quiet center
  ---
  duration_ms: 19.6548
  type: 'test'
  ...
# Subtest: wrong/stale actor identity or recorded repulse cannot draw an active body or warning
ok 977 - wrong/stale actor identity or recorded repulse cannot draw an active body or warning
  ---
  duration_ms: 17.241
  type: 'test'
  ...
# Subtest: paused/reduced-motion and both camera settings keep identical owned warning and geometry
ok 978 - paused/reduced-motion and both camera settings keep identical owned warning and geometry
  ---
  duration_ms: 16.7478
  type: 'test'
  ...
# Subtest: after each saved aftermath one road trace and a later modest home trace persist without fake bodies
ok 979 - after each saved aftermath one road trace and a later modest home trace persist without fake bodies
  ---
  duration_ms: 35.9926
  type: 'test'
  ...
# Subtest: both transformed home accounts rest exactly on the real workshop table and clear every existing nearby box
ok 980 - both transformed home accounts rest exactly on the real workshop table and clear every existing nearby box
  ---
  duration_ms: 133.9293
  type: 'test'
  ...
# {"choice":"public-watch","anchor":{"x":12.5,"z":8.55},"tableTop":2.129999950528145,"minimumY":2.130000200122595,"maximumY":2.39040020853281,"minX":12.304700002074242,"maxX":12.695299997925758,"minZ":8.398100197315216,"maxZ":8.70190018415451,"existingBoxClearanceChecks":113}
# {"choice":"reviewed-custody","anchor":{"x":12.5,"z":8.55},"tableTop":2.129999950528145,"minimumY":2.130000200122595,"maximumY":2.324200229719281,"minX":12.304700002074242,"maxX":12.695299997925758,"minZ":8.398100197315216,"maxZ":8.70190018415451,"existingBoxClearanceChecks":113}
# Subtest: combined static/body/ring budget is bounded with actual procedural triangle counts
ok 981 - combined static/body/ring budget is bounded with actual procedural triangle counts
  ---
  duration_ms: 27.2676
  type: 'test'
  ...
# {"projectionItems":238,"triangles":2836,"batches":2}
# Subtest: styling provides narrow layouts, keyboard focus and reduced-motion without source changes
ok 982 - styling provides narrow layouts, keyboard focus and reduced-motion without source changes
  ---
  duration_ms: 3.0817
  type: 'test'
  ...
# Subtest: orchard worksite crossing preserves outer save checkpoint and returns to the orchard
ok 983 - orchard worksite crossing preserves outer save checkpoint and returns to the orchard
  ---
  duration_ms: 24.4982
  type: 'test'
  ...
# Subtest: initial kit and physical orchard arrival are required; the scene cannot bypass old chapter gates
ok 984 - initial kit and physical orchard arrival are required; the scene cannot bypass old chapter gates
  ---
  duration_ms: 2.1943
  type: 'test'
  ...
# Subtest: worksite travel write and construction failures preserve the exact active source
ok 985 - worksite travel write and construction failures preserve the exact active source
  ---
  duration_ms: 5.9895
  type: 'test'
  ...
# Subtest: worksite preview rejects stale identity, source revision, source position and simulation
ok 986 - worksite preview rejects stale identity, source revision, source position and simulation
  ---
  duration_ms: 6.8216
  type: 'test'
  ...
# Subtest: river exit only returns to Earth for an active Earth trip; the old workshop route is unchanged
ok 987 - river exit only returns to Earth for an active Earth trip; the old workshop route is unchanged
  ---
  duration_ms: 2.3524
  type: 'test'
  ...
# Subtest: a completed unclaimed survey, class cooldown and companion survive both route boundaries
ok 988 - a completed unclaimed survey, class cooldown and companion survive both route boundaries
  ---
  duration_ms: 11.2341
  type: 'test'
  ...
# Subtest: death recovery from the connected worksite clears all transient route state
ok 989 - death recovery from the connected worksite clears all transient route state
  ---
  duration_ms: 3.2071
  type: 'test'
  ...
# Subtest: browser return protocol rolls back failed construction with live encounter state intact
ok 990 - browser return protocol rolls back failed construction with live encounter state intact
  ---
  duration_ms: 10.0784
  type: 'test'
  ...
# Subtest: Oren supplies earned through the orchard persist without consuming ordinary materials
ok 991 - Oren supplies earned through the orchard persist without consuming ordinary materials
  ---
  duration_ms: 4.9542
  type: 'test'
  ...
# Subtest: Earth scenery cannot overlap walking ground or the close third-person camera corridor
ok 992 - Earth scenery cannot overlap walking ground or the close third-person camera corridor
  ---
  duration_ms: 27.7655
  type: 'test'
  ...
# Subtest: Cosmos invitation labels belong only to the valley, never Earth or the riverbank
ok 993 - Cosmos invitation labels belong only to the valley, never Earth or the riverbank
  ---
  duration_ms: 1.532
  type: 'test'
  ...
# Subtest: captured terrain, field random sequence, static scenery, camera solids and bridge remain byte-identical to PR33
ok 994 - captured terrain, field random sequence, static scenery, camera solids and bridge remain byte-identical to PR33
  ---
  duration_ms: 25.7352
  type: 'test'
  ...
# Subtest: nine bounded tapering rock sections dress thirty-six actual grass strips in the existing batch
ok 995 - nine bounded tapering rock sections dress thirty-six actual grass strips in the existing batch
  ---
  duration_ms: 24.0799
  type: 'test'
  ...
# Subtest: upper rock seam matches every transformed grass underside rather than canonical edge height
ok 996 - upper rock seam matches every transformed grass underside rather than canonical edge height
  ---
  duration_ms: 10.0557
  type: 'test'
  ...
# Subtest: orthogonal positive bases preserve renderer normals without a shear shortcut
ok 997 - orthogonal positive bases preserve renderer normals without a shear shortcut
  ---
  duration_ms: 11.9457
  type: 'test'
  ...
# Subtest: every actual slope vertex stays outside ground below the lip and within measured endpoint margin
ok 998 - every actual slope vertex stays outside ground below the lip and within measured endpoint margin
  ---
  duration_ms: 19.8009
  type: 'test'
  ...
# Subtest: actual non-cap faces have outward normals and never create a horizontal walking shelf
ok 999 - actual non-cap faces have outward normals and never create a horizontal walking shelf
  ---
  duration_ms: 12.9768
  type: 'test'
  ...
# Subtest: actual adjacent cap planes retain overlap at every exposed height, not only the top endpoints
ok 1000 - actual adjacent cap planes retain overlap at every exposed height, not only the top endpoints
  ---
  duration_ms: 10.412
  type: 'test'
  ...
# Subtest: near-edge road movement and old task approaches survive while outside ground and picking stay refused
ok 1001 - near-edge road movement and old task approaches survive while outside ground and picking stay refused
  ---
  duration_ms: 91.7861
  type: 'test'
  ...
# Subtest: projection never mutates its source strips and is independent of simulation time or task state
ok 1002 - projection never mutates its source strips and is independent of simulation time or task state
  ---
  duration_ms: 8.5638
  type: 'test'
  ...
# Subtest: Rill native diorama approach clears the former foreground canopy with a detecting old-placement control
ok 1003 - Rill native diorama approach clears the former foreground canopy with a detecting old-placement control
  ---
  duration_ms: 26.4228
  type: 'test'
  ...
# Subtest: camp low diorama ray clears the moved stands and detects the intermediate blocking placement
ok 1004 - camp low diorama ray clears the moved stands and detects the intermediate blocking placement
  ---
  duration_ms: 3.9405
  type: 'test'
  ...
# Subtest: isolated global/CommonJS expose only the pure API and recursively frozen authority data
ok 1005 - isolated global/CommonJS expose only the pure API and recursively frozen authority data
  ---
  duration_ms: 3.3912
  type: 'test'
  ...
# Subtest: extension IDs appear exactly once and installed production retains the physical contract
ok 1006 - extension IDs appear exactly once and installed production retains the physical contract
  ---
  duration_ms: 8.3265
  type: 'test'
  ...
# Subtest: broad connected floor footprint and all solids are finite, bounded and supported
ok 1007 - broad connected floor footprint and all solids are finite, bounded and supported
  ---
  duration_ms: 7.9705
  type: 'test'
  ...
# Subtest: all intended legs and old routes use the actual production full-radius support/solid rules
ok 1008 - all intended legs and old routes use the actual production full-radius support/solid rules
  ---
  duration_ms: 34.3424
  type: 'test'
  ...
# Subtest: bridge crosses a real four-metre river gap with open centered approaches
ok 1009 - bridge crosses a real four-metre river gap with open centered approaches
  ---
  duration_ms: 4.3579
  type: 'test'
  ...
# Subtest: root passage and enemy side pockets preserve free return routes and supported reading/support anchors
ok 1010 - root passage and enemy side pockets preserve free return routes and supported reading/support anchors
  ---
  duration_ms: 2.3013
  type: 'test'
  ...
# Subtest: deterministic bounded tier geometry never changes frozen physical data or accesses state
ok 1011 - deterministic bounded tier geometry never changes frozen physical data or accesses state
  ---
  duration_ms: 25.8736
  type: 'test'
  ...
# Subtest: actual submitted mesh transforms are finite, positive, orthogonal and supported-kind compatible
ok 1012 - actual submitted mesh transforms are finite, positive, orthogonal and supported-kind compatible
  ---
  duration_ms: 243.9478
  type: 'test'
  ...
# Subtest: every ground-detail vertex rests on actual land and low roots remain within parent clearance
ok 1013 - every ground-detail vertex rests on actual land and low roots remain within parent clearance
  ---
  duration_ms: 505.664
  type: 'test'
  ...
# Subtest: actual opaque mesh envelopes clear every full-body route and task/NPC/encounter anchor
ok 1014 - actual opaque mesh envelopes clear every full-body route and task/NPC/encounter anchor
  ---
  duration_ms: 4095.8162
  type: 'test'
  ...
# Subtest: branches intersect their parent and actual crown volume, with a bounded existing shader envelope
ok 1015 - branches intersect their parent and actual crown volume, with a bounded existing shader envelope
  ---
  duration_ms: 6.5195
  type: 'test'
  ...
# Subtest: overlapping opaque crowns form connected rest silhouettes instead of detached floating clusters
ok 1016 - overlapping opaque crowns form connected rest silhouettes instead of detached floating clusters
  ---
  duration_ms: 5.494
  type: 'test'
  ...
# Subtest: overhead crown and shelter parts follow cutaway while collision/camera authority is unchanged
ok 1017 - overhead crown and shelter parts follow cutaway while collision/camera authority is unchanged
  ---
  duration_ms: 39.2967
  type: 'test'
  ...
# Subtest: schema 9 migrates non-destructively with an unaccepted invitation
ok 1018 - schema 9 migrates non-destructively with an unaccepted invitation
  ---
  duration_ms: 11.4525
  type: 'test'
  ...
# Subtest: missing current record and forward schema are refused
ok 1019 - missing current record and forward schema are refused
  ---
  duration_ms: 1.2814
  type: 'test'
  ...
# Subtest: arrival not payment opens the invitation
ok 1020 - arrival not payment opens the invitation
  ---
  duration_ms: 17.8935
  type: 'test'
  ...
# Subtest: supported places are reachable by actual pathfinder
ok 1021 - supported places are reachable by actual pathfinder
  ---
  duration_ms: 6.577
  type: 'test'
  ...
# Subtest: all arrangements complete silently without economy, score or campaign changes
ok 1022 - all arrangements complete silently without economy, score or campaign changes
  ---
  duration_ms: 20.7253
  type: 'test'
  ...
# Subtest: early or unknown actions change nothing
ok 1023 - early or unknown actions change nothing
  ---
  duration_ms: 3.1233
  type: 'test'
  ...
# Subtest: prototype and non-string choices are refused atomically
ok 1024 - prototype and non-string choices are refused atomically
  ---
  duration_ms: 12.0618
  type: 'test'
  ...
# Subtest: completion cannot be repeated after receipt eviction
ok 1025 - completion cannot be repeated after receipt eviction
  ---
  duration_ms: 3.8454
  type: 'test'
  ...
# Subtest: changed terms cannot reuse an accepted command identity
ok 1026 - changed terms cannot reuse an accepted command identity
  ---
  duration_ms: 1.8052
  type: 'test'
  ...
# Subtest: paused, fallen and revision-saturated characters cannot progress
ok 1027 - paused, fallen and revision-saturated characters cannot progress
  ---
  duration_ms: 3.8197
  type: 'test'
  ...
# Subtest: malformed durable combinations do not load
ok 1028 - malformed durable combinations do not load
  ---
  duration_ms: 0.6038
  type: 'test'
  ...
# Subtest: original arrangements are deterministic, finite, stereo and bounded
ok 1029 - original arrangements are deterministic, finite, stereo and bounded
  ---
  duration_ms: 546.2897
  type: 'test'
  ...
# Subtest: full schema9 world migration preserves unpaid delivery, personal creations and every XP boundary
ok 1030 - full schema9 world migration preserves unpaid delivery, personal creations and every XP boundary
  ---
  duration_ms: 14.9185
  type: 'test'
  ...
# Subtest: native character library migrates each world without sharing the table memory
ok 1031 - native character library migrates each world without sharing the table memory
  ---
  duration_ms: 4.2941
  type: 'test'
  ...
# Subtest: forward adventure saves stay refused by native storage and leave exact bytes intact
ok 1032 - forward adventure saves stay refused by native storage and leave exact bytes intact
  ---
  duration_ms: 2.2201
  type: 'test'
  ...
# Subtest: the actual drawn tabletop is reachable and supports the gathering interaction
ok 1033 - the actual drawn tabletop is reachable and supports the gathering interaction
  ---
  duration_ms: 3.518
  type: 'test'
  ...
# Subtest: prepared cloth and the actual Earth tabletop share one reachable location
ok 1034 - prepared cloth and the actual Earth tabletop share one reachable location
  ---
  duration_ms: 12.0049
  type: 'test'
  ...
# Subtest: silent completion: mill; cloth→lantern→stand
ok 1035 - silent completion: mill; cloth→lantern→stand
  ---
  duration_ms: 8.3156
  type: 'test'
  ...
# Subtest: silent completion: mill; cloth→stand→lantern
ok 1036 - silent completion: mill; cloth→stand→lantern
  ---
  duration_ms: 1.3024
  type: 'test'
  ...
# Subtest: silent completion: mill; lantern→cloth→stand
ok 1037 - silent completion: mill; lantern→cloth→stand
  ---
  duration_ms: 1.702
  type: 'test'
  ...
# Subtest: silent completion: mill; lantern→stand→cloth
ok 1038 - silent completion: mill; lantern→stand→cloth
  ---
  duration_ms: 0.9406
  type: 'test'
  ...
# Subtest: silent completion: mill; stand→cloth→lantern
ok 1039 - silent completion: mill; stand→cloth→lantern
  ---
  duration_ms: 1.372
  type: 'test'
  ...
# Subtest: silent completion: mill; stand→lantern→cloth
ok 1040 - silent completion: mill; stand→lantern→cloth
  ---
  duration_ms: 1.0192
  type: 'test'
  ...
# Subtest: silent completion: quarry; cloth→lantern→stand
ok 1041 - silent completion: quarry; cloth→lantern→stand
  ---
  duration_ms: 0.7674
  type: 'test'
  ...
# Subtest: silent completion: quarry; cloth→stand→lantern
ok 1042 - silent completion: quarry; cloth→stand→lantern
  ---
  duration_ms: 2.7658
  type: 'test'
  ...
# Subtest: silent completion: quarry; lantern→cloth→stand
ok 1043 - silent completion: quarry; lantern→cloth→stand
  ---
  duration_ms: 0.7528
  type: 'test'
  ...
# Subtest: silent completion: quarry; lantern→stand→cloth
ok 1044 - silent completion: quarry; lantern→stand→cloth
  ---
  duration_ms: 1.1461
  type: 'test'
  ...
# Subtest: silent completion: quarry; stand→cloth→lantern
ok 1045 - silent completion: quarry; stand→cloth→lantern
  ---
  duration_ms: 0.6982
  type: 'test'
  ...
# Subtest: silent completion: quarry; stand→lantern→cloth
ok 1046 - silent completion: quarry; stand→lantern→cloth
  ---
  duration_ms: 0.5684
  type: 'test'
  ...
# Subtest: silent completion: detour; cloth→lantern→stand
ok 1047 - silent completion: detour; cloth→lantern→stand
  ---
  duration_ms: 1.5315
  type: 'test'
  ...
# Subtest: silent completion: detour; cloth→stand→lantern
ok 1048 - silent completion: detour; cloth→stand→lantern
  ---
  duration_ms: 0.5499
  type: 'test'
  ...
# Subtest: silent completion: detour; lantern→cloth→stand
ok 1049 - silent completion: detour; lantern→cloth→stand
  ---
  duration_ms: 0.5524
  type: 'test'
  ...
# Subtest: silent completion: detour; lantern→stand→cloth
ok 1050 - silent completion: detour; lantern→stand→cloth
  ---
  duration_ms: 2.2555
  type: 'test'
  ...
# Subtest: silent completion: detour; stand→cloth→lantern
ok 1051 - silent completion: detour; stand→cloth→lantern
  ---
  duration_ms: 0.5719
  type: 'test'
  ...
# Subtest: silent completion: detour; stand→lantern→cloth
ok 1052 - silent completion: detour; stand→lantern→cloth
  ---
  duration_ms: 0.7738
  type: 'test'
  ...
# Subtest: new table never captures unpaid-delivery interaction on the overlap edge
ok 1053 - new table never captures unpaid-delivery interaction on the overlap edge
  ---
  duration_ms: 0.805
  type: 'test'
  ...
# Subtest: finished preparation relinquishes its contextual interaction
ok 1054 - finished preparation relinquishes its contextual interaction
  ---
  duration_ms: 0.7092
  type: 'test'
  ...
# Subtest: arrival is a boolean fact, not arbitrary truthy data
ok 1055 - arrival is a boolean fact, not arbitrary truthy data
  ---
  duration_ms: 0.0964
  type: 'test'
  ...
# Subtest: missing arrival cannot grant invitation
ok 1056 - missing arrival cannot grant invitation
  ---
  duration_ms: 0.055
  type: 'test'
  ...
# Subtest: invalid choice refuses without mutation: null
ok 1057 - invalid choice refuses without mutation: null
  ---
  duration_ms: 0.5241
  type: 'test'
  ...
# Subtest: invalid choice refuses without mutation: 1
ok 1058 - invalid choice refuses without mutation: 1
  ---
  duration_ms: 0.343
  type: 'test'
  ...
# Subtest: invalid choice refuses without mutation: ["mill"]
ok 1059 - invalid choice refuses without mutation: ["mill"]
  ---
  duration_ms: 0.345
  type: 'test'
  ...
# Subtest: invalid choice refuses without mutation: {}
ok 1060 - invalid choice refuses without mutation: {}
  ---
  duration_ms: 0.5995
  type: 'test'
  ...
# Subtest: invalid choice refuses without mutation: "constructor"
ok 1061 - invalid choice refuses without mutation: "constructor"
  ---
  duration_ms: 0.3781
  type: 'test'
  ...
# Subtest: invalid choice refuses without mutation: "__proto__"
ok 1062 - invalid choice refuses without mutation: "__proto__"
  ---
  duration_ms: 0.3496
  type: 'test'
  ...
# Subtest: invalid choice refuses without mutation: "unknown"
ok 1063 - invalid choice refuses without mutation: "unknown"
  ---
  duration_ms: 0.3091
  type: 'test'
  ...
# Subtest: distant or wrong-scene acceptance cannot mutate state
ok 1064 - distant or wrong-scene acceptance cannot mutate state
  ---
  duration_ms: 0.1546
  type: 'test'
  ...
# Subtest: distant or wrong-scene acceptance cannot mutate state
ok 1065 - distant or wrong-scene acceptance cannot mutate state
  ---
  duration_ms: 0.0972
  type: 'test'
  ...
# Subtest: distant or wrong-scene acceptance cannot mutate state
ok 1066 - distant or wrong-scene acceptance cannot mutate state
  ---
  duration_ms: 0.1405
  type: 'test'
  ...
# Subtest: impossible saved gathering is refused
ok 1067 - impossible saved gathering is refused
  ---
  duration_ms: 0.2355
  type: 'test'
  ...
# Subtest: impossible saved gathering is refused
ok 1068 - impossible saved gathering is refused
  ---
  duration_ms: 0.0606
  type: 'test'
  ...
# Subtest: impossible saved gathering is refused
ok 1069 - impossible saved gathering is refused
  ---
  duration_ms: 0.0827
  type: 'test'
  ...
# Subtest: impossible saved gathering is refused
ok 1070 - impossible saved gathering is refused
  ---
  duration_ms: 0.1376
  type: 'test'
  ...
# Subtest: impossible saved gathering is refused
ok 1071 - impossible saved gathering is refused
  ---
  duration_ms: 0.2066
  type: 'test'
  ...
# Subtest: stop is safe even when an audio node already disconnected
ok 1072 - stop is safe even when an audio node already disconnected
  ---
  duration_ms: 307.7595
  type: 'test'
  ...
# Subtest: suspended context starts no source until resume succeeds
ok 1073 - suspended context starts no source until resume succeeds
  ---
  duration_ms: 254.1605
  type: 'test'
  ...
# Subtest: stopping while resume is pending prevents late music
ok 1074 - stopping while resume is pending prevents late music
  ---
  duration_ms: 0.2387
  type: 'test'
  ...
# Subtest: a newer preview cannot be replaced by an older resume completion
ok 1075 - a newer preview cannot be replaced by an older resume completion
  ---
  duration_ms: 238.1859
  type: 'test'
  ...
# Subtest: denied resume resolves false with no source or unhandled rejection
ok 1076 - denied resume resolves false with no source or unhandled rejection
  ---
  duration_ms: 0.5041
  type: 'test'
  ...
# Subtest: failed source startup cleans every newly created node
ok 1077 - failed source startup cleans every newly created node
  ---
  duration_ms: 282.1569
  type: 'test'
  ...
# Subtest: owner eligibility is rechecked after a delayed resume
ok 1078 - owner eligibility is rechecked after a delayed resume
  ---
  duration_ms: 0.4413
  type: 'test'
  ...
# Subtest: an ended callback from an old source cannot stop new audio
ok 1079 - an ended callback from an old source cannot stop new audio
  ---
  duration_ms: 580.5115
  type: 'test'
  ...
# Subtest: deterministic, finite, stereo music: mill
ok 1080 - deterministic, finite, stereo music: mill
  ---
  duration_ms: 171.7997
  type: 'test'
  ...
# Subtest: deterministic, finite, stereo music: quarry
ok 1081 - deterministic, finite, stereo music: quarry
  ---
  duration_ms: 211.7694
  type: 'test'
  ...
# Subtest: deterministic, finite, stereo music: detour
ok 1082 - deterministic, finite, stereo music: detour
  ---
  duration_ms: 160.4439
  type: 'test'
  ...
# Subtest: absence adds only empty optional Heaven history and malformed/future histories refuse
ok 1083 - absence adds only empty optional Heaven history and malformed/future histories refuse
  ---
  duration_ms: 22.7655
  type: 'test'
  ...
# Subtest: acceptance needs claimed Broken Choir and exact owner/revision; refusal changes nothing
ok 1084 - acceptance needs claimed Broken Choir and exact owner/revision; refusal changes nothing
  ---
  duration_ms: 17.5511
  type: 'test'
  ...
# Subtest: manual defeat/arrival and unprepared invitation cannot manufacture history
ok 1085 - manual defeat/arrival and unprepared invitation cannot manufacture history
  ---
  duration_ms: 5.3365
  type: 'test'
  ...
# Subtest: two locked attacks differ and grounded mirror lengthens only beam warning
ok 1086 - two locked attacks differ and grounded mirror lengthens only beam warning
  ---
  duration_ms: 4.0539
  type: 'test'
  ...
# Subtest: real damage in windup is accepted, actual defeat saves once and no legacy loot is produced
ok 1087 - real damage in windup is accepted, actual defeat saves once and no legacy loot is produced
  ---
  duration_ms: 5.3939
  type: 'test'
  ...
# Subtest: courier is one owned real actor, waits out of range and unfinished reload resets only its walk
ok 1088 - courier is one owned real actor, waits out of range and unfinished reload resets only its walk
  ---
  duration_ms: 8.5202
  type: 'test'
  ...
# Subtest: courier completes every supported segment before actual arrival and save refusal remains retryable
ok 1089 - courier completes every supported segment before actual arrival and save refusal remains retryable
  ---
  duration_ms: 76.8181
  type: 'test'
  ...
# Subtest: whole claim is atomic across costs/capacity/refusal and repeat IDs cannot pay twice
ok 1090 - whole claim is atomic across costs/capacity/refusal and repeat IDs cannot pay twice
  ---
  duration_ms: 28.6345
  type: 'test'
  ...
# Subtest: welcome is explicit and lasting; activation is short transient ordinary use with no payout
ok 1091 - welcome is explicit and lasting; activation is short transient ordinary use with no payout
  ---
  duration_ms: 4.229
  type: 'test'
  ...
# Subtest: the real lock clips its entire beam width against existing cover and keeps art/contact identical
ok 1092 - the real lock clips its entire beam width against existing cover and keeps art/contact identical
  ---
  duration_ms: 1.8388
  type: 'test'
  ...
# Subtest: real arrow collision accepts a winding-up Heaven apparatus and reports one actual killing impact
ok 1093 - real arrow collision accepts a winding-up Heaven apparatus and reports one actual killing impact
  ---
  duration_ms: 5.1621
  type: 'test'
  ...
# Subtest: real leave resets an unfinished courier before immediate re-entry; saved invitation stays intact
ok 1094 - real leave resets an unfinished courier before immediate re-entry; saved invitation stays intact
  ---
  duration_ms: 2.8942
  type: 'test'
  ...
# Subtest: production adventure drawing preserves owned campaign matrices and contributes no generic warning
ok 1095 - production adventure drawing preserves owned campaign matrices and contributes no generic warning
  ---
  duration_ms: 10.6751
  type: 'test'
  ...
# Subtest: courier gait follows actual supported distance and quiet settings retain a grounded stance
ok 1096 - courier gait follows actual supported distance and quiet settings retain a grounded stance
  ---
  duration_ms: 8.3142
  type: 'test'
  ...
# Subtest: accepted recorded facts alone project static work; reading and art preserve every stored field
ok 1097 - accepted recorded facts alone project static work; reading and art preserve every stored field
  ---
  duration_ms: 18.9565
  type: 'test'
  ...
# Subtest: every transformed static footprint uses existing ground, avoids existing solids and stays within the draw budget
ok 1098 - every transformed static footprint uses existing ground, avoids existing solids and stays within the draw budget
  ---
  duration_ms: 60.1902
  type: 'test'
  ...
# accessible-assist: 67 static instances, 800 triangles
# broadened-activation: 67 static instances, 800 triangles
# Subtest: supplied optional mirror is loose until its own recorded action, and waymarks follow the exact existing escort route
ok 1099 - supplied optional mirror is loose until its own recorded action, and waymarks follow the exact existing escort route
  ---
  duration_ms: 1.9197
  type: 'test'
  ...
# Subtest: both saved arrangements have distinct ordinary fittings readable on both faces while retaining three ceremonial notches per face
ok 1100 - both saved arrangements have distinct ordinary fittings readable on both faces while retaining three ceremonial notches per face
  ---
  duration_ms: 3.7847
  type: 'test'
  ...
# Subtest: instrument motion belongs to a current matching bounded activation; pause, reduced motion and rest stay quiet
ok 1101 - instrument motion belongs to a current matching bounded activation; pause, reduced motion and rest stay quiet
  ---
  duration_ms: 9.3386
  type: 'test'
  ...
# Subtest: each actual apparatus uses its owned runtime actor frame and all transformed body vertices fit the declared impact radius
ok 1102 - each actual apparatus uses its owned runtime actor frame and all transformed body vertices fit the declared impact radius
  ---
  duration_ms: 63.2164
  type: 'test'
  ...
# Subtest: directed beam warning projects only the immutable locked rectangle, independent of later actor or player movement
ok 1103 - directed beam warning projects only the immutable locked rectangle, independent of later actor or player movement
  ---
  duration_ms: 5.2092
  type: 'test'
  ...
# Subtest: stationary warning borders clear real authored paving and retain strong palette contrast without flashing
ok 1104 - stationary warning borders clear real authored paving and retain strong palette contrast without flashing
  ---
  duration_ms: 23.6225
  type: 'test'
  ...
# Subtest: relay warning is a radial perimeter at the actual locked pulse center and never exceeds its real radius
ok 1105 - relay warning is a radial perimeter at the actual locked pulse center and never exceeds its real radius
  ---
  duration_ms: 7.4834
  type: 'test'
  ...
# Subtest: a supplied lock clipped before the existing Garden instrument cannot project past cover, and zero length warns nowhere
ok 1106 - a supplied lock clipped before the existing Garden instrument cannot project past cover, and zero length warns nowhere
  ---
  duration_ms: 7.2209
  type: 'test'
  ...
# Subtest: short positive cover-clipped beam warnings keep caps and directional notches inside the supplied locked length
ok 1107 - short positive cover-clipped beam warnings keep caps and directional notches inside the supplied locked length
  ---
  duration_ms: 35.3057
  type: 'test'
  ...
# Subtest: combat pause and reduced motion preserve deterministic frames with actual phase differences
ok 1108 - combat pause and reduced motion preserve deterministic frames with actual phase differences
  ---
  duration_ms: 1.8588
  type: 'test'
  ...
# Subtest: courier art uses only the actual transient actor and never reconstructs a second courier from saved invitation or arrival
ok 1109 - courier art uses only the actual transient actor and never reconstructs a second courier from saved invitation or arrival
  ---
  duration_ms: 27.7914
  type: 'test'
  ...
# Subtest: worst-case union of all fittings, separately owned encounter frames and courier stays within the combined geometry budget
ok 1110 - worst-case union of all fittings, separately owned encounter frames and courier stays within the combined geometry budget
  ---
  duration_ms: 4.8115
  type: 'test'
  ...
# 193 combined instances, 2928 triangles
# Subtest: journal, map, legend and page are pure; defeats and actual courier arrival have no completion buttons
ok 1111 - journal, map, legend and page are pure; defeats and actual courier arrival have no completion buttons
  ---
  duration_ms: 2.3236
  type: 'test'
  ...
# Subtest: remote first invite and a reset escort walk link both reach the real staging anchor without work or actor creation
ok 1112 - remote first invite and a reset escort walk link both reach the real staging anchor without work or actor creation
  ---
  duration_ms: 2.1237
  type: 'test'
  ...
# Subtest: active map position comes from the actual live courier while reset preserves only honest staging and destination guidance
ok 1113 - active map position comes from the actual live courier while reset preserves only honest staging and destination guidance
  ---
  duration_ms: 0.7284
  type: 'test'
  ...
# Subtest: arrival save refusal keeps the exact courier visible at its real destination and explains callback retries without claiming arrival or payment
ok 1114 - arrival save refusal keeps the exact courier visible at its real destination and explains callback retries without claiming arrival or payment
  ---
  duration_ms: 1.1995
  type: 'test'
  ...
# Subtest: choice preview grants no work and confirmation submits the exact current character and revision
ok 1115 - choice preview grants no work and confirmation submits the exact current character and revision
  ---
  duration_ms: 1.1395
  type: 'test'
  ...
# Subtest: stale active character, roster, adventure revision, sim, context identity, room and physical preview cannot dispatch a saved choice
ok 1116 - stale active character, roster, adventure revision, sim, context identity, room and physical preview cannot dispatch a saved choice
  ---
  duration_ms: 5.2243
  type: 'test'
  ...
# Subtest: successful deliberate activation closes the workspace; refusals and stale owners preserve it with no presentation-owned mutation
ok 1117 - successful deliberate activation closes the workspace; refusals and stale owners preserve it with no presentation-owned mutation
  ---
  duration_ms: 2.0057
  type: 'test'
  ...
# Subtest: verified choice recognition quotes the actual catalogue callers including the courier, without claiming an unpaid or clipped fee
ok 1118 - verified choice recognition quotes the actual catalogue callers including the courier, without claiming an unpaid or clipped fee
  ---
  duration_ms: 1.2712
  type: 'test'
  ...
# Subtest: Heaven catalogue: frozen exact API imports without starting gameplay or changing older owners
ok 1119 - Heaven catalogue: frozen exact API imports without starting gameplay or changing older owners
  ---
  duration_ms: 3.769
  type: 'test'
  ...
# Subtest: Heaven entry: exact existing Broken Choir owner, ordinary source anchors and independent identities
ok 1120 - Heaven entry: exact existing Broken Choir owner, ordinary source anchors and independent identities
  ---
  duration_ms: 5.1174
  type: 'test'
  ...
# Subtest: Heaven graph: all deliberate branches are acyclic and no preparation, defeat or escort is a fake button
ok 1121 - Heaven graph: all deliberate branches are acyclic and no preparation, defeat or escort is a fake button
  ---
  duration_ms: 0.7944
  type: 'test'
  ...
# Subtest: Heaven branches: exhaust every legal fact set and both arrangements with and without supplied preparation
ok 1122 - Heaven branches: exhaust every legal fact set and both arrangements with and without supplied preparation
  ---
  duration_ms: 1.2451
  type: 'test'
  ...
# Subtest: Heaven geography: every action, branch and return uses complete production support without opening the terrace
ok 1123 - Heaven geography: every action, branch and return uses complete production support without opening the terrace
  ---
  duration_ms: 748.0294
  type: 'test'
  ...
# Subtest: Heaven enemy bodies: fixed body-qualified routes clear actual cover and reject player-only narrow clearance
ok 1124 - Heaven enemy bodies: fixed body-qualified routes clear actual cover and reject player-only narrow clearance
  ---
  duration_ms: 98.54
  type: 'test'
  ...
# Subtest: Heaven escort: the actual seven-point service loop clears the full courier body, including the bench detour
ok 1125 - Heaven escort: the actual seven-point service loop clears the full courier body, including the bench detour
  ---
  duration_ms: 1.556
  type: 'test'
  ...
# Subtest: Heaven encounters: directed beam and local pulse differ, admit ordinary damage and grant no separate rewards
ok 1126 - Heaven encounters: directed beam and local pulse differ, admit ordinary damage and grant no separate rewards
  ---
  duration_ms: 0.4339
  type: 'test'
  ...
# Subtest: Heaven reward and choices: one common finite material fee, explicit public usability and earned recognition
ok 1127 - Heaven reward and choices: one common finite material fee, explicit public usability and earned recognition
  ---
  duration_ms: 1.816
  type: 'test'
  ...
# Subtest: old worlds migrate only empty optional Hell state; all older fields are retained
ok 1128 - old worlds migrate only empty optional Hell state; all older fields are retained
  ---
  duration_ms: 10.7734
  type: 'test'
  ...
# Subtest: unearned entry, stale revision and foreign character cannot accept or mutate
ok 1129 - unearned entry, stale revision and foreign character cannot accept or mutate
  ---
  duration_ms: 3.4653
  type: 'test'
  ...
# Subtest: acceptance and physical work require whole durable success and exact prerequisites
ok 1130 - acceptance and physical work require whole durable success and exact prerequisites
  ---
  duration_ms: 17.5265
  type: 'test'
  ...
# Subtest: full claim is atomic on every capacity boundary and save refusal; retries cannot duplicate
ok 1131 - full claim is atomic on every capacity boundary and save refusal; retries cannot duplicate
  ---
  duration_ms: 30.5986
  type: 'test'
  ...
# Subtest: explicit lasting disposition validates choice, proximity and truth; reopen cannot overwrite
ok 1132 - explicit lasting disposition validates choice, proximity and truth; reopen cannot overwrite
  ---
  duration_ms: 4.3107
  type: 'test'
  ...
# Subtest: locked sweep/line geometry differs; tell aim cannot follow movement; supports affect matching recovery only
ok 1133 - locked sweep/line geometry differs; tell aim cannot follow movement; supports affect matching recovery only
  ---
  duration_ms: 1.2286
  type: 'test'
  ...
# Subtest: actual combat alone can resolve Warden; closed armor gives no hit flash/number/HP; refusal preserves unpaid fight
ok 1134 - actual combat alone can resolve Warden; closed armor gives no hit flash/number/HP; refusal preserves unpaid fight
  ---
  duration_ms: 5.2418
  type: 'test'
  ...
# Subtest: campaign roster retirement preserves unrelated salvage actor and paid history across reload
ok 1135 - campaign roster retirement preserves unrelated salvage actor and paid history across reload
  ---
  duration_ms: 4.7093
  type: 'test'
  ...
# Subtest: real arrow collision rejects closed armor feedback but preserves confirmed killing hit feedback
ok 1136 - real arrow collision rejects closed armor feedback but preserves confirmed killing hit feedback
  ---
  duration_ms: 8.9478
  type: 'test'
  ...
# Subtest: static work appears only for actual accepted recorded actions and never draws a second witness
ok 1137 - static work appears only for actual accepted recorded actions and never draws a second witness
  ---
  duration_ms: 27.6718
  type: 'test'
  ...
# Subtest: all transformed service props have real supported ground and avoid canonical solids
ok 1138 - all transformed service props have real supported ground and avoid canonical solids
  ---
  duration_ms: 84.0648
  type: 'test'
  ...
# Subtest: Unbind, Divert and License have different engine and plate shapes tied to the saved disposition
ok 1139 - Unbind, Divert and License have different engine and plate shapes tied to the saved disposition
  ---
  duration_ms: 6.6707
  type: 'test'
  ...
# Subtest: supplied optional fittings visibly change from loose to seated only after their own action
ok 1140 - supplied optional fittings visibly change from loose to seated only after their own action
  ---
  duration_ms: 1.0772
  type: 'test'
  ...
# Subtest: Veyr uses the canonical live actor frame and its entire transformed body fits the declared .65 impact radius
ok 1141 - Veyr uses the canonical live actor frame and its entire transformed body fits the declared .65 impact radius
  ---
  duration_ms: 19.481
  type: 'test'
  ...
# Subtest: locked rectangular warnings follow the immutable strike frame and preserve distinct broad/short versus narrow/long footprints
ok 1142 - locked rectangular warnings follow the immutable strike frame and preserve distinct broad/short versus narrow/long footprints
  ---
  duration_ms: 7.0717
  type: 'test'
  ...
# Subtest: reduced motion and pause keep art deterministic across wall-clock samples while the real combat mode remains readable
ok 1143 - reduced motion and pause keep art deterministic across wall-clock samples while the real combat mode remains readable
  ---
  duration_ms: 1.9583
  type: 'test'
  ...
# Subtest: journal, map and page are pure; route points never accept work or turn a combat defeat into a button
ok 1144 - journal, map and page are pure; route points never accept work or turn a combat defeat into a button
  ---
  duration_ms: 2.5793
  type: 'test'
  ...
# Subtest: the verified saved choice has visible distinct Istra, Tovan and Neris recognition without a premature claim
ok 1145 - the verified saved choice has visible distinct Istra, Tovan and Neris recognition without a premature claim
  ---
  duration_ms: 2.8465
  type: 'test'
  ...
# Subtest: a disposition requires explicit two-stage confirmation and retains expected character ownership
ok 1146 - a disposition requires explicit two-stage confirmation and retains expected character ownership
  ---
  duration_ms: 1.866
  type: 'test'
  ...
# Subtest: stale same-revision character, roster revision, physical position and campaign revision refuse a disposition preview without dispatch
ok 1147 - stale same-revision character, roster revision, physical position and campaign revision refuse a disposition preview without dispatch
  ---
  duration_ms: 3.4133
  type: 'test'
  ...
# Subtest: Hell campaign data: exact frozen catalogue, source boundary and import without gameplay mutation
ok 1148 - Hell campaign data: exact frozen catalogue, source boundary and import without gameplay mutation
  ---
  duration_ms: 11.6583
  type: 'test'
  ...
# Subtest: Hell campaign graph: consent, real combat, stabilization, deliberate disposition and verification
ok 1149 - Hell campaign graph: consent, real combat, stabilization, deliberate disposition and verification
  ---
  duration_ms: 1.3358
  type: 'test'
  ...
# Subtest: Hell campaign geography: all authored anchors use supported existing ground and production paths
ok 1150 - Hell campaign geography: all authored anchors use supported existing ground and production paths
  ---
  duration_ms: 1319.6995
  type: 'test'
  ...
# Subtest: Hell campaign patterns: distinct fixed locked-shape terms and narrow optional recovery supports
ok 1151 - Hell campaign patterns: distinct fixed locked-shape terms and narrow optional recovery supports
  ---
  duration_ms: 0.5173
  type: 'test'
  ...
# Subtest: Hell campaign body clearance: production paths respect Veyr radius around existing Bell Yard support
ok 1152 - Hell campaign body clearance: production paths respect Veyr radius around existing Bell Yard support
  ---
  duration_ms: 8.8167
  type: 'test'
  ...
# Subtest: Hell campaign outcomes: three lasting local choices retain safety, truth and one common fixed fee
ok 1153 - Hell campaign outcomes: three lasting local choices retain safety, truth and one common fixed fee
  ---
  duration_ms: 1.0324
  type: 'test'
  ...
# Subtest: absent homeHistory migrates to empty v1 without replaying claimed knowledge or prior fields
ok 1154 - absent homeHistory migrates to empty v1 without replaying claimed knowledge or prior fields
  ---
  duration_ms: 14.5258
  type: 'test'
  ...
# Subtest: null, future, unknown, duplicate and malformed ledgers refuse instead of clearing
ok 1155 - null, future, unknown, duplicate and malformed ledgers refuse instead of clearing
  ---
  duration_ms: 0.5019
  type: 'test'
  ...
# Subtest: a prior acceptance or complete unpaid work never grants ownership
ok 1156 - a prior acceptance or complete unpaid work never grants ownership
  ---
  duration_ms: 4.0828
  type: 'test'
  ...
# Subtest: pin is independent of equipment projects and accepting story or work
ok 1157 - pin is independent of equipment projects and accepting story or work
  ---
  duration_ms: 3.2406
  type: 'test'
  ...
# Subtest: memory-cuttings validates costs before spending and saves before adopting once-only ownership
ok 1158 - memory-cuttings validates costs before spending and saves before adopting once-only ownership
  ---
  duration_ms: 7.5199
  type: 'test'
  ...
# Subtest: memory-cuttings missing material, wrong bench, paused/dead owner and stale revision leave exact state
ok 1159 - memory-cuttings missing material, wrong bench, paused/dead owner and stale revision leave exact state
  ---
  duration_ms: 11.2511
  type: 'test'
  ...
# Subtest: memory-cuttings unowned and duplicate placements reject through save, direct decorate and forged history
ok 1160 - memory-cuttings unowned and duplicate placements reject through save, direct decorate and forged history
  ---
  duration_ms: 4.617
  type: 'test'
  ...
# Subtest: memory-cuttings deliberate move/remove and undo/redo save refusal keep history and costs atomic
ok 1161 - memory-cuttings deliberate move/remove and undo/redo save refusal keep history and costs atomic
  ---
  duration_ms: 14.1062
  type: 'test'
  ...
# Subtest: memory-cuttings original geometry is bounded by its declared floor footprint in all rotations
ok 1162 - memory-cuttings original geometry is bounded by its declared floor footprint in all rotations
  ---
  duration_ms: 1.278
  type: 'test'
  ...
# Subtest: memory-refuge validates costs before spending and saves before adopting once-only ownership
ok 1163 - memory-refuge validates costs before spending and saves before adopting once-only ownership
  ---
  duration_ms: 6.3552
  type: 'test'
  ...
# Subtest: memory-refuge missing material, wrong bench, paused/dead owner and stale revision leave exact state
ok 1164 - memory-refuge missing material, wrong bench, paused/dead owner and stale revision leave exact state
  ---
  duration_ms: 7.9883
  type: 'test'
  ...
# Subtest: memory-refuge unowned and duplicate placements reject through save, direct decorate and forged history
ok 1165 - memory-refuge unowned and duplicate placements reject through save, direct decorate and forged history
  ---
  duration_ms: 2.5666
  type: 'test'
  ...
# Subtest: memory-refuge deliberate move/remove and undo/redo save refusal keep history and costs atomic
ok 1166 - memory-refuge deliberate move/remove and undo/redo save refusal keep history and costs atomic
  ---
  duration_ms: 10.713
  type: 'test'
  ...
# Subtest: memory-refuge original geometry is bounded by its declared floor footprint in all rotations
ok 1167 - memory-refuge original geometry is bounded by its declared floor footprint in all rotations
  ---
  duration_ms: 0.2251
  type: 'test'
  ...
# Subtest: memory-bellglass validates costs before spending and saves before adopting once-only ownership
ok 1168 - memory-bellglass validates costs before spending and saves before adopting once-only ownership
  ---
  duration_ms: 4.9817
  type: 'test'
  ...
# Subtest: memory-bellglass missing material, wrong bench, paused/dead owner and stale revision leave exact state
ok 1169 - memory-bellglass missing material, wrong bench, paused/dead owner and stale revision leave exact state
  ---
  duration_ms: 6.6756
  type: 'test'
  ...
# Subtest: memory-bellglass unowned and duplicate placements reject through save, direct decorate and forged history
ok 1170 - memory-bellglass unowned and duplicate placements reject through save, direct decorate and forged history
  ---
  duration_ms: 2.2991
  type: 'test'
  ...
# Subtest: memory-bellglass deliberate move/remove and undo/redo save refusal keep history and costs atomic
ok 1171 - memory-bellglass deliberate move/remove and undo/redo save refusal keep history and costs atomic
  ---
  duration_ms: 8.8902
  type: 'test'
  ...
# Subtest: memory-bellglass original geometry is bounded by its declared floor footprint in all rotations
ok 1172 - memory-bellglass original geometry is bounded by its declared floor footprint in all rotations
  ---
  duration_ms: 0.1955
  type: 'test'
  ...
# Subtest: memory-farroad validates costs before spending and saves before adopting once-only ownership
ok 1173 - memory-farroad validates costs before spending and saves before adopting once-only ownership
  ---
  duration_ms: 5.4177
  type: 'test'
  ...
# Subtest: memory-farroad missing material, wrong bench, paused/dead owner and stale revision leave exact state
ok 1174 - memory-farroad missing material, wrong bench, paused/dead owner and stale revision leave exact state
  ---
  duration_ms: 6.1572
  type: 'test'
  ...
# Subtest: memory-farroad unowned and duplicate placements reject through save, direct decorate and forged history
ok 1175 - memory-farroad unowned and duplicate placements reject through save, direct decorate and forged history
  ---
  duration_ms: 3.8102
  type: 'test'
  ...
# Subtest: memory-farroad deliberate move/remove and undo/redo save refusal keep history and costs atomic
ok 1176 - memory-farroad deliberate move/remove and undo/redo save refusal keep history and costs atomic
  ---
  duration_ms: 8.8703
  type: 'test'
  ...
# Subtest: memory-farroad original geometry is bounded by its declared floor footprint in all rotations
ok 1177 - memory-farroad original geometry is bounded by its declared floor footprint in all rotations
  ---
  duration_ms: 0.1894
  type: 'test'
  ...
# Subtest: memory-crossing validates costs before spending and saves before adopting once-only ownership
ok 1178 - memory-crossing validates costs before spending and saves before adopting once-only ownership
  ---
  duration_ms: 4.8783
  type: 'test'
  ...
# Subtest: memory-crossing missing material, wrong bench, paused/dead owner and stale revision leave exact state
ok 1179 - memory-crossing missing material, wrong bench, paused/dead owner and stale revision leave exact state
  ---
  duration_ms: 6.2768
  type: 'test'
  ...
# Subtest: memory-crossing unowned and duplicate placements reject through save, direct decorate and forged history
ok 1180 - memory-crossing unowned and duplicate placements reject through save, direct decorate and forged history
  ---
  duration_ms: 2.5278
  type: 'test'
  ...
# Subtest: memory-crossing deliberate move/remove and undo/redo save refusal keep history and costs atomic
ok 1181 - memory-crossing deliberate move/remove and undo/redo save refusal keep history and costs atomic
  ---
  duration_ms: 9.0058
  type: 'test'
  ...
# Subtest: memory-crossing original geometry is bounded by its declared floor footprint in all rotations
ok 1182 - memory-crossing original geometry is bounded by its declared floor footprint in all rotations
  ---
  duration_ms: 0.1911
  type: 'test'
  ...
# Subtest: inside placement uses actual body position while durable snapshot keeps its home checkpoint
ok 1183 - inside placement uses actual body position while durable snapshot keeps its home checkpoint
  ---
  duration_ms: 2.7817
  type: 'test'
  ...
# Subtest: one of each occupies four chosen slots with no extra power or campaign payout
ok 1184 - one of each occupies four chosen slots with no extra power or campaign payout
  ---
  duration_ms: 7.2409
  type: 'test'
  ...
# Subtest: pending placement cannot transfer to another character with identical ownership and revision
ok 1185 - pending placement cannot transfer to another character with identical ownership and revision
  ---
  duration_ms: 5.1742
  type: 'test'
  ...
# Subtest: all five trails distinguish unaccepted, active, ready and claimed saved facts
ok 1186 - all five trails distinguish unaccepted, active, ready and claimed saved facts
  ---
  duration_ms: 37.7166
  type: 'test'
  ...
# Subtest: eligible work lists preparations, never a later locked encounter or optional work as required
ok 1187 - eligible work lists preparations, never a later locked encounter or optional work as required
  ---
  duration_ms: 1.3114
  type: 'test'
  ...
# Subtest: one realm can retain a once-only trail and a separate repeat survey run without merging fees
ok 1188 - one realm can retain a once-only trail and a separate repeat survey run without merging fees
  ---
  duration_ms: 1.2767
  type: 'test'
  ...
# Subtest: unpaid completion stays ahead of other work and paid trails have no next action
ok 1189 - unpaid completion stays ahead of other work and paid trails have no next action
  ---
  duration_ms: 0.7462
  type: 'test'
  ...
# Subtest: journal and road statuses remain pure and never construct an escort actor
ok 1190 - journal and road statuses remain pure and never construct an escort actor
  ---
  duration_ms: 5.1685
  type: 'test'
  ...
# Subtest: home journal retains exact fees, giver, progress and explicitly separate survey identity
ok 1191 - home journal retains exact fees, giver, progress and explicitly separate survey identity
  ---
  duration_ms: 14.2822
  type: 'test'
  ...
# Subtest: empty journal gives a deliberate road entry and preserves campaign ordering below it
ok 1192 - empty journal gives a deliberate road entry and preserves campaign ordering below it
  ---
  duration_ms: 1.0067
  type: 'test'
  ...
# Subtest: claim control is absent before completion and present only at the actual ready giver
ok 1193 - claim control is absent before completion and present only at the actual ready giver
  ---
  duration_ms: 1.7865
  type: 'test'
  ...
# Subtest: survey claim control also requires its own complete current run at the correct separate giver
ok 1194 - survey claim control also requires its own complete current run at the correct separate giver
  ---
  duration_ms: 1.6019
  type: 'test'
  ...
# Subtest: a recorded or prerequisite-locked dry route refuses stale controls without walking
ok 1195 - a recorded or prerequisite-locked dry route refuses stale controls without walking
  ---
  duration_ms: 1.3207
  type: 'test'
  ...
# Subtest: a route uses the restored current simulation, refusing a previous character trail id
ok 1196 - a route uses the restored current simulation, refusing a previous character trail id
  ---
  duration_ms: 3.8309
  type: 'test'
  ...
# Subtest: water, air-court and escort routes give guidance without impossible dry walks
ok 1197 - water, air-court and escort routes give guidance without impossible dry walks
  ---
  duration_ms: 1.6832
  type: 'test'
  ...
# Subtest: available-action map legend routes dry work but names gallery controls instead of walking underwater
ok 1198 - available-action map legend routes dry work but names gallery controls instead of walking underwater
  ---
  duration_ms: 1.7709
  type: 'test'
  ...
# Subtest: Road marker navigation uses the current realm return point and refuses unrelated or wet rooms
ok 1199 - Road marker navigation uses the current realm return point and refuses unrelated or wet rooms
  ---
  duration_ms: 5.2787
  type: 'test'
  ...
# Subtest: road cards show claimed trails and current repeat runs as distinct records
ok 1200 - road cards show claimed trails and current repeat runs as distinct records
  ---
  duration_ms: 0.6648
  type: 'test'
  ...
# Subtest: a brute with real displacement has alternating lifted and planted hooves
ok 1201 - a brute with real displacement has alternating lifted and planted hooves
  ---
  duration_ms: 4.4605
  type: 'test'
  ...
# Subtest: brute hooves follow the actual animated leg endpoints without changing its world
ok 1202 - brute hooves follow the actual animated leg endpoints without changing its world
  ---
  duration_ms: 5.0018
  type: 'test'
  ...
# Subtest: traveler cloth, skin and leather retain distinct physical material responses
ok 1203 - traveler cloth, skin and leather retain distinct physical material responses
  ---
  duration_ms: 4.1046
  type: 'test'
  ...
# Subtest: only real bow anticipation carries a visible nocked shaft, removed on release
ok 1204 - only real bow anticipation carries a visible nocked shaft, removed on release
  ---
  duration_ms: 23.5795
  type: 'test'
  ...
# Subtest: bow grip, string nock and anticipated shaft face the actual root shot direction
ok 1205 - bow grip, string nock and anticipated shaft face the actual root shot direction
  ---
  duration_ms: 25.5622
  type: 'test'
  ...
# Subtest: the bow draw sleeve centers clear the fitted torso through anticipation and guard
ok 1206 - the bow draw sleeve centers clear the fitted torso through anticipation and guard
  ---
  duration_ms: 1.9491
  type: 'test'
  ...
# Subtest: older world9 migrates optional localLife1 without altering existing histories
ok 1207 - older world9 migrates optional localLife1 without altering existing histories
  ---
  duration_ms: 12.1488
  type: 'test'
  ...
# Subtest: current malformed/future local work refuses rather than resetting progress
ok 1208 - current malformed/future local work refuses rather than resetting progress
  ---
  duration_ms: 0.7521
  type: 'test'
  ...
# Subtest: the new local ledger does not extend or rewrite the old five trail definitions
ok 1209 - the new local ledger does not extend or rewrite the old five trail definitions
  ---
  duration_ms: 0.2728
  type: 'test'
  ...
# Subtest: heaven-propagation-bed-v1 rejects offsite acceptance, invalid arrangement and absent prerequisite atomically
ok 1210 - heaven-propagation-bed-v1 rejects offsite acceptance, invalid arrangement and absent prerequisite atomically
  ---
  duration_ms: 16.6668
  type: 'test'
  ...
# Subtest: heaven-propagation-bed-v1 channel physical work, durable candidate refusal and exact one payout
ok 1211 - heaven-propagation-bed-v1 channel physical work, durable candidate refusal and exact one payout
  ---
  duration_ms: 35.1275
  type: 'test'
  ...
# Subtest: heaven-propagation-bed-v1 wick physical work, durable candidate refusal and exact one payout
ok 1212 - heaven-propagation-bed-v1 wick physical work, durable candidate refusal and exact one payout
  ---
  duration_ms: 20.6046
  type: 'test'
  ...
# Subtest: hell-refuge-water-v1 rejects offsite acceptance, invalid arrangement and absent prerequisite atomically
ok 1213 - hell-refuge-water-v1 rejects offsite acceptance, invalid arrangement and absent prerequisite atomically
  ---
  duration_ms: 7.2426
  type: 'test'
  ...
# Subtest: hell-refuge-water-v1 cartridge physical work, durable candidate refusal and exact one payout
ok 1214 - hell-refuge-water-v1 cartridge physical work, durable candidate refusal and exact one payout
  ---
  duration_ms: 19.2599
  type: 'test'
  ...
# Subtest: hell-refuge-water-v1 hand-filter physical work, durable candidate refusal and exact one payout
ok 1215 - hell-refuge-water-v1 hand-filter physical work, durable candidate refusal and exact one payout
  ---
  duration_ms: 23.4689
  type: 'test'
  ...
# Subtest: atlantis-bellglass-lamp-v1 rejects offsite acceptance, invalid arrangement and absent prerequisite atomically
ok 1216 - atlantis-bellglass-lamp-v1 rejects offsite acceptance, invalid arrangement and absent prerequisite atomically
  ---
  duration_ms: 7.0998
  type: 'test'
  ...
# Subtest: atlantis-bellglass-lamp-v1 approach physical work, durable candidate refusal and exact one payout
ok 1217 - atlantis-bellglass-lamp-v1 approach physical work, durable candidate refusal and exact one payout
  ---
  duration_ms: 16.9107
  type: 'test'
  ...
# Subtest: atlantis-bellglass-lamp-v1 desk physical work, durable candidate refusal and exact one payout
ok 1218 - atlantis-bellglass-lamp-v1 desk physical work, durable candidate refusal and exact one payout
  ---
  duration_ms: 10.3655
  type: 'test'
  ...
# Subtest: cosmos-drawing-shelf-v1 rejects offsite acceptance, invalid arrangement and absent prerequisite atomically
ok 1219 - cosmos-drawing-shelf-v1 rejects offsite acceptance, invalid arrangement and absent prerequisite atomically
  ---
  duration_ms: 4.6601
  type: 'test'
  ...
# Subtest: cosmos-drawing-shelf-v1 route physical work, durable candidate refusal and exact one payout
ok 1220 - cosmos-drawing-shelf-v1 route physical work, durable candidate refusal and exact one payout
  ---
  duration_ms: 12.3245
  type: 'test'
  ...
# Subtest: cosmos-drawing-shelf-v1 sheltered physical work, durable candidate refusal and exact one payout
ok 1221 - cosmos-drawing-shelf-v1 sheltered physical work, durable candidate refusal and exact one payout
  ---
  duration_ms: 12.5056
  type: 'test'
  ...
# Subtest: dry sites and both selected Heaven beds retain full canonical foot support
ok 1222 - dry sites and both selected Heaven beds retain full canonical foot support
  ---
  duration_ms: 0.8165
  type: 'test'
  ...
# Subtest: Atlantis work requires actual gallery body depth and medium
ok 1223 - Atlantis work requires actual gallery body depth and medium
  ---
  duration_ms: 6.7892
  type: 'test'
  ...
# Subtest: material capacity and 9999 XP boundary retain whole-payment atomicity
ok 1224 - material capacity and 9999 XP boundary retain whole-payment atomicity
  ---
  duration_ms: 3.6154
  type: 'test'
  ...
# Subtest: new art reads accepted state, emits finite supported shapes and preserves canonical state
ok 1225 - new art reads accepted state, emits finite supported shapes and preserves canonical state
  ---
  duration_ms: 15.0124
  type: 'test'
  ...
# Subtest: both fitted Cosmos arrangements clear the production bench backrest
ok 1226 - both fitted Cosmos arrangements clear the production bench backrest
  ---
  duration_ms: 4.7345
  type: 'test'
  ...
# Subtest: legacy Cosmos presentation is handed over only after explicit local acceptance
ok 1227 - legacy Cosmos presentation is handed over only after explicit local acceptance
  ---
  duration_ms: 5.5451
  type: 'test'
  ...
# Subtest: gate lift is a pure projection of the existing saved repair
ok 1228 - gate lift is a pure projection of the existing saved repair
  ---
  duration_ms: 3.0643
  type: 'test'
  ...
# Subtest: five separated timber planks have positive connected transforms and vertical grain
ok 1229 - five separated timber planks have positive connected transforms and vertical grain
  ---
  duration_ms: 0.9096
  type: 'test'
  ...
# Subtest: jammed and repaired hardware differ without becoming navigation or camera authorities
ok 1230 - jammed and repaired hardware differ without becoming navigation or camera authorities
  ---
  duration_ms: 0.3894
  type: 'test'
  ...
# Subtest: rack stays engaged with the fixed pinion in both leaf positions
ok 1231 - rack stays engaged with the fixed pinion in both leaf positions
  ---
  duration_ms: 0.3767
  type: 'test'
  ...
# Subtest: fixed frame stays around the established bank anchor with three mapped members
ok 1232 - fixed frame stays around the established bank anchor with three mapped members
  ---
  duration_ms: 0.5102
  type: 'test'
  ...
# Subtest: gate projection remains bounded to 29 moving parts and five timber instances
ok 1233 - gate projection remains bounded to 29 moving parts and five timber instances
  ---
  duration_ms: 0.2368
  type: 'test'
  ...
# Subtest: Ansel keeps the exact Earth resident anchor and excludes navigation/camera ownership
ok 1234 - Ansel keeps the exact Earth resident anchor and excludes navigation/camera ownership
  ---
  duration_ms: 7.3195
  type: 'test'
  ...
# Subtest: bounded body and tool transforms remain finite and positive through the full work cycle
ok 1235 - bounded body and tool transforms remain finite and positive through the full work cycle
  ---
  duration_ms: 44.0242
  type: 'test'
  ...
# Subtest: both hands belong to the actual square frame throughout inspection
ok 1236 - both hands belong to the actual square frame throughout inspection
  ---
  duration_ms: 1.4112
  type: 'test'
  ...
# Subtest: proper 3D segments connect both elbows, hands and legs without cross-body gaps
ok 1237 - proper 3D segments connect both elbows, hands and legs without cross-body gaps
  ---
  duration_ms: 0.5618
  type: 'test'
  ...
# Subtest: feet meet the supplied ground and the square has a real right angle
ok 1238 - feet meet the supplied ground and the square has a real right angle
  ---
  duration_ms: 0.7995
  type: 'test'
  ...
# Subtest: pure sampling changes only with supplied time and reduced motion keeps one complete stance
ok 1239 - pure sampling changes only with supplied time and reduced motion keeps one complete stance
  ---
  duration_ms: 2.0811
  type: 'test'
  ...
# Subtest: creative presentation tick preserves sandbox blueprint and grid
ok 1240 - creative presentation tick preserves sandbox blueprint and grid
  ---
  duration_ms: 10.8492
  type: 'test'
  ...
# Subtest: creative tick still clears its own stale playing and room-selection fields
ok 1241 - creative tick still clears its own stale playing and room-selection fields
  ---
  duration_ms: 2.9635
  type: 'test'
  ...
# Subtest: selected slot and active music never replace another presentation owner
ok 1242 - selected slot and active music never replace another presentation owner
  ---
  duration_ms: 3.0195
  type: 'test'
  ...
# Subtest: placement confirmation stays disabled before a tile is selected
ok 1243 - placement confirmation stays disabled before a tile is selected
  ---
  duration_ms: 2.5792
  type: 'test'
  ...
# Subtest: explicit survey acceptance uses kit and the next expected sequence
ok 1244 - explicit survey acceptance uses kit and the next expected sequence
  ---
  duration_ms: 21.9184
  type: 'test'
  ...
# Subtest: older saves acquire empty project data without changing XP or creative work
ok 1245 - older saves acquire empty project data without changing XP or creative work
  ---
  duration_ms: 21.2328
  type: 'test'
  ...
# Subtest: a pin is a persisted attainable choice, not ownership or campaign consent
ok 1246 - a pin is a persisted attainable choice, not ownership or campaign consent
  ---
  duration_ms: 4.6832
  type: 'test'
  ...
# Subtest: guide projects real craft sources and honest comparisons for an unowned weapon
ok 1247 - guide projects real craft sources and honest comparisons for an unowned weapon
  ---
  duration_ms: 1.0984
  type: 'test'
  ...
# Subtest: next-step preview resolves the Ashwood prerequisite separately from the longbow target
ok 1248 - next-step preview resolves the Ashwood prerequisite separately from the longbow target
  ---
  duration_ms: 1.6602
  type: 'test'
  ...
# Subtest: each prerequisite and target preview matches the actual craft then deliberate equip
ok 1249 - each prerequisite and target preview matches the actual craft then deliberate equip
  ---
  duration_ms: 4.2712
  type: 'test'
  ...
# Subtest: next-step forge and both finite fittings match accepted commands without spending during preview
ok 1250 - next-step forge and both finite fittings match accepted commands without spending during preview
  ---
  duration_ms: 3.6916
  type: 'test'
  ...
# Subtest: unequipped bow fitting preview keeps distinct sockets, health and Oren temper
ok 1251 - unequipped bow fitting preview keeps distinct sockets, health and Oren temper
  ---
  duration_ms: 1.982
  type: 'test'
  ...
# Subtest: finished, uncraftable and invalid project IDs have no invented next step
ok 1252 - finished, uncraftable and invalid project IDs have no invented next step
  ---
  duration_ms: 4.7054
  type: 'test'
  ...
# Subtest: repeated immutable next-step previews keep XP, all history, cost, vitals and selected socket unchanged
ok 1253 - repeated immutable next-step previews keep XP, all history, cost, vitals and selected socket unchanged
  ---
  duration_ms: 5.3701
  type: 'test'
  ...
# Subtest: Oren comparisons explicitly use current XP and do not project or award the separate XP reward
ok 1254 - Oren comparisons explicitly use current XP and do not project or award the separate XP reward
  ---
  duration_ms: 12.472
  type: 'test'
  ...
# Subtest: survey cannot be accepted remotely or before kit, and failed start is atomic
ok 1255 - survey cannot be accepted remotely or before kit, and failed start is atomic
  ---
  duration_ms: 5.4766
  type: 'test'
  ...
# Subtest: survey temporarily owns encounters without replaying the once-only quest
ok 1256 - survey temporarily owns encounters without replaying the once-only quest
  ---
  duration_ms: 2.9496
  type: 'test'
  ...
# Subtest: accepted sample events require run identity, proximity and once-per-run ownership
ok 1257 - accepted sample events require run identity, proximity and once-per-run ownership
  ---
  duration_ms: 4.3496
  type: 'test'
  ...
# Subtest: actual defeat progresses the active run but creates no story defeat, cache or XP
ok 1258 - actual defeat progresses the active run but creates no story defeat, cache or XP
  ---
  duration_ms: 2.1361
  type: 'test'
  ...
# Subtest: each deliberate completed run pays once, including after reload and receipt eviction
ok 1259 - each deliberate completed run pays once, including after reload and receipt eviction
  ---
  duration_ms: 19.9118
  type: 'test'
  ...
# Subtest: changed request IDs cannot claim an incomplete run or a stale entitlement
ok 1260 - changed request IDs cannot claim an incomplete run or a stale entitlement
  ---
  duration_ms: 2.8534
  type: 'test'
  ...
# Subtest: full ore refuses the entire claim and preserves earned entitlement
ok 1261 - full ore refuses the entire claim and preserves earned entitlement
  ---
  duration_ms: 1.9413
  type: 'test'
  ...
# Subtest: full coins refuses the entire claim and preserves earned entitlement
ok 1262 - full coins refuses the entire claim and preserves earned entitlement
  ---
  duration_ms: 1.663
  type: 'test'
  ...
# Subtest: full fiber refuses the entire claim and preserves earned entitlement
ok 1263 - full fiber refuses the entire claim and preserves earned entitlement
  ---
  duration_ms: 2.3061
  type: 'test'
  ...
# Subtest: finite fittings consume whole costs, keep equipped identity and preserve sockets
ok 1264 - finite fittings consume whole costs, keep equipped identity and preserve sockets
  ---
  duration_ms: 3.0396
  type: 'test'
  ...
# Subtest: invalid, distant, out-of-order and missing-cost fittings never partly spend materials
ok 1265 - invalid, distant, out-of-order and missing-cost fittings never partly spend materials
  ---
  duration_ms: 4.0304
  type: 'test'
  ...
# Subtest: improving an unequipped bow never equips it or changes the equipped socket
ok 1266 - improving an unequipped bow never equips it or changes the equipped socket
  ---
  duration_ms: 0.4602
  type: 'test'
  ...
# Subtest: fittings affect both real damage paths and leave obstruction rules intact
ok 1267 - fittings affect both real damage paths and leave obstruction rules intact
  ---
  duration_ms: 7.8656
  type: 'test'
  ...
# Subtest: present malformed ledgers refuse import instead of resetting paid history
ok 1268 - present malformed ledgers refuse import instead of resetting paid history
  ---
  duration_ms: 6.6267
  type: 'test'
  ...
# Subtest: Darric remains at the supported existing anchor beside the real collection approach
ok 1269 - Darric remains at the supported existing anchor beside the real collection approach
  ---
  duration_ms: 9.7931
  type: 'test'
  ...
# Subtest: complete actor and actual tool matrices remain finite positive and bounded across every stage
ok 1270 - complete actor and actual tool matrices remain finite positive and bounded across every stage
  ---
  duration_ms: 116.6049
  type: 'test'
  ...
# Subtest: both gloved hands meet the real resting handle through every pose and stage
ok 1271 - both gloved hands meet the real resting handle through every pose and stage
  ---
  duration_ms: 23.7761
  type: 'test'
  ...
# Subtest: full 3D limb bases connect submitted endpoints instead of rotating only in one plane
ok 1272 - full 3D limb bases connect submitted endpoints instead of rotating only in one plane
  ---
  duration_ms: 0.7815
  type: 'test'
  ...
# Subtest: transformed soles meet canonical shallow ground within six millimetres
ok 1273 - transformed soles meet canonical shallow ground within six millimetres
  ---
  duration_ms: 0.4763
  type: 'test'
  ...
# Subtest: actual actor and mallet volumes clear collection stance sign and reserved blocks at pose extremes
ok 1274 - actual actor and mallet volumes clear collection stance sign and reserved blocks at pose extremes
  ---
  duration_ms: 65.5814
  type: 'test'
  ...
# Subtest: actual mallet head clears body boxes and conservative round bounds through the full posing cycle
ok 1275 - actual mallet head clears body boxes and conservative round bounds through the full posing cycle
  ---
  duration_ms: 581.2432
  type: 'test'
  ...
# Subtest: three stable individually tallied blocks project release only and twelve flush stones project packing only
ok 1276 - three stable individually tallied blocks project release only and twelve flush stones project packing only
  ---
  duration_ms: 9.6188
  type: 'test'
  ...
# Subtest: pure pose uses only supplied simulation time and reduced motion freezes each complete stage
ok 1277 - pure pose uses only supplied simulation time and reduced motion freezes each complete stage
  ---
  duration_ms: 15.3324
  type: 'test'
  ...
# Subtest: the pure API owns the nine retained points and two Elderweald residents, with unchanged names and deeply frozen profiles
ok 1278 - the pure API owns the nine retained points and two Elderweald residents, with unchanged names and deeply frozen profiles
  ---
  duration_ms: 1.8526
  type: 'test'
  ...
# Subtest: actual production mesh vertices are finite, supported and bounded through real ground height and yaw
ok 1279 - actual production mesh vertices are finite, supported and bounded through real ground height and yaw
  ---
  duration_ms: 595.9519
  type: 'test'
  ...
# Subtest: the exact actor meshes stay on current patches and clear authoritative nearby solid boxes
ok 1280 - the exact actor meshes stay on current patches and clear authoritative nearby solid boxes
  ---
  duration_ms: 563.9207
  type: 'test'
  ...
# Subtest: actual beam mesh endpoints connect the named limb and tool joints under root transforms
ok 1281 - actual beam mesh endpoints connect the named limb and tool joints under root transforms
  ---
  duration_ms: 3.4835
  type: 'test'
  ...
# Subtest: each useful tool actually touches its holding palm and has a supported component graph
ok 1282 - each useful tool actually touches its holding palm and has a supported component graph
  ---
  duration_ms: 16.0068
  type: 'test'
  ...
# Subtest: Calen alone has source-backed folded wings joined to the real cloak surface and clear of hands and head
ok 1283 - Calen alone has source-backed folded wings joined to the real cloak surface and clear of hands and head
  ---
  duration_ms: 22.6605
  type: 'test'
  ...
# Subtest: material combinations, clothing silhouettes and tools are distinct without assigning game classes or ancestry
ok 1284 - material combinations, clothing silhouettes and tools are distinct without assigning game classes or ancestry
  ---
  duration_ms: 2.4386
  type: 'test'
  ...
# Subtest: repeated time samples are pure, idle never walks or works, and pause/reduced motion are quiet
ok 1285 - repeated time samples are pure, idle never walks or works, and pause/reduced motion are quiet
  ---
  duration_ms: 66.07
  type: 'test'
  ...
# Subtest: unknown people, invalid anchors or output refuse before any partial mutation
ok 1286 - unknown people, invalid anchors or output refuse before any partial mutation
  ---
  duration_ms: 0.8655
  type: 'test'
  ...
# Subtest: adventure 10 and missing optional trails preserve all ten XP boundaries and source input
ok 1287 - adventure 10 and missing optional trails preserve all ten XP boundaries and source input
  ---
  duration_ms: 72.3506
  type: 'test'
  ...
# Subtest: current/future schemas refuse missing fields, foreign steps and impossible histories
ok 1288 - current/future schemas refuse missing fields, foreign steps and impossible histories
  ---
  duration_ms: 16.3492
  type: 'test'
  ...
# Subtest: trail acceptance and realm fitting require their cross-owner earned histories on import
ok 1289 - trail acceptance and realm fitting require their cross-owner earned histories on import
  ---
  duration_ms: 2.3974
  type: 'test'
  ...
# Subtest: acceptance requires the kit, correct realm, physical giver and living dry character
ok 1290 - acceptance requires the kit, correct realm, physical giver and living dry character
  ---
  duration_ms: 6.6543
  type: 'test'
  ...
# Subtest: malformed transient XZ and depth cannot qualify a physical trail action
ok 1291 - malformed transient XZ and depth cannot qualify a physical trail action
  ---
  duration_ms: 33.6481
  type: 'test'
  ...
# Subtest: accept/step refusal from throwing or unavailable persistence changes no live state
ok 1292 - accept/step refusal from throwing or unavailable persistence changes no live state
  ---
  duration_ms: 13.5168
  type: 'test'
  ...
# Subtest: supply preparation is physical, dependency-checked and grants nothing before claim
ok 1293 - supply preparation is physical, dependency-checked and grants nothing before claim
  ---
  duration_ms: 8.3506
  type: 'test'
  ...
# Subtest: wet readings need actual depth/body medium and cannot be recorded on the overhead deck
ok 1294 - wet readings need actual depth/body medium and cannot be recorded on the overhead deck
  ---
  duration_ms: 5.0609
  type: 'test'
  ...
# Subtest: Bellglass chart works in the actual air court and wrong choices are costless refusals
ok 1295 - Bellglass chart works in the actual air court and wrong choices are costless refusals
  ---
  duration_ms: 29.3546
  type: 'test'
  ...
# Subtest: each material slot and currency limit refuses the whole declared claim, then exact capacity succeeds
ok 1296 - each material slot and currency limit refuses the whole declared claim, then exact capacity succeeds
  ---
  duration_ms: 51.1802
  type: 'test'
  ...
# Subtest: claim validates/saves the full paid candidate before applying it and retains live owner objects
ok 1297 - claim validates/saves the full paid candidate before applying it and retains live owner objects
  ---
  duration_ms: 17.9064
  type: 'test'
  ...
# Subtest: claim clamps XP at 9999 without replacing the retained five-level curve
ok 1298 - claim clamps XP at 9999 without replacing the retained five-level curve
  ---
  duration_ms: 11.1899
  type: 'test'
  ...
# Subtest: partial, ready and paid records survive snapshot/reload without accepting or paying again
ok 1299 - partial, ready and paid records survive snapshot/reload without accepting or paying again
  ---
  duration_ms: 8.0892
  type: 'test'
  ...
# Subtest: a real in-memory character Store makes quota refusal atomic and pays one saved entitlement
ok 1300 - a real in-memory character Store makes quota refusal atomic and pays one saved entitlement
  ---
  duration_ms: 10.0023
  type: 'test'
  ...
# Subtest: a missing saver refuses claim and fitting without recording a false durable success
ok 1301 - a missing saver refuses claim and fitting without recording a false durable success
  ---
  duration_ms: 28.0311
  type: 'test'
  ...
# Subtest: managed Store writer and changed-source refusals preserve the complete unpaid trail
ok 1302 - managed Store writer and changed-source refusals preserve the complete unpaid trail
  ---
  duration_ms: 15.3812
  type: 'test'
  ...
# Subtest: independent character worlds keep trail claims and the fitting entitlement separate
ok 1303 - independent character worlds keep trail claims and the fitting entitlement separate
  ---
  duration_ms: 6.8758
  type: 'test'
  ...
# Subtest: a fitting requires claimed work, an outdoor bench, life, an owned weapon and complete cost
ok 1304 - a fitting requires claimed work, an outdoor bench, life, an owned weapon and complete cost
  ---
  duration_ms: 48.254
  type: 'test'
  ...
# Subtest: finite fitting spends only after persistence and adds exactly three to the selected equipped blade
ok 1305 - finite fitting spends only after persistence and adds exactly three to the selected equipped blade
  ---
  duration_ms: 15.0981
  type: 'test'
  ...
# Subtest: fitting an unequipped canonical bow never equips it and the one global spend excludes another weapon
ok 1306 - fitting an unequipped canonical bow never equips it and the one global spend excludes another weapon
  ---
  duration_ms: 9.7331
  type: 'test'
  ...
# Subtest: returning finite starter/river work, ruby, pinned project, banked XP and weapon behavior survive fitting
ok 1307 - returning finite starter/river work, ruby, pinned project, banked XP and weapon behavior survive fitting
  ---
  duration_ms: 9.4889
  type: 'test'
  ...
# Subtest: accepted Atlantis pages are readable at home and from another realm after cold reload
ok 1308 - accepted Atlantis pages are readable at home and from another realm after cold reload
  ---
  duration_ms: 8.8326
  type: 'test'
  ...
# Subtest: all legal Southern progress snapshots emit bounded supported kinds and finite positive production matrices
ok 1309 - all legal Southern progress snapshots emit bounded supported kinds and finite positive production matrices
  ---
  duration_ms: 94.314
  type: 'test'
  ...
# Subtest: appearance projects acceptance and each true step; the packed job appears only after all supplies and packing
ok 1310 - appearance projects acceptance and each true step; the packed job appears only after all supplies and packing
  ---
  duration_ms: 5.0198
  type: 'test'
  ...
# Subtest: Bellglass reveals separate recorded readings, corrected layered chart and fitted marker without erasing the older scale
ok 1311 - Bellglass reveals separate recorded readings, corrected layered chart and fitted marker without erasing the older scale
  ---
  duration_ms: 3.7242
  type: 'test'
  ...
# Subtest: actual Earth mesh feet stay on canonical ground and clear walking, task and giver body envelopes
ok 1312 - actual Earth mesh feet stay on canonical ground and clear walking, task and giver body envelopes
  ---
  duration_ms: 182.675
  type: 'test'
  ...
# Subtest: actual Bellglass full meshes clear the complete XYZ visitor route, dive blockers and step bodies
ok 1313 - actual Bellglass full meshes clear the complete XYZ visitor route, dive blockers and step bodies
  ---
  duration_ms: 13.002
  type: 'test'
  ...
# Subtest: desk, inclined layered chart, suspended gauge and bed-mounted feet meet their real supports
ok 1314 - desk, inclined layered chart, suspended gauge and bed-mounted feet meet their real supports
  ---
  duration_ms: 4.7009
  type: 'test'
  ...
# Subtest: bed, court and suspended-gauge support heights agree with the actual generic scene writer
ok 1315 - bed, court and suspended-gauge support heights agree with the actual generic scene writer
  ---
  duration_ms: 8.5178
  type: 'test'
  ...
# Subtest: South work geometry is static across pause, time, reduced motion and both camera settings; all input data stays unchanged
ok 1316 - South work geometry is static across pause, time, reduced motion and both camera settings; all input data stays unchanged
  ---
  duration_ms: 18.8344
  type: 'test'
  ...
# Subtest: real trail commands leave the chart unconnected after wrong choice or refused save, then project a committed correction
ok 1317 - real trail commands leave the chart unconnected after wrong choice or refused save, then project a committed correction
  ---
  duration_ms: 47.3519
  type: 'test'
  ...
# Subtest: six northern and Cosmos projections retain pinned base output without depending on Git history
ok 1318 - six northern and Cosmos projections retain pinned base output without depending on Git history
  ---
  duration_ms: 4.0125
  type: 'test'
  ...
# Subtest: browser global and CommonJS preserve the original interface and add no foreign global authority
ok 1319 - browser global and CommonJS preserve the original interface and add no foreign global authority
  ---
  duration_ms: 2.0759
  type: 'test'
  ...
# Subtest: one stable finite definition has supported schema and exact declared payment
ok 1320 - one stable finite definition has supported schema and exact declared payment
  ---
  duration_ms: 7.3687
  type: 'test'
  ...
# Subtest: every nested catalogue value is immutable, including target anchors
ok 1321 - every nested catalogue value is immutable, including target anchors
  ---
  duration_ms: 3.9963
  type: 'test'
  ...
# Subtest: instrument readings follow the actual authored XZ anchors and strict finite scale
ok 1322 - instrument readings follow the actual authored XZ anchors and strict finite scale
  ---
  duration_ms: 0.4127
  type: 'test'
  ...
# Subtest: both optical targets agree with geometry actually submitted by CosmosArt
ok 1323 - both optical targets agree with geometry actually submitted by CosmosArt
  ---
  duration_ms: 73.4618
  type: 'test'
  ...
# Subtest: giver and all three actions use actual dry floor, radius clearance and line access
ok 1324 - giver and all three actions use actual dry floor, radius clearance and line access
  ---
  duration_ms: 1.249
  type: 'test'
  ...
# Subtest: complete out-and-back circuit follows production segments with dense radius-safe samples
ok 1325 - complete out-and-back circuit follows production segments with dense radius-safe samples
  ---
  duration_ms: 14.8843
  type: 'test'
  ...
# Subtest: data loading and browser export do not invoke save, simulation, reward or art authority
ok 1326 - data loading and browser export do not invoke save, simulation, reward or art authority
  ---
  duration_ms: 9.699
  type: 'test'
  ...
# Subtest: two real sight stations expose earned comparator preview without mutating the world
ok 1327 - two real sight stations expose earned comparator preview without mutating the world
  ---
  duration_ms: 161.0602
  type: 'test'
  ...
# Subtest: misaligned, absent, remote, nonfinite and out-of-scale calibration cannot record or spend
ok 1328 - misaligned, absent, remote, nonfinite and out-of-scale calibration cannot record or spend
  ---
  duration_ms: 95.3258
  type: 'test'
  ...
# Subtest: unrecorded dial resets on cold reload; recorded values, prerequisites and once-only claim survive
ok 1329 - unrecorded dial resets on cold reload; recorded values, prerequisites and once-only claim survive
  ---
  duration_ms: 670.437
  type: 'test'
  ...
# Subtest: save refusal leaves an aligned physical comparator retryable and its earned state unchanged
ok 1330 - save refusal leaves an aligned physical comparator retryable and its earned state unchanged
  ---
  duration_ms: 85.6089
  type: 'test'
  ...
# Subtest: import refuses fabricated instrument histories while preserving source objects
ok 1331 - import refuses fabricated instrument histories while preserving source objects
  ---
  duration_ms: 25.7164
  type: 'test'
  ...
# Subtest: north trails: exact frozen catalogue contract and distinct persistent namespaces
ok 1332 - north trails: exact frozen catalogue contract and distinct persistent namespaces
  ---
  duration_ms: 17.953
  type: 'test'
  ...
# Subtest: Heaven: three independent relay actions, optional real opening and post-defeat physical repair
ok 1333 - Heaven: three independent relay actions, optional real opening and post-defeat physical repair
  ---
  duration_ms: 0.405
  type: 'test'
  ...
# Subtest: Hell: all route safety is required; actual ally arrival follows separate defeat and explicit invitation
ok 1334 - Hell: all route safety is required; actual ally arrival follows separate defeat and explicit invitation
  ---
  duration_ms: 0.5159
  type: 'test'
  ...
# Subtest: graph guard detects cycles, unknown prerequisites, optional completion gates and encounter mismatch
ok 1335 - graph guard detects cycles, unknown prerequisites, optional completion gates and encounter mismatch
  ---
  duration_ms: 4.1701
  type: 'test'
  ...
# Subtest: heaven: production ground, exact collision and navigation provide every action a giver/home return
ok 1336 - heaven: production ground, exact collision and navigation provide every action a giver/home return
  ---
  duration_ms: 1380.5453
  type: 'test'
  ...
# Subtest: heaven: production accepted movement physically walks ordered work and freely returns home
ok 1337 - heaven: production accepted movement physically walks ordered work and freely returns home
  ---
  duration_ms: 396.3971
  type: 'test'
  ...
# Subtest: hell: production ground, exact collision and navigation provide every action a giver/home return
ok 1338 - hell: production ground, exact collision and navigation provide every action a giver/home return
  ---
  duration_ms: 3006.7367
  type: 'test'
  ...
# Subtest: hell: production accepted movement physically walks ordered work and freely returns home
ok 1339 - hell: production accepted movement physically walks ordered work and freely returns home
  ---
  duration_ms: 461.8865
  type: 'test'
  ...
# Subtest: Hell: supported escorted macro route uses a real culvert detour and remains within Refuge at its endpoint
ok 1340 - Hell: supported escorted macro route uses a real culvert detour and remains within Refuge at its endpoint
  ---
  duration_ms: 207.3053
  type: 'test'
  ...
# Subtest: catalogue is deterministic inert data in browser and CommonJS hosts, with no save/scene/reward effects
ok 1341 - catalogue is deterministic inert data in browser and CommonJS hosts, with no save/scene/reward effects
  ---
  duration_ms: 4.1805
  type: 'test'
  ...
# Subtest: acceptance needs the correct realm, initial kit and physical giver; inspecting/failed actions remain inert
ok 1342 - acceptance needs the correct realm, initial kit and physical giver; inspecting/failed actions remain inert
  ---
  duration_ms: 67.1926
  type: 'test'
  ...
# Subtest: interactions require actual proximity and all DAG preparations; combat/escort steps cannot be clicked complete
ok 1343 - interactions require actual proximity and all DAG preparations; combat/escort steps cannot be clicked complete
  ---
  duration_ms: 13.6453
  type: 'test'
  ...
# Subtest: strict escort history rejects impossible arrival/checkpoint records while legacy saves migrate without trail credit
ok 1344 - strict escort history rejects impossible arrival/checkpoint records while legacy saves migrate without trail credit
  ---
  duration_ms: 2.9081
  type: 'test'
  ...
# Subtest: story death accepts only the current actual zero-HP actor; replay has no legacy loot or payout
ok 1345 - story death accepts only the current actual zero-HP actor; replay has no legacy loot or payout
  ---
  duration_ms: 42.8612
  type: 'test'
  ...
# Subtest: Heaven closed bearing records no hit; actual pulse recovery is 1.8 and preparation changes a later real opening to 2.6
ok 1346 - Heaven closed bearing records no hit; actual pulse recovery is 1.8 and preparation changes a later real opening to 2.6
  ---
  duration_ms: 14.9958
  type: 'test'
  ...
# Subtest: same-room story roster update preserves current enemy HP/intent, real arrow, companion, effects and invincibility
ok 1347 - same-room story roster update preserves current enemy HP/intent, real arrow, companion, effects and invincibility
  ---
  duration_ms: 212.7292
  type: 'test'
  ...
# Subtest: missing or refused durable combat saver cannot manufacture a defeat; successful retry records it once
ok 1348 - missing or refused durable combat saver cannot manufacture a defeat; successful retry records it once
  ---
  duration_ms: 50.7823
  type: 'test'
  ...
# Subtest: real Neris waits for distance and explicit wait/follow; player-only arrival cannot finish rescue
ok 1349 - real Neris waits for distance and explicit wait/follow; player-only arrival cannot finish rescue
  ---
  duration_ms: 239.4012
  type: 'test'
  ...
# Subtest: actual ordinary sentinel death stops escort; cold reload/revive resumes durable safe checkpoint and owns a fresh actor
ok 1350 - actual ordinary sentinel death stops escort; cold reload/revive resumes durable safe checkpoint and owns a fresh actor
  ---
  duration_ms: 140.8147
  type: 'test'
  ...
# Subtest: refused checkpoint save stays retryable; actual arrival can only be adopted after saver accepts
ok 1351 - refused checkpoint save stays retryable; actual arrival can only be adopted after saver accepts
  ---
  duration_ms: 24.7073
  type: 'test'
  ...
# Subtest: explicit assisted extraction is distinct, actual Refuge placement and save-atomic; completion survives unpaid reload
ok 1352 - explicit assisted extraction is distinct, actual Refuge placement and save-atomic; completion survives unpaid reload
  ---
  duration_ms: 27.2975
  type: 'test'
  ...
# Subtest: ready claim is physical, atomic, once-only and retained on capacity/save refusal and cold replay
ok 1353 - ready claim is physical, atomic, once-only and retained on capacity/save refusal and cold replay
  ---
  duration_ms: 51.3571
  type: 'test'
  ...
# Subtest: finite fitting preserves selected identity, actual prior socket, validated prior pursuit bonus and global once limit
ok 1354 - finite fitting preserves selected identity, actual prior socket, validated prior pursuit bonus and global once limit
  ---
  duration_ms: 46.4943
  type: 'test'
  ...
# Subtest: both terms are deeply frozen and browser/CommonJS exports agree without mutable service access
ok 1355 - both terms are deeply frozen and browser/CommonJS exports agree without mutable service access
  ---
  duration_ms: 5.3953
  type: 'test'
  ...
# Subtest: stable terms, finite step topology and choice references match the approved data contract
ok 1356 - stable terms, finite step topology and choice references match the approved data contract
  ---
  duration_ms: 1.0871
  type: 'test'
  ...
# Subtest: givers retain current canonical point ownership and every dry step has supported collision-free ground
ok 1357 - givers retain current canonical point ownership and every dry step has supported collision-free ground
  ---
  duration_ms: 11.3727
  type: 'test'
  ...
# Subtest: the complete dry circuit follows real supported segments and stays outside the optional foe detection radius
ok 1358 - the complete dry circuit follows real supported segments and stays outside the optional foe detection radius
  ---
  duration_ms: 78.8397
  type: 'test'
  ...
# Subtest: underwater and air-court anchors agree with actual full-body clearance and character medium
ok 1359 - underwater and air-court anchors agree with actual full-body clearance and character medium
  ---
  duration_ms: 9.3208
  type: 'test'
  ...
# Subtest: production depth movement reaches every new anchor through the real doorway and east lane, then exits
ok 1360 - production depth movement reaches every new anchor through the real doorway and east lane, then exits
  ---
  duration_ms: 35.2408
  type: 'test'
  ...
# Subtest: the material claim supports an existing recipe without a new item, resource node or weapon stat
ok 1361 - the material claim supports an existing recipe without a new item, resource node or weapon stat
  ---
  duration_ms: 0.3808
  type: 'test'
  ...
# Subtest: labels distinguish job supplies, physical depth, protected history and finite claimed materials
ok 1362 - labels distinguish job supplies, physical depth, protected history and finite claimed materials
  ---
  duration_ms: 0.2466
  type: 'test'
  ...
# Subtest: horizontal reflection keeps every point on its plane fixed
ok 1363 - horizontal reflection keeps every point on its plane fixed
  ---
  duration_ms: 8.2211
  type: 'test'
  ...
# Subtest: reflection applied twice restores a point
ok 1364 - reflection applied twice restores a point
  ---
  duration_ms: 3.8286
  type: 'test'
  ...
# Subtest: actual render matrix keeps contact UV invariant at many view angles
ok 1365 - actual render matrix keeps contact UV invariant at many view angles
  ---
  duration_ms: 8.6043
  type: 'test'
  ...
# Subtest: reflected height changes vertical position but not lateral direction
ok 1366 - reflected height changes vertical position but not lateral direction
  ---
  duration_ms: 0.4163
  type: 'test'
  ...
# Subtest: regression specimen detects the previous reflected-lookAt defect
ok 1367 - regression specimen detects the previous reflected-lookAt defect
  ---
  duration_ms: 0.2286
  type: 'test'
  ...
# Subtest: non-finite reflection height is rejected
ok 1368 - non-finite reflection height is rejected
  ---
  duration_ms: 0.4193
  type: 'test'
  ...
# Subtest: road defaults are distinct records and start without progress
ok 1369 - road defaults are distinct records and start without progress
  ---
  duration_ms: 1.4573
  type: 'test'
  ...
# Subtest: all route destinations are on terrain; river and trunks are obstacles
ok 1370 - all route destinations are on terrain; river and trunks are obstacles
  ---
  duration_ms: 1.4069
  type: 'test'
  ...
# Subtest: visibility rejects invalid endpoints, extreme inputs, and water crossing
ok 1371 - visibility rejects invalid endpoints, extreme inputs, and water crossing
  ---
  duration_ms: 0.6454
  type: 'test'
  ...
# Subtest: consistent completed road validates and all objectives complete
ok 1372 - consistent completed road validates and all objectives complete
  ---
  duration_ms: 0.4739
  type: 'test'
  ...
# Subtest: unearned and duplicate facts are rejected rather than reset
ok 1373 - unearned and duplicate facts are rejected rather than reset
  ---
  duration_ms: 1.2079
  type: 'test'
  ...
# Subtest: road validation requires story, companion, and encounter prerequisites
ok 1374 - road validation requires story, companion, and encounter prerequisites
  ---
  duration_ms: 0.3032
  type: 'test'
  ...
# Subtest: world05 migrates without changing any prior creative/sandbox fields
ok 1375 - world05 migrates without changing any prior creative/sandbox fields
  ---
  duration_ms: 18.8906
  type: 'test'
  ...
# Subtest: all supported previous schemas migrate without road wins
ok 1376 - all supported previous schemas migrate without road wins
  ---
  duration_ms: 5.926
  type: 'test'
  ...
# Subtest: adapter migration writes new key and leaves previous key unchanged
ok 1377 - adapter migration writes new key and leaves previous key unchanged
  ---
  duration_ms: 2.2383
  type: 'test'
  ...
# Subtest: gate refuses unfinished chapter without mutation
ok 1378 - gate refuses unfinished chapter without mutation
  ---
  duration_ms: 8.8307
  type: 'test'
  ...
# Subtest: gate refuses remote and wrong-scene entry
ok 1379 - gate refuses remote and wrong-scene entry
  ---
  duration_ms: 20.5269
  type: 'test'
  ...
# Subtest: earned gift allows entry and preserves exterior restart
ok 1380 - earned gift allows entry and preserves exterior restart
  ---
  duration_ms: 3.0998
  type: 'test'
  ...
# Subtest: normal road return is restricted to southern gate
ok 1381 - normal road return is restricted to southern gate
  ---
  duration_ms: 4.7549
  type: 'test'
  ...
# Subtest: road save reopens safely outside with progress retained
ok 1382 - road save reopens safely outside with progress retained
  ---
  duration_ms: 3.7811
  type: 'test'
  ...
# Subtest: all map landmarks and encounter origins walkable
ok 1383 - all map landmarks and encounter origins walkable
  ---
  duration_ms: 0.4256
  type: 'test'
  ...
# Subtest: river blocks nonbridge crossings and rejects nonfinite coordinates
ok 1384 - river blocks nonbridge crossings and rejects nonfinite coordinates
  ---
  duration_ms: 0.2959
  type: 'test'
  ...
# Subtest: boulders cart tower and trunks all participate in collision
ok 1385 - boulders cart tower and trunks all participate in collision
  ---
  duration_ms: 0.5333
  type: 'test'
  ...
# Subtest: path crosses bridge instead of cutting across water
ok 1386 - path crosses bridge instead of cutting across water
  ---
  duration_ms: 46.6891
  type: 'test'
  ...
# Subtest: dodge does not tunnel through the river
ok 1387 - dodge does not tunnel through the river
  ---
  duration_ms: 13.7105
  type: 'test'
  ...
# Subtest: new encounters do not enable village combat
ok 1388 - new encounters do not enable village combat
  ---
  duration_ms: 8.4665
  type: 'test'
  ...
# Subtest: melee cannot hit through solid road geometry
ok 1389 - melee cannot hit through solid road geometry
  ---
  duration_ms: 5.9262
  type: 'test'
  ...
# Subtest: Seek needs bonded Follow fox and a nearby discoverable scent
ok 1390 - Seek needs bonded Follow fox and a nearby discoverable scent
  ---
  duration_ms: 8.1573
  type: 'test'
  ...
# Subtest: discovery only occurs after physical path travel
ok 1391 - discovery only occurs after physical path travel
  ---
  duration_ms: 45.2957
  type: 'test'
  ...
# Subtest: Stay cancels pending scent without issuing discovery
ok 1392 - Stay cancels pending scent without issuing discovery
  ---
  duration_ms: 15.9187
  type: 'test'
  ...
# Subtest: leaving cancels scent instead of revealing cache remotely
ok 1393 - leaving cancels scent instead of revealing cache remotely
  ---
  duration_ms: 4.3391
  type: 'test'
  ...
# Subtest: unrevealed distant or already claimed cache refuses without mutation
ok 1394 - unrevealed distant or already claimed cache refuses without mutation
  ---
  duration_ms: 5.7786
  type: 'test'
  ...
# Subtest: cache overflow keeps balances and unclaimed discovery
ok 1395 - cache overflow keeps balances and unclaimed discovery
  ---
  duration_ms: 4.9278
  type: 'test'
  ...
# Subtest: cache retry does not duplicate rewards
ok 1396 - cache retry does not duplicate rewards
  ---
  duration_ms: 15.9334
  type: 'test'
  ...
# Subtest: repair needs latch prowler ore and proximity
ok 1397 - repair needs latch prowler ore and proximity
  ---
  duration_ms: 22.2474
  type: 'test'
  ...
# Subtest: repair charges exactly once under any command id
ok 1398 - repair charges exactly once under any command id
  ---
  duration_ms: 12.2261
  type: 'test'
  ...
# Subtest: shop refuses unopened remote and wrong-scene trades
ok 1399 - shop refuses unopened remote and wrong-scene trades
  ---
  duration_ms: 34.2882
  type: 'test'
  ...
# Subtest: tonic purchase obeys cost capacity and idempotency
ok 1400 - tonic purchase obeys cost capacity and idempotency
  ---
  duration_ms: 11.2576
  type: 'test'
  ...
# Subtest: changed trade offer under same id is refused
ok 1401 - changed trade offer under same id is refused
  ---
  duration_ms: 8.6638
  type: 'test'
  ...
# Subtest: unique mantle costs 18 and can be equipped not repurchased
ok 1402 - unique mantle costs 18 and can be equipped not repurchased
  ---
  duration_ms: 11.5598
  type: 'test'
  ...
# Subtest: insufficient currency preserves equipment and balance
ok 1403 - insufficient currency preserves equipment and balance
  ---
  duration_ms: 13.5174
  type: 'test'
  ...
# Subtest: copper sale exact and bounded
ok 1404 - copper sale exact and bounded
  ---
  duration_ms: 5.4051
  type: 'test'
  ...
# Subtest: sunberry sale consumes actual sandbox garden produce
ok 1405 - sunberry sale consumes actual sandbox garden produce
  ---
  duration_ms: 3.7556
  type: 'test'
  ...
# Subtest: unknown trade never falls through to an offer
ok 1406 - unknown trade never falls through to an offer
  ---
  duration_ms: 5.1925
  type: 'test'
  ...
# Subtest: pause freezes scent movement and time and refuses actions
ok 1407 - pause freezes scent movement and time and refuses actions
  ---
  duration_ms: 4.8499
  type: 'test'
  ...
# Subtest: charge direction locks during windup rather than tracking evasion
ok 1408 - charge direction locks during windup rather than tracking evasion
  ---
  duration_ms: 28.4612
  type: 'test'
  ...
# Subtest: charge sweep respects banks and hits at most once per charge
ok 1409 - charge sweep respects banks and hits at most once per charge
  ---
  duration_ms: 44.2318
  type: 'test'
  ...
# Subtest: leaving charge lane avoids damage
ok 1410 - leaving charge lane avoids damage
  ---
  duration_ms: 6.7138
  type: 'test'
  ...
# Subtest: path follower routes around rock and never enters it
ok 1411 - path follower routes around rock and never enters it
  ---
  duration_ms: 7.903
  type: 'test'
  ...
# Subtest: fox on invalid ground explicitly recalled rather than stranded
ok 1412 - fox on invalid ground explicitly recalled rather than stranded
  ---
  duration_ms: 3.521
  type: 'test'
  ...
# Subtest: beacon requires three encounters and only rewards once
ok 1413 - beacon requires three encounters and only rewards once
  ---
  duration_ms: 7.4767
  type: 'test'
  ...
# Subtest: return reward requires cart beacon and actual spring
ok 1414 - return reward requires cart beacon and actual spring
  ---
  duration_ms: 6.3324
  type: 'test'
  ...
# Subtest: new equipment and chapter facts survive round trip
ok 1415 - new equipment and chapter facts survive round trip
  ---
  duration_ms: 4.1316
  type: 'test'
  ...
# Subtest: inconsistent completion duplicate IDs and hidden cache claims reject
ok 1416 - inconsistent completion duplicate IDs and hidden cache claims reject
  ---
  duration_ms: 7.8695
  type: 'test'
  ...
# Subtest: invalid nested road data refuses rather than silently resetting
ok 1417 - invalid nested road data refuses rather than silently resetting
  ---
  duration_ms: 2.8025
  type: 'test'
  ...
# Subtest: road defeat permits explicit recovery without erasing quest or inventory
ok 1418 - road defeat permits explicit recovery without erasing quest or inventory
  ---
  duration_ms: 4.2588
  type: 'test'
  ...
# Subtest: sandbox starts empty except four seeds and round trips
ok 1419 - sandbox starts empty except four seeds and round trips
  ---
  duration_ms: 13.5193
  type: 'test'
  ...
# Subtest: all village resource nodes have a walkable approach
ok 1420 - all village resource nodes have a walkable approach
  ---
  duration_ms: 0.5001
  type: 'test'
  ...
# Subtest: rejected gather leaves inventory and resource unchanged
ok 1421 - rejected gather leaves inventory and resource unchanged
  ---
  duration_ms: 2.2689
  type: 'test'
  ...
# Subtest: wood takes four hand swings and yields five timber once
ok 1422 - wood takes four hand swings and yields five timber once
  ---
  duration_ms: 9.9568
  type: 'test'
  ...
# Subtest: cooldown rejects fast repeated swings without damage
ok 1423 - cooldown rejects fast repeated swings without damage
  ---
  duration_ms: 0.8995
  type: 'test'
  ...
# Subtest: axe reduces timber harvest to two swings
ok 1424 - axe reduces timber harvest to two swings
  ---
  duration_ms: 0.9053
  type: 'test'
  ...
# Subtest: fibre supplies actual resource and one seed
ok 1425 - fibre supplies actual resource and one seed
  ---
  duration_ms: 0.4552
  type: 'test'
  ...
# Subtest: resource reappears after active time, not clock slider
ok 1426 - resource reappears after active time, not clock slider
  ---
  duration_ms: 106.5048
  type: 'test'
  ...
# Subtest: pause stops regrowth
ok 1427 - pause stops regrowth
  ---
  duration_ms: 1.4985
  type: 'test'
  ...
# Subtest: craft atomically consumes exact recipe and produces count
ok 1428 - craft atomically consumes exact recipe and produces count
  ---
  duration_ms: 0.9568
  type: 'test'
  ...
# Subtest: insufficient recipe never partially consumes
ok 1429 - insufficient recipe never partially consumes
  ---
  duration_ms: 0.7946
  type: 'test'
  ...
# Subtest: advanced tool requires proximity to workbench
ok 1430 - advanced tool requires proximity to workbench
  ---
  duration_ms: 0.5867
  type: 'test'
  ...
# Subtest: inventory capacity refuses complete recipe before debit
ok 1431 - inventory capacity refuses complete recipe before debit
  ---
  duration_ms: 1.1419
  type: 'test'
  ...
# Subtest: old accepted command cannot be replayed after save reload
ok 1432 - old accepted command cannot be replayed after save reload
  ---
  duration_ms: 1.342
  type: 'test'
  ...
# Subtest: old refusal is stable inside bounded deduplication window
ok 1433 - old refusal is stable inside bounded deduplication window
  ---
  duration_ms: 1.027
  type: 'test'
  ...
# Subtest: deduplication ledger is bounded and validated
ok 1434 - deduplication ledger is bounded and validated
  ---
  duration_ms: 2.5026
  type: 'test'
  ...
# Subtest: unknown and prototype inventory properties are refused
ok 1435 - unknown and prototype inventory properties are refused
  ---
  duration_ms: 0.5273
  type: 'test'
  ...
# Subtest: forged negative or non-finite counts are refused
ok 1436 - forged negative or non-finite counts are refused
  ---
  duration_ms: 0.346
  type: 'test'
  ...
# Subtest: forged bridge and resource rosters are refused
ok 1437 - forged bridge and resource rosters are refused
  ---
  duration_ms: 0.167
  type: 'test'
  ...
# Subtest: bridge is gated until paid repair
ok 1438 - bridge is gated until paid repair
  ---
  duration_ms: 0.531
  type: 'test'
  ...
# Subtest: unlocked bridge has a route to the homestead and back
ok 1439 - unlocked bridge has a route to the homestead and back
  ---
  duration_ms: 55.2636
  type: 'test'
  ...
# Subtest: all frontier resources have an accessible approach after repair
ok 1440 - all frontier resources have an accessible approach after repair
  ---
  duration_ms: 1.245
  type: 'test'
  ...
# Subtest: crystal requires the crafted pick
ok 1441 - crystal requires the crafted pick
  ---
  duration_ms: 0.5739
  type: 'test'
  ...
# Subtest: building only in marked bounds and within reach
ok 1442 - building only in marked bounds and within reach
  ---
  duration_ms: 0.8547
  type: 'test'
  ...
# Subtest: a block on the player is refused without consuming inventory
ok 1443 - a block on the player is refused without consuming inventory
  ---
  duration_ms: 0.4599
  type: 'test'
  ...
# Subtest: gold lane admits deck but rejects blocking wall
ok 1444 - gold lane admits deck but rejects blocking wall
  ---
  duration_ms: 1.4457
  type: 'test'
  ...
# Subtest: actual building changes pathfinding and reclaim restores it
ok 1445 - actual building changes pathfinding and reclaim restores it
  ---
  duration_ms: 2.2211
  type: 'test'
  ...
# Subtest: deck and block layers may coexist; stone stacks to three only
ok 1446 - deck and block layers may coexist; stone stacks to three only
  ---
  duration_ms: 7.1162
  type: 'test'
  ...
# Subtest: reclaim returns exactly the topmost crafted item
ok 1447 - reclaim returns exactly the topmost crafted item
  ---
  duration_ms: 2.2298
  type: 'test'
  ...
# Subtest: different furniture cannot overlap the same occupied layer
ok 1448 - different furniture cannot overlap the same occupied layer
  ---
  duration_ms: 1.3551
  type: 'test'
  ...
# Subtest: unsupported stacks and duplicate layers fail import
ok 1449 - unsupported stacks and duplicate layers fail import
  ---
  duration_ms: 2.3256
  type: 'test'
  ...
# Subtest: construction cannot trap a player in a closed enclosure
ok 1450 - construction cannot trap a player in a closed enclosure
  ---
  duration_ms: 2.213
  type: 'test'
  ...
# Subtest: harvest follows plant, water, growth, then yields food and seeds
ok 1451 - harvest follows plant, water, growth, then yields food and seeds
  ---
  duration_ms: 33.8378
  type: 'test'
  ...
# Subtest: growing bed cannot be recycled to silently lose crop state
ok 1452 - growing bed cannot be recycled to silently lose crop state
  ---
  duration_ms: 2.806
  type: 'test'
  ...
# Subtest: placed workbench unlocks workbench recipes locally
ok 1453 - placed workbench unlocks workbench recipes locally
  ---
  duration_ms: 1.6486
  type: 'test'
  ...
# Subtest: save on unlocked shore preserves player, crops and builds
ok 1454 - save on unlocked shore preserves player, crops and builds
  ---
  duration_ms: 3.1956
  type: 'test'
  ...
# Subtest: version-three save migration preserves creative data, starts clean inventory
ok 1455 - version-three save migration preserves creative data, starts clean inventory
  ---
  duration_ms: 1.1136
  type: 'test'
  ...
# Subtest: migration never overwrites earlier storage key
ok 1456 - migration never overwrites earlier storage key
  ---
  duration_ms: 1.8319
  type: 'test'
  ...
# Subtest: invalid bridge-state save cannot place player beyond locked crossing
ok 1457 - invalid bridge-state save cannot place player beyond locked crossing
  ---
  duration_ms: 1.4402
  type: 'test'
  ...
# Subtest: sandbox rejects gameplay in interiors
ok 1458 - sandbox rejects gameplay in interiors
  ---
  duration_ms: 0.5185
  type: 'test'
  ...
# Subtest: an oversized delta cannot fast-forward the sandbox
ok 1459 - an oversized delta cannot fast-forward the sandbox
  ---
  duration_ms: 0.8201
  type: 'test'
  ...
# Subtest: a full end-to-end milestone fixture is consistent and restorable
ok 1460 - a full end-to-end milestone fixture is consistent and restorable
  ---
  duration_ms: 20.943
  type: 'test'
  ...
# Subtest: isolated browser and CommonJS export only the pure four-function API
ok 1461 - isolated browser and CommonJS export only the pure four-function API
  ---
  duration_ms: 5.6584
  type: 'test'
  ...
# Subtest: actual displacement drives stride independently of subdivision, speed and chase intent
ok 1462 - actual displacement drives stride independently of subdivision, speed and chase intent
  ---
  duration_ms: 3.5267
  type: 'test'
  ...
# Subtest: stopping holds phase, settles legs, and repeated samples do not fabricate motion
ok 1463 - stopping holds phase, settles legs, and repeated samples do not fabricate motion
  ---
  duration_ms: 0.3
  type: 'test'
  ...
# Subtest: long pauses freeze the full drawable pose and consume skipped placement
ok 1464 - long pauses freeze the full drawable pose and consume skipped placement
  ---
  duration_ms: 2.9997
  type: 'test'
  ...
# Subtest: scene/teleport/clock resets are isolated from source samples
ok 1465 - scene/teleport/clock resets are isolated from source samples
  ---
  duration_ms: 0.3173
  type: 'test'
  ...
# Subtest: only actual windup with finite authoritative duration produces the crouched tell
ok 1466 - only actual windup with finite authoritative duration produces the crouched tell
  ---
  duration_ms: 0.7684
  type: 'test'
  ...
# Subtest: recovery uses actual remaining duration to settle the head without implying success
ok 1467 - recovery uses actual remaining duration to settle the head without implying success
  ---
  duration_ms: 0.3188
  type: 'test'
  ...
# Subtest: reduced motion keeps six-leg gait and authoritative tell but suppresses bob
ok 1468 - reduced motion keeps six-leg gait and authoritative tell but suppresses bob
  ---
  duration_ms: 0.4634
  type: 'test'
  ...
# Subtest: six jointed legs use tripod phases, fixed bone lengths and visible swing clearance
ok 1469 - six jointed legs use tripod phases, fixed bone lengths and visible swing clearance
  ---
  duration_ms: 5.5599
  type: 'test'
  ...
# Subtest: actual emitted meshes remain above supplied ground, finite, positive and bounded
ok 1470 - actual emitted meshes remain above supplied ground, finite, positive and bounded
  ---
  duration_ms: 1659.4628
  type: 'test'
  ...
# Subtest: all actual leg skins meet shared anchors at ordinary/named scales and floor/yaw changes
ok 1471 - all actual leg skins meet shared anchors at ordinary/named scales and floor/yaw changes
  ---
  duration_ms: 22.2302
  type: 'test'
  ...
# Subtest: hips, plates and named spine roots attach inside the actual convex carapace
ok 1472 - hips, plates and named spine roots attach inside the actual convex carapace
  ---
  duration_ms: 2.686
  type: 'test'
  ...
# Subtest: named scale occurs exactly once and unchanged original body envelope is preserved
ok 1473 - named scale occurs exactly once and unchanged original body envelope is preserved
  ---
  duration_ms: 0.6318
  type: 'test'
  ...
# Subtest: confirmed flash color and recoil come only from caller feedback, leaving joints and rules untouched
ok 1474 - confirmed flash color and recoil come only from caller feedback, leaving joints and rules untouched
  ---
  duration_ms: 1.0364
  type: 'test'
  ...
# Subtest: fresh motion/pose/parts and draw preserve all input and existing output records
ok 1475 - fresh motion/pose/parts and draw preserve all input and existing output records
  ---
  duration_ms: 1.1307
  type: 'test'
  ...
# Subtest: malformed placement, recoil or mismatched named pose refuses before output mutation
ok 1476 - malformed placement, recoil or mismatched named pose refuses before output mutation
  ---
  duration_ms: 0.8256
  type: 'test'
  ...
# Subtest: the original immutable room profiles are separate from state and services
ok 1477 - the original immutable room profiles are separate from state and services
  ---
  duration_ms: 2.8222
  type: 'test'
  ...
# Subtest: five roads and actual Atlantis body medium have honest distinct atmosphere
ok 1478 - five roads and actual Atlantis body medium have honest distinct atmosphere
  ---
  duration_ms: 0.3516
  type: 'test'
  ...
# Subtest: quiet state is driven by pause hidden page or actual death while retaining profile identity
ok 1479 - quiet state is driven by pause hidden page or actual death while retaining profile identity
  ---
  duration_ms: 0.1829
  type: 'test'
  ...
# Subtest: only living visible daytime outdoor Earth can chirp; no birds underground or in cosmic realms
ok 1480 - only living visible daytime outdoor Earth can chirp; no birds underground or in cosmic realms
  ---
  duration_ms: 0.557
  type: 'test'
  ...
# Subtest: bounded graph creates exactly one noise loop and three voices connected only to its own bus
ok 1481 - bounded graph creates exactly one noise loop and three voices connected only to its own bus
  ---
  duration_ms: 4.3906
  type: 'test'
  ...
# Subtest: room transitions schedule a new local mix once, with no per-frame allocation or master mutation
ok 1482 - room transitions schedule a new local mix once, with no per-frame allocation or master mutation
  ---
  duration_ms: 1.7292
  type: 'test'
  ...
# Subtest: pause and hidden changes fade the bus without stopping or replacing composed music master
ok 1483 - pause and hidden changes fade the bus without stopping or replacing composed music master
  ---
  duration_ms: 0.6257
  type: 'test'
  ...
# Subtest: bird cadence requires continuous elapsed frames and never backfills through reload or hidden gaps
ok 1484 - bird cadence requires continuous elapsed frames and never backfills through reload or hidden gaps
  ---
  duration_ms: 0.6871
  type: 'test'
  ...
# Subtest: disposal retires every owned loop and connection once and fences later updates
ok 1485 - disposal retires every owned loop and connection once and fences later updates
  ---
  duration_ms: 0.6961
  type: 'test'
  ...
# Subtest: profile projection does not change caller state or allocate audio authority
ok 1486 - profile projection does not change caller state or allocate audio authority
  ---
  duration_ms: 1.3093
  type: 'test'
  ...
# Subtest: reward blade and bow use actual equipment material in world geometry
ok 1487 - reward blade and bow use actual equipment material in world geometry
  ---
  duration_ms: 62.7736
  type: 'test'
  ...
# Subtest: named warning geometry includes the exact rule-defined strike radius
ok 1488 - named warning geometry includes the exact rule-defined strike radius
  ---
  duration_ms: 15.5329
  type: 'test'
  ...
# Subtest: riverbank rendering enables existing outdoor water and matches collision obstacles
ok 1489 - riverbank rendering enables existing outdoor water and matches collision obstacles
  ---
  duration_ms: 11.7669
  type: 'test'
  ...
# Subtest: new quest state is explicit, versioned and round trips
ok 1490 - new quest state is explicit, versioned and round trips
  ---
  duration_ms: 5.3602
  type: 'test'
  ...
# Subtest: version-five adventure migrates without altering existing campaign or creative data
ok 1491 - version-five adventure migrates without altering existing campaign or creative data
  ---
  duration_ms: 21.0097
  type: 'test'
  ...
# Subtest: all banked XP boundaries retain XP and the existing five-level curve
ok 1492 - all banked XP boundaries retain XP and the existing five-level curve
  ---
  duration_ms: 1.4595
  type: 'test'
  ...
# Subtest: acceptance requires kit and actual Oren proximity without campaign consent
ok 1493 - acceptance requires kit and actual Oren proximity without campaign consent
  ---
  duration_ms: 13.1403
  type: 'test'
  ...
# Subtest: acceptance is one explicit event and survives cold reload
ok 1494 - acceptance is one explicit event and survives cold reload
  ---
  duration_ms: 2.6918
  type: 'test'
  ...
# Subtest: pre-acceptance pocket has no quest kills or pickups to backfill
ok 1495 - pre-acceptance pocket has no quest kills or pickups to backfill
  ---
  duration_ms: 11.042
  type: 'test'
  ...
# Subtest: room dispatch and each objective use real collision-valid routes
ok 1496 - room dispatch and each objective use real collision-valid routes
  ---
  duration_ms: 42.2551
  type: 'test'
  ...
# Subtest: each bundle is unique, proximity checked and never spends ordinary materials
ok 1497 - each bundle is unique, proximity checked and never spends ordinary materials
  ---
  duration_ms: 12.6396
  type: 'test'
  ...
# Subtest: named defeat can precede bundles and stays resolved after returning/re-entry
ok 1498 - named defeat can precede bundles and stays resolved after returning/re-entry
  ---
  duration_ms: 3.3469
  type: 'test'
  ...
# Subtest: incomplete, distant and unknown-reward turn-ins refuse atomically
ok 1499 - incomplete, distant and unknown-reward turn-ins refuse atomically
  ---
  duration_ms: 5.9034
  type: 'test'
  ...
# Subtest: full currency capacity preserves every objective and reward for retry
ok 1500 - full currency capacity preserves every objective and reward for retry
  ---
  duration_ms: 2.7216
  type: 'test'
  ...
# Subtest: oren_sunblade is awarded once, deliberately equipped, and saved with correct mechanics
ok 1501 - oren_sunblade is awarded once, deliberately equipped, and saved with correct mechanics
  ---
  duration_ms: 2.3848
  type: 'test'
  ...
# Subtest: oren_reedbow is awarded once, deliberately equipped, and saved with correct mechanics
ok 1502 - oren_reedbow is awarded once, deliberately equipped, and saved with correct mechanics
  ---
  duration_ms: 2.8837
  type: 'test'
  ...
# Subtest: single veteran temper preserves weapon identity, socket, cadence and health
ok 1503 - single veteran temper preserves weapon identity, socket, cadence and health
  ---
  duration_ms: 1.9436
  type: 'test'
  ...
# Subtest: temper refuses unknown, unowned and armor targets without a partial payout
ok 1504 - temper refuses unknown, unowned and armor targets without a partial payout
  ---
  duration_ms: 3.9288
  type: 'test'
  ...
# Subtest: new bow really launches primary and piercing projectiles with costs and hit events
ok 1505 - new bow really launches primary and piercing projectiles with costs and hit events
  ---
  duration_ms: 10.8289
  type: 'test'
  ...
# Subtest: practice target supports blade and yields no XP, loot, coins or quest progress
ok 1506 - practice target supports blade and yields no XP, loot, coins or quest progress
  ---
  duration_ms: 1.6836
  type: 'test'
  ...
# Subtest: new equipment keeps independent removable socket and validates after reload
ok 1507 - new equipment keeps independent removable socket and validates after reload
  ---
  duration_ms: 5.0424
  type: 'test'
  ...
# Subtest: named tell locks aim and allows both a guarded hit and a movement response
ok 1508 - named tell locks aim and allows both a guarded hit and a movement response
  ---
  duration_ms: 18.5714
  type: 'test'
  ...
# Subtest: save validation rejects impossible quest state and reward combinations
ok 1509 - save validation rejects impossible quest state and reward combinations
  ---
  duration_ms: 3.7694
  type: 'test'
  ...
# Subtest: kit blade sees the actual ordinary tell and Brace halves its resolved hit
ok 1510 - kit blade sees the actual ordinary tell and Brace halves its resolved hit
  ---
  duration_ms: 90.5173
  type: 'test'
  ...
# Subtest: fresh bow sees the actual ordinary tell and Brace halves its resolved hit
ok 1511 - fresh bow sees the actual ordinary tell and Brace halves its resolved hit
  ---
  duration_ms: 126.2578
  type: 'test'
  ...
# Subtest: movement away from the locked ordinary aim avoids its actual impact with the kit
ok 1512 - movement away from the locked ordinary aim avoids its actual impact with the kit
  ---
  duration_ms: 14.1289
  type: 'test'
  ...
# Subtest: fixed ordinary health stays easy for stronger gear without scaling or changing banked XP
ok 1513 - fixed ordinary health stays easy for stronger gear without scaling or changing banked XP
  ---
  duration_ms: 24.641
  type: 'test'
  ...
# Subtest: ordinary fights stay optional and named threat, rewards, cooldown and weapon distinctions retain their rules
ok 1514 - ordinary fights stay optional and named threat, rewards, cooldown and weapon distinctions retain their rules
  ---
  duration_ms: 1.2904
  type: 'test'
  ...
# Subtest: both decoded maps are required; scene clear neither cancels nor reloads engine maps
ok 1515 - both decoded maps are required; scene clear neither cancels nor reloads engine maps
  ---
  duration_ms: 10.6596
  type: 'test'
  ...
# Subtest: missing maps and incompatible contracts stay usable with untextured fallback
ok 1516 - missing maps and incompatible contracts stay usable with untextured fallback
  ---
  duration_ms: 12.28
  type: 'test'
  ...
# Subtest: PNG payload type and grayscale header are checked before decoding
ok 1517 - PNG payload type and grayscale header are checked before decoding
  ---
  duration_ms: 2.602
  type: 'test'
  ...
# Subtest: decode errors and wrong decoded dimensions cancel peers and stale completions
ok 1518 - decode errors and wrong decoded dimensions cancel peers and stale completions
  ---
  duration_ms: 2.6448
  type: 'test'
  ...
# Subtest: failed uploads free temporary maps and restore shared texture/unpack state
ok 1519 - failed uploads free temporary maps and restore shared texture/unpack state
  ---
  duration_ms: 2.4561
  type: 'test'
  ...
# Subtest: map-only disposal invalidates in-flight completions and deletes only owned ready textures
ok 1520 - map-only disposal invalidates in-flight completions and deletes only owned ready textures
  ---
  duration_ms: 4.5198
  type: 'test'
  ...
# Subtest: two engines independently own their decoders and uploaded maps
ok 1521 - two engines independently own their decoders and uploaded maps
  ---
  duration_ms: 4.529
  type: 'test'
  ...
# Subtest: context loss invalidates images and maps with no restoration or later upload
ok 1522 - context loss invalidates images and maps with no restoration or later upload
  ---
  duration_ms: 3.1648
  type: 'test'
  ...
# Subtest: timber shares exact box geometry and collision extent with complete grain-oriented face UVs
ok 1523 - timber shares exact box geometry and collision extent with complete grain-oriented face UVs
  ---
  duration_ms: 3.3599
  type: 'test'
  ...
# Subtest: material flags stay per batch; reflection uses material while depth and cutaway retain their scope
ok 1524 - material flags stay per batch; reflection uses material while depth and cutaway retain their scope
  ---
  duration_ms: 3.5383
  type: 'test'
  ...
# Subtest: unstarted, absent, unknown and unowned equipment produce no gear
ok 1525 - unstarted, absent, unknown and unowned equipment produce no gear
  ---
  duration_ms: 76.5328
  type: 'test'
  ...
# Subtest: read-only attachment summary reports exactly the rendered grip and actual markers
ok 1526 - read-only attachment summary reports exactly the rendered grip and actual markers
  ---
  duration_ms: 31.0737
  type: 'test'
  ...
# Subtest: a command-earned kit is held at the right palm through actual root yaw and terrain height
ok 1527 - a command-earned kit is held at the right palm through actual root yaw and terrain height
  ---
  duration_ms: 8.6244
  type: 'test'
  ...
# Subtest: curved bow grip and both string segments attach to the two moving palms
ok 1528 - curved bow grip and both string segments attach to the two moving palms
  ---
  duration_ms: 8.7916
  type: 'test'
  ...
# Subtest: ordinary travel stows blade at hip and bow at back without hand-held copies
ok 1529 - ordinary travel stows blade at hip and bow at back without hand-held copies
  ---
  duration_ms: 95.4562
  type: 'test'
  ...
# Subtest: each catalogue weapon preserves its own colour, gem, fittings and separate Oren temper
ok 1530 - each catalogue weapon preserves its own colour, gem, fittings and separate Oren temper
  ---
  duration_ms: 332.0392
  type: 'test'
  ...
# Subtest: markers project only the selected weapon rather than another owned weapon
ok 1531 - markers project only the selected weapon rather than another owned weapon
  ---
  duration_ms: 4.6581
  type: 'test'
  ...
# Subtest: family silhouettes differ within a bounded traveller scale
ok 1532 - family silhouettes differ within a bounded traveller scale
  ---
  duration_ms: 31.6093
  type: 'test'
  ...
# Subtest: blade anticipation, recovery and guard keep the grip connected while changing orientation
ok 1533 - blade anticipation, recovery and guard keep the grip connected while changing orientation
  ---
  duration_ms: 5.7291
  type: 'test'
  ...
# Subtest: reduced motion keeps essential palm connections without phase-driven blade flourishes
ok 1534 - reduced motion keeps essential palm connections without phase-driven blade flourishes
  ---
  duration_ms: 8.7501
  type: 'test'
  ...
# Subtest: all equipment transforms stay finite, orthogonal and under forty instances
ok 1535 - all equipment transforms stay finite, orthogonal and under forty instances
  ---
  duration_ms: 63.4059
  type: 'test'
  ...
# Subtest: read-only rendering does not create runtime, commands, effects or arrows
ok 1536 - read-only rendering does not create runtime, commands, effects or arrows
  ---
  duration_ms: 6.9391
  type: 'test'
  ...
# Subtest: gathered and command-crafted bow projects the actual equipped item
ok 1537 - gathered and command-crafted bow projects the actual equipped item
  ---
  duration_ms: 103.0648
  type: 'test'
  ...
# Subtest: finite realm collars preserve prior markers and follow the actual blade or curved bow segment
ok 1538 - finite realm collars preserve prior markers and follow the actual blade or curved bow segment
  ---
  duration_ms: 379.5498
  type: 'test'
  ...
# Subtest: queued release joins the actual full windup pose, including submitted blade axis
ok 1539 - queued release joins the actual full windup pose, including submitted blade axis
  ---
  duration_ms: 43.1061
  type: 'test'
  ...
# Subtest: direct accepted strikes start at ready and never fabricate a prior windup
ok 1540 - direct accepted strikes start at ready and never fabricate a prior windup
  ---
  duration_ms: 0.847
  type: 'test'
  ...
# Subtest: a bounded cut has intermediate poses and settles without a phase-boundary jump
ok 1541 - a bounded cut has intermediate poses and settles without a phase-boundary jump
  ---
  duration_ms: 8.3729
  type: 'test'
  ...
# Subtest: submitted blade basis has no arbitrary roll flips during its complete cut and settle
ok 1542 - submitted blade basis has no arbitrary roll flips during its complete cut and settle
  ---
  duration_ms: 115.5164
  type: 'test'
  ...
# Subtest: actual blade and tip volumes clear the conservative head bounds through the whole attack
ok 1543 - actual blade and tip volumes clear the conservative head bounds through the whole attack
  ---
  duration_ms: 466.1388
  type: 'test'
  ...
# Subtest: body balance is visible above fixed physical feet and quiet in reduced motion
ok 1544 - body balance is visible above fixed physical feet and quiet in reduced motion
  ---
  duration_ms: 38.3532
  type: 'test'
  ...
# Subtest: reduced motion bounds the blade hand cue and suppresses secondary equipment/body sweep
ok 1545 - reduced motion bounds the blade hand cue and suppresses secondary equipment/body sweep
  ---
  duration_ms: 3.676
  type: 'test'
  ...
# Subtest: guard and swim override both release origins without adding a second attack pose
ok 1546 - guard and swim override both release origins without adding a second attack pose
  ---
  duration_ms: 4.8255
  type: 'test'
  ...
# Subtest: rendered palms, balanced torso and canonical gear share one frame through actual world yaw
ok 1547 - rendered palms, balanced torso and canonical gear share one frame through actual world yaw
  ---
  duration_ms: 37.3753
  type: 'test'
  ...
# Subtest: carried gear and the held blade sheath remain outside the accepted-release curves
ok 1548 - carried gear and the held blade sheath remain outside the accepted-release curves
  ---
  duration_ms: 15.7882
  type: 'test'
  ...
# Subtest: production autoattack still uses its real queued epoch and accepted manual attack has no fake anticipation
ok 1549 - production autoattack still uses its real queued epoch and accepted manual attack has no fake anticipation
  ---
  duration_ms: 20.8593
  type: 'test'
  ...
# Subtest: CommonJS and browser globals expose the same bounded rig API
ok 1550 - CommonJS and browser globals expose the same bounded rig API
  ---
  duration_ms: 14.2098
  type: 'test'
  ...
# Subtest: gallery stroke keeps limbs connected and reduced motion settles the arms
ok 1551 - gallery stroke keeps limbs connected and reduced motion settles the arms
  ---
  duration_ms: 3.2415
  type: 'test'
  ...
# Subtest: gait phase follows accepted distance and survives frame subdivision
ok 1552 - gait phase follows accepted distance and survives frame subdivision
  ---
  duration_ms: 1.8218
  type: 'test'
  ...
# Subtest: stationary walking intent never drives foot shuffling
ok 1553 - stationary walking intent never drives foot shuffling
  ---
  duration_ms: 0.624
  type: 'test'
  ...
# Subtest: stopping holds phase and eases the feet into a settled stance
ok 1554 - stopping holds phase and eases the feet into a settled stance
  ---
  duration_ms: 0.4492
  type: 'test'
  ...
# Subtest: repeated samples and long pauses preserve the complete drawable pose
ok 1555 - repeated samples and long pauses preserve the complete drawable pose
  ---
  duration_ms: 2.5986
  type: 'test'
  ...
# Subtest: paused coordinates are consumed without turning skipped travel into steps
ok 1556 - paused coordinates are consumed without turning skipped travel into steps
  ---
  duration_ms: 0.2424
  type: 'test'
  ...
# Subtest: scene changes, teleports and clock discontinuities reset the stance
ok 1557 - scene changes, teleports and clock discontinuities reset the stance
  ---
  duration_ms: 0.2191
  type: 'test'
  ...
# Subtest: reduced motion keeps essential gait and weapon alignment without secondary drift
ok 1558 - reduced motion keeps essential gait and weapon alignment without secondary drift
  ---
  duration_ms: 0.7895
  type: 'test'
  ...
# Subtest: walking has visible foot clearance and preserves fixed limb lengths
ok 1559 - walking has visible foot clearance and preserves fixed limb lengths
  ---
  duration_ms: 2.987
  type: 'test'
  ...
# Subtest: blade/bow anticipation, recovery and guard are connected and distinct
ok 1560 - blade/bow anticipation, recovery and guard are connected and distinct
  ---
  duration_ms: 1.8383
  type: 'test'
  ...
# Subtest: draw segments actually connect the named joints under root translation and yaw
ok 1561 - draw segments actually connect the named joints under root translation and yaw
  ---
  duration_ms: 3.5671
  type: 'test'
  ...
# Subtest: palette choices and explicitly supplied armor colour are retained
ok 1562 - palette choices and explicitly supplied armor colour are retained
  ---
  duration_ms: 2.4194
  type: 'test'
  ...
# Subtest: all transforms stay finite, actor geometry has no camera authority, and budget stays bounded
ok 1563 - all transforms stay finite, actor geometry has no camera authority, and budget stays bounded
  ---
  duration_ms: 84.9517
  type: 'test'
  ...
# Subtest: malformed numerical motion inputs cannot poison matrices
ok 1564 - malformed numerical motion inputs cannot poison matrices
  ---
  duration_ms: 0.5058
  type: 'test'
  ...
# Subtest: sampling, posing and drawing leave input rules, motion and profiles immutable
ok 1565 - sampling, posing and drawing leave input rules, motion and profiles immutable
  ---
  duration_ms: 0.9295
  type: 'test'
  ...
# Subtest: explicit fresh whole-draft cohort is required
ok 1566 - explicit fresh whole-draft cohort is required # SKIP Run tools/whole_draft_journey.cjs; no whole-draft cohort was supplied to this generic rules invocation.
  ---
  duration_ms: 0.7925
  type: 'test'
  ...
# \# Scope: actual Core/commands/moveTo/tick and UI owners; DOM string/attribute sink, validated RAM save acknowledgement. No native/browser/pixel proof.
# \# Setup counters: 27 production movement legs; 940 production ticks. Late-history cases are labelled synthetic derivatives of the installed fixture.
# Subtest: fresh actual Journal prioritizes usable Chapter I and retains all locked requests
ok 1567 - fresh actual Journal prioritizes usable Chapter I and retains all locked requests
  ---
  duration_ms: 38.3458
  type: 'test'
  ...
# Subtest: actual kit, crossing and accepted trail retain manual Homestead
ok 1568 - actual kit, crossing and accepted trail retain manual Homestead
  ---
  duration_ms: 81.7169
  type: 'test'
  ...
# Subtest: manual Story keeps actual chapter and its visible tracker opens Journal in a local realm
ok 1569 - manual Story keeps actual chapter and its visible tracker opens Journal in a local realm
  ---
  duration_ms: 64.3881
  type: 'test'
  ...
# Subtest: a different explicit tracker choice replaces the transient selection
ok 1570 - a different explicit tracker choice replaces the transient selection
  ---
  duration_ms: 19.4806
  type: 'test'
  ...
# Subtest: real accepted commission card Track replaces Homestead without changing any saved facts
ok 1571 - real accepted commission card Track replaces Homestead without changing any saved facts
  ---
  duration_ms: 46.868
  type: 'test'
  ...
# Subtest: failed actual project pin does not create a manual preference or alter the current tracker
ok 1572 - failed actual project pin does not create a manual preference or alter the current tracker
  ---
  duration_ms: 2.2519
  type: 'test'
  ...
# Subtest: passive acceptance projection cannot steal a manual choice; no preference is saved
ok 1573 - passive acceptance projection cannot steal a manual choice; no preference is saved
  ---
  duration_ms: 18.6799
  type: 'test'
  ...
# Subtest: actual continuation acceptance retains manual Homestead and appears outside the locked Journal group (synthetic late history)
ok 1574 - actual continuation acceptance retains manual Homestead and appears outside the locked Journal group (synthetic late history)
  ---
  duration_ms: 21.371
  type: 'test'
  ...
# Subtest: claimed campaign stays visibly completed after a prior explicit track (labelled synthetic late history)
ok 1575 - claimed campaign stays visibly completed after a prior explicit track (labelled synthetic late history)
  ---
  duration_ms: 22.2902
  type: 'test'
  ...
# Subtest: actual legacy Cosmos and Hearthwater visits cannot overwrite a manually selected Homestead
ok 1576 - actual legacy Cosmos and Hearthwater visits cannot overwrite a manually selected Homestead
  ---
  duration_ms: 44.3962
  type: 'test'
  ...
# Subtest: no manual preference survives a new Simulation body or a cold UI constructor
ok 1577 - no manual preference survives a new Simulation body or a cold UI constructor
  ---
  duration_ms: 14.7719
  type: 'test'
  ...
# Subtest: realm concept catalogue accurately names installed local arcs without promising full realms
ok 1578 - realm concept catalogue accurately names installed local arcs without promising full realms
  ---
  duration_ms: 0.5286
  type: 'test'
  ...
# Subtest: refused bow transaction preserves every live field and can retry one identical request
ok 1579 - refused bow transaction preserves every live field and can retry one identical request
  ---
  duration_ms: 53.875
  type: 'test'
  ...
# Subtest: sandbox craft saves materials, output, receipt and journal together
ok 1580 - sandbox craft saves materials, output, receipt and journal together
  ---
  duration_ms: 12.3803
  type: 'test'
  ...
# Subtest: forge cannot spend ore or coins before a durable write
ok 1581 - forge cannot spend ore or coins before a durable write
  ---
  duration_ms: 26.196
  type: 'test'
  ...
# Subtest: socket replacement and removal preserve loose gems on refusal and return them exactly once
ok 1582 - socket replacement and removal preserve loose gems on refusal and return them exactly once
  ---
  duration_ms: 25.9707
  type: 'test'
  ...
# Subtest: equipping preserves selected equipment on refusal and retains the live combat runtime
ok 1583 - equipping preserves selected equipment on refusal and retains the live combat runtime
  ---
  duration_ms: 6.94
  type: 'test'
  ...
# Subtest: both finite field-guide fittings save exact costs and keep weapon identity, socket and equipment
ok 1584 - both finite field-guide fittings save exact costs and keep weapon identity, socket and equipment
  ---
  duration_ms: 10.9988
  type: 'test'
  ...
# Subtest: explicit starter oren_sunblade survives refusal and pays its one canonical reward
ok 1585 - explicit starter oren_sunblade survives refusal and pays its one canonical reward
  ---
  duration_ms: 8.0468
  type: 'test'
  ...
# Subtest: explicit starter oren_reedbow survives refusal and pays its one canonical reward
ok 1586 - explicit starter oren_reedbow survives refusal and pays its one canonical reward
  ---
  duration_ms: 19.9948
  type: 'test'
  ...
# Subtest: explicit starter temper survives refusal and pays its one canonical reward
ok 1587 - explicit starter temper survives refusal and pays its one canonical reward
  ---
  duration_ms: 7.0335
  type: 'test'
  ...
# Subtest: completed survey payout is one atomic current-run ledger transition
ok 1588 - completed survey payout is one atomic current-run ledger transition
  ---
  duration_ms: 4.5094
  type: 'test'
  ...
# Subtest: Tessa tonic uses current road context and durably spends exactly one offer
ok 1589 - Tessa tonic uses current road context and durably spends exactly one offer
  ---
  duration_ms: 15.2829
  type: 'test'
  ...
# Subtest: Tessa mantle uses current road context and durably spends exactly one offer
ok 1590 - Tessa mantle uses current road context and durably spends exactly one offer
  ---
  duration_ms: 20.5088
  type: 'test'
  ...
# Subtest: Tessa sell-copper uses current road context and durably spends exactly one offer
ok 1591 - Tessa sell-copper uses current road context and durably spends exactly one offer
  ---
  duration_ms: 19.5562
  type: 'test'
  ...
# Subtest: Tessa sell-berries uses current road context and durably spends exactly one offer
ok 1592 - Tessa sell-berries uses current road context and durably spends exactly one offer
  ---
  duration_ms: 10.3645
  type: 'test'
  ...
# Subtest: Bellweather bench uses actual local position while saving the home checkpoint
ok 1593 - Bellweather bench uses actual local position while saving the home checkpoint
  ---
  duration_ms: 2.4645
  type: 'test'
  ...
# Subtest: source conflict leaves supplies and the other tab saved bytes intact
ok 1594 - source conflict leaves supplies and the other tab saved bytes intact
  ---
  duration_ms: 2.5171
  type: 'test'
  ...
# Subtest: managed character writer rejection keeps current character materials and receipts intact
ok 1595 - managed character writer rejection keeps current character materials and receipts intact
  ---
  duration_ms: 4.8816
  type: 'test'
  ...
# Subtest: thrown saver preserves the full live state and does not reserve the request identity
ok 1596 - thrown saver preserves the full live state and does not reserve the request identity
  ---
  duration_ms: 6.0723
  type: 'test'
  ...
# Subtest: rules refuse wrong benches, insufficient costs, invalid ownership and changed receipt terms before saving
ok 1597 - rules refuse wrong benches, insufficient costs, invalid ownership and changed receipt terms before saving
  ---
  duration_ms: 10.6971
  type: 'test'
  ...
# Subtest: pause policies remain canonical and a saver is always required for a new successful action
ok 1598 - pause policies remain canonical and a saver is always required for a new successful action
  ---
  duration_ms: 1.4773
  type: 'test'
  ...
# Subtest: validation refusal keeps the exact live canonical state and prevents saving
ok 1599 - validation refusal keeps the exact live canonical state and prevents saving
  ---
  duration_ms: 2.8872
  type: 'test'
  ...
# Subtest: only the reviewed state-only economic and finite Earth-story names are accepted
ok 1600 - only the reviewed state-only economic and finite Earth-story names are accepted
  ---
  duration_ms: 1.1283
  type: 'test'
  ...
# Subtest: exactly five finite Earth-story actions join the explicit command set
ok 1601 - exactly five finite Earth-story actions join the explicit command set
  ---
  duration_ms: 0.2201
  type: 'test'
  ...
# Subtest: Earth consent saves before adoption and keeps all live context and actor epochs
ok 1602 - Earth consent saves before adoption and keeps all live context and actor epochs
  ---
  duration_ms: 3.7531
  type: 'test'
  ...
# Subtest: every mill delivery transition survives quota refusal and same-request retry with one cost and payout
ok 1603 - every mill delivery transition survives quota refusal and same-request retry with one cost and payout
  ---
  duration_ms: 35.2393
  type: 'test'
  ...
# Subtest: Earth task prerequisites, cost, source room, local position and pause refuse before saving
ok 1604 - Earth task prerequisites, cost, source room, local position and pause refuse before saving
  ---
  duration_ms: 7.7765
  type: 'test'
  ...
# Subtest: all compatible improvements remain available after the single delivery without a second payout
ok 1605 - all compatible improvements remain available after the single delivery without a second payout
  ---
  duration_ms: 41.4838
  type: 'test'
  ...
# Subtest: each Earth payment capacity refusal preserves unpaid work and exact rewards have zero XP
ok 1606 - each Earth payment capacity refusal preserves unpaid work and exact rewards have zero XP
  ---
  duration_ms: 35.104
  type: 'test'
  ...
# Subtest: Earth repair rejects foreign source bytes and keeps the other writer intact
ok 1607 - Earth repair rejects foreign source bytes and keeps the other writer intact
  ---
  duration_ms: 4.1535
  type: 'test'
  ...
# Subtest: managed writer refusal preserves Earth payment and permits a later owned retry
ok 1608 - managed writer refusal preserves Earth payment and permits a later owned retry
  ---
  duration_ms: 8.1815
  type: 'test'
  ...
# Subtest: all new static scenery uses supported finite meshes instead of silent cylinder fallback
ok 1609 - all new static scenery uses supported finite meshes instead of silent cylinder fallback
  ---
  duration_ms: 545.2891
  type: 'test'
  ...
# Subtest: visible solid boxes match canonical body collision footprints and heights
ok 1610 - visible solid boxes match canonical body collision footprints and heights
  ---
  duration_ms: 65.2238
  type: 'test'
  ...
# Subtest: submitted opaque geometry leaves the actual 3D gallery body route clear
ok 1611 - submitted opaque geometry leaves the actual 3D gallery body route clear
  ---
  duration_ms: 45.3687
  type: 'test'
  ...
# Subtest: wet volume under the civic deck retains actual head clearance
ok 1612 - wet volume under the civic deck retains actual head clearance
  ---
  duration_ms: 3.4719
  type: 'test'
  ...
# Subtest: only the two exact Atlantis shelter roofs receive preference-controlled roof reveal
ok 1613 - only the two exact Atlantis shelter roofs receive preference-controlled roof reveal
  ---
  duration_ms: 51.9572
  type: 'test'
  ...
# Subtest: exact two canonical realms have finite, unique, immutable data and stable work identities
ok 1614 - exact two canonical realms have finite, unique, immutable data and stable work identities
  ---
  duration_ms: 3.7858
  type: 'test'
  ...
# Subtest: module load publishes only its declared API and never reads a simulation or host service
ok 1615 - module load publishes only its declared API and never reads a simulation or host service
  ---
  duration_ms: 20.5622
  type: 'test'
  ...
# Subtest: every entry and interaction anchor has full actor clearance on bounded dry ground
ok 1616 - every entry and interaction anchor has full actor clearance on bounded dry ground
  ---
  duration_ms: 1.2832
  type: 'test'
  ...
# Subtest: both Earth approaches, work loop and optional side routes have analytically continuous ground
ok 1617 - both Earth approaches, work loop and optional side routes have analytically continuous ground
  ---
  duration_ms: 10.3509
  type: 'test'
  ...
# Subtest: Farwake work and the far landing remain connected without diving or a closed civic back wall
ok 1618 - Farwake work and the far landing remain connected without diving or a closed civic back wall
  ---
  duration_ms: 1.1056
  type: 'test'
  ...
# Subtest: bounded gallery route clears physical walls and full body depth, including the real court doorway
ok 1619 - bounded gallery route clears physical walls and full body depth, including the real court doorway
  ---
  duration_ms: 0.8317
  type: 'test'
  ...
# Subtest: dive entry and wet exit anchors agree with reachable transfer destinations
ok 1620 - dive entry and wet exit anchors agree with reachable transfer destinations
  ---
  duration_ms: 0.6397
  type: 'test'
  ...
# Subtest: actual decoration is finite, deterministic, bounded and pure across claimed/unclaimed worlds
ok 1621 - actual decoration is finite, deterministic, bounded and pure across claimed/unclaimed worlds
  ---
  duration_ms: 113.1177
  type: 'test'
  ...
# Subtest: roofs and important structural decoration agree with the canonical solid footprints
ok 1622 - roofs and important structural decoration agree with the canonical solid footprints
  ---
  duration_ms: 6.8698
  type: 'test'
  ...
# Subtest: civic side support physically meets the canopy underside across its full length
ok 1623 - civic side support physically meets the canopy underside across its full length
  ---
  duration_ms: 1.03
  type: 'test'
  ...
# Subtest: the real Farwake civic canopy participates in the existing preference-controlled shelter reveal
ok 1624 - the real Farwake civic canopy participates in the existing preference-controlled shelter reveal
  ---
  duration_ms: 0.445
  type: 'test'
  ...
# Subtest: bridge timber skins use the real UV mesh, clear every retained joint and stay above only existing deck
ok 1625 - bridge timber skins use the real UV mesh, clear every retained joint and stay above only existing deck
  ---
  duration_ms: 8.4031
  type: 'test'
  ...
# Subtest: narrow field path geometry lies wholly on supported clear ground and door faces remain closed decoration
ok 1626 - narrow field path geometry lies wholly on supported clear ground and door faces remain closed decoration
  ---
  duration_ms: 19.6584
  type: 'test'
  ...
# Subtest: distant ridges use the actual mountain mesh and remain outside Earth rather than becoming false paths
ok 1627 - distant ridges use the actual mountain mesh and remain outside Earth rather than becoming false paths
  ---
  duration_ms: 31.6098
  type: 'test'
  ...
# Subtest: every accepted objective has a validated production path back to its own giver
ok 1628 - every accepted objective has a validated production path back to its own giver
  ---
  duration_ms: 670.3152
  type: 'test'
  ...
# Subtest: blade falls in hell and revives at home with accepted work and belongings retained
ok 1629 - blade falls in hell and revives at home with accepted work and belongings retained
  ---
  duration_ms: 191.1653
  type: 'test'
  ...
# Subtest: bow falls in earthlands and revives at home with accepted work and belongings retained
ok 1630 - bow falls in earthlands and revives at home with accepted work and belongings retained
  ---
  duration_ms: 281.6324
  type: 'test'
  ...
# Subtest: blade earns hell defeat, guarded combat, retreat and free return without legacy rewards
ok 1631 - blade earns hell defeat, guarded combat, retreat and free return without legacy rewards
  ---
  duration_ms: 103.4765
  type: 'test'
  ...
# {"realm":"hell","style":"blade","weapon":"trail_blade","entry":{"x":0,"z":31,"yaw":3.141592653589793},"stage":{"x":44,"z":-82},"battle":{"x":44,"z":-92.9},"refuge":{"x":44,"z":-60},"firstBrace":{"at":47.59999999999943,"aim":{"x":44,"z":-92.9},"windupRemaining":1.05,"hitAfter":1.0499999999999403,"healthBefore":100,"healthAfter":96,"recoveryRemaining":1.1},"firstAttack":{"hits":1,"hp":90,"firstArrowAfter":null,"impacts":[{"after":0.19999999999998863,"before":90,"hp":74}]},"secondBrace":{"at":114.49999999999564,"aim":{"x":44,"z":-92.9},"windupRemaining":1.05,"hitAfter":1.0499999999999403,"healthBefore":100,"healthAfter":96,"recoveryRemaining":1.1},"battleResult":{"hits":6,"hp":90,"firstArrowAfter":null,"impacts":[{"after":0.19999999999998863,"before":90,"hp":74},{"after":0.7999999999999545,"before":74,"hp":58},{"after":1.3999999999999204,"before":58,"hp":42},{"after":1.9999999999998863,"before":42,"hp":26},{"after":2.599999999999852,"before":26,"hp":10},{"after":3.199999999999818,"before":10,"hp":0}]},"tickSeconds":0.05}
# Subtest: bow earns hell defeat, guarded combat, retreat and free return without legacy rewards
ok 1632 - bow earns hell defeat, guarded combat, retreat and free return without legacy rewards
  ---
  duration_ms: 93.5149
  type: 'test'
  ...
# {"realm":"hell","style":"bow","weapon":"trail_bow","entry":{"x":0,"z":31,"yaw":3.141592653589793},"stage":{"x":44,"z":-82},"battle":{"x":44,"z":-90},"refuge":{"x":44,"z":-60},"firstBrace":{"at":99.49999999999649,"aim":{"x":44,"z":-90},"windupRemaining":1.05,"hitAfter":1.0499999999999403,"healthBefore":100,"healthAfter":96,"recoveryRemaining":1.1},"firstAttack":{"hits":1,"hp":90,"firstArrowAfter":0.19999999999998863,"impacts":[{"after":0.3499999999999801,"before":90,"hp":77}]},"secondBrace":{"at":165.65000000000342,"aim":{"x":44,"z":-90},"windupRemaining":1.05,"hitAfter":1.0500000000002387,"healthBefore":100,"healthAfter":96,"recoveryRemaining":1.1},"battleResult":{"hits":7,"hp":90,"firstArrowAfter":0.20000000000004547,"impacts":[{"after":0.3500000000000796,"before":90,"hp":77},{"after":1.1500000000002615,"before":77,"hp":64},{"after":1.9500000000004434,"before":64,"hp":51},{"after":2.7500000000006253,"before":51,"hp":38},{"after":3.550000000000807,"before":38,"hp":25},{"after":4.350000000000989,"before":25,"hp":12},{"after":5.150000000001171,"before":12,"hp":0}]},"tickSeconds":0.05}
# Subtest: blade earns earthlands defeat, guarded combat, retreat and free return without legacy rewards
ok 1633 - blade earns earthlands defeat, guarded combat, retreat and free return without legacy rewards
  ---
  duration_ms: 346.3416
  type: 'test'
  ...
# {"realm":"earthlands","style":"blade","weapon":"trail_blade","entry":{"x":0,"z":104,"yaw":3.141592653589793},"stage":{"x":-29,"z":-8},"battle":{"x":-29,"z":-18.9},"refuge":{"x":0,"z":23},"firstBrace":{"at":51.14999999999923,"aim":{"x":-29,"z":-18.9},"windupRemaining":0.75,"hitAfter":0.7499999999999574,"healthBefore":100,"healthAfter":96,"recoveryRemaining":1.1},"firstAttack":{"hits":1,"hp":72,"firstArrowAfter":null,"impacts":[{"after":0.19999999999998863,"before":72,"hp":56}]},"secondBrace":{"at":127.4499999999949,"aim":{"x":-29,"z":-18.9},"windupRemaining":0.75,"hitAfter":0.75,"healthBefore":100,"healthAfter":96,"recoveryRemaining":1.1},"battleResult":{"hits":5,"hp":72,"firstArrowAfter":null,"impacts":[{"after":0.20000000000004547,"before":72,"hp":56},{"after":0.7500000000001705,"before":56,"hp":40},{"after":1.3000000000002956,"before":40,"hp":24},{"after":1.8500000000004206,"before":24,"hp":8},{"after":2.4000000000005457,"before":8,"hp":0}]},"tickSeconds":0.05}
# Subtest: bow earns earthlands defeat, guarded combat, retreat and free return without legacy rewards
ok 1634 - bow earns earthlands defeat, guarded combat, retreat and free return without legacy rewards
  ---
  duration_ms: 303.6408
  type: 'test'
  ...
# {"realm":"earthlands","style":"bow","weapon":"trail_bow","entry":{"x":0,"z":104,"yaw":3.141592653589793},"stage":{"x":-29,"z":-8},"battle":{"x":-29,"z":-16},"refuge":{"x":0,"z":23},"firstBrace":{"at":101.1499999999964,"aim":{"x":-29,"z":-16},"windupRemaining":0.75,"hitAfter":0.7499999999999574,"healthBefore":100,"healthAfter":96,"recoveryRemaining":1.1},"firstAttack":{"hits":1,"hp":72,"firstArrowAfter":0.19999999999998863,"impacts":[{"after":0.29999999999998295,"before":72,"hp":59}]},"secondBrace":{"at":175.2000000000056,"aim":{"x":-29,"z":-16},"windupRemaining":0.75,"hitAfter":0.7500000000001705,"healthBefore":100,"healthAfter":96,"recoveryRemaining":1.1},"battleResult":{"hits":6,"hp":72,"firstArrowAfter":0.20000000000004547,"impacts":[{"after":0.3000000000000682,"before":72,"hp":59},{"after":1.1000000000002501,"before":59,"hp":46},{"after":1.900000000000432,"before":46,"hp":33},{"after":2.700000000000614,"before":33,"hp":20},{"after":3.500000000000796,"before":20,"hp":7},{"after":4.300000000000978,"before":7,"hp":0}]},"tickSeconds":0.05}
# Subtest: optional journeys migrate old world 9 saves without touching banked XP, choices, home or music
ok 1635 - optional journeys migrate old world 9 saves without touching banked XP, choices, home or music
  ---
  duration_ms: 12.7836
  type: 'test'
  ...
# Subtest: new schema rejects forward, malformed, unknown and impossible claim history
ok 1636 - new schema rejects forward, malformed, unknown and impossible claim history
  ---
  duration_ms: 6.4378
  type: 'test'
  ...
# Subtest: five-light gate is supported and separate from existing lake and Cosmos markers
ok 1637 - five-light gate is supported and separate from existing lake and Cosmos markers
  ---
  duration_ms: 3.4673
  type: 'test'
  ...
# Subtest: travel checkpoints original state, and rejects changed owner, revision, position or ticket
ok 1638 - travel checkpoints original state, and rejects changed owner, revision, position or ticket
  ---
  duration_ms: 21.813
  type: 'test'
  ...
# Subtest: travel, free return, re-entry and cold reload do not grant or advance accepted work
ok 1639 - travel, free return, re-entry and cold reload do not grant or advance accepted work
  ---
  duration_ms: 7.1198
  type: 'test'
  ...
# Subtest: accepted objectives require physical arrival and current run; repeats remain once-only
ok 1640 - accepted objectives require physical arrival and current run; repeats remain once-only
  ---
  duration_ms: 5.1881
  type: 'test'
  ...
# Subtest: save refusal and capacity-blocked turn-in preserve completed objectives, currency and journal atomically
ok 1641 - save refusal and capacity-blocked turn-in preserve completed objectives, currency and journal atomically
  ---
  duration_ms: 8.1129
  type: 'test'
  ...
# Subtest: claim fences survive changed request IDs, reload, re-entry and intentional smaller repeat runs
ok 1642 - claim fences survive changed request IDs, reload, re-entry and intentional smaller repeat runs
  ---
  duration_ms: 9.71
  type: 'test'
  ...
# Subtest: reward changes only declared fields and retains explicit classes, gear, sockets, XP ceiling and story history
ok 1643 - reward changes only declared fields and retains explicit classes, gear, sockets, XP ceiling and story history
  ---
  duration_ms: 3.9442
  type: 'test'
  ...
# Subtest: only canonical local enemies use local defeat records and never enter legacy loot history
ok 1644 - only canonical local enemies use local defeat records and never enter legacy loot history
  ---
  duration_ms: 3.6487
  type: 'test'
  ...
# Subtest: copied or live enemies cannot manufacture a defeat, and a real defeat preserves the revision ceiling
ok 1645 - copied or live enemies cannot manufacture a defeat, and a real defeat preserves the revision ceiling
  ---
  duration_ms: 3.0442
  type: 'test'
  ...
# Subtest: bow targets and actual arrows use new scene ground, while solid cover blocks hits
ok 1646 - bow targets and actual arrows use new scene ground, while solid cover blocks hits
  ---
  duration_ms: 10.2239
  type: 'test'
  ...
# Subtest: skipped active run identities are rejected rather than inventing an unknown payout history
ok 1647 - skipped active run identities are rejected rather than inventing an unknown payout history
  ---
  duration_ms: 0.2315
  type: 'test'
  ...
# Subtest: failure after scene sync restores the original runtime graph as well as position and room
ok 1648 - failure after scene sync restores the original runtime graph as well as position and room
  ---
  duration_ms: 1.5446
  type: 'test'
  ...
# Subtest: every new realm objective can return to its real giver through production navigation
ok 1649 - every new realm objective can return to its real giver through production navigation
  ---
  duration_ms: 436.3145
  type: 'test'
  ...
# Subtest: gallery has actual depth, held release, body/camera medium separation and true blocking air-court walls
ok 1650 - gallery has actual depth, held release, body/camera medium separation and true blocking air-court walls
  ---
  duration_ms: 3.5456
  type: 'test'
  ...
# Subtest: companion menu preserves dry waiting position, and an explicit recall uses the dry entry during a dive
ok 1651 - companion menu preserves dry waiting position, and an explicit recall uses the dry entry during a dive
  ---
  duration_ms: 2.8678
  type: 'test'
  ...
# Subtest: isolated IIFE and CommonJS expose only one frozen pure function
ok 1652 - isolated IIFE and CommonJS expose only one frozen pure function
  ---
  duration_ms: 2.8061
  type: 'test'
  ...
# Subtest: actual 955-cell expanded Earth partition reduces to 64 exact rectangles
ok 1653 - actual 955-cell expanded Earth partition reduces to 64 exact rectangles
  ---
  duration_ms: 56.7112
  type: 'test'
  ...
# Subtest: every shared world-ground caller and old Coastward retain exact floor area, owner, color and height
ok 1654 - every shared world-ground caller and old Coastward retain exact floor area, owner, color and height
  ---
  duration_ms: 67.7338
  type: 'test'
  ...
# Subtest: real bridge source boundaries and river void remain separate from bank masses
ok 1655 - real bridge source boundaries and river void remain separate from bank masses
  ---
  duration_ms: 13.9186
  type: 'test'
  ...
# Subtest: Atlantis gallery edge partitions remain exact and no cell crosses camera-medium boundary
ok 1656 - Atlantis gallery edge partitions remain exact and no cell crosses camera-medium boundary
  ---
  duration_ms: 3.0098
  type: 'test'
  ...
# Subtest: a labelled untagged Atlantis control demonstrates why caller-owned gallery metadata is required
ok 1657 - a labelled untagged Atlantis control demonstrates why caller-owned gallery metadata is required
  ---
  duration_ms: 3.5357
  type: 'test'
  ...
# Subtest: only complete shared edges merge; holes, corners, tiny gaps and differing metadata remain
ok 1658 - only complete shared edges merge; holes, corners, tiny gaps and differing metadata remain
  ---
  duration_ms: 2.155
  type: 'test'
  ...
# Subtest: metadata values and arrays are deep-fresh, order-independent and never aliases
ok 1659 - metadata values and arrays are deep-fresh, order-independent and never aliases
  ---
  duration_ms: 0.9216
  type: 'test'
  ...
# Subtest: empty input, input permutations and repeated coalescing are deterministic and fresh
ok 1660 - empty input, input permutations and repeated coalescing are deterministic and fresh
  ---
  duration_ms: 53.7794
  type: 'test'
  ...
# Subtest: invalid, overlapping, accessor or nondata records refuse before input mutation
ok 1661 - invalid, overlapping, accessor or nondata records refuse before input mutation
  ---
  duration_ms: 1.8661
  type: 'test'
  ...
# Subtest: actual submitted vertices stay finite and terrain draw work falls without dropping area
ok 1662 - actual submitted vertices stay finite and terrain draw work falls without dropping area
  ---
  duration_ms: 6.6372
  type: 'test'
  ...
# Subtest: heaven: stable contract, finite geometry, pure bounded quest and readable anchors
ok 1663 - heaven: stable contract, finite geometry, pure bounded quest and readable anchors
  ---
  duration_ms: 4.9865
  type: 'test'
  ...
# Subtest: heaven: connected physical ground gives every point and enemy a body-width approach and return
ok 1664 - heaven: connected physical ground gives every point and enemy a body-width approach and return
  ---
  duration_ms: 259.0119
  type: 'test'
  ...
# Subtest: heaven: submitted original art has finite transforms, matched cover, and a modest local instance/triangle budget
ok 1665 - heaven: submitted original art has finite transforms, matched cover, and a modest local instance/triangle budget
  ---
  duration_ms: 111.0757
  type: 'test'
  ...
# Subtest: heaven: decorating is deterministic, owns no scene lifecycle and leaves all source/simulation/inventory state unchanged
ok 1666 - heaven: decorating is deterministic, owns no scene lifecycle and leaves all source/simulation/inventory state unchanged
  ---
  duration_ms: 20.3134
  type: 'test'
  ...
# Subtest: heaven: height supplied by the world caller shifts all local structures, routes and markers coherently
ok 1667 - heaven: height supplied by the world caller shifts all local structures, routes and markers coherently
  ---
  duration_ms: 8.5227
  type: 'test'
  ...
# Subtest: hell: stable contract, finite geometry, pure bounded quest and readable anchors
ok 1668 - hell: stable contract, finite geometry, pure bounded quest and readable anchors
  ---
  duration_ms: 0.4242
  type: 'test'
  ...
# Subtest: hell: connected physical ground gives every point and enemy a body-width approach and return
ok 1669 - hell: connected physical ground gives every point and enemy a body-width approach and return
  ---
  duration_ms: 159.5882
  type: 'test'
  ...
# Subtest: hell: submitted original art has finite transforms, matched cover, and a modest local instance/triangle budget
ok 1670 - hell: submitted original art has finite transforms, matched cover, and a modest local instance/triangle budget
  ---
  duration_ms: 54.1001
  type: 'test'
  ...
# Subtest: hell: decorating is deterministic, owns no scene lifecycle and leaves all source/simulation/inventory state unchanged
ok 1671 - hell: decorating is deterministic, owns no scene lifecycle and leaves all source/simulation/inventory state unchanged
  ---
  duration_ms: 11.5107
  type: 'test'
  ...
# Subtest: hell: height supplied by the world caller shifts all local structures, routes and markers coherently
ok 1672 - hell: height supplied by the world caller shifts all local structures, routes and markers coherently
  ---
  duration_ms: 8.4322
  type: 'test'
  ...
# Subtest: Heaven: both actual causeway/arcade loops fit a traveller without stepping through instrument, columns or workshop
ok 1673 - Heaven: both actual causeway/arcade loops fit a traveller without stepping through instrument, columns or workshop
  ---
  duration_ms: 8.5066
  type: 'test'
  ...
# Subtest: Heaven: distinct narrow route inlays sit on supported paving and the fork remains flat and clear
ok 1674 - Heaven: distinct narrow route inlays sit on supported paving and the fork remains flat and clear
  ---
  duration_ms: 25.8159
  type: 'test'
  ...
# Subtest: Heaven: the cultivated Ruby-fork band has actual native support and leaves routes, solids and interaction approaches clear
ok 1675 - Heaven: the cultivated Ruby-fork band has actual native support and leaves routes, solids and interaction approaches clear
  ---
  duration_ms: 50.2
  type: 'test'
  ...
# Subtest: Heaven: all low blossoms attach to rooted stems and fit their shallow planting beds
ok 1676 - Heaven: all low blossoms attach to rooted stems and fit their shallow planting beds
  ---
  duration_ms: 8.3891
  type: 'test'
  ...
# Subtest: Heaven: cultivated detail has a bounded geometry cost and is identical with reduced motion enabled
ok 1677 - Heaven: cultivated detail has a bounded geometry cost and is identical with reduced motion enabled
  ---
  duration_ms: 9.8681
  type: 'test'
  ...
# Subtest: Hell: only the existing Refuge roof slab and patched ribs carry the bounded reveal tag
ok 1678 - Hell: only the existing Refuge roof slab and patched ribs carry the bounded reveal tag
  ---
  duration_ms: 5.641
  type: 'test'
  ...
# Subtest: Hell: distinct east/west approaches and the free home path avoid the optional sentinel even within an eleven-unit threat pocket
ok 1679 - Hell: distinct east/west approaches and the free home path avoid the optional sentinel even within an eleven-unit threat pocket
  ---
  duration_ms: 96.1928
  type: 'test'
  ...
# Subtest: Module exposes the browser/CommonJS contract and rejects unknown decoration without touching the caller
ok 1680 - Module exposes the browser/CommonJS contract and rejects unknown decoration without touching the caller
  ---
  duration_ms: 0.343
  type: 'test'
  ...
1..1680
# tests 1680
# suites 0
# pass 1678
# fail 0
# cancelled 0
# skipped 2
# todo 0
# duration_ms 8840.911
